experiment,algorithm,pop_size,config,seed,effective_pop,n_feasible,runtime_s,profile_id,archetype,hypervolume,max_hv_profile,normalized_hv,normalization_scheme
equalization,nsga2,170,equalized,0,170,170,1.977029292997031,STU_0287,comfort_seeking,0.0003449831209188,0.000350444926724,0.9844146529490226,union_observed_max_per_profile
equalization,nsga2,170,equalized,1,170,170,1.9717087509998237,STU_0287,comfort_seeking,0.0003414392489906,0.000350444926724,0.9743021597783468,union_observed_max_per_profile
equalization,nsga2,170,equalized,2,170,170,2.0740303759994276,STU_0287,comfort_seeking,0.0003437693604703,0.000350444926724,0.9809511688009994,union_observed_max_per_profile
equalization,nsga2,170,equalized,3,170,170,2.0151951260013448,STU_0287,comfort_seeking,0.0003409017643485,0.000350444926724,0.972768439067478,union_observed_max_per_profile
equalization,nsga2,170,equalized,4,170,170,1.8975082090000797,STU_0287,comfort_seeking,0.0003451290355258,0.000350444926724,0.9848310225292662,union_observed_max_per_profile
equalization,nsga2,170,equalized,5,170,170,1.878741335000086,STU_0287,comfort_seeking,0.0003440548089748,0.000350444926724,0.981765700508444,union_observed_max_per_profile
equalization,nsga2,170,equalized,6,170,170,1.8868900839988785,STU_0287,comfort_seeking,0.0003477950863636,0.000350444926724,0.9924386396882552,union_observed_max_per_profile
equalization,nsga2,170,equalized,7,170,170,1.8971864170016488,STU_0287,comfort_seeking,0.0003415827581132,0.000350444926724,0.9747116652717,union_observed_max_per_profile
equalization,nsga2,170,equalized,8,170,170,1.8474144179999712,STU_0287,comfort_seeking,0.0003461123783796,0.000350444926724,0.9876370065193308,union_observed_max_per_profile
equalization,nsga2,170,equalized,9,170,170,1.845891250999557,STU_0287,comfort_seeking,0.0003451231759423,0.000350444926724,0.984814302117341,union_observed_max_per_profile
equalization,nsga3,170,equalized,0,170,170,2.2150736680014234,STU_0287,comfort_seeking,0.000348860703516,0.000350444926724,0.9954793946573096,union_observed_max_per_profile
equalization,nsga3,170,equalized,1,170,170,2.274282835001941,STU_0287,comfort_seeking,0.0003501414789608,0.000350444926724,0.9991341071303624,union_observed_max_per_profile
equalization,nsga3,170,equalized,2,170,170,2.2401265429980413,STU_0287,comfort_seeking,0.0003493033712986,0.000350444926724,0.9967425539982244,union_observed_max_per_profile
equalization,nsga3,170,equalized,3,170,170,2.248927584998455,STU_0287,comfort_seeking,0.0003497984694147,0.000350444926724,0.998155324103748,union_observed_max_per_profile
equalization,nsga3,170,equalized,4,170,170,2.2693886260021827,STU_0287,comfort_seeking,0.0003494009079009,0.000350444926724,0.997020876196221,union_observed_max_per_profile
equalization,nsga3,170,equalized,5,170,170,2.230429417999403,STU_0287,comfort_seeking,0.0003500068924777,0.000350444926724,0.9987500625264648,union_observed_max_per_profile
equalization,nsga3,170,equalized,6,170,170,2.3567215429975477,STU_0287,comfort_seeking,0.0003500869342822,0.000350444926724,0.99897846304933,union_observed_max_per_profile
equalization,nsga3,170,equalized,7,170,170,2.2534826260016416,STU_0287,comfort_seeking,0.000350444926724,0.000350444926724,1.0,union_observed_max_per_profile
equalization,nsga3,170,equalized,8,170,170,2.2695500430018,STU_0287,comfort_seeking,0.0003478407338354,0.000350444926724,0.9925688954525744,union_observed_max_per_profile
equalization,nsga3,170,equalized,9,170,170,2.2560300849982013,STU_0287,comfort_seeking,0.0003501924815961,0.000350444926724,0.999279643936251,union_observed_max_per_profile
equalization,nsga2,168,as_published,0,168,168,1.9230797510026605,STU_0287,comfort_seeking,0.0003407403168142,0.000350444926724,0.9723077460399808,union_observed_max_per_profile
equalization,nsga2,168,as_published,1,168,168,1.864480584001285,STU_0287,comfort_seeking,0.0003430035029127,0.000350444926724,0.9787657824557344,union_observed_max_per_profile
equalization,nsga2,168,as_published,2,168,168,1.9507754590013064,STU_0287,comfort_seeking,0.0003415789080785,0.000350444926724,0.9747006791384124,union_observed_max_per_profile
equalization,nsga2,168,as_published,3,168,168,1.879742459001136,STU_0287,comfort_seeking,0.0003407548161364,0.000350444926724,0.9723491200793956,union_observed_max_per_profile
equalization,nsga2,168,as_published,4,168,168,1.8854839589985204,STU_0287,comfort_seeking,0.0003460529413592,0.000350444926724,0.9874674020653612,union_observed_max_per_profile
equalization,nsga2,168,as_published,5,168,168,1.889091876000748,STU_0287,comfort_seeking,0.0003394159993658,0.000350444926724,0.9685287857884716,union_observed_max_per_profile
equalization,nsga2,168,as_published,6,168,168,1.8880797920028272,STU_0287,comfort_seeking,0.000344358860886,0.000350444926724,0.9826333173233764,union_observed_max_per_profile
equalization,nsga2,168,as_published,7,168,168,1.8964819590000843,STU_0287,comfort_seeking,0.0003412392395106,0.000350444926724,0.9737314296444808,union_observed_max_per_profile
equalization,nsga2,168,as_published,8,168,168,1.9399917089976952,STU_0287,comfort_seeking,0.0003447359035655,0.000350444926724,0.983709214421073,union_observed_max_per_profile
equalization,nsga2,168,as_published,9,168,168,1.861735416998272,STU_0287,comfort_seeking,0.0003364927442961,0.000350444926724,0.9601872323893952,union_observed_max_per_profile
equalization,nsga3,170,as_published,0,170,170,2.238471459997527,STU_0287,comfort_seeking,0.000348860703516,0.000350444926724,0.9954793946573096,union_observed_max_per_profile
equalization,nsga3,170,as_published,1,170,170,2.3684875430008105,STU_0287,comfort_seeking,0.0003501414789608,0.000350444926724,0.9991341071303624,union_observed_max_per_profile
equalization,nsga3,170,as_published,2,170,170,2.3928768759978993,STU_0287,comfort_seeking,0.0003493033712986,0.000350444926724,0.9967425539982244,union_observed_max_per_profile
equalization,nsga3,170,as_published,3,170,170,2.380859667999175,STU_0287,comfort_seeking,0.0003497984694147,0.000350444926724,0.998155324103748,union_observed_max_per_profile
equalization,nsga3,170,as_published,4,170,170,2.4248453340005653,STU_0287,comfort_seeking,0.0003494009079009,0.000350444926724,0.997020876196221,union_observed_max_per_profile
equalization,nsga3,170,as_published,5,170,170,2.3516578349990596,STU_0287,comfort_seeking,0.0003500068924777,0.000350444926724,0.9987500625264648,union_observed_max_per_profile
equalization,nsga3,170,as_published,6,170,170,2.3569382519999635,STU_0287,comfort_seeking,0.0003500869342822,0.000350444926724,0.99897846304933,union_observed_max_per_profile
equalization,nsga3,170,as_published,7,170,170,2.3525312510028016,STU_0287,comfort_seeking,0.000350444926724,0.000350444926724,1.0,union_observed_max_per_profile
equalization,nsga3,170,as_published,8,170,170,2.382412959999783,STU_0287,comfort_seeking,0.0003478407338354,0.000350444926724,0.9925688954525744,union_observed_max_per_profile
equalization,nsga3,170,as_published,9,170,170,2.3374791679998452,STU_0287,comfort_seeking,0.0003501924815961,0.000350444926724,0.999279643936251,union_observed_max_per_profile
equalization,nsga2,170,equalized,0,170,170,3.6574542919988744,STU_0036,comfort_seeking,22.988613200149036,23.390755185056378,0.98280765277881,union_observed_max_per_profile
equalization,nsga2,170,equalized,1,170,170,3.950133665988687,STU_0036,comfort_seeking,22.271371062247137,23.390755185056378,0.9521441649081778,union_observed_max_per_profile
equalization,nsga2,170,equalized,2,170,170,3.570269208983518,STU_0036,comfort_seeking,22.89122244251898,23.390755185056378,0.9786440096275072,union_observed_max_per_profile
equalization,nsga2,170,equalized,3,170,170,4.16620962502202,STU_0036,comfort_seeking,22.897337021872005,23.390755185056378,0.9789054197147254,union_observed_max_per_profile
equalization,nsga2,170,equalized,4,170,170,3.8903475839761086,STU_0036,comfort_seeking,22.90515896331696,23.390755185056378,0.9792398228318148,union_observed_max_per_profile
equalization,nsga2,170,equalized,5,170,170,3.577517415978946,STU_0036,comfort_seeking,22.501576814621163,23.390755185056378,0.9619859058247388,union_observed_max_per_profile
equalization,nsga2,170,equalized,6,170,170,3.613037000002805,STU_0036,comfort_seeking,22.35211186227632,23.390755185056378,0.955595990186601,union_observed_max_per_profile
equalization,nsga2,170,equalized,7,170,170,4.3782000420033,STU_0036,comfort_seeking,22.848182434964556,23.390755185056378,0.9768039661054444,union_observed_max_per_profile
equalization,nsga2,170,equalized,8,170,170,3.7448774999938905,STU_0036,comfort_seeking,22.848235523006903,23.390755185056378,0.9768062357218774,union_observed_max_per_profile
equalization,nsga2,170,equalized,9,170,170,4.183738583000377,STU_0036,comfort_seeking,22.94848620785108,23.390755185056378,0.9810921462900072,union_observed_max_per_profile
equalization,nsga3,170,equalized,0,170,170,4.847535750013776,STU_0036,comfort_seeking,23.31216515238648,23.390755185056378,0.9966401241837584,union_observed_max_per_profile
equalization,nsga3,170,equalized,1,170,170,4.694992583012208,STU_0036,comfort_seeking,23.32093768307392,23.390755185056378,0.9970151668285144,union_observed_max_per_profile
equalization,nsga3,170,equalized,2,170,170,4.606892207986675,STU_0036,comfort_seeking,23.351496065861305,23.390755185056378,0.9983215967640005,union_observed_max_per_profile
equalization,nsga3,170,equalized,3,170,170,5.751440541003831,STU_0036,comfort_seeking,23.33164325369424,23.390755185056378,0.9974728506670916,union_observed_max_per_profile
equalization,nsga3,170,equalized,4,170,170,4.827414166997187,STU_0036,comfort_seeking,23.293628593286225,23.390755185056378,0.9958476504498578,union_observed_max_per_profile
equalization,nsga3,170,equalized,5,170,170,4.676451249979436,STU_0036,comfort_seeking,23.29244238135525,23.390755185056378,0.9957969375967846,union_observed_max_per_profile
equalization,nsga3,170,equalized,6,170,170,5.490144459006842,STU_0036,comfort_seeking,23.326980392075235,23.390755185056378,0.9972735043192668,union_observed_max_per_profile
equalization,nsga3,170,equalized,7,170,170,5.594998208049219,STU_0036,comfort_seeking,23.29435988392815,23.390755185056378,0.995878914538432,union_observed_max_per_profile
equalization,nsga3,170,equalized,8,170,170,4.948328458005562,STU_0036,comfort_seeking,23.310308559486373,23.390755185056378,0.996560751248365,union_observed_max_per_profile
equalization,nsga3,170,equalized,9,170,170,5.255231500021182,STU_0036,comfort_seeking,23.390755185056378,23.390755185056378,1.0,union_observed_max_per_profile
equalization,nsga2,168,as_published,0,168,168,4.16726091702003,STU_0036,comfort_seeking,22.941961329197273,23.390755185056378,0.9808131951145456,union_observed_max_per_profile
equalization,nsga2,168,as_published,1,168,168,4.592315499961842,STU_0036,comfort_seeking,22.884035538391107,23.390755185056378,0.9783367555832914,union_observed_max_per_profile
equalization,nsga2,168,as_published,2,168,168,4.962753041996621,STU_0036,comfort_seeking,22.659115276513536,23.390755185056378,0.968720979602648,union_observed_max_per_profile
equalization,nsga2,168,as_published,3,168,168,4.570259166997857,STU_0036,comfort_seeking,22.72316311943089,23.390755185056378,0.9714591486959772,union_observed_max_per_profile
equalization,nsga2,168,as_published,4,168,168,4.197702792007476,STU_0036,comfort_seeking,22.83067732913646,23.390755185056378,0.9760555889927944,union_observed_max_per_profile
equalization,nsga2,168,as_published,5,168,168,4.842680667003151,STU_0036,comfort_seeking,22.94363467508241,23.390755185056378,0.9808847338858208,union_observed_max_per_profile
equalization,nsga2,168,as_published,6,168,168,3.8644150419859216,STU_0036,comfort_seeking,22.706162297349245,23.390755185056378,0.9707323306883012,union_observed_max_per_profile
equalization,nsga2,168,as_published,7,168,168,4.145824499952141,STU_0036,comfort_seeking,22.546791822494356,23.390755185056378,0.963918934814845,union_observed_max_per_profile
equalization,nsga2,168,as_published,8,168,168,4.965263125021011,STU_0036,comfort_seeking,22.73660059303849,23.390755185056378,0.9720336266682056,union_observed_max_per_profile
equalization,nsga2,168,as_published,9,168,168,4.9516460000304505,STU_0036,comfort_seeking,22.874907414819933,23.390755185056378,0.977946510655372,union_observed_max_per_profile
equalization,nsga3,170,as_published,0,170,170,4.94198108400451,STU_0036,comfort_seeking,23.31216515238648,23.390755185056378,0.9966401241837584,union_observed_max_per_profile
equalization,nsga3,170,as_published,1,170,170,4.901436166022904,STU_0036,comfort_seeking,23.32093768307392,23.390755185056378,0.9970151668285144,union_observed_max_per_profile
equalization,nsga3,170,as_published,2,170,170,5.781809790991247,STU_0036,comfort_seeking,23.351496065861305,23.390755185056378,0.9983215967640005,union_observed_max_per_profile
equalization,nsga3,170,as_published,3,170,170,6.830581541988067,STU_0036,comfort_seeking,23.33164325369424,23.390755185056378,0.9974728506670916,union_observed_max_per_profile
equalization,nsga3,170,as_published,4,170,170,5.6267657080315985,STU_0036,comfort_seeking,23.293628593286225,23.390755185056378,0.9958476504498578,union_observed_max_per_profile
equalization,nsga3,170,as_published,5,170,170,5.247523583006114,STU_0036,comfort_seeking,23.29244238135525,23.390755185056378,0.9957969375967846,union_observed_max_per_profile
equalization,nsga3,170,as_published,6,170,170,4.91051462496398,STU_0036,comfort_seeking,23.326980392075235,23.390755185056378,0.9972735043192668,union_observed_max_per_profile
equalization,nsga3,170,as_published,7,170,170,5.201233291998506,STU_0036,comfort_seeking,23.29435988392815,23.390755185056378,0.995878914538432,union_observed_max_per_profile
equalization,nsga3,170,as_published,8,170,170,5.484327874961309,STU_0036,comfort_seeking,23.310308559486373,23.390755185056378,0.996560751248365,union_observed_max_per_profile
equalization,nsga3,170,as_published,9,170,170,5.253603415971156,STU_0036,comfort_seeking,23.390755185056378,23.390755185056378,1.0,union_observed_max_per_profile
equalization,nsga2,170,equalized,0,170,170,4.732152667012997,STU_0182,comfort_seeking,2.116584191182048,2.202307508625122,0.9610756821618476,union_observed_max_per_profile
equalization,nsga2,170,equalized,1,170,170,4.590193708951119,STU_0182,comfort_seeking,2.110023487445122,2.202307508625122,0.9580966686901904,union_observed_max_per_profile
equalization,nsga2,170,equalized,2,170,170,4.947448541002814,STU_0182,comfort_seeking,2.1732479771535846,2.202307508625122,0.986804961905761,union_observed_max_per_profile
equalization,nsga2,170,equalized,3,170,170,4.47696083295159,STU_0182,comfort_seeking,2.142773001906894,2.202307508625122,0.9729672143944172,union_observed_max_per_profile
equalization,nsga2,170,equalized,4,170,170,4.100305625004694,STU_0182,comfort_seeking,2.202307508625122,2.202307508625122,1.0,union_observed_max_per_profile
equalization,nsga2,170,equalized,5,170,170,3.968150583037641,STU_0182,comfort_seeking,2.1158803822458863,2.202307508625122,0.9607561042039988,union_observed_max_per_profile
equalization,nsga2,170,equalized,6,170,170,4.588802709011361,STU_0182,comfort_seeking,2.169829406463976,2.202307508625122,0.9852526942609292,union_observed_max_per_profile
equalization,nsga2,170,equalized,7,170,170,4.230296042049304,STU_0182,comfort_seeking,2.160430455073183,2.202307508625122,0.9809849199587564,union_observed_max_per_profile
equalization,nsga2,170,equalized,8,170,170,4.281993499957025,STU_0182,comfort_seeking,2.1866970458539052,2.202307508625122,0.99291176971877,union_observed_max_per_profile
equalization,nsga2,170,equalized,9,170,170,4.824157333001494,STU_0182,comfort_seeking,2.1285725613510578,2.202307508625122,0.9665192317670044,union_observed_max_per_profile
equalization,nsga3,170,equalized,0,170,170,5.3088544579804875,STU_0182,comfort_seeking,2.1692695629705274,2.202307508625122,0.9849984865759188,union_observed_max_per_profile
equalization,nsga3,170,equalized,1,170,170,5.119401832984295,STU_0182,comfort_seeking,2.1835447801053456,2.202307508625122,0.9914804229444372,union_observed_max_per_profile
equalization,nsga3,170,equalized,2,170,170,5.408250915992539,STU_0182,comfort_seeking,2.180636633203528,2.202307508625122,0.9901599230185968,union_observed_max_per_profile
equalization,nsga3,170,equalized,3,170,170,4.888937124982476,STU_0182,comfort_seeking,2.17664799866469,2.202307508625122,0.9883488069400214,union_observed_max_per_profile
equalization,nsga3,170,equalized,4,170,170,4.736646916018799,STU_0182,comfort_seeking,2.1778078056385133,2.202307508625122,0.9888754395602533,union_observed_max_per_profile
equalization,nsga3,170,equalized,5,170,170,5.622958958032541,STU_0182,comfort_seeking,2.161058855531353,2.202307508625122,0.9812702572496246,union_observed_max_per_profile
equalization,nsga3,170,equalized,6,170,170,5.567675291036721,STU_0182,comfort_seeking,2.169303358392919,2.202307508625122,0.985013832036196,union_observed_max_per_profile
equalization,nsga3,170,equalized,7,170,170,6.105004291981459,STU_0182,comfort_seeking,2.1744597078391026,2.202307508625122,0.9873551714840204,union_observed_max_per_profile
equalization,nsga3,170,equalized,8,170,170,4.87857537495438,STU_0182,comfort_seeking,2.183757995321287,2.202307508625122,0.9915772374061356,union_observed_max_per_profile
equalization,nsga3,170,equalized,9,170,170,4.4575565829873085,STU_0182,comfort_seeking,2.175924027434222,2.202307508625122,0.9880200739054056,union_observed_max_per_profile
equalization,nsga2,168,as_published,0,168,168,3.3074781660106964,STU_0182,comfort_seeking,2.19204228326554,2.202307508625122,0.9953388773732192,union_observed_max_per_profile
equalization,nsga2,168,as_published,1,168,168,3.704849125002511,STU_0182,comfort_seeking,2.1671564422740666,2.202307508625122,0.9840389835600208,union_observed_max_per_profile
equalization,nsga2,168,as_published,2,168,168,3.713950958976056,STU_0182,comfort_seeking,2.1525384380415766,2.202307508625122,0.9774013981296302,union_observed_max_per_profile
equalization,nsga2,168,as_published,3,168,168,3.776509082992561,STU_0182,comfort_seeking,2.138288455165173,2.202307508625122,0.970930919860544,union_observed_max_per_profile
equalization,nsga2,168,as_published,4,168,168,4.1013345420360565,STU_0182,comfort_seeking,2.14386028788246,2.202307508625122,0.9734609174632703,union_observed_max_per_profile
equalization,nsga2,168,as_published,5,168,168,3.936249958002009,STU_0182,comfort_seeking,2.156791317147561,2.202307508625122,0.9793324995263826,union_observed_max_per_profile
equalization,nsga2,168,as_published,6,168,168,3.880868999985978,STU_0182,comfort_seeking,2.138756992109254,2.202307508625122,0.971143668054085,union_observed_max_per_profile
equalization,nsga2,168,as_published,7,168,168,3.930081541999243,STU_0182,comfort_seeking,2.0881028347138204,2.202307508625122,0.9481431755265648,union_observed_max_per_profile
equalization,nsga2,168,as_published,8,168,168,3.8797824580105953,STU_0182,comfort_seeking,2.1230669323498024,2.202307508625122,0.9640192952323954,union_observed_max_per_profile
equalization,nsga2,168,as_published,9,168,168,4.209645042021293,STU_0182,comfort_seeking,2.137166323956377,2.202307508625122,0.9704213946446508,union_observed_max_per_profile
equalization,nsga3,170,as_published,0,170,170,4.562385874975007,STU_0182,comfort_seeking,2.1692695629705274,2.202307508625122,0.9849984865759188,union_observed_max_per_profile
equalization,nsga3,170,as_published,1,170,170,4.714304583962075,STU_0182,comfort_seeking,2.1835447801053456,2.202307508625122,0.9914804229444372,union_observed_max_per_profile
equalization,nsga3,170,as_published,2,170,170,4.596404792042449,STU_0182,comfort_seeking,2.180636633203528,2.202307508625122,0.9901599230185968,union_observed_max_per_profile
equalization,nsga3,170,as_published,3,170,170,4.703270166995935,STU_0182,comfort_seeking,2.17664799866469,2.202307508625122,0.9883488069400214,union_observed_max_per_profile
equalization,nsga3,170,as_published,4,170,170,4.7719449999858625,STU_0182,comfort_seeking,2.1778078056385133,2.202307508625122,0.9888754395602533,union_observed_max_per_profile
equalization,nsga3,170,as_published,5,170,170,5.013745790987741,STU_0182,comfort_seeking,2.161058855531353,2.202307508625122,0.9812702572496246,union_observed_max_per_profile
equalization,nsga3,170,as_published,6,170,170,6.767828749958426,STU_0182,comfort_seeking,2.169303358392919,2.202307508625122,0.985013832036196,union_observed_max_per_profile
equalization,nsga3,170,as_published,7,170,170,5.947455291985534,STU_0182,comfort_seeking,2.1744597078391026,2.202307508625122,0.9873551714840204,union_observed_max_per_profile
equalization,nsga3,170,as_published,8,170,170,6.497804459009785,STU_0182,comfort_seeking,2.183757995321287,2.202307508625122,0.9915772374061356,union_observed_max_per_profile
equalization,nsga3,170,as_published,9,170,170,5.935424750030506,STU_0182,comfort_seeking,2.175924027434222,2.202307508625122,0.9880200739054056,union_observed_max_per_profile
equalization,nsga2,170,equalized,0,170,170,4.676916625001468,STU_0132,comfort_seeking,6.25797311856964,6.465723766419552,0.9678689261473112,union_observed_max_per_profile
equalization,nsga2,170,equalized,1,170,170,6.548354875005316,STU_0132,comfort_seeking,6.3008385739361925,6.465723766419552,0.9744985714762964,union_observed_max_per_profile
equalization,nsga2,170,equalized,2,170,170,5.243549707985949,STU_0132,comfort_seeking,6.309656973594419,6.465723766419552,0.975862440391332,union_observed_max_per_profile
equalization,nsga2,170,equalized,3,170,170,4.780321999976877,STU_0132,comfort_seeking,6.221137224002108,6.465723766419552,0.9621718231008056,union_observed_max_per_profile
equalization,nsga2,170,equalized,4,170,170,4.164815958007239,STU_0132,comfort_seeking,6.211825987034036,6.465723766419552,0.9607317311166056,union_observed_max_per_profile
equalization,nsga2,170,equalized,5,170,170,3.761780374974478,STU_0132,comfort_seeking,6.302076142627351,6.465723766419552,0.9746899759865828,union_observed_max_per_profile
equalization,nsga2,170,equalized,6,170,170,4.02233329199953,STU_0132,comfort_seeking,6.332561066247599,6.465723766419552,0.9794048269022024,union_observed_max_per_profile
equalization,nsga2,170,equalized,7,170,170,3.8352869999944232,STU_0132,comfort_seeking,6.39344591384066,6.465723766419552,0.9888213825412284,union_observed_max_per_profile
equalization,nsga2,170,equalized,8,170,170,4.041070000035688,STU_0132,comfort_seeking,6.245683849423372,6.465723766419552,0.9659682465652212,union_observed_max_per_profile
equalization,nsga2,170,equalized,9,170,170,3.981250957993325,STU_0132,comfort_seeking,6.339544058775216,6.465723766419552,0.980484828581811,union_observed_max_per_profile
equalization,nsga3,170,equalized,0,170,170,5.1466453750035726,STU_0132,comfort_seeking,6.421458747339293,6.465723766419552,0.9931538957308764,union_observed_max_per_profile
equalization,nsga3,170,equalized,1,170,170,4.779155249998439,STU_0132,comfort_seeking,6.376249460997316,6.465723766419552,0.9861617494568928,union_observed_max_per_profile
equalization,nsga3,170,equalized,2,170,170,4.691890957998112,STU_0132,comfort_seeking,6.400367924875351,6.465723766419552,0.9898919527178636,union_observed_max_per_profile
equalization,nsga3,170,equalized,3,170,170,4.764421542000491,STU_0132,comfort_seeking,6.42492584979272,6.465723766419552,0.993690123781854,union_observed_max_per_profile
equalization,nsga3,170,equalized,4,170,170,4.933203875028994,STU_0132,comfort_seeking,6.465723766419552,6.465723766419552,1.0,union_observed_max_per_profile
equalization,nsga3,170,equalized,5,170,170,8.726487874984741,STU_0132,comfort_seeking,6.390779017101337,6.465723766419552,0.9884089156874518,union_observed_max_per_profile
equalization,nsga3,170,equalized,6,170,170,7.085836208949331,STU_0132,comfort_seeking,6.433787463765936,6.465723766419552,0.99506067629745,union_observed_max_per_profile
equalization,nsga3,170,equalized,7,170,170,4.6637922920053825,STU_0132,comfort_seeking,6.35174167303361,6.465723766419552,0.9823713326607114,union_observed_max_per_profile
equalization,nsga3,170,equalized,8,170,170,5.095684083004016,STU_0132,comfort_seeking,6.315669427294346,6.465723766419552,0.9767923368603326,union_observed_max_per_profile
equalization,nsga3,170,equalized,9,170,170,4.725152083032299,STU_0132,comfort_seeking,6.453605182599329,6.465723766419552,0.9981257189051036,union_observed_max_per_profile
equalization,nsga2,168,as_published,0,168,168,5.269230208010413,STU_0132,comfort_seeking,6.2754608041648545,6.465723766419552,0.9705736017918288,union_observed_max_per_profile
equalization,nsga2,168,as_published,1,168,168,4.276210083975457,STU_0132,comfort_seeking,6.304887540126141,6.465723766419552,0.9751247915772814,union_observed_max_per_profile
equalization,nsga2,168,as_published,2,168,168,4.454879957949743,STU_0132,comfort_seeking,6.35580492496902,6.465723766419552,0.982999762219752,union_observed_max_per_profile
equalization,nsga2,168,as_published,3,168,168,4.0914286249899305,STU_0132,comfort_seeking,6.288300537237104,6.465723766419552,0.9725594170750202,union_observed_max_per_profile
equalization,nsga2,168,as_published,4,168,168,3.918597540992778,STU_0132,comfort_seeking,6.2579074686137455,6.465723766419552,0.9678587726117958,union_observed_max_per_profile
equalization,nsga2,168,as_published,5,168,168,3.8257883330225018,STU_0132,comfort_seeking,6.311744257446126,6.465723766419552,0.9761852633152788,union_observed_max_per_profile
equalization,nsga2,168,as_published,6,168,168,3.9796823750366457,STU_0132,comfort_seeking,6.350712236334872,6.465723766419552,0.9822121182036874,union_observed_max_per_profile
equalization,nsga2,168,as_published,7,168,168,4.01817687501898,STU_0132,comfort_seeking,6.309970579024841,6.465723766419552,0.9759109431486028,union_observed_max_per_profile
equalization,nsga2,168,as_published,8,168,168,3.9100252500502393,STU_0132,comfort_seeking,6.234353750295548,6.465723766419552,0.964215913874074,union_observed_max_per_profile
equalization,nsga2,168,as_published,9,168,168,4.431413707963657,STU_0132,comfort_seeking,6.142585475854099,6.465723766419552,0.9500228741221968,union_observed_max_per_profile
equalization,nsga3,170,as_published,0,170,170,4.885051540972199,STU_0132,comfort_seeking,6.421458747339293,6.465723766419552,0.9931538957308764,union_observed_max_per_profile
equalization,nsga3,170,as_published,1,170,170,4.81199729104992,STU_0132,comfort_seeking,6.376249460997316,6.465723766419552,0.9861617494568928,union_observed_max_per_profile
equalization,nsga3,170,as_published,2,170,170,4.7393853749963455,STU_0132,comfort_seeking,6.400367924875351,6.465723766419552,0.9898919527178636,union_observed_max_per_profile
equalization,nsga3,170,as_published,3,170,170,5.146894624980632,STU_0132,comfort_seeking,6.42492584979272,6.465723766419552,0.993690123781854,union_observed_max_per_profile
equalization,nsga3,170,as_published,4,170,170,4.682530708028935,STU_0132,comfort_seeking,6.465723766419552,6.465723766419552,1.0,union_observed_max_per_profile
equalization,nsga3,170,as_published,5,170,170,5.090559749980457,STU_0132,comfort_seeking,6.390779017101337,6.465723766419552,0.9884089156874518,union_observed_max_per_profile
equalization,nsga3,170,as_published,6,170,170,5.21928908402333,STU_0132,comfort_seeking,6.433787463765936,6.465723766419552,0.99506067629745,union_observed_max_per_profile
equalization,nsga3,170,as_published,7,170,170,5.116620999993756,STU_0132,comfort_seeking,6.35174167303361,6.465723766419552,0.9823713326607114,union_observed_max_per_profile
equalization,nsga3,170,as_published,8,170,170,4.5946722499793395,STU_0132,comfort_seeking,6.315669427294346,6.465723766419552,0.9767923368603326,union_observed_max_per_profile
equalization,nsga3,170,as_published,9,170,170,4.697963791957591,STU_0132,comfort_seeking,6.453605182599329,6.465723766419552,0.9981257189051036,union_observed_max_per_profile
equalization,nsga2,170,equalized,0,170,170,5.215507916989736,STU_0346,comfort_seeking,5.9605408677065865,6.134270761795673,0.9716788024468892,union_observed_max_per_profile
equalization,nsga2,170,equalized,1,170,170,5.053292082971893,STU_0346,comfort_seeking,5.995085722758875,6.134270761795673,0.977310255050422,union_observed_max_per_profile
equalization,nsga2,170,equalized,2,170,170,3.9037047080346383,STU_0346,comfort_seeking,5.990411630821701,6.134270761795673,0.97654829130303,union_observed_max_per_profile
equalization,nsga2,170,equalized,3,170,170,3.9111547920037992,STU_0346,comfort_seeking,5.979375178402719,6.134270761795673,0.9747491446974196,union_observed_max_per_profile
equalization,nsga2,170,equalized,4,170,170,3.9524794590543024,STU_0346,comfort_seeking,6.020737793692677,6.134270761795673,0.9814920187726176,union_observed_max_per_profile
equalization,nsga2,170,equalized,5,170,170,4.419117624987848,STU_0346,comfort_seeking,6.039856843432078,6.134270761795673,0.9846087787725958,union_observed_max_per_profile
equalization,nsga2,170,equalized,6,170,170,4.254859790962655,STU_0346,comfort_seeking,5.752280152181049,6.134270761795673,0.9377284400301228,union_observed_max_per_profile
equalization,nsga2,170,equalized,7,170,170,4.345865875016898,STU_0346,comfort_seeking,6.011027811323709,6.134270761795673,0.979909111407419,union_observed_max_per_profile
equalization,nsga2,170,equalized,8,170,170,4.890575832978357,STU_0346,comfort_seeking,5.954157697862455,6.134270761795673,0.9706382272763432,union_observed_max_per_profile
equalization,nsga2,170,equalized,9,170,170,4.50983662501676,STU_0346,comfort_seeking,6.061066234565952,6.134270761795673,0.988066303221299,union_observed_max_per_profile
equalization,nsga3,170,equalized,0,170,170,4.8238844169536605,STU_0346,comfort_seeking,6.1336264393203885,6.134270761795673,0.999894963476458,union_observed_max_per_profile
equalization,nsga3,170,equalized,1,170,170,5.550336292013526,STU_0346,comfort_seeking,6.061880333105765,6.134270761795673,0.9881990163947838,union_observed_max_per_profile
equalization,nsga3,170,equalized,2,170,170,5.170084915996995,STU_0346,comfort_seeking,6.0580677866885555,6.134270761795673,0.987577500559364,union_observed_max_per_profile
equalization,nsga3,170,equalized,3,170,170,5.841368500026874,STU_0346,comfort_seeking,6.103958296539733,6.134270761795673,0.995058505495922,union_observed_max_per_profile
equalization,nsga3,170,equalized,4,170,170,5.336011583975051,STU_0346,comfort_seeking,6.048611917639457,6.134270761795673,0.9860360183822174,union_observed_max_per_profile
equalization,nsga3,170,equalized,5,170,170,4.693562166008633,STU_0346,comfort_seeking,6.066793519342961,6.134270761795673,0.988999956951206,union_observed_max_per_profile
equalization,nsga3,170,equalized,6,170,170,4.8805694580078125,STU_0346,comfort_seeking,6.049342680485185,6.134270761795673,0.9861551462906688,union_observed_max_per_profile
equalization,nsga3,170,equalized,7,170,170,4.667330666037742,STU_0346,comfort_seeking,6.134270761795673,6.134270761795673,1.0,union_observed_max_per_profile
equalization,nsga3,170,equalized,8,170,170,4.870566959027201,STU_0346,comfort_seeking,6.115001787565372,6.134270761795673,0.9968587995250704,union_observed_max_per_profile
equalization,nsga3,170,equalized,9,170,170,4.720912457967643,STU_0346,comfort_seeking,6.098472955776162,6.134270761795673,0.9941642931312292,union_observed_max_per_profile
equalization,nsga2,168,as_published,0,168,168,3.964926874963566,STU_0346,comfort_seeking,5.876141412328797,6.134270761795673,0.9579201245770714,union_observed_max_per_profile
equalization,nsga2,168,as_published,1,168,168,3.8486228340188977,STU_0346,comfort_seeking,5.959216464547988,6.134270761795673,0.9714629001481438,union_observed_max_per_profile
equalization,nsga2,168,as_published,2,168,168,3.724538916023448,STU_0346,comfort_seeking,5.881321253740412,6.134270761795673,0.9587645348766418,union_observed_max_per_profile
equalization,nsga2,168,as_published,3,168,168,3.662548207968939,STU_0346,comfort_seeking,5.8225115079990575,6.134270761795673,0.949177454679983,union_observed_max_per_profile
equalization,nsga2,168,as_published,4,168,168,3.7111379170091823,STU_0346,comfort_seeking,5.984204376855723,6.134270761795673,0.9755363936860164,union_observed_max_per_profile
equalization,nsga2,168,as_published,5,168,168,3.60568624996813,STU_0346,comfort_seeking,5.944420088251999,6.134270761795673,0.9690508161579584,union_observed_max_per_profile
equalization,nsga2,168,as_published,6,168,168,3.7425709170056503,STU_0346,comfort_seeking,6.051256783107809,6.134270761795673,0.9864671805481956,union_observed_max_per_profile
equalization,nsga2,168,as_published,7,168,168,4.140264832996763,STU_0346,comfort_seeking,6.019228839348131,6.134270761795673,0.9812460312048784,union_observed_max_per_profile
equalization,nsga2,168,as_published,8,168,168,3.723641000047792,STU_0346,comfort_seeking,5.770932658704865,6.134270761795673,0.940769144825872,union_observed_max_per_profile
equalization,nsga2,168,as_published,9,168,168,3.954139791021589,STU_0346,comfort_seeking,6.029265220007805,6.134270761795673,0.9828821475501468,union_observed_max_per_profile
equalization,nsga3,170,as_published,0,170,170,4.56827633397188,STU_0346,comfort_seeking,6.1336264393203885,6.134270761795673,0.999894963476458,union_observed_max_per_profile
equalization,nsga3,170,as_published,1,170,170,4.791573833965231,STU_0346,comfort_seeking,6.061880333105765,6.134270761795673,0.9881990163947838,union_observed_max_per_profile
equalization,nsga3,170,as_published,2,170,170,4.597978667006828,STU_0346,comfort_seeking,6.0580677866885555,6.134270761795673,0.987577500559364,union_observed_max_per_profile
equalization,nsga3,170,as_published,3,170,170,4.988607500039507,STU_0346,comfort_seeking,6.103958296539733,6.134270761795673,0.995058505495922,union_observed_max_per_profile
equalization,nsga3,170,as_published,4,170,170,4.881834790983703,STU_0346,comfort_seeking,6.048611917639457,6.134270761795673,0.9860360183822174,union_observed_max_per_profile
equalization,nsga3,170,as_published,5,170,170,4.864565875031985,STU_0346,comfort_seeking,6.066793519342961,6.134270761795673,0.988999956951206,union_observed_max_per_profile
equalization,nsga3,170,as_published,6,170,170,4.772448375006206,STU_0346,comfort_seeking,6.049342680485185,6.134270761795673,0.9861551462906688,union_observed_max_per_profile
equalization,nsga3,170,as_published,7,170,170,5.02682766597718,STU_0346,comfort_seeking,6.134270761795673,6.134270761795673,1.0,union_observed_max_per_profile
equalization,nsga3,170,as_published,8,170,170,4.60817149997456,STU_0346,comfort_seeking,6.115001787565372,6.134270761795673,0.9968587995250704,union_observed_max_per_profile
equalization,nsga3,170,as_published,9,170,170,4.567640582972672,STU_0346,comfort_seeking,6.098472955776162,6.134270761795673,0.9941642931312292,union_observed_max_per_profile
equalization,nsga2,170,equalized,0,170,170,4.725310375040863,STU_0030,comfort_seeking,1.4263047263005797,1.4697471652127454,0.9704422366374305,union_observed_max_per_profile
equalization,nsga2,170,equalized,1,170,170,4.65648341702763,STU_0030,comfort_seeking,1.454204051747643,1.4697471652127454,0.9894246344997352,union_observed_max_per_profile
equalization,nsga2,170,equalized,2,170,170,5.059253167011775,STU_0030,comfort_seeking,1.4538546682757256,1.4697471652127454,0.9891869177820668,union_observed_max_per_profile
equalization,nsga2,170,equalized,3,170,170,4.533552624983713,STU_0030,comfort_seeking,1.463144942329504,1.4697471652127454,0.9955079192942102,union_observed_max_per_profile
equalization,nsga2,170,equalized,4,170,170,4.201172583037987,STU_0030,comfort_seeking,1.425752577388662,1.4697471652127454,0.9700665605177642,union_observed_max_per_profile
equalization,nsga2,170,equalized,5,170,170,5.304227959015407,STU_0030,comfort_seeking,1.46605102757369,1.4697471652127454,0.9974851881149772,union_observed_max_per_profile
equalization,nsga2,170,equalized,6,170,170,4.523560041969176,STU_0030,comfort_seeking,1.436766656023128,1.4697471652127454,0.9775604199346468,union_observed_max_per_profile
equalization,nsga2,170,equalized,7,170,170,4.009680084011052,STU_0030,comfort_seeking,1.445406249817731,1.4697471652127454,0.9834387056691544,union_observed_max_per_profile
equalization,nsga2,170,equalized,8,170,170,4.170954790955875,STU_0030,comfort_seeking,1.4536730396889574,1.4697471652127454,0.9890633396653218,union_observed_max_per_profile
equalization,nsga2,170,equalized,9,170,170,4.527596374973655,STU_0030,comfort_seeking,1.4348973500843458,1.4697471652127454,0.9762885644869708,union_observed_max_per_profile
equalization,nsga3,170,equalized,0,170,170,5.554810458037537,STU_0030,comfort_seeking,1.451667876357468,1.4697471652127454,0.9876990483239608,union_observed_max_per_profile
equalization,nsga3,170,equalized,1,170,170,5.988169250020292,STU_0030,comfort_seeking,1.468980215885787,1.4697471652127454,0.9994781760120984,union_observed_max_per_profile
equalization,nsga3,170,equalized,2,170,170,6.085322916973382,STU_0030,comfort_seeking,1.4658625654291189,1.4697471652127454,0.9973569605197612,union_observed_max_per_profile
equalization,nsga3,170,equalized,3,170,170,6.483092041977216,STU_0030,comfort_seeking,1.4697471652127454,1.4697471652127454,1.0,union_observed_max_per_profile
equalization,nsga3,170,equalized,4,170,170,5.400853750004899,STU_0030,comfort_seeking,1.4602083973168904,1.4697471652127454,0.9935099259780004,union_observed_max_per_profile
equalization,nsga3,170,equalized,5,170,170,5.4539685000199825,STU_0030,comfort_seeking,1.45346132132959,1.4697471652127454,0.9889192887942748,union_observed_max_per_profile
equalization,nsga3,170,equalized,6,170,170,5.187162082991563,STU_0030,comfort_seeking,1.453576738088571,1.4697471652127454,0.9889978171028934,union_observed_max_per_profile
equalization,nsga3,170,equalized,7,170,170,5.497273667016998,STU_0030,comfort_seeking,1.4640660063718691,1.4697471652127454,0.9961346012597658,union_observed_max_per_profile
equalization,nsga3,170,equalized,8,170,170,5.744283000007272,STU_0030,comfort_seeking,1.4557467028024358,1.4697471652127454,0.9904742375139856,union_observed_max_per_profile
equalization,nsga3,170,equalized,9,170,170,5.736372750019655,STU_0030,comfort_seeking,1.4563681361411374,1.4697471652127454,0.9908970540047468,union_observed_max_per_profile
equalization,nsga2,168,as_published,0,168,168,7.685446292045526,STU_0030,comfort_seeking,1.4389699024713016,1.4697471652127454,0.979059484876102,union_observed_max_per_profile
equalization,nsga2,168,as_published,1,168,168,6.387524708989076,STU_0030,comfort_seeking,1.4566897448578515,1.4697471652127454,0.9911158730807936,union_observed_max_per_profile
equalization,nsga2,168,as_published,2,168,168,5.5900006660376675,STU_0030,comfort_seeking,1.4575457048256018,1.4697471652127454,0.9916982589414436,union_observed_max_per_profile
equalization,nsga2,168,as_published,3,168,168,4.897362083022017,STU_0030,comfort_seeking,1.440534918101095,1.4697471652127454,0.9801243045041548,union_observed_max_per_profile
equalization,nsga2,168,as_published,4,168,168,6.296978083031718,STU_0030,comfort_seeking,1.4540831644385692,1.4697471652127454,0.9893423840882803,union_observed_max_per_profile
equalization,nsga2,168,as_published,5,168,168,4.495313542021904,STU_0030,comfort_seeking,1.4115233963648024,1.4697471652127454,0.9603851803724928,union_observed_max_per_profile
equalization,nsga2,168,as_published,6,168,168,4.2732693330035545,STU_0030,comfort_seeking,1.4404815395442565,1.4697471652127454,0.9800879863141272,union_observed_max_per_profile
equalization,nsga2,168,as_published,7,168,168,4.864264042000286,STU_0030,comfort_seeking,1.443002426866347,1.4697471652127454,0.9818031706545072,union_observed_max_per_profile
equalization,nsga2,168,as_published,8,168,168,5.226775208022445,STU_0030,comfort_seeking,1.4079361184126566,1.4697471652127454,0.9579444354355046,union_observed_max_per_profile
equalization,nsga2,168,as_published,9,168,168,4.678651583963074,STU_0030,comfort_seeking,1.444331940674556,1.4697471652127454,0.9827077574022668,union_observed_max_per_profile
equalization,nsga3,170,as_published,0,170,170,4.9686529579921626,STU_0030,comfort_seeking,1.451667876357468,1.4697471652127454,0.9876990483239608,union_observed_max_per_profile
equalization,nsga3,170,as_published,1,170,170,5.424869084032252,STU_0030,comfort_seeking,1.468980215885787,1.4697471652127454,0.9994781760120984,union_observed_max_per_profile
equalization,nsga3,170,as_published,2,170,170,6.611098583962303,STU_0030,comfort_seeking,1.4658625654291189,1.4697471652127454,0.9973569605197612,union_observed_max_per_profile
equalization,nsga3,170,as_published,3,170,170,7.21240008395398,STU_0030,comfort_seeking,1.4697471652127454,1.4697471652127454,1.0,union_observed_max_per_profile
equalization,nsga3,170,as_published,4,170,170,6.3679031250067055,STU_0030,comfort_seeking,1.4602083973168904,1.4697471652127454,0.9935099259780004,union_observed_max_per_profile
equalization,nsga3,170,as_published,5,170,170,5.278574375028256,STU_0030,comfort_seeking,1.45346132132959,1.4697471652127454,0.9889192887942748,union_observed_max_per_profile
equalization,nsga3,170,as_published,6,170,170,5.847712874994613,STU_0030,comfort_seeking,1.453576738088571,1.4697471652127454,0.9889978171028934,union_observed_max_per_profile
equalization,nsga3,170,as_published,7,170,170,8.036544415983371,STU_0030,comfort_seeking,1.4640660063718691,1.4697471652127454,0.9961346012597658,union_observed_max_per_profile
equalization,nsga3,170,as_published,8,170,170,7.8506447919644415,STU_0030,comfort_seeking,1.4557467028024358,1.4697471652127454,0.9904742375139856,union_observed_max_per_profile
equalization,nsga3,170,as_published,9,170,170,7.401041041011922,STU_0030,comfort_seeking,1.4563681361411374,1.4697471652127454,0.9908970540047468,union_observed_max_per_profile
equalization,nsga2,170,equalized,0,170,170,4.551658749987837,STU_0618,cost_sensitive,6.0109518308504875,6.125849396481264,0.9812438148256184,union_observed_max_per_profile
equalization,nsga2,170,equalized,1,170,170,3.7931403330294415,STU_0618,cost_sensitive,5.996055698931942,6.125849396481264,0.9788121305065258,union_observed_max_per_profile
equalization,nsga2,170,equalized,2,170,170,3.9001835000235583,STU_0618,cost_sensitive,6.034565960312661,6.125849396481264,0.9850986483244206,union_observed_max_per_profile
equalization,nsga2,170,equalized,3,170,170,4.649083916970994,STU_0618,cost_sensitive,5.944223324542163,6.125849396481264,0.9703508754159988,union_observed_max_per_profile
equalization,nsga2,170,equalized,4,170,170,4.000912374991458,STU_0618,cost_sensitive,5.8367811891392245,6.125849396481264,0.9528117345640128,union_observed_max_per_profile
equalization,nsga2,170,equalized,5,170,170,4.221605375001673,STU_0618,cost_sensitive,6.090393769102574,6.125849396481264,0.994212128786735,union_observed_max_per_profile
equalization,nsga2,170,equalized,6,170,170,4.350247875030618,STU_0618,cost_sensitive,6.1063708113470705,6.125849396481264,0.9968202637914372,union_observed_max_per_profile
equalization,nsga2,170,equalized,7,170,170,6.244823542016093,STU_0618,cost_sensitive,5.969798598365447,6.125849396481264,0.9745258513528828,union_observed_max_per_profile
equalization,nsga2,170,equalized,8,170,170,4.672415666980669,STU_0618,cost_sensitive,5.988197906066447,6.125849396481264,0.9775294034336064,union_observed_max_per_profile
equalization,nsga2,170,equalized,9,170,170,4.045005832973402,STU_0618,cost_sensitive,6.0825735766242754,6.125849396481264,0.992935539701344,union_observed_max_per_profile
equalization,nsga3,170,equalized,0,170,170,4.755453208985273,STU_0618,cost_sensitive,6.11946285024854,6.125849396481264,0.9989574431528806,union_observed_max_per_profile
equalization,nsga3,170,equalized,1,170,170,4.688442874990869,STU_0618,cost_sensitive,6.107476102886107,6.125849396481264,0.9970006945313232,union_observed_max_per_profile
equalization,nsga3,170,equalized,2,170,170,5.338033166015521,STU_0618,cost_sensitive,6.1091820502312135,6.125849396481264,0.9972791779276152,union_observed_max_per_profile
equalization,nsga3,170,equalized,3,170,170,4.45575604197802,STU_0618,cost_sensitive,6.093035902019132,6.125849396481264,0.994643437613569,union_observed_max_per_profile
equalization,nsga3,170,equalized,4,170,170,4.397274666989688,STU_0618,cost_sensitive,6.115468343825509,6.125849396481264,0.9983053692665512,union_observed_max_per_profile
equalization,nsga3,170,equalized,5,170,170,5.084795749979094,STU_0618,cost_sensitive,6.090871823479664,6.125849396481264,0.994290167658759,union_observed_max_per_profile
equalization,nsga3,170,equalized,6,170,170,6.651714458013885,STU_0618,cost_sensitive,6.117939622406456,6.125849396481264,0.9987087873757796,union_observed_max_per_profile
equalization,nsga3,170,equalized,7,170,170,4.686111207993235,STU_0618,cost_sensitive,6.105923181063633,6.125849396481264,0.9967471914296364,union_observed_max_per_profile
equalization,nsga3,170,equalized,8,170,170,5.122355624975171,STU_0618,cost_sensitive,6.125849396481264,6.125849396481264,1.0,union_observed_max_per_profile
equalization,nsga3,170,equalized,9,170,170,5.233973624999635,STU_0618,cost_sensitive,6.095671731736723,6.125849396481264,0.995073717489386,union_observed_max_per_profile
equalization,nsga2,168,as_published,0,168,168,4.453524707991164,STU_0618,cost_sensitive,5.938121980328041,6.125849396481264,0.96935487570735,union_observed_max_per_profile
equalization,nsga2,168,as_published,1,168,168,3.904743624967523,STU_0618,cost_sensitive,6.012195350404808,6.125849396481264,0.9814468102755284,union_observed_max_per_profile
equalization,nsga2,168,as_published,2,168,168,4.718549041019287,STU_0618,cost_sensitive,5.896714434640791,6.125849396481264,0.9625953974689468,union_observed_max_per_profile
equalization,nsga2,168,as_published,3,168,168,4.638821750006173,STU_0618,cost_sensitive,6.091265735128651,6.125849396481264,0.9943544708473444,union_observed_max_per_profile
equalization,nsga2,168,as_published,4,168,168,5.768602333962917,STU_0618,cost_sensitive,6.060098927947478,6.125849396481264,0.989266718086221,union_observed_max_per_profile
equalization,nsga2,168,as_published,5,168,168,5.181826917047147,STU_0618,cost_sensitive,5.930679279505383,6.125849396481264,0.9681399093670195,union_observed_max_per_profile
equalization,nsga2,168,as_published,6,168,168,5.3844039590330794,STU_0618,cost_sensitive,5.971767957814476,6.125849396481264,0.974847334843835,union_observed_max_per_profile
equalization,nsga2,168,as_published,7,168,168,4.670364166959189,STU_0618,cost_sensitive,6.035349373292984,6.125849396481264,0.9852265347495706,union_observed_max_per_profile
equalization,nsga2,168,as_published,8,168,168,5.7305557919899,STU_0618,cost_sensitive,6.105098887369973,6.125849396481264,0.9966126315277664,union_observed_max_per_profile
equalization,nsga2,168,as_published,9,168,168,4.508698582998477,STU_0618,cost_sensitive,6.104230892617926,6.125849396481264,0.9964709377485256,union_observed_max_per_profile
equalization,nsga3,170,as_published,0,170,170,6.034643708029762,STU_0618,cost_sensitive,6.11946285024854,6.125849396481264,0.9989574431528806,union_observed_max_per_profile
equalization,nsga3,170,as_published,1,170,170,7.028610249981284,STU_0618,cost_sensitive,6.107476102886107,6.125849396481264,0.9970006945313232,union_observed_max_per_profile
equalization,nsga3,170,as_published,2,170,170,6.389477625023574,STU_0618,cost_sensitive,6.1091820502312135,6.125849396481264,0.9972791779276152,union_observed_max_per_profile
equalization,nsga3,170,as_published,3,170,170,8.79849033296341,STU_0618,cost_sensitive,6.093035902019132,6.125849396481264,0.994643437613569,union_observed_max_per_profile
equalization,nsga3,170,as_published,4,170,170,8.25646137498552,STU_0618,cost_sensitive,6.115468343825509,6.125849396481264,0.9983053692665512,union_observed_max_per_profile
equalization,nsga3,170,as_published,5,170,170,6.603176000004169,STU_0618,cost_sensitive,6.090871823479664,6.125849396481264,0.994290167658759,union_observed_max_per_profile
equalization,nsga3,170,as_published,6,170,170,7.341563583002426,STU_0618,cost_sensitive,6.117939622406456,6.125849396481264,0.9987087873757796,union_observed_max_per_profile
equalization,nsga3,170,as_published,7,170,170,6.891142125008628,STU_0618,cost_sensitive,6.105923181063633,6.125849396481264,0.9967471914296364,union_observed_max_per_profile
equalization,nsga3,170,as_published,8,170,170,7.642651542031672,STU_0618,cost_sensitive,6.125849396481264,6.125849396481264,1.0,union_observed_max_per_profile
equalization,nsga3,170,as_published,9,170,170,5.66967933397973,STU_0618,cost_sensitive,6.095671731736723,6.125849396481264,0.995073717489386,union_observed_max_per_profile
equalization,nsga2,170,equalized,0,170,170,4.366406082990579,STU_0081,cost_sensitive,0.0004738164062757,0.0004862185544543,0.9744926472571884,union_observed_max_per_profile
equalization,nsga2,170,equalized,1,170,170,4.204631625034381,STU_0081,cost_sensitive,0.000479898606268,0.0004862185544543,0.987001836667152,union_observed_max_per_profile
equalization,nsga2,170,equalized,2,170,170,4.20272883301368,STU_0081,cost_sensitive,0.0004786951408709,0.0004862185544543,0.9845266834956032,union_observed_max_per_profile
equalization,nsga2,170,equalized,3,170,170,4.10348037496442,STU_0081,cost_sensitive,0.0004781529101731,0.0004862185544543,0.983411483977237,union_observed_max_per_profile
equalization,nsga2,170,equalized,4,170,170,4.19226516695926,STU_0081,cost_sensitive,0.0004736621635417,0.0004862185544543,0.9741754180347536,union_observed_max_per_profile
equalization,nsga2,170,equalized,5,170,170,4.061460458964575,STU_0081,cost_sensitive,0.0004698317987,0.0004862185544543,0.9662975515760092,union_observed_max_per_profile
equalization,nsga2,170,equalized,6,170,170,4.095301874971483,STU_0081,cost_sensitive,0.0004737996298082,0.0004862185544543,0.9744581432931476,union_observed_max_per_profile
equalization,nsga2,170,equalized,7,170,170,4.0789487499860115,STU_0081,cost_sensitive,0.0004798348966983,0.0004862185544543,0.9868708059421504,union_observed_max_per_profile
equalization,nsga2,170,equalized,8,170,170,3.956876292009838,STU_0081,cost_sensitive,0.0004695935137346,0.0004862185544543,0.9658074736817126,union_observed_max_per_profile
equalization,nsga2,170,equalized,9,170,170,4.006733415997587,STU_0081,cost_sensitive,0.0004752865232827,0.0004862185544543,0.9775162196683134,union_observed_max_per_profile
equalization,nsga3,170,equalized,0,170,170,5.127774124965072,STU_0081,cost_sensitive,0.0004853114826792,0.0004862185544543,0.9981344361156944,union_observed_max_per_profile
equalization,nsga3,170,equalized,1,170,170,4.974351958022453,STU_0081,cost_sensitive,0.0004844003946217,0.0004862185544543,0.9962606119904835,union_observed_max_per_profile
equalization,nsga3,170,equalized,2,170,170,4.787670207966585,STU_0081,cost_sensitive,0.0004853631661997,0.0004862185544543,0.998240733006369,union_observed_max_per_profile
equalization,nsga3,170,equalized,3,170,170,4.953378791979048,STU_0081,cost_sensitive,0.0004838129498965,0.0004862185544543,0.995052421312018,union_observed_max_per_profile
equalization,nsga3,170,equalized,4,170,170,4.879803917021491,STU_0081,cost_sensitive,0.0004862185544543,0.0004862185544543,1.0,union_observed_max_per_profile
equalization,nsga3,170,equalized,5,170,170,5.555767124984413,STU_0081,cost_sensitive,0.0004852842117366,0.0004862185544543,0.9980783482878488,union_observed_max_per_profile
equalization,nsga3,170,equalized,6,170,170,5.595105666958261,STU_0081,cost_sensitive,0.0004831630080321,0.0004862185544543,0.9937156935000564,union_observed_max_per_profile
equalization,nsga3,170,equalized,7,170,170,4.8280234999838285,STU_0081,cost_sensitive,0.0004844866303992,0.0004862185544543,0.9964379721029596,union_observed_max_per_profile
equalization,nsga3,170,equalized,8,170,170,5.430798917019274,STU_0081,cost_sensitive,0.0004854150539805,0.0004862185544543,0.9983474499966652,union_observed_max_per_profile
equalization,nsga3,170,equalized,9,170,170,5.244877457967959,STU_0081,cost_sensitive,0.0004836795464599,0.0004862185544543,0.9947780520279924,union_observed_max_per_profile
equalization,nsga2,168,as_published,0,168,168,4.093452875036746,STU_0081,cost_sensitive,0.0004718414345019,0.0004862185544543,0.9704307459665996,union_observed_max_per_profile
equalization,nsga2,168,as_published,1,168,168,3.9679459169856273,STU_0081,cost_sensitive,0.0004749538147695,0.0004862185544543,0.9768319419700996,union_observed_max_per_profile
equalization,nsga2,168,as_published,2,168,168,4.436750125023536,STU_0081,cost_sensitive,0.0004744864083113,0.0004862185544543,0.975870632588018,union_observed_max_per_profile
equalization,nsga2,168,as_published,3,168,168,4.331397332949564,STU_0081,cost_sensitive,0.0004713601533631,0.0004862185544543,0.9694409006916614,union_observed_max_per_profile
equalization,nsga2,168,as_published,4,168,168,4.3199523750226945,STU_0081,cost_sensitive,0.0004773189629553,0.0004862185544543,0.981696314512469,union_observed_max_per_profile
equalization,nsga2,168,as_published,5,168,168,4.513194625033066,STU_0081,cost_sensitive,0.0004707070194078,0.0004862185544543,0.9680976077437876,union_observed_max_per_profile
equalization,nsga2,168,as_published,6,168,168,4.6890561250038445,STU_0081,cost_sensitive,0.0004708440271097,0.0004862185544543,0.9683793898779044,union_observed_max_per_profile
equalization,nsga2,168,as_published,7,168,168,4.1037131659686565,STU_0081,cost_sensitive,0.0004791243281565,0.0004862185544543,0.985409387953618,union_observed_max_per_profile
equalization,nsga2,168,as_published,8,168,168,4.153061582997907,STU_0081,cost_sensitive,0.0004799996135931,0.0004862185544543,0.9872095772482952,union_observed_max_per_profile
equalization,nsga2,168,as_published,9,168,168,4.608902957988903,STU_0081,cost_sensitive,0.0004801998053499,0.0004862185544543,0.9876213092873396,union_observed_max_per_profile
equalization,nsga3,170,as_published,0,170,170,4.733090749999974,STU_0081,cost_sensitive,0.0004853114826792,0.0004862185544543,0.9981344361156944,union_observed_max_per_profile
equalization,nsga3,170,as_published,1,170,170,5.254383542051073,STU_0081,cost_sensitive,0.0004844003946217,0.0004862185544543,0.9962606119904835,union_observed_max_per_profile
equalization,nsga3,170,as_published,2,170,170,5.659456749970559,STU_0081,cost_sensitive,0.0004853631661997,0.0004862185544543,0.998240733006369,union_observed_max_per_profile
equalization,nsga3,170,as_published,3,170,170,5.048407624999527,STU_0081,cost_sensitive,0.0004838129498965,0.0004862185544543,0.995052421312018,union_observed_max_per_profile
equalization,nsga3,170,as_published,4,170,170,4.8238788330345415,STU_0081,cost_sensitive,0.0004862185544543,0.0004862185544543,1.0,union_observed_max_per_profile
equalization,nsga3,170,as_published,5,170,170,5.43248679197859,STU_0081,cost_sensitive,0.0004852842117366,0.0004862185544543,0.9980783482878488,union_observed_max_per_profile
equalization,nsga3,170,as_published,6,170,170,4.915074457996525,STU_0081,cost_sensitive,0.0004831630080321,0.0004862185544543,0.9937156935000564,union_observed_max_per_profile
equalization,nsga3,170,as_published,7,170,170,4.945102958008647,STU_0081,cost_sensitive,0.0004844866303992,0.0004862185544543,0.9964379721029596,union_observed_max_per_profile
equalization,nsga3,170,as_published,8,170,170,5.771616000041831,STU_0081,cost_sensitive,0.0004854150539805,0.0004862185544543,0.9983474499966652,union_observed_max_per_profile
equalization,nsga3,170,as_published,9,170,170,5.023228832986206,STU_0081,cost_sensitive,0.0004836795464599,0.0004862185544543,0.9947780520279924,union_observed_max_per_profile
equalization,nsga2,170,equalized,0,170,170,5.052562791039236,STU_0242,cost_sensitive,24.651538387478983,25.40422629051822,0.9703715478506754,union_observed_max_per_profile
equalization,nsga2,170,equalized,1,170,170,4.506972917006351,STU_0242,cost_sensitive,24.624224464339807,25.40422629051822,0.9692963754432647,union_observed_max_per_profile
equalization,nsga2,170,equalized,2,170,170,4.508027124975342,STU_0242,cost_sensitive,24.77366800824706,25.40422629051822,0.975179000727666,union_observed_max_per_profile
equalization,nsga2,170,equalized,3,170,170,4.16260137502104,STU_0242,cost_sensitive,23.346992760007975,25.40422629051822,0.9190200281250808,union_observed_max_per_profile
equalization,nsga2,170,equalized,4,170,170,4.477415708010085,STU_0242,cost_sensitive,23.352350964428503,25.40422629051822,0.919230945960533,union_observed_max_per_profile
equalization,nsga2,170,equalized,5,170,170,4.135186208004598,STU_0242,cost_sensitive,24.74067951111322,25.40422629051822,0.9738804570618764,union_observed_max_per_profile
equalization,nsga2,170,equalized,6,170,170,4.86601341702044,STU_0242,cost_sensitive,24.223320977315876,25.40422629051822,0.9535153993789176,union_observed_max_per_profile
equalization,nsga2,170,equalized,7,170,170,4.217258332995698,STU_0242,cost_sensitive,24.36102236828989,25.40422629051822,0.9589358120850272,union_observed_max_per_profile
equalization,nsga2,170,equalized,8,170,170,4.422335833020043,STU_0242,cost_sensitive,23.76875261955743,25.40422629051822,0.9356219846155596,union_observed_max_per_profile
equalization,nsga2,170,equalized,9,170,170,4.254445041995496,STU_0242,cost_sensitive,24.188132604956717,25.40422629051822,0.9521302608607533,union_observed_max_per_profile
equalization,nsga3,170,equalized,0,170,170,5.204959249997046,STU_0242,cost_sensitive,25.348047487646685,25.40422629051822,0.9977886040602424,union_observed_max_per_profile
equalization,nsga3,170,equalized,1,170,170,5.138110875035636,STU_0242,cost_sensitive,25.135070937821848,25.40422629051822,0.9894050954507192,union_observed_max_per_profile
equalization,nsga3,170,equalized,2,170,170,5.133217082999181,STU_0242,cost_sensitive,25.373579315858468,25.40422629051822,0.998793626922179,union_observed_max_per_profile
equalization,nsga3,170,equalized,3,170,170,4.686495500034653,STU_0242,cost_sensitive,25.40422629051822,25.40422629051822,1.0,union_observed_max_per_profile
equalization,nsga3,170,equalized,4,170,170,4.784642499987967,STU_0242,cost_sensitive,25.2158877633014,25.40422629051822,0.9925863309095496,union_observed_max_per_profile
equalization,nsga3,170,equalized,5,170,170,4.925865083001554,STU_0242,cost_sensitive,25.315732538858576,25.40422629051822,0.9965165736343377,union_observed_max_per_profile
equalization,nsga3,170,equalized,6,170,170,4.789559124968946,STU_0242,cost_sensitive,25.238464983763137,25.40422629051822,0.9934750499834372,union_observed_max_per_profile
equalization,nsga3,170,equalized,7,170,170,5.102515542006586,STU_0242,cost_sensitive,24.97490203138319,25.40422629051822,0.9831002820465636,union_observed_max_per_profile
equalization,nsga3,170,equalized,8,170,170,5.269652833987493,STU_0242,cost_sensitive,25.214598879478903,25.40422629051822,0.9925355958937396,union_observed_max_per_profile
equalization,nsga3,170,equalized,9,170,170,4.998527999967337,STU_0242,cost_sensitive,25.382903565272944,25.40422629051822,0.9991606622850296,union_observed_max_per_profile
equalization,nsga2,168,as_published,0,168,168,4.41670704097487,STU_0242,cost_sensitive,24.291809115498445,25.40422629051822,0.9562113341969808,union_observed_max_per_profile
equalization,nsga2,168,as_published,1,168,168,5.050376250001136,STU_0242,cost_sensitive,24.06754624805947,25.40422629051822,0.9473835562959992,union_observed_max_per_profile
equalization,nsga2,168,as_published,2,168,168,4.238659624999855,STU_0242,cost_sensitive,24.86164429229525,25.40422629051822,0.9786420577419638,union_observed_max_per_profile
equalization,nsga2,168,as_published,3,168,168,4.354144708020613,STU_0242,cost_sensitive,24.09377132962008,25.40422629051822,0.9484158680562828,union_observed_max_per_profile
equalization,nsga2,168,as_published,4,168,168,4.057845957984682,STU_0242,cost_sensitive,24.73543007967554,25.40422629051822,0.9736738209148964,union_observed_max_per_profile
equalization,nsga2,168,as_published,5,168,168,4.461410958028864,STU_0242,cost_sensitive,24.38946136934015,25.40422629051822,0.9600552715294928,union_observed_max_per_profile
equalization,nsga2,168,as_published,6,168,168,4.055919041973539,STU_0242,cost_sensitive,24.583667160650307,25.40422629051822,0.9676998968406224,union_observed_max_per_profile
equalization,nsga2,168,as_published,7,168,168,4.424396166985389,STU_0242,cost_sensitive,24.476723002367837,25.40422629051822,0.9634901973575728,union_observed_max_per_profile
equalization,nsga2,168,as_published,8,168,168,4.211240290955175,STU_0242,cost_sensitive,24.521595716547115,25.40422629051822,0.9652565457464636,union_observed_max_per_profile
equalization,nsga2,168,as_published,9,168,168,4.513256125035696,STU_0242,cost_sensitive,24.44020697391025,25.40422629051822,0.9620527976099876,union_observed_max_per_profile
equalization,nsga3,170,as_published,0,170,170,5.355118790990673,STU_0242,cost_sensitive,25.348047487646685,25.40422629051822,0.9977886040602424,union_observed_max_per_profile
equalization,nsga3,170,as_published,1,170,170,5.416946624987759,STU_0242,cost_sensitive,25.135070937821848,25.40422629051822,0.9894050954507192,union_observed_max_per_profile
equalization,nsga3,170,as_published,2,170,170,5.144960209028795,STU_0242,cost_sensitive,25.373579315858468,25.40422629051822,0.998793626922179,union_observed_max_per_profile
equalization,nsga3,170,as_published,3,170,170,5.062518624996301,STU_0242,cost_sensitive,25.40422629051822,25.40422629051822,1.0,union_observed_max_per_profile
equalization,nsga3,170,as_published,4,170,170,5.12525233294582,STU_0242,cost_sensitive,25.2158877633014,25.40422629051822,0.9925863309095496,union_observed_max_per_profile
equalization,nsga3,170,as_published,5,170,170,5.0932712919893675,STU_0242,cost_sensitive,25.315732538858576,25.40422629051822,0.9965165736343377,union_observed_max_per_profile
equalization,nsga3,170,as_published,6,170,170,5.2497268749866635,STU_0242,cost_sensitive,25.238464983763137,25.40422629051822,0.9934750499834372,union_observed_max_per_profile
equalization,nsga3,170,as_published,7,170,170,5.656651791010518,STU_0242,cost_sensitive,24.97490203138319,25.40422629051822,0.9831002820465636,union_observed_max_per_profile
equalization,nsga3,170,as_published,8,170,170,5.221667500038166,STU_0242,cost_sensitive,25.214598879478903,25.40422629051822,0.9925355958937396,union_observed_max_per_profile
equalization,nsga3,170,as_published,9,170,170,5.040633791999426,STU_0242,cost_sensitive,25.382903565272944,25.40422629051822,0.9991606622850296,union_observed_max_per_profile
equalization,nsga2,170,equalized,0,170,170,4.578414708026685,STU_0598,cost_sensitive,6.308467331464182,6.617202940109085,0.9533434879602146,union_observed_max_per_profile
equalization,nsga2,170,equalized,1,170,170,4.638690916995984,STU_0598,cost_sensitive,6.511834250079473,6.617202940109085,0.9840765515304152,union_observed_max_per_profile
equalization,nsga2,170,equalized,2,170,170,4.874771957984194,STU_0598,cost_sensitive,6.263763963434702,6.617202940109085,0.9465878589680132,union_observed_max_per_profile
equalization,nsga2,170,equalized,3,170,170,4.103691708995029,STU_0598,cost_sensitive,6.385382854522703,6.617202940109085,0.9649670581838676,union_observed_max_per_profile
equalization,nsga2,170,equalized,4,170,170,4.520567167026456,STU_0598,cost_sensitive,6.48993787113572,6.617202940109085,0.9807675433071626,union_observed_max_per_profile
equalization,nsga2,170,equalized,5,170,170,4.656759792007506,STU_0598,cost_sensitive,6.276204171887248,6.617202940109085,0.948467838857574,union_observed_max_per_profile
equalization,nsga2,170,equalized,6,170,170,5.691534416982904,STU_0598,cost_sensitive,6.320585723004489,6.617202940109085,0.9551748344747448,union_observed_max_per_profile
equalization,nsga2,170,equalized,7,170,170,4.489702915947419,STU_0598,cost_sensitive,6.345235422308226,6.617202940109085,0.9588999279208482,union_observed_max_per_profile
equalization,nsga2,170,equalized,8,170,170,4.12781083403388,STU_0598,cost_sensitive,6.378191743258358,6.617202940109085,0.9638803284387728,union_observed_max_per_profile
equalization,nsga2,170,equalized,9,170,170,4.089596416975837,STU_0598,cost_sensitive,6.243398980086456,6.617202940109085,0.94351027716607,union_observed_max_per_profile
equalization,nsga3,170,equalized,0,170,170,4.819720125000458,STU_0598,cost_sensitive,6.587548936877659,6.617202940109085,0.9955186498736978,union_observed_max_per_profile
equalization,nsga3,170,equalized,1,170,170,5.473383584001567,STU_0598,cost_sensitive,6.571186514166209,6.617202940109085,0.9930459400505984,union_observed_max_per_profile
equalization,nsga3,170,equalized,2,170,170,5.299192167003639,STU_0598,cost_sensitive,6.5830804657881385,6.617202940109085,0.9948433689234286,union_observed_max_per_profile
equalization,nsga3,170,equalized,3,170,170,5.039623000018764,STU_0598,cost_sensitive,6.617202940109085,6.617202940109085,1.0,union_observed_max_per_profile
equalization,nsga3,170,equalized,4,170,170,4.829006040992681,STU_0598,cost_sensitive,6.605772336161266,6.617202940109085,0.9982725928082796,union_observed_max_per_profile
equalization,nsga3,170,equalized,5,170,170,5.267063707986381,STU_0598,cost_sensitive,6.566109090763905,6.617202940109085,0.9922786334637732,union_observed_max_per_profile
equalization,nsga3,170,equalized,6,170,170,4.885868292010855,STU_0598,cost_sensitive,6.597415640594836,6.617202940109085,0.9970097185029174,union_observed_max_per_profile
equalization,nsga3,170,equalized,7,170,170,4.765421374992002,STU_0598,cost_sensitive,6.614871912797911,6.617202940109085,0.99964773223184,union_observed_max_per_profile
equalization,nsga3,170,equalized,8,170,170,5.054262249963358,STU_0598,cost_sensitive,6.609855019529771,6.617202940109085,0.9988895730347372,union_observed_max_per_profile
equalization,nsga3,170,equalized,9,170,170,4.641097207961138,STU_0598,cost_sensitive,6.605607837039285,6.617202940109085,0.99824773349484,union_observed_max_per_profile
equalization,nsga2,168,as_published,0,168,168,4.039304125006311,STU_0598,cost_sensitive,6.393488533030889,6.617202940109085,0.9661919984768508,union_observed_max_per_profile
equalization,nsga2,168,as_published,1,168,168,4.252074041985907,STU_0598,cost_sensitive,6.478649706915604,6.617202940109085,0.9790616617855766,union_observed_max_per_profile
equalization,nsga2,168,as_published,2,168,168,6.371551000047475,STU_0598,cost_sensitive,6.372997884891958,6.617202940109085,0.9630954260542748,union_observed_max_per_profile
equalization,nsga2,168,as_published,3,168,168,4.680930542002898,STU_0598,cost_sensitive,6.264637018566501,6.617202940109085,0.9467197961535132,union_observed_max_per_profile
equalization,nsga2,168,as_published,4,168,168,4.959221375000197,STU_0598,cost_sensitive,6.453136070979817,6.617202940109085,0.9752060091530814,union_observed_max_per_profile
equalization,nsga2,168,as_published,5,168,168,5.56218045897549,STU_0598,cost_sensitive,6.239942754191326,6.617202940109085,0.9429879679779718,union_observed_max_per_profile
equalization,nsga2,168,as_published,6,168,168,6.42257445899304,STU_0598,cost_sensitive,6.329564905324942,6.617202940109085,0.956531779758382,union_observed_max_per_profile
equalization,nsga2,168,as_published,7,168,168,4.61442212498514,STU_0598,cost_sensitive,6.439915763828318,6.617202940109085,0.9732081397706318,union_observed_max_per_profile
equalization,nsga2,168,as_published,8,168,168,4.729002874984872,STU_0598,cost_sensitive,6.415065327651974,6.617202940109085,0.9694527107168066,union_observed_max_per_profile
equalization,nsga2,168,as_published,9,168,168,4.706649792031385,STU_0598,cost_sensitive,6.3936204150003,6.617202940109085,0.966211928645323,union_observed_max_per_profile
equalization,nsga3,170,as_published,0,170,170,5.539085208030883,STU_0598,cost_sensitive,6.587548936877659,6.617202940109085,0.9955186498736978,union_observed_max_per_profile
equalization,nsga3,170,as_published,1,170,170,5.317465125001036,STU_0598,cost_sensitive,6.571186514166209,6.617202940109085,0.9930459400505984,union_observed_max_per_profile
equalization,nsga3,170,as_published,2,170,170,5.69610504200682,STU_0598,cost_sensitive,6.5830804657881385,6.617202940109085,0.9948433689234286,union_observed_max_per_profile
equalization,nsga3,170,as_published,3,170,170,9.247082707996016,STU_0598,cost_sensitive,6.617202940109085,6.617202940109085,1.0,union_observed_max_per_profile
equalization,nsga3,170,as_published,4,170,170,6.00482270802604,STU_0598,cost_sensitive,6.605772336161266,6.617202940109085,0.9982725928082796,union_observed_max_per_profile
equalization,nsga3,170,as_published,5,170,170,5.666962374991272,STU_0598,cost_sensitive,6.566109090763905,6.617202940109085,0.9922786334637732,union_observed_max_per_profile
equalization,nsga3,170,as_published,6,170,170,5.42458724998869,STU_0598,cost_sensitive,6.597415640594836,6.617202940109085,0.9970097185029174,union_observed_max_per_profile
equalization,nsga3,170,as_published,7,170,170,5.154045832983684,STU_0598,cost_sensitive,6.614871912797911,6.617202940109085,0.99964773223184,union_observed_max_per_profile
equalization,nsga3,170,as_published,8,170,170,5.305262417008635,STU_0598,cost_sensitive,6.609855019529771,6.617202940109085,0.9988895730347372,union_observed_max_per_profile
equalization,nsga3,170,as_published,9,170,170,5.311949875031132,STU_0598,cost_sensitive,6.605607837039285,6.617202940109085,0.99824773349484,union_observed_max_per_profile
equalization,nsga2,170,equalized,0,170,170,5.367486666014884,STU_0597,cost_sensitive,1.022582745726298,1.0295768199401012,0.993206845688105,union_observed_max_per_profile
equalization,nsga2,170,equalized,1,170,170,6.099711458955426,STU_0597,cost_sensitive,1.0280067011933216,1.0295768199401012,0.9984749863085778,union_observed_max_per_profile
equalization,nsga2,170,equalized,2,170,170,5.107598082977347,STU_0597,cost_sensitive,1.0154221378729005,1.0295768199401012,0.9862519417754332,union_observed_max_per_profile
equalization,nsga2,170,equalized,3,170,170,4.800475166994147,STU_0597,cost_sensitive,1.0227724664743276,1.0295768199401012,0.9933911162975004,union_observed_max_per_profile
equalization,nsga2,170,equalized,4,170,170,4.9279363750247285,STU_0597,cost_sensitive,1.023234574635132,1.0295768199401012,0.9938399494023784,union_observed_max_per_profile
equalization,nsga2,170,equalized,5,170,170,5.531484583974816,STU_0597,cost_sensitive,1.021942931263337,1.0295768199401012,0.9925854112787734,union_observed_max_per_profile
equalization,nsga2,170,equalized,6,170,170,5.360560208035167,STU_0597,cost_sensitive,1.027102587459637,1.0295768199401012,0.9975968451964484,union_observed_max_per_profile
equalization,nsga2,170,equalized,7,170,170,4.201247958000749,STU_0597,cost_sensitive,1.0237023577204265,1.0295768199401012,0.9942942944072728,union_observed_max_per_profile
equalization,nsga2,170,equalized,8,170,170,4.814327624975704,STU_0597,cost_sensitive,1.0179285293185316,1.0295768199401012,0.9886863317083544,union_observed_max_per_profile
equalization,nsga2,170,equalized,9,170,170,4.894854084006511,STU_0597,cost_sensitive,1.0184324014732156,1.0295768199401012,0.9891757290461008,union_observed_max_per_profile
equalization,nsga3,170,equalized,0,170,170,5.818429709004704,STU_0597,cost_sensitive,1.0218911547628022,1.0295768199401012,0.9925351221701494,union_observed_max_per_profile
equalization,nsga3,170,equalized,1,170,170,5.961693417048082,STU_0597,cost_sensitive,1.0168346440810092,1.0295768199401012,0.9876238706890922,union_observed_max_per_profile
equalization,nsga3,170,equalized,2,170,170,6.194012290972751,STU_0597,cost_sensitive,1.0285809726651074,1.0295768199401012,0.9990327605908496,union_observed_max_per_profile
equalization,nsga3,170,equalized,3,170,170,6.034867041977122,STU_0597,cost_sensitive,1.025054161768719,1.0295768199401012,0.9956072649618848,union_observed_max_per_profile
equalization,nsga3,170,equalized,4,170,170,5.937712709011976,STU_0597,cost_sensitive,1.0261217885361211,1.0295768199401012,0.9966442218423476,union_observed_max_per_profile
equalization,nsga3,170,equalized,5,170,170,5.503628000034951,STU_0597,cost_sensitive,1.023099856172392,1.0295768199401012,0.9937091010187216,union_observed_max_per_profile
equalization,nsga3,170,equalized,6,170,170,6.811826208024286,STU_0597,cost_sensitive,1.0295768199401012,1.0295768199401012,1.0,union_observed_max_per_profile
equalization,nsga3,170,equalized,7,170,170,6.3090795839671046,STU_0597,cost_sensitive,1.0220941406657773,1.0295768199401012,0.992732276864237,union_observed_max_per_profile
equalization,nsga3,170,equalized,8,170,170,6.195339707948733,STU_0597,cost_sensitive,1.0209663782727674,1.0295768199401012,0.9916369118840158,union_observed_max_per_profile
equalization,nsga3,170,equalized,9,170,170,5.8071759170270525,STU_0597,cost_sensitive,1.0267364344841727,1.0295768199401012,0.9972412107567712,union_observed_max_per_profile
equalization,nsga2,168,as_published,0,168,168,4.934784333046991,STU_0597,cost_sensitive,1.023538354054818,1.0295768199401012,0.9941350021015096,union_observed_max_per_profile
equalization,nsga2,168,as_published,1,168,168,4.560762082983274,STU_0597,cost_sensitive,1.0292476799869237,1.0295768199401012,0.9996803153035276,union_observed_max_per_profile
equalization,nsga2,168,as_published,2,168,168,4.864041833032388,STU_0597,cost_sensitive,1.0177638557979545,1.0295768199401012,0.9885263887906548,union_observed_max_per_profile
equalization,nsga2,168,as_published,3,168,168,4.7746578339720145,STU_0597,cost_sensitive,1.021155036845584,1.0295768199401012,0.9918201508314772,union_observed_max_per_profile
equalization,nsga2,168,as_published,4,168,168,4.165201709023677,STU_0597,cost_sensitive,1.0187725827947494,1.0295768199401012,0.9895061379237536,union_observed_max_per_profile
equalization,nsga2,168,as_published,5,168,168,5.532038166013081,STU_0597,cost_sensitive,1.017780446801554,1.0295768199401012,0.9885425031818086,union_observed_max_per_profile
equalization,nsga2,168,as_published,6,168,168,5.087331791000906,STU_0597,cost_sensitive,1.02526846135632,1.0295768199401012,0.9958154083305488,union_observed_max_per_profile
equalization,nsga2,168,as_published,7,168,168,4.9413491250015795,STU_0597,cost_sensitive,1.0248416953004928,1.0295768199401012,0.9954009020522784,union_observed_max_per_profile
equalization,nsga2,168,as_published,8,168,168,4.715023374999873,STU_0597,cost_sensitive,1.0184311205365653,1.0295768199401012,0.9891744849071248,union_observed_max_per_profile
equalization,nsga2,168,as_published,9,168,168,4.46267916704528,STU_0597,cost_sensitive,1.0193678644782505,1.0295768199401012,0.9900843188539884,union_observed_max_per_profile
equalization,nsga3,170,as_published,0,170,170,5.667539207963273,STU_0597,cost_sensitive,1.0218911547628022,1.0295768199401012,0.9925351221701494,union_observed_max_per_profile
equalization,nsga3,170,as_published,1,170,170,5.614476749964524,STU_0597,cost_sensitive,1.0168346440810092,1.0295768199401012,0.9876238706890922,union_observed_max_per_profile
equalization,nsga3,170,as_published,2,170,170,6.407927333028056,STU_0597,cost_sensitive,1.0285809726651074,1.0295768199401012,0.9990327605908496,union_observed_max_per_profile
equalization,nsga3,170,as_published,3,170,170,10.2551261659828,STU_0597,cost_sensitive,1.025054161768719,1.0295768199401012,0.9956072649618848,union_observed_max_per_profile
equalization,nsga3,170,as_published,4,170,170,6.675172000017483,STU_0597,cost_sensitive,1.0261217885361211,1.0295768199401012,0.9966442218423476,union_observed_max_per_profile
equalization,nsga3,170,as_published,5,170,170,5.167691125010606,STU_0597,cost_sensitive,1.023099856172392,1.0295768199401012,0.9937091010187216,union_observed_max_per_profile
equalization,nsga3,170,as_published,6,170,170,5.539601708005648,STU_0597,cost_sensitive,1.0295768199401012,1.0295768199401012,1.0,union_observed_max_per_profile
equalization,nsga3,170,as_published,7,170,170,6.205884458031505,STU_0597,cost_sensitive,1.0220941406657773,1.0295768199401012,0.992732276864237,union_observed_max_per_profile
equalization,nsga3,170,as_published,8,170,170,6.162038916023448,STU_0597,cost_sensitive,1.0209663782727674,1.0295768199401012,0.9916369118840158,union_observed_max_per_profile
equalization,nsga3,170,as_published,9,170,170,6.571404709015042,STU_0597,cost_sensitive,1.0267364344841727,1.0295768199401012,0.9972412107567712,union_observed_max_per_profile
equalization,nsga2,170,equalized,0,170,170,5.139523290970828,STU_0436,cost_sensitive,3.875669596763044,3.979092373452673,0.9740084504246156,union_observed_max_per_profile
equalization,nsga2,170,equalized,1,170,170,4.6061611250042915,STU_0436,cost_sensitive,3.9393538988667784,3.979092373452673,0.990013181183976,union_observed_max_per_profile
equalization,nsga2,170,equalized,2,170,170,5.0698260420467705,STU_0436,cost_sensitive,3.90078089437501,3.979092373452673,0.9803192608444744,union_observed_max_per_profile
equalization,nsga2,170,equalized,3,170,170,4.768028000020422,STU_0436,cost_sensitive,3.9613782775850312,3.979092373452673,0.9955482069263272,union_observed_max_per_profile
equalization,nsga2,170,equalized,4,170,170,5.463584750017617,STU_0436,cost_sensitive,3.8679047339048727,3.979092373452673,0.9720570348430182,union_observed_max_per_profile
equalization,nsga2,170,equalized,5,170,170,4.818389374995604,STU_0436,cost_sensitive,3.930331862059919,3.979092373452673,0.987745820700703,union_observed_max_per_profile
equalization,nsga2,170,equalized,6,170,170,4.53718383400701,STU_0436,cost_sensitive,3.932600264766579,3.979092373452673,0.9883159011345714,union_observed_max_per_profile
equalization,nsga2,170,equalized,7,170,170,4.807398083037697,STU_0436,cost_sensitive,3.917617215205312,3.979092373452673,0.984550457119944,union_observed_max_per_profile
equalization,nsga2,170,equalized,8,170,170,5.084176042000763,STU_0436,cost_sensitive,3.89890928094508,3.979092373452673,0.9798488989492804,union_observed_max_per_profile
equalization,nsga2,170,equalized,9,170,170,4.559666083951015,STU_0436,cost_sensitive,3.9059019900028584,3.979092373452673,0.9816062617851952,union_observed_max_per_profile
equalization,nsga3,170,equalized,0,170,170,5.204646500002127,STU_0436,cost_sensitive,3.959751530845101,3.979092373452673,0.9951393833587256,union_observed_max_per_profile
equalization,nsga3,170,equalized,1,170,170,4.8870394580299035,STU_0436,cost_sensitive,3.979092373452673,3.979092373452673,1.0,union_observed_max_per_profile
equalization,nsga3,170,equalized,2,170,170,5.2761218750383705,STU_0436,cost_sensitive,3.9717547276348055,3.979092373452673,0.9981559498676578,union_observed_max_per_profile
equalization,nsga3,170,equalized,3,170,170,5.488714041013736,STU_0436,cost_sensitive,3.912967546771085,3.979092373452673,0.9833819322409418,union_observed_max_per_profile
equalization,nsga3,170,equalized,4,170,170,7.068173458974343,STU_0436,cost_sensitive,3.9704777704995906,3.979092373452673,0.9978350331823016,union_observed_max_per_profile
equalization,nsga3,170,equalized,5,170,170,6.621899541991297,STU_0436,cost_sensitive,3.968180307117908,3.979092373452673,0.9972576494057872,union_observed_max_per_profile
equalization,nsga3,170,equalized,6,170,170,4.734261959034484,STU_0436,cost_sensitive,3.9417166105407495,3.979092373452673,0.9906069627432418,union_observed_max_per_profile
equalization,nsga3,170,equalized,7,170,170,6.075064459000714,STU_0436,cost_sensitive,3.9034766768402007,3.979092373452673,0.9809967476209004,union_observed_max_per_profile
equalization,nsga3,170,equalized,8,170,170,5.62491549999686,STU_0436,cost_sensitive,3.877041425037684,3.979092373452673,0.9743532095168632,union_observed_max_per_profile
equalization,nsga3,170,equalized,9,170,170,5.2282963750185445,STU_0436,cost_sensitive,3.964851891149299,3.979092373452673,0.9964211732307644,union_observed_max_per_profile
equalization,nsga2,168,as_published,0,168,168,3.993045666022226,STU_0436,cost_sensitive,3.9543025357976185,3.979092373452673,0.9937699768368172,union_observed_max_per_profile
equalization,nsga2,168,as_published,1,168,168,4.641633292019833,STU_0436,cost_sensitive,3.911254736511887,3.979092373452673,0.9829514797411144,union_observed_max_per_profile
equalization,nsga2,168,as_published,2,168,168,4.101960750005674,STU_0436,cost_sensitive,3.818359558720304,3.979092373452673,0.95960565886715,union_observed_max_per_profile
equalization,nsga2,168,as_published,3,168,168,4.329409166995902,STU_0436,cost_sensitive,3.93279493381581,3.979092373452673,0.9883648241127184,union_observed_max_per_profile
equalization,nsga2,168,as_published,4,168,168,4.281131333031226,STU_0436,cost_sensitive,3.9122945262819258,3.979092373452673,0.9832127930438602,union_observed_max_per_profile
equalization,nsga2,168,as_published,5,168,168,4.265822165994905,STU_0436,cost_sensitive,3.872562150241448,3.979092373452673,0.9732275068751952,union_observed_max_per_profile
equalization,nsga2,168,as_published,6,168,168,4.480421708954964,STU_0436,cost_sensitive,3.929199645772223,3.979092373452673,0.9874612793577452,union_observed_max_per_profile
equalization,nsga2,168,as_published,7,168,168,3.962646500032861,STU_0436,cost_sensitive,3.945153076563695,3.979092373452673,0.99147059336561,union_observed_max_per_profile
equalization,nsga2,168,as_published,8,168,168,4.927597792004235,STU_0436,cost_sensitive,3.919934956270019,3.979092373452673,0.9851329369538304,union_observed_max_per_profile
equalization,nsga2,168,as_published,9,168,168,4.404103374981787,STU_0436,cost_sensitive,3.872125924750365,3.979092373452673,0.9731178774798102,union_observed_max_per_profile
equalization,nsga3,170,as_published,0,170,170,5.024200249987189,STU_0436,cost_sensitive,3.959751530845101,3.979092373452673,0.9951393833587256,union_observed_max_per_profile
equalization,nsga3,170,as_published,1,170,170,5.0772506250068545,STU_0436,cost_sensitive,3.979092373452673,3.979092373452673,1.0,union_observed_max_per_profile
equalization,nsga3,170,as_published,2,170,170,5.339297999977134,STU_0436,cost_sensitive,3.9717547276348055,3.979092373452673,0.9981559498676578,union_observed_max_per_profile
equalization,nsga3,170,as_published,3,170,170,5.35495541698765,STU_0436,cost_sensitive,3.912967546771085,3.979092373452673,0.9833819322409418,union_observed_max_per_profile
equalization,nsga3,170,as_published,4,170,170,5.553337374993134,STU_0436,cost_sensitive,3.9704777704995906,3.979092373452673,0.9978350331823016,union_observed_max_per_profile
equalization,nsga3,170,as_published,5,170,170,4.8483963329927064,STU_0436,cost_sensitive,3.968180307117908,3.979092373452673,0.9972576494057872,union_observed_max_per_profile
equalization,nsga3,170,as_published,6,170,170,5.221017792006023,STU_0436,cost_sensitive,3.9417166105407495,3.979092373452673,0.9906069627432418,union_observed_max_per_profile
equalization,nsga3,170,as_published,7,170,170,4.8631975000025705,STU_0436,cost_sensitive,3.9034766768402007,3.979092373452673,0.9809967476209004,union_observed_max_per_profile
equalization,nsga3,170,as_published,8,170,170,5.2305462079821154,STU_0436,cost_sensitive,3.877041425037684,3.979092373452673,0.9743532095168632,union_observed_max_per_profile
equalization,nsga3,170,as_published,9,170,170,4.931186917005107,STU_0436,cost_sensitive,3.964851891149299,3.979092373452673,0.9964211732307644,union_observed_max_per_profile
equalization,nsga2,170,equalized,0,170,170,4.24640216701664,STU_0716,cost_sensitive,0.5606742727937771,0.5661541106678063,0.9903209430598932,union_observed_max_per_profile
equalization,nsga2,170,equalized,1,170,170,4.188404582964722,STU_0716,cost_sensitive,0.5632221119362274,0.5661541106678063,0.9948212003121898,union_observed_max_per_profile
equalization,nsga2,170,equalized,2,170,170,4.1569031669641845,STU_0716,cost_sensitive,0.5582136047548085,0.5661541106678063,0.9859746564347444,union_observed_max_per_profile
equalization,nsga2,170,equalized,3,170,170,4.399688916979358,STU_0716,cost_sensitive,0.5591358773207418,0.5661541106678063,0.987603669716738,union_observed_max_per_profile
equalization,nsga2,170,equalized,4,170,170,4.055101375037339,STU_0716,cost_sensitive,0.5579278142749727,0.5661541106678063,0.9854698637034884,union_observed_max_per_profile
equalization,nsga2,170,equalized,5,170,170,4.714705542020965,STU_0716,cost_sensitive,0.5476843092455057,0.5661541106678063,0.9673767246862968,union_observed_max_per_profile
equalization,nsga2,170,equalized,6,170,170,4.331620542041492,STU_0716,cost_sensitive,0.5554160561873623,0.5661541106678063,0.9810333365454542,union_observed_max_per_profile
equalization,nsga2,170,equalized,7,170,170,4.288098334043752,STU_0716,cost_sensitive,0.5577216976624606,0.5661541106678063,0.9851057992047444,union_observed_max_per_profile
equalization,nsga2,170,equalized,8,170,170,4.239673874981236,STU_0716,cost_sensitive,0.5402013199193616,0.5661541106678063,0.9541594942800432,union_observed_max_per_profile
equalization,nsga2,170,equalized,9,170,170,4.433950833976269,STU_0716,cost_sensitive,0.5630853921082859,0.5661541106678063,0.9945797115984892,union_observed_max_per_profile
equalization,nsga3,170,equalized,0,170,170,4.821891249972396,STU_0716,cost_sensitive,0.5640090278564527,0.5661541106678063,0.996211132674064,union_observed_max_per_profile
equalization,nsga3,170,equalized,1,170,170,5.082600458001252,STU_0716,cost_sensitive,0.5655546737432923,0.5661541106678063,0.9989412124486616,union_observed_max_per_profile
equalization,nsga3,170,equalized,2,170,170,5.059162290999666,STU_0716,cost_sensitive,0.5615322146491145,0.5661541106678063,0.991836328781151,union_observed_max_per_profile
equalization,nsga3,170,equalized,3,170,170,4.875395332986955,STU_0716,cost_sensitive,0.5661541106678063,0.5661541106678063,1.0,union_observed_max_per_profile
equalization,nsga3,170,equalized,4,170,170,5.46727608301444,STU_0716,cost_sensitive,0.5643798070051282,0.5661541106678063,0.9968660411904716,union_observed_max_per_profile
equalization,nsga3,170,equalized,5,170,170,5.099547208985314,STU_0716,cost_sensitive,0.5634907481729181,0.5661541106678063,0.9952956934433512,union_observed_max_per_profile
equalization,nsga3,170,equalized,6,170,170,5.083349000022281,STU_0716,cost_sensitive,0.5642013784771395,0.5661541106678063,0.996550882252955,union_observed_max_per_profile
equalization,nsga3,170,equalized,7,170,170,6.7281410000287,STU_0716,cost_sensitive,0.5631328607479341,0.5661541106678063,0.9946635556239124,union_observed_max_per_profile
equalization,nsga3,170,equalized,8,170,170,5.07689595798729,STU_0716,cost_sensitive,0.5649039424667724,0.5661541106678063,0.9977918235026868,union_observed_max_per_profile
equalization,nsga3,170,equalized,9,170,170,4.907548374962062,STU_0716,cost_sensitive,0.5635095819333447,0.5661541106678063,0.9953289595807364,union_observed_max_per_profile
equalization,nsga2,168,as_published,0,168,168,4.168014042021241,STU_0716,cost_sensitive,0.5540213175437503,0.5661541106678063,0.9785698047661532,union_observed_max_per_profile
equalization,nsga2,168,as_published,1,168,168,4.896657834004145,STU_0716,cost_sensitive,0.5508382722944197,0.5661541106678063,0.9729475807297048,union_observed_max_per_profile
equalization,nsga2,168,as_published,2,168,168,4.051760874979664,STU_0716,cost_sensitive,0.5549115546883434,0.5661541106678063,0.9801422337705864,union_observed_max_per_profile
equalization,nsga2,168,as_published,3,168,168,4.725836540979799,STU_0716,cost_sensitive,0.558443537975737,0.5661541106678063,0.9863807882928302,union_observed_max_per_profile
equalization,nsga2,168,as_published,4,168,168,5.382054916000925,STU_0716,cost_sensitive,0.5549321870532453,0.5661541106678063,0.980178676789392,union_observed_max_per_profile
equalization,nsga2,168,as_published,5,168,168,5.388433999964036,STU_0716,cost_sensitive,0.553954492129974,0.5661541106678063,0.978451770802402,union_observed_max_per_profile
equalization,nsga2,168,as_published,6,168,168,3.9142272499739192,STU_0716,cost_sensitive,0.5549918370875462,0.5661541106678063,0.9802840368551,union_observed_max_per_profile
equalization,nsga2,168,as_published,7,168,168,4.068114458001219,STU_0716,cost_sensitive,0.5536844085115258,0.5661541106678063,0.9779747211557436,union_observed_max_per_profile
equalization,nsga2,168,as_published,8,168,168,4.315395416982938,STU_0716,cost_sensitive,0.5566813572242018,0.5661541106678063,0.9832682422239574,union_observed_max_per_profile
equalization,nsga2,168,as_published,9,168,168,3.873556957987603,STU_0716,cost_sensitive,0.557237106894329,0.5661541106678063,0.98424986482398,union_observed_max_per_profile
equalization,nsga3,170,as_published,0,170,170,5.256377707992215,STU_0716,cost_sensitive,0.5640090278564527,0.5661541106678063,0.996211132674064,union_observed_max_per_profile
equalization,nsga3,170,as_published,1,170,170,5.170248915965203,STU_0716,cost_sensitive,0.5655546737432923,0.5661541106678063,0.9989412124486616,union_observed_max_per_profile
equalization,nsga3,170,as_published,2,170,170,5.564759749977384,STU_0716,cost_sensitive,0.5615322146491145,0.5661541106678063,0.991836328781151,union_observed_max_per_profile
equalization,nsga3,170,as_published,3,170,170,5.692673250043299,STU_0716,cost_sensitive,0.5661541106678063,0.5661541106678063,1.0,union_observed_max_per_profile
equalization,nsga3,170,as_published,4,170,170,5.72358200000599,STU_0716,cost_sensitive,0.5643798070051282,0.5661541106678063,0.9968660411904716,union_observed_max_per_profile
equalization,nsga3,170,as_published,5,170,170,5.9305820830049925,STU_0716,cost_sensitive,0.5634907481729181,0.5661541106678063,0.9952956934433512,union_observed_max_per_profile
equalization,nsga3,170,as_published,6,170,170,4.8542751670465805,STU_0716,cost_sensitive,0.5642013784771395,0.5661541106678063,0.996550882252955,union_observed_max_per_profile
equalization,nsga3,170,as_published,7,170,170,4.789122999995016,STU_0716,cost_sensitive,0.5631328607479341,0.5661541106678063,0.9946635556239124,union_observed_max_per_profile
equalization,nsga3,170,as_published,8,170,170,4.848823666980024,STU_0716,cost_sensitive,0.5649039424667724,0.5661541106678063,0.9977918235026868,union_observed_max_per_profile
equalization,nsga3,170,as_published,9,170,170,4.472241417039186,STU_0716,cost_sensitive,0.5635095819333447,0.5661541106678063,0.9953289595807364,union_observed_max_per_profile
equalization,nsga2,170,equalized,0,170,170,4.450582707999274,STU_0027,cost_sensitive,0.2204257071096181,0.2247750371756351,0.9806502976457367,union_observed_max_per_profile
equalization,nsga2,170,equalized,1,170,170,4.028993125015404,STU_0027,cost_sensitive,0.2217771973816259,0.2247750371756351,0.9866629327185176,union_observed_max_per_profile
equalization,nsga2,170,equalized,2,170,170,4.388702458003536,STU_0027,cost_sensitive,0.2216123760852558,0.2247750371756351,0.985929660472448,union_observed_max_per_profile
equalization,nsga2,170,equalized,3,170,170,3.9322924590087496,STU_0027,cost_sensitive,0.2231324187877627,0.2247750371756351,0.9926921672063214,union_observed_max_per_profile
equalization,nsga2,170,equalized,4,170,170,4.1494359580101445,STU_0027,cost_sensitive,0.2228253977280394,0.2247750371756351,0.9913262634850674,union_observed_max_per_profile
equalization,nsga2,170,equalized,5,170,170,4.117927666986361,STU_0027,cost_sensitive,0.2213866395516199,0.2247750371756351,0.9849253828779592,union_observed_max_per_profile
equalization,nsga2,170,equalized,6,170,170,3.82977666700026,STU_0027,cost_sensitive,0.2226773889953808,0.2247750371756351,0.990667788529314,union_observed_max_per_profile
equalization,nsga2,170,equalized,7,170,170,4.191228166047949,STU_0027,cost_sensitive,0.2223984306195953,0.2247750371756351,0.9894267326750223,union_observed_max_per_profile
equalization,nsga2,170,equalized,8,170,170,3.789373167033773,STU_0027,cost_sensitive,0.2222494755091853,0.2247750371756351,0.9887640473862924,union_observed_max_per_profile
equalization,nsga2,170,equalized,9,170,170,4.311913540994283,STU_0027,cost_sensitive,0.2210334101815923,0.2247750371756351,0.983353903346842,union_observed_max_per_profile
equalization,nsga3,170,equalized,0,170,170,4.814226542017423,STU_0027,cost_sensitive,0.2241503978419757,0.2247750371756351,0.9972210466895784,union_observed_max_per_profile
equalization,nsga3,170,equalized,1,170,170,4.818945125036407,STU_0027,cost_sensitive,0.2233583907088922,0.2247750371756351,0.9936974920144892,union_observed_max_per_profile
equalization,nsga3,170,equalized,2,170,170,4.615097249974497,STU_0027,cost_sensitive,0.2247750371756351,0.2247750371756351,1.0,union_observed_max_per_profile
equalization,nsga3,170,equalized,3,170,170,4.529253625019919,STU_0027,cost_sensitive,0.22432866038756,0.2247750371756351,0.9980141176098382,union_observed_max_per_profile
equalization,nsga3,170,equalized,4,170,170,4.867855500022415,STU_0027,cost_sensitive,0.224119670985944,0.2247750371756351,0.9970843462070966,union_observed_max_per_profile
equalization,nsga3,170,equalized,5,170,170,4.813752916001249,STU_0027,cost_sensitive,0.2233933583985096,0.2247750371756351,0.9938530595101364,union_observed_max_per_profile
equalization,nsga3,170,equalized,6,170,170,4.898992250033189,STU_0027,cost_sensitive,0.2241309101681674,0.2247750371756351,0.997134348121743,union_observed_max_per_profile
equalization,nsga3,170,equalized,7,170,170,4.612792041967623,STU_0027,cost_sensitive,0.2213901428157597,0.2247750371756351,0.9849409685238734,union_observed_max_per_profile
equalization,nsga3,170,equalized,8,170,170,4.898853458988015,STU_0027,cost_sensitive,0.2234874610256214,0.2247750371756351,0.9942717119917206,union_observed_max_per_profile
equalization,nsga3,170,equalized,9,170,170,4.613397000008263,STU_0027,cost_sensitive,0.2243209406565068,0.2247750371756351,0.9979797733554662,union_observed_max_per_profile
equalization,nsga2,168,as_published,0,168,168,4.064896124997176,STU_0027,cost_sensitive,0.2212632495087554,0.2247750371756351,0.9843764338291012,union_observed_max_per_profile
equalization,nsga2,168,as_published,1,168,168,3.810133667022455,STU_0027,cost_sensitive,0.2243397879715837,0.2247750371756351,0.9980636230360788,union_observed_max_per_profile
equalization,nsga2,168,as_published,2,168,168,4.431088500015903,STU_0027,cost_sensitive,0.223265559001879,0.2247750371756351,0.9932844937199296,union_observed_max_per_profile
equalization,nsga2,168,as_published,3,168,168,3.898295417020563,STU_0027,cost_sensitive,0.2229451457897296,0.2247750371756351,0.991859009750822,union_observed_max_per_profile
equalization,nsga2,168,as_published,4,168,168,3.9939565410022624,STU_0027,cost_sensitive,0.2236933782538513,0.2247750371756351,0.9951878156250126,union_observed_max_per_profile
equalization,nsga2,168,as_published,5,168,168,3.9571457079728134,STU_0027,cost_sensitive,0.222989357672982,0.2247750371756351,0.9920557036711432,union_observed_max_per_profile
equalization,nsga2,168,as_published,6,168,168,3.897200250008609,STU_0027,cost_sensitive,0.2219648861413214,0.2247750371756351,0.9874979398530012,union_observed_max_per_profile
equalization,nsga2,168,as_published,7,168,168,3.922547291964293,STU_0027,cost_sensitive,0.2217320495640583,0.2247750371756351,0.9864620749269452,union_observed_max_per_profile
equalization,nsga2,168,as_published,8,168,168,4.005719084001612,STU_0027,cost_sensitive,0.2226410344637197,0.2247750371756351,0.9905060511223588,union_observed_max_per_profile
equalization,nsga2,168,as_published,9,168,168,3.883411374990828,STU_0027,cost_sensitive,0.2240215927138998,0.2247750371756351,0.9966480065081844,union_observed_max_per_profile
equalization,nsga3,170,as_published,0,170,170,5.038836874999106,STU_0027,cost_sensitive,0.2241503978419757,0.2247750371756351,0.9972210466895784,union_observed_max_per_profile
equalization,nsga3,170,as_published,1,170,170,4.570129707979504,STU_0027,cost_sensitive,0.2233583907088922,0.2247750371756351,0.9936974920144892,union_observed_max_per_profile
equalization,nsga3,170,as_published,2,170,170,4.705351124983281,STU_0027,cost_sensitive,0.2247750371756351,0.2247750371756351,1.0,union_observed_max_per_profile
equalization,nsga3,170,as_published,3,170,170,4.6461141249747016,STU_0027,cost_sensitive,0.22432866038756,0.2247750371756351,0.9980141176098382,union_observed_max_per_profile
equalization,nsga3,170,as_published,4,170,170,4.6298112500226125,STU_0027,cost_sensitive,0.224119670985944,0.2247750371756351,0.9970843462070966,union_observed_max_per_profile
equalization,nsga3,170,as_published,5,170,170,4.567788584041409,STU_0027,cost_sensitive,0.2233933583985096,0.2247750371756351,0.9938530595101364,union_observed_max_per_profile
equalization,nsga3,170,as_published,6,170,170,4.878333208034746,STU_0027,cost_sensitive,0.2241309101681674,0.2247750371756351,0.997134348121743,union_observed_max_per_profile
equalization,nsga3,170,as_published,7,170,170,4.731374750030227,STU_0027,cost_sensitive,0.2213901428157597,0.2247750371756351,0.9849409685238734,union_observed_max_per_profile
equalization,nsga3,170,as_published,8,170,170,4.5388064999715425,STU_0027,cost_sensitive,0.2234874610256214,0.2247750371756351,0.9942717119917206,union_observed_max_per_profile
equalization,nsga3,170,as_published,9,170,170,4.790548915974796,STU_0027,cost_sensitive,0.2243209406565068,0.2247750371756351,0.9979797733554662,union_observed_max_per_profile
equalization,nsga2,170,equalized,0,170,170,4.68653208296746,STU_0260,cost_sensitive,1.4050672207711432,1.4354297201744108,0.9788477979962832,union_observed_max_per_profile
equalization,nsga2,170,equalized,1,170,170,4.208981750009116,STU_0260,cost_sensitive,1.4248717760874408,1.4354297201744108,0.992644750252428,union_observed_max_per_profile
equalization,nsga2,170,equalized,2,170,170,4.426177624962293,STU_0260,cost_sensitive,1.4035037778305763,1.4354297201744108,0.9777586168830644,union_observed_max_per_profile
equalization,nsga2,170,equalized,3,170,170,4.332893625018187,STU_0260,cost_sensitive,1.4102434399096555,1.4354297201744108,0.9824538394943536,union_observed_max_per_profile
equalization,nsga2,170,equalized,4,170,170,4.029600457986817,STU_0260,cost_sensitive,1.410841814223764,1.4354297201744108,0.982870700247408,union_observed_max_per_profile
equalization,nsga2,170,equalized,5,170,170,4.046643875015434,STU_0260,cost_sensitive,1.4045800210271937,1.4354297201744108,0.9785083876182604,union_observed_max_per_profile
equalization,nsga2,170,equalized,6,170,170,4.016152042022441,STU_0260,cost_sensitive,1.4111911300297058,1.4354297201744108,0.983114053022561,union_observed_max_per_profile
equalization,nsga2,170,equalized,7,170,170,4.114287499978673,STU_0260,cost_sensitive,1.4068287123993704,1.4354297201744108,0.9800749508157284,union_observed_max_per_profile
equalization,nsga2,170,equalized,8,170,170,4.199733416957315,STU_0260,cost_sensitive,1.4148734612639549,1.4354297201744108,0.9856793693055496,union_observed_max_per_profile
equalization,nsga2,170,equalized,9,170,170,4.476668749994133,STU_0260,cost_sensitive,1.404933186172883,1.4354297201744108,0.9787544220570952,union_observed_max_per_profile
equalization,nsga3,170,equalized,0,170,170,5.064695124980062,STU_0260,cost_sensitive,1.426160713403779,1.4354297201744108,0.9935426955145492,union_observed_max_per_profile
equalization,nsga3,170,equalized,1,170,170,4.706608959008008,STU_0260,cost_sensitive,1.4243626878411189,1.4354297201744108,0.9922900911289844,union_observed_max_per_profile
equalization,nsga3,170,equalized,2,170,170,4.808706834039185,STU_0260,cost_sensitive,1.4149650358873602,1.4354297201744108,0.9857431652700044,union_observed_max_per_profile
equalization,nsga3,170,equalized,3,170,170,4.921363833011128,STU_0260,cost_sensitive,1.4209709352609594,1.4354297201744108,0.9899272080616426,union_observed_max_per_profile
equalization,nsga3,170,equalized,4,170,170,5.097024624992628,STU_0260,cost_sensitive,1.427208210889494,1.4354297201744108,0.9942724403923324,union_observed_max_per_profile
equalization,nsga3,170,equalized,5,170,170,4.894377209013328,STU_0260,cost_sensitive,1.4249981786563477,1.4354297201744108,0.9927328092964413,union_observed_max_per_profile
equalization,nsga3,170,equalized,6,170,170,4.883203291974496,STU_0260,cost_sensitive,1.4354297201744108,1.4354297201744108,1.0,union_observed_max_per_profile
equalization,nsga3,170,equalized,7,170,170,4.655723458039574,STU_0260,cost_sensitive,1.4304003392849085,1.4354297201744108,0.996496254174749,union_observed_max_per_profile
equalization,nsga3,170,equalized,8,170,170,4.884684959019069,STU_0260,cost_sensitive,1.418958911715245,1.4354297201744108,0.9885255208055992,union_observed_max_per_profile
equalization,nsga3,170,equalized,9,170,170,4.872247166000307,STU_0260,cost_sensitive,1.4318917573708778,1.4354297201744108,0.9975352587773484,union_observed_max_per_profile
equalization,nsga2,168,as_published,0,168,168,4.0762903750292026,STU_0260,cost_sensitive,1.4220335880482071,1.4354297201744108,0.9906675109634931,union_observed_max_per_profile
equalization,nsga2,168,as_published,1,168,168,4.096598167030606,STU_0260,cost_sensitive,1.4066553502756634,1.4354297201744108,0.9799541771398942,union_observed_max_per_profile
equalization,nsga2,168,as_published,2,168,168,4.251799125049729,STU_0260,cost_sensitive,1.40419154153236,1.4354297201744108,0.9782377512440976,union_observed_max_per_profile
equalization,nsga2,168,as_published,3,168,168,4.18200612498913,STU_0260,cost_sensitive,1.427456584226093,1.4354297201744108,0.9944454710416968,union_observed_max_per_profile
equalization,nsga2,168,as_published,4,168,168,3.9523813750129193,STU_0260,cost_sensitive,1.4062897819771083,1.4354297201744108,0.97969950197648,union_observed_max_per_profile
equalization,nsga2,168,as_published,5,168,168,4.067479333025403,STU_0260,cost_sensitive,1.385986856521501,1.4354297201744108,0.9655553574250209,union_observed_max_per_profile
equalization,nsga2,168,as_published,6,168,168,3.9909885830129497,STU_0260,cost_sensitive,1.4177367264517593,1.4354297201744108,0.987674078727796,union_observed_max_per_profile
equalization,nsga2,168,as_published,7,168,168,3.9853636670159176,STU_0260,cost_sensitive,1.401379032502708,1.4354297201744108,0.9762784013782538,union_observed_max_per_profile
equalization,nsga2,168,as_published,8,168,168,4.029457833035849,STU_0260,cost_sensitive,1.4118240075162782,1.4354297201744108,0.9835549506002534,union_observed_max_per_profile
equalization,nsga2,168,as_published,9,168,168,4.209755417017732,STU_0260,cost_sensitive,1.4033717218991062,1.4354297201744108,0.9776666193929652,union_observed_max_per_profile
equalization,nsga3,170,as_published,0,170,170,5.000088749977294,STU_0260,cost_sensitive,1.426160713403779,1.4354297201744108,0.9935426955145492,union_observed_max_per_profile
equalization,nsga3,170,as_published,1,170,170,4.676391749992035,STU_0260,cost_sensitive,1.4243626878411189,1.4354297201744108,0.9922900911289844,union_observed_max_per_profile
equalization,nsga3,170,as_published,2,170,170,4.891007124970201,STU_0260,cost_sensitive,1.4149650358873602,1.4354297201744108,0.9857431652700044,union_observed_max_per_profile
equalization,nsga3,170,as_published,3,170,170,5.060130416997708,STU_0260,cost_sensitive,1.4209709352609594,1.4354297201744108,0.9899272080616426,union_observed_max_per_profile
equalization,nsga3,170,as_published,4,170,170,4.888297375000548,STU_0260,cost_sensitive,1.427208210889494,1.4354297201744108,0.9942724403923324,union_observed_max_per_profile
equalization,nsga3,170,as_published,5,170,170,4.89626445795875,STU_0260,cost_sensitive,1.4249981786563477,1.4354297201744108,0.9927328092964413,union_observed_max_per_profile
equalization,nsga3,170,as_published,6,170,170,4.729507834010292,STU_0260,cost_sensitive,1.4354297201744108,1.4354297201744108,1.0,union_observed_max_per_profile
equalization,nsga3,170,as_published,7,170,170,4.843508166959509,STU_0260,cost_sensitive,1.4304003392849085,1.4354297201744108,0.996496254174749,union_observed_max_per_profile
equalization,nsga3,170,as_published,8,170,170,4.738742790999822,STU_0260,cost_sensitive,1.418958911715245,1.4354297201744108,0.9885255208055992,union_observed_max_per_profile
equalization,nsga3,170,as_published,9,170,170,4.919612500001676,STU_0260,cost_sensitive,1.4318917573708778,1.4354297201744108,0.9975352587773484,union_observed_max_per_profile
equalization,nsga2,170,equalized,0,170,170,4.380447582982015,STU_0127,eco_conscious,23.51926011296693,24.496949555071936,0.9600893392907124,union_observed_max_per_profile
equalization,nsga2,170,equalized,1,170,170,3.923035125015303,STU_0127,eco_conscious,23.062171572273886,24.496949555071936,0.9414303409666372,union_observed_max_per_profile
equalization,nsga2,170,equalized,2,170,170,3.889887999976054,STU_0127,eco_conscious,23.63094112097617,24.496949555071936,0.9646483154096848,union_observed_max_per_profile
equalization,nsga2,170,equalized,3,170,170,3.8928065830259584,STU_0127,eco_conscious,22.902154902648867,24.496949555071936,0.9348982350297212,union_observed_max_per_profile
equalization,nsga2,170,equalized,4,170,170,3.8505617920309305,STU_0127,eco_conscious,23.651349531822387,24.496949555071936,0.9654814154983442,union_observed_max_per_profile
equalization,nsga2,170,equalized,5,170,170,3.704143583017867,STU_0127,eco_conscious,23.40567663331052,24.496949555071936,0.9554527015982904,union_observed_max_per_profile
equalization,nsga2,170,equalized,6,170,170,3.901652375003323,STU_0127,eco_conscious,23.360905625750668,24.496949555071936,0.9536250859819378,union_observed_max_per_profile
equalization,nsga2,170,equalized,7,170,170,4.29779124999186,STU_0127,eco_conscious,24.021093646239574,24.496949555071936,0.9805748912629884,union_observed_max_per_profile
equalization,nsga2,170,equalized,8,170,170,4.275429041997995,STU_0127,eco_conscious,23.501928577351865,24.496949555071936,0.9593818415846778,union_observed_max_per_profile
equalization,nsga2,170,equalized,9,170,170,4.63521070801653,STU_0127,eco_conscious,23.527404859634665,24.496949555071936,0.9604218193266216,union_observed_max_per_profile
equalization,nsga3,170,equalized,0,170,170,4.92320987500716,STU_0127,eco_conscious,24.327750335671738,24.496949555071936,0.9930930494419388,union_observed_max_per_profile
equalization,nsga3,170,equalized,1,170,170,5.114152750000358,STU_0127,eco_conscious,24.1850300937544,24.496949555071936,0.987267008056807,union_observed_max_per_profile
equalization,nsga3,170,equalized,2,170,170,5.393558125011623,STU_0127,eco_conscious,24.44276495354872,24.496949555071936,0.9977881082131717,union_observed_max_per_profile
equalization,nsga3,170,equalized,3,170,170,5.281520915974397,STU_0127,eco_conscious,24.4585653968926,24.496949555071936,0.9984331045752024,union_observed_max_per_profile
equalization,nsga3,170,equalized,4,170,170,5.081572082999628,STU_0127,eco_conscious,24.35455328227894,24.496949555071936,0.9941871834910352,union_observed_max_per_profile
equalization,nsga3,170,equalized,5,170,170,5.66533333301777,STU_0127,eco_conscious,24.418831862546583,24.496949555071936,0.9968111257138472,union_observed_max_per_profile
equalization,nsga3,170,equalized,6,170,170,5.547426374978386,STU_0127,eco_conscious,24.496949555071936,24.496949555071936,1.0,union_observed_max_per_profile
equalization,nsga3,170,equalized,7,170,170,4.977492499980144,STU_0127,eco_conscious,24.36880853971516,24.496949555071936,0.994769103186962,union_observed_max_per_profile
equalization,nsga3,170,equalized,8,170,170,4.824816500011366,STU_0127,eco_conscious,24.308136224894422,24.496949555071936,0.9922923738013568,union_observed_max_per_profile
equalization,nsga3,170,equalized,9,170,170,4.880543874984141,STU_0127,eco_conscious,24.229691131726465,24.496949555071936,0.9890901345596258,union_observed_max_per_profile
equalization,nsga2,168,as_published,0,168,168,3.882802458014339,STU_0127,eco_conscious,23.855262091565148,24.496949555071936,0.9738054135244798,union_observed_max_per_profile
equalization,nsga2,168,as_published,1,168,168,4.55572091700742,STU_0127,eco_conscious,23.153197739224616,24.496949555071936,0.9451461573684344,union_observed_max_per_profile
equalization,nsga2,168,as_published,2,168,168,4.194569582992699,STU_0127,eco_conscious,23.317057132132767,24.496949555071936,0.9518351286846292,union_observed_max_per_profile
equalization,nsga2,168,as_published,3,168,168,4.074510540987831,STU_0127,eco_conscious,23.18686440216069,24.496949555071936,0.9465204779898808,union_observed_max_per_profile
equalization,nsga2,168,as_published,4,168,168,3.737095207965467,STU_0127,eco_conscious,23.67083008664636,24.496949555071936,0.9662766391967146,union_observed_max_per_profile
equalization,nsga2,168,as_published,5,168,168,3.958451458020136,STU_0127,eco_conscious,23.52028926123579,24.496949555071936,0.9601313505732416,union_observed_max_per_profile
equalization,nsga2,168,as_published,6,168,168,3.827832958020735,STU_0127,eco_conscious,23.05197316589646,24.496949555071936,0.9410140276475238,union_observed_max_per_profile
equalization,nsga2,168,as_published,7,168,168,3.756590957986191,STU_0127,eco_conscious,23.9859993557876,24.496949555071936,0.9791422928746428,union_observed_max_per_profile
equalization,nsga2,168,as_published,8,168,168,4.324466500023846,STU_0127,eco_conscious,23.77930621761459,24.496949555071936,0.9707047877188136,union_observed_max_per_profile
equalization,nsga2,168,as_published,9,168,168,4.198240542027634,STU_0127,eco_conscious,23.146795085288897,24.496949555071936,0.9448847920126652,union_observed_max_per_profile
equalization,nsga3,170,as_published,0,170,170,4.628236666962039,STU_0127,eco_conscious,24.327750335671738,24.496949555071936,0.9930930494419388,union_observed_max_per_profile
equalization,nsga3,170,as_published,1,170,170,4.785433124983683,STU_0127,eco_conscious,24.1850300937544,24.496949555071936,0.987267008056807,union_observed_max_per_profile
equalization,nsga3,170,as_published,2,170,170,5.171438999997918,STU_0127,eco_conscious,24.44276495354872,24.496949555071936,0.9977881082131717,union_observed_max_per_profile
equalization,nsga3,170,as_published,3,170,170,4.931931291997898,STU_0127,eco_conscious,24.4585653968926,24.496949555071936,0.9984331045752024,union_observed_max_per_profile
equalization,nsga3,170,as_published,4,170,170,4.686105708999094,STU_0127,eco_conscious,24.35455328227894,24.496949555071936,0.9941871834910352,union_observed_max_per_profile
equalization,nsga3,170,as_published,5,170,170,5.557355583005119,STU_0127,eco_conscious,24.418831862546583,24.496949555071936,0.9968111257138472,union_observed_max_per_profile
equalization,nsga3,170,as_published,6,170,170,5.36783220799407,STU_0127,eco_conscious,24.496949555071936,24.496949555071936,1.0,union_observed_max_per_profile
equalization,nsga3,170,as_published,7,170,170,4.675338165950961,STU_0127,eco_conscious,24.36880853971516,24.496949555071936,0.994769103186962,union_observed_max_per_profile
equalization,nsga3,170,as_published,8,170,170,5.095322708017193,STU_0127,eco_conscious,24.308136224894422,24.496949555071936,0.9922923738013568,union_observed_max_per_profile
equalization,nsga3,170,as_published,9,170,170,4.650760041025933,STU_0127,eco_conscious,24.229691131726465,24.496949555071936,0.9890901345596258,union_observed_max_per_profile
equalization,nsga2,170,equalized,0,170,170,4.055615624994971,STU_0433,eco_conscious,14.547837479052566,15.107766102990633,0.962937695743964,union_observed_max_per_profile
equalization,nsga2,170,equalized,1,170,170,4.004524459014647,STU_0433,eco_conscious,14.607622117374513,15.107766102990633,0.9668949080753166,union_observed_max_per_profile
equalization,nsga2,170,equalized,2,170,170,3.998094292008318,STU_0433,eco_conscious,14.800790758349915,15.107766102990633,0.9796809572938816,union_observed_max_per_profile
equalization,nsga2,170,equalized,3,170,170,4.859779999998864,STU_0433,eco_conscious,14.773494772904687,15.107766102990633,0.9778742053717808,union_observed_max_per_profile
equalization,nsga2,170,equalized,4,170,170,4.450705500028562,STU_0433,eco_conscious,14.418648568291012,15.107766102990633,0.9543865366989496,union_observed_max_per_profile
equalization,nsga2,170,equalized,5,170,170,4.233410125016235,STU_0433,eco_conscious,14.667024873118477,15.107766102990633,0.9708268431700892,union_observed_max_per_profile
equalization,nsga2,170,equalized,6,170,170,4.618401542014908,STU_0433,eco_conscious,14.649281068323644,15.107766102990633,0.9696523608095688,union_observed_max_per_profile
equalization,nsga2,170,equalized,7,170,170,4.278116000001319,STU_0433,eco_conscious,14.582732174899984,15.107766102990633,0.9652474148387354,union_observed_max_per_profile
equalization,nsga2,170,equalized,8,170,170,4.034375749994069,STU_0433,eco_conscious,14.390953538241543,15.107766102990633,0.9525533715664825,union_observed_max_per_profile
equalization,nsga2,170,equalized,9,170,170,3.9371590000228025,STU_0433,eco_conscious,14.527951220558952,15.107766102990633,0.9616214019677666,union_observed_max_per_profile
equalization,nsga3,170,equalized,0,170,170,4.591234916006215,STU_0433,eco_conscious,15.09642776701144,15.107766102990633,0.999249502811872,union_observed_max_per_profile
equalization,nsga3,170,equalized,1,170,170,4.745630499965046,STU_0433,eco_conscious,15.05428837523987,15.107766102990633,0.9964602491601868,union_observed_max_per_profile
equalization,nsga3,170,equalized,2,170,170,4.7741396659985185,STU_0433,eco_conscious,15.022022111044732,15.107766102990633,0.994324508907447,union_observed_max_per_profile
equalization,nsga3,170,equalized,3,170,170,5.624418208026327,STU_0433,eco_conscious,15.107766102990633,15.107766102990633,1.0,union_observed_max_per_profile
equalization,nsga3,170,equalized,4,170,170,5.532754334039055,STU_0433,eco_conscious,15.078263162484593,15.107766102990633,0.9980471672446533,union_observed_max_per_profile
equalization,nsga3,170,equalized,5,170,170,5.241775207978208,STU_0433,eco_conscious,15.01313029677294,15.107766102990633,0.9937359497378664,union_observed_max_per_profile
equalization,nsga3,170,equalized,6,170,170,6.566901875019539,STU_0433,eco_conscious,15.04449161554997,15.107766102990633,0.9958117906373904,union_observed_max_per_profile
equalization,nsga3,170,equalized,7,170,170,4.351799166004639,STU_0433,eco_conscious,15.086329640758812,15.107766102990633,0.9985810964979412,union_observed_max_per_profile
equalization,nsga3,170,equalized,8,170,170,4.735241124988534,STU_0433,eco_conscious,15.071931381950236,15.107766102990633,0.9976280595823296,union_observed_max_per_profile
equalization,nsga3,170,equalized,9,170,170,4.574016958009452,STU_0433,eco_conscious,15.0111249010868,15.107766102990633,0.9936032103459228,union_observed_max_per_profile
equalization,nsga2,168,as_published,0,168,168,4.117095291963778,STU_0433,eco_conscious,14.766039987313087,15.107766102990633,0.9773807647439088,union_observed_max_per_profile
equalization,nsga2,168,as_published,1,168,168,3.809477250033524,STU_0433,eco_conscious,14.432429228277847,15.107766102990633,0.9552986940551657,union_observed_max_per_profile
equalization,nsga2,168,as_published,2,168,168,3.807379584002774,STU_0433,eco_conscious,14.956822696795946,15.107766102990633,0.9900088864782726,union_observed_max_per_profile
equalization,nsga2,168,as_published,3,168,168,3.683683125011157,STU_0433,eco_conscious,14.67787731403133,15.107766102990633,0.9715451784182572,union_observed_max_per_profile
equalization,nsga2,168,as_published,4,168,168,3.6870532920002006,STU_0433,eco_conscious,14.424667600818488,15.107766102990633,0.9547849432195722,union_observed_max_per_profile
equalization,nsga2,168,as_published,5,168,168,3.941892666975036,STU_0433,eco_conscious,14.666514184975616,15.107766102990633,0.9707930401485586,union_observed_max_per_profile
equalization,nsga2,168,as_published,6,168,168,3.70758200000273,STU_0433,eco_conscious,14.3438405270001,15.107766102990633,0.9494349084581531,union_observed_max_per_profile
equalization,nsga2,168,as_published,7,168,168,3.634090333012864,STU_0433,eco_conscious,14.26388397391098,15.107766102990633,0.944142494441147,union_observed_max_per_profile
equalization,nsga2,168,as_published,8,168,168,4.604467582947109,STU_0433,eco_conscious,14.637962307899969,15.107766102990633,0.968903159349438,union_observed_max_per_profile
equalization,nsga2,168,as_published,9,168,168,4.23727083299309,STU_0433,eco_conscious,14.341687685018124,15.107766102990633,0.9492924094303484,union_observed_max_per_profile
equalization,nsga3,170,as_published,0,170,170,4.570601332990918,STU_0433,eco_conscious,15.09642776701144,15.107766102990633,0.999249502811872,union_observed_max_per_profile
equalization,nsga3,170,as_published,1,170,170,5.053668375010602,STU_0433,eco_conscious,15.05428837523987,15.107766102990633,0.9964602491601868,union_observed_max_per_profile
equalization,nsga3,170,as_published,2,170,170,4.691255416953936,STU_0433,eco_conscious,15.022022111044732,15.107766102990633,0.994324508907447,union_observed_max_per_profile
equalization,nsga3,170,as_published,3,170,170,4.54573066602461,STU_0433,eco_conscious,15.107766102990633,15.107766102990633,1.0,union_observed_max_per_profile
equalization,nsga3,170,as_published,4,170,170,4.6814198340289295,STU_0433,eco_conscious,15.078263162484593,15.107766102990633,0.9980471672446533,union_observed_max_per_profile
equalization,nsga3,170,as_published,5,170,170,4.289286083017942,STU_0433,eco_conscious,15.01313029677294,15.107766102990633,0.9937359497378664,union_observed_max_per_profile
equalization,nsga3,170,as_published,6,170,170,4.4511409170227125,STU_0433,eco_conscious,15.04449161554997,15.107766102990633,0.9958117906373904,union_observed_max_per_profile
equalization,nsga3,170,as_published,7,170,170,4.869270167022478,STU_0433,eco_conscious,15.086329640758812,15.107766102990633,0.9985810964979412,union_observed_max_per_profile
equalization,nsga3,170,as_published,8,170,170,4.680242000031285,STU_0433,eco_conscious,15.071931381950236,15.107766102990633,0.9976280595823296,union_observed_max_per_profile
equalization,nsga3,170,as_published,9,170,170,4.435844000021461,STU_0433,eco_conscious,15.0111249010868,15.107766102990633,0.9936032103459228,union_observed_max_per_profile
equalization,nsga2,170,equalized,0,170,170,3.911155415989924,STU_0076,eco_conscious,25.406738861487835,26.60697748494595,0.9548900800875558,union_observed_max_per_profile
equalization,nsga2,170,equalized,1,170,170,4.020269832981285,STU_0076,eco_conscious,24.911358757627912,26.60697748494595,0.9362716517395706,union_observed_max_per_profile
equalization,nsga2,170,equalized,2,170,170,3.911661790974904,STU_0076,eco_conscious,25.5145702841795,26.60697748494595,0.9589428298879672,union_observed_max_per_profile
equalization,nsga2,170,equalized,3,170,170,3.647339999966789,STU_0076,eco_conscious,24.952659963565,26.60697748494595,0.9378239214763514,union_observed_max_per_profile
equalization,nsga2,170,equalized,4,170,170,3.592604500008747,STU_0076,eco_conscious,25.17565807692952,26.60697748494595,0.9462051107148016,union_observed_max_per_profile
equalization,nsga2,170,equalized,5,170,170,3.658084792026784,STU_0076,eco_conscious,24.81406553195338,26.60697748494595,0.932614970865932,union_observed_max_per_profile
equalization,nsga2,170,equalized,6,170,170,3.9159578749677166,STU_0076,eco_conscious,25.20622028095741,26.60697748494595,0.9473537644484016,union_observed_max_per_profile
equalization,nsga2,170,equalized,7,170,170,3.912340790964663,STU_0076,eco_conscious,25.64016639440602,26.60697748494595,0.9636632499468628,union_observed_max_per_profile
equalization,nsga2,170,equalized,8,170,170,3.821367833996192,STU_0076,eco_conscious,25.51627230543515,26.60697748494595,0.9590067988696608,union_observed_max_per_profile
equalization,nsga2,170,equalized,9,170,170,3.896878791972995,STU_0076,eco_conscious,25.340770617348586,26.60697748494595,0.952410721273629,union_observed_max_per_profile
equalization,nsga3,170,equalized,0,170,170,4.542099666025024,STU_0076,eco_conscious,26.445013970277383,26.60697748494595,0.9939127428224342,union_observed_max_per_profile
equalization,nsga3,170,equalized,1,170,170,4.715698582993355,STU_0076,eco_conscious,26.482380531292655,26.60697748494595,0.9953171323678612,union_observed_max_per_profile
equalization,nsga3,170,equalized,2,170,170,4.6268910829676315,STU_0076,eco_conscious,26.586659829440695,26.60697748494595,0.9992363786710928,union_observed_max_per_profile
equalization,nsga3,170,equalized,3,170,170,4.504082667001057,STU_0076,eco_conscious,26.451472225153367,26.60697748494595,0.9941554706888234,union_observed_max_per_profile
equalization,nsga3,170,equalized,4,170,170,5.285865999991074,STU_0076,eco_conscious,26.476250571797717,26.60697748494595,0.9950867431965094,union_observed_max_per_profile
equalization,nsga3,170,equalized,5,170,170,5.520946083008312,STU_0076,eco_conscious,26.46933774667617,26.60697748494595,0.9948269307046372,union_observed_max_per_profile
equalization,nsga3,170,equalized,6,170,170,6.215500165999401,STU_0076,eco_conscious,26.517781302455784,26.60697748494595,0.9966476394193728,union_observed_max_per_profile
equalization,nsga3,170,equalized,7,170,170,5.11105241702171,STU_0076,eco_conscious,26.60697748494595,26.60697748494595,1.0,union_observed_max_per_profile
equalization,nsga3,170,equalized,8,170,170,4.931528499990236,STU_0076,eco_conscious,26.5955540976818,26.60697748494595,0.9995706619712588,union_observed_max_per_profile
equalization,nsga3,170,equalized,9,170,170,4.609841333993245,STU_0076,eco_conscious,26.48258091503401,26.60697748494595,0.995324663615688,union_observed_max_per_profile
equalization,nsga2,168,as_published,0,168,168,3.4490377920446917,STU_0076,eco_conscious,24.855331814073796,26.60697748494595,0.9341659280215792,union_observed_max_per_profile
equalization,nsga2,168,as_published,1,168,168,4.0819339999579825,STU_0076,eco_conscious,24.732608906593825,26.60697748494595,0.9295534947773518,union_observed_max_per_profile
equalization,nsga2,168,as_published,2,168,168,3.670608125044964,STU_0076,eco_conscious,25.689185567189963,26.60697748494595,0.9655055927237408,union_observed_max_per_profile
equalization,nsga2,168,as_published,3,168,168,3.878162332985085,STU_0076,eco_conscious,25.21585812716441,26.60697748494595,0.9477159944766884,union_observed_max_per_profile
equalization,nsga2,168,as_published,4,168,168,3.4993278339970857,STU_0076,eco_conscious,25.411738953066298,26.60697748494595,0.9550780041605283,union_observed_max_per_profile
equalization,nsga2,168,as_published,5,168,168,3.5123364579631016,STU_0076,eco_conscious,25.253289764460597,26.60697748494595,0.949122829857271,union_observed_max_per_profile
equalization,nsga2,168,as_published,6,168,168,3.3705961670493707,STU_0076,eco_conscious,25.839392299895984,26.60697748494595,0.9711509815241413,union_observed_max_per_profile
equalization,nsga2,168,as_published,7,168,168,3.4497141250176355,STU_0076,eco_conscious,25.137086808083627,26.60697748494595,0.944755443278216,union_observed_max_per_profile
equalization,nsga2,168,as_published,8,168,168,3.8299600000027567,STU_0076,eco_conscious,25.265656363843924,26.60697748494595,0.9495876176893472,union_observed_max_per_profile
equalization,nsga2,168,as_published,9,168,168,4.260774833033793,STU_0076,eco_conscious,25.544109700390894,26.60697748494595,0.9600530430351806,union_observed_max_per_profile
equalization,nsga3,170,as_published,0,170,170,5.257105332973879,STU_0076,eco_conscious,26.445013970277383,26.60697748494595,0.9939127428224342,union_observed_max_per_profile
equalization,nsga3,170,as_published,1,170,170,5.135261207993608,STU_0076,eco_conscious,26.482380531292655,26.60697748494595,0.9953171323678612,union_observed_max_per_profile
equalization,nsga3,170,as_published,2,170,170,4.841864249960054,STU_0076,eco_conscious,26.586659829440695,26.60697748494595,0.9992363786710928,union_observed_max_per_profile
equalization,nsga3,170,as_published,3,170,170,4.636905874998774,STU_0076,eco_conscious,26.451472225153367,26.60697748494595,0.9941554706888234,union_observed_max_per_profile
equalization,nsga3,170,as_published,4,170,170,5.4920127500081435,STU_0076,eco_conscious,26.476250571797717,26.60697748494595,0.9950867431965094,union_observed_max_per_profile
equalization,nsga3,170,as_published,5,170,170,5.992105000012089,STU_0076,eco_conscious,26.46933774667617,26.60697748494595,0.9948269307046372,union_observed_max_per_profile
equalization,nsga3,170,as_published,6,170,170,4.551498040964361,STU_0076,eco_conscious,26.517781302455784,26.60697748494595,0.9966476394193728,union_observed_max_per_profile
equalization,nsga3,170,as_published,7,170,170,4.968676750024315,STU_0076,eco_conscious,26.60697748494595,26.60697748494595,1.0,union_observed_max_per_profile
equalization,nsga3,170,as_published,8,170,170,5.1748265830101445,STU_0076,eco_conscious,26.5955540976818,26.60697748494595,0.9995706619712588,union_observed_max_per_profile
equalization,nsga3,170,as_published,9,170,170,4.744677583978046,STU_0076,eco_conscious,26.48258091503401,26.60697748494595,0.995324663615688,union_observed_max_per_profile
equalization,nsga2,170,equalized,0,170,170,4.173226999992039,STU_0390,eco_conscious,11.297228794384496,11.548541564342925,0.9782385707703232,union_observed_max_per_profile
equalization,nsga2,170,equalized,1,170,170,3.8336862919968553,STU_0390,eco_conscious,11.548541564342925,11.548541564342925,1.0,union_observed_max_per_profile
equalization,nsga2,170,equalized,2,170,170,3.864736207993701,STU_0390,eco_conscious,11.346460401271935,11.548541564342925,0.982501585854362,union_observed_max_per_profile
equalization,nsga2,170,equalized,3,170,170,3.920683250005822,STU_0390,eco_conscious,11.124173381949143,11.548541564342925,0.9632535259946544,union_observed_max_per_profile
equalization,nsga2,170,equalized,4,170,170,3.9455772500368766,STU_0390,eco_conscious,11.24710235853154,11.548541564342925,0.9738980715329368,union_observed_max_per_profile
equalization,nsga2,170,equalized,5,170,170,3.8639659580076113,STU_0390,eco_conscious,11.31984950292592,11.548541564342925,0.980197321008645,union_observed_max_per_profile
equalization,nsga2,170,equalized,6,170,170,4.007950999948662,STU_0390,eco_conscious,11.365752081383157,11.548541564342925,0.9841720721234496,union_observed_max_per_profile
equalization,nsga2,170,equalized,7,170,170,3.97396262496477,STU_0390,eco_conscious,11.441374486985366,11.548541564342925,0.990720293401511,union_observed_max_per_profile
equalization,nsga2,170,equalized,8,170,170,3.809062417014502,STU_0390,eco_conscious,11.305469923080604,11.548541564342925,0.97895217851466,union_observed_max_per_profile
equalization,nsga2,170,equalized,9,170,170,4.080916333012283,STU_0390,eco_conscious,11.286346629094728,11.548541564342925,0.9772962729720136,union_observed_max_per_profile
equalization,nsga3,170,equalized,0,170,170,4.652853250037879,STU_0390,eco_conscious,11.27173827203582,11.548541564342925,0.9760313204256236,union_observed_max_per_profile
equalization,nsga3,170,equalized,1,170,170,4.549593041010667,STU_0390,eco_conscious,11.496890555112373,11.548541564342925,0.995527486397934,union_observed_max_per_profile
equalization,nsga3,170,equalized,2,170,170,4.517775749962311,STU_0390,eco_conscious,11.303415716294028,11.548541564342925,0.9787743026525756,union_observed_max_per_profile
equalization,nsga3,170,equalized,3,170,170,4.542666041001212,STU_0390,eco_conscious,11.370323653267338,11.548541564342925,0.9845679291984498,union_observed_max_per_profile
equalization,nsga3,170,equalized,4,170,170,4.381703624967486,STU_0390,eco_conscious,11.41728662606698,11.548541564342925,0.9886345009415556,union_observed_max_per_profile
equalization,nsga3,170,equalized,5,170,170,4.768397249979898,STU_0390,eco_conscious,11.243955315605994,11.548541564342925,0.9736255658742776,union_observed_max_per_profile
equalization,nsga3,170,equalized,6,170,170,4.772796000004746,STU_0390,eco_conscious,11.19673404611045,11.548541564342925,0.9695366279566672,union_observed_max_per_profile
equalization,nsga3,170,equalized,7,170,170,4.658925666997675,STU_0390,eco_conscious,11.35743969803992,11.548541564342925,0.9834522943664986,union_observed_max_per_profile
equalization,nsga3,170,equalized,8,170,170,4.545834999997169,STU_0390,eco_conscious,11.440849469202202,11.548541564342925,0.9906748315758565,union_observed_max_per_profile
equalization,nsga3,170,equalized,9,170,170,4.555233917024452,STU_0390,eco_conscious,11.311532693215623,11.548541564342925,0.9794771599680532,union_observed_max_per_profile
equalization,nsga2,168,as_published,0,168,168,3.760666208982002,STU_0390,eco_conscious,11.451455877382276,11.548541564342925,0.9915932512846116,union_observed_max_per_profile
equalization,nsga2,168,as_published,1,168,168,3.5998436250374652,STU_0390,eco_conscious,11.379019089371097,11.548541564342925,0.9853208758848612,union_observed_max_per_profile
equalization,nsga2,168,as_published,2,168,168,3.797151333012153,STU_0390,eco_conscious,11.41435883527719,11.548541564342925,0.9883809805490908,union_observed_max_per_profile
equalization,nsga2,168,as_published,3,168,168,3.7731654159724712,STU_0390,eco_conscious,11.441994948135138,11.548541564342925,0.9907740197656856,union_observed_max_per_profile
equalization,nsga2,168,as_published,4,168,168,3.840400541026611,STU_0390,eco_conscious,11.361913163430534,11.548541564342925,0.9838396563000976,union_observed_max_per_profile
equalization,nsga2,168,as_published,5,168,168,3.616442291007843,STU_0390,eco_conscious,11.213123845311618,11.548541564342925,0.9709558373962184,union_observed_max_per_profile
equalization,nsga2,168,as_published,6,168,168,3.665533500025049,STU_0390,eco_conscious,11.125421205729587,11.548541564342925,0.9633615763292784,union_observed_max_per_profile
equalization,nsga2,168,as_published,7,168,168,3.705979415972251,STU_0390,eco_conscious,11.321190746217592,11.548541564342925,0.980313460634086,union_observed_max_per_profile
equalization,nsga2,168,as_published,8,168,168,3.6797975419904105,STU_0390,eco_conscious,11.364769818370196,11.548541564342925,0.984087016966702,union_observed_max_per_profile
equalization,nsga2,168,as_published,9,168,168,3.95029741700273,STU_0390,eco_conscious,11.29481445030229,11.548541564342925,0.9780295102522698,union_observed_max_per_profile
equalization,nsga3,170,as_published,0,170,170,4.724931875010952,STU_0390,eco_conscious,11.27173827203582,11.548541564342925,0.9760313204256236,union_observed_max_per_profile
equalization,nsga3,170,as_published,1,170,170,4.654716791992541,STU_0390,eco_conscious,11.496890555112373,11.548541564342925,0.995527486397934,union_observed_max_per_profile
equalization,nsga3,170,as_published,2,170,170,4.466965583036654,STU_0390,eco_conscious,11.303415716294028,11.548541564342925,0.9787743026525756,union_observed_max_per_profile
equalization,nsga3,170,as_published,3,170,170,4.6697936250129715,STU_0390,eco_conscious,11.370323653267338,11.548541564342925,0.9845679291984498,union_observed_max_per_profile
equalization,nsga3,170,as_published,4,170,170,4.67035091703292,STU_0390,eco_conscious,11.41728662606698,11.548541564342925,0.9886345009415556,union_observed_max_per_profile
equalization,nsga3,170,as_published,5,170,170,4.600465916970279,STU_0390,eco_conscious,11.243955315605994,11.548541564342925,0.9736255658742776,union_observed_max_per_profile
equalization,nsga3,170,as_published,6,170,170,4.666794958000537,STU_0390,eco_conscious,11.19673404611045,11.548541564342925,0.9695366279566672,union_observed_max_per_profile
equalization,nsga3,170,as_published,7,170,170,4.922635082970373,STU_0390,eco_conscious,11.35743969803992,11.548541564342925,0.9834522943664986,union_observed_max_per_profile
equalization,nsga3,170,as_published,8,170,170,4.611432500008959,STU_0390,eco_conscious,11.440849469202202,11.548541564342925,0.9906748315758565,union_observed_max_per_profile
equalization,nsga3,170,as_published,9,170,170,4.511363333032932,STU_0390,eco_conscious,11.311532693215623,11.548541564342925,0.9794771599680532,union_observed_max_per_profile
equalization,nsga2,170,equalized,0,170,170,4.104024457978085,STU_0171,eco_conscious,3.0725515517691733,3.142607986652225,0.9777075488955012,union_observed_max_per_profile
equalization,nsga2,170,equalized,1,170,170,4.013563125045039,STU_0171,eco_conscious,3.115824882732843,3.142607986652225,0.9914774276546298,union_observed_max_per_profile
equalization,nsga2,170,equalized,2,170,170,3.8965097090112977,STU_0171,eco_conscious,3.10902983703703,3.142607986652225,0.9893151962453436,union_observed_max_per_profile
equalization,nsga2,170,equalized,3,170,170,3.97469845804153,STU_0171,eco_conscious,3.1024014521163816,3.142607986652225,0.9872059974687856,union_observed_max_per_profile
equalization,nsga2,170,equalized,4,170,170,4.313094083045144,STU_0171,eco_conscious,3.1126027218944,3.142607986652225,0.990452113376766,union_observed_max_per_profile
equalization,nsga2,170,equalized,5,170,170,3.873299041006248,STU_0171,eco_conscious,3.0924642631589614,3.142607986652225,0.9840439139382824,union_observed_max_per_profile
equalization,nsga2,170,equalized,6,170,170,3.834176375006791,STU_0171,eco_conscious,3.113668259181852,3.142607986652225,0.9907911748479956,union_observed_max_per_profile
equalization,nsga2,170,equalized,7,170,170,3.878172040975187,STU_0171,eco_conscious,3.108986524662882,3.142607986652225,0.989301413942768,union_observed_max_per_profile
equalization,nsga2,170,equalized,8,170,170,3.9227872079936783,STU_0171,eco_conscious,3.1070741232309476,3.142607986652225,0.9886928743348828,union_observed_max_per_profile
equalization,nsga2,170,equalized,9,170,170,4.114370499970391,STU_0171,eco_conscious,3.1192259703696537,3.142607986652225,0.9925596777002148,union_observed_max_per_profile
equalization,nsga3,170,equalized,0,170,170,4.615636333997827,STU_0171,eco_conscious,3.1246264698733817,3.142607986652225,0.9942781546870568,union_observed_max_per_profile
equalization,nsga3,170,equalized,1,170,170,5.584458708006423,STU_0171,eco_conscious,3.129562923932534,3.142607986652225,0.9958489691443864,union_observed_max_per_profile
equalization,nsga3,170,equalized,2,170,170,4.921278833993711,STU_0171,eco_conscious,3.1251681078765663,3.142607986652225,0.9944505077153332,union_observed_max_per_profile
equalization,nsga3,170,equalized,3,170,170,4.641536083014216,STU_0171,eco_conscious,3.1240460418661864,3.142607986652225,0.9940934584062416,union_observed_max_per_profile
equalization,nsga3,170,equalized,4,170,170,4.58565737499157,STU_0171,eco_conscious,3.123646845142886,3.142607986652225,0.9939664311966766,union_observed_max_per_profile
equalization,nsga3,170,equalized,5,170,170,4.692444416985381,STU_0171,eco_conscious,3.092055421677725,3.142607986652225,0.9839138176987984,union_observed_max_per_profile
equalization,nsga3,170,equalized,6,170,170,4.629367541987449,STU_0171,eco_conscious,3.1184921088488657,3.142607986652225,0.9923261577944852,union_observed_max_per_profile
equalization,nsga3,170,equalized,7,170,170,5.073533291986678,STU_0171,eco_conscious,3.123139387552312,3.142607986652225,0.9938049546164832,union_observed_max_per_profile
equalization,nsga3,170,equalized,8,170,170,4.8400522919837385,STU_0171,eco_conscious,3.0898004101553576,3.142607986652225,0.983196257146561,union_observed_max_per_profile
equalization,nsga3,170,equalized,9,170,170,4.791709833021741,STU_0171,eco_conscious,3.1162549545214273,3.142607986652225,0.9916142795274724,union_observed_max_per_profile
equalization,nsga2,168,as_published,0,168,168,3.889374624995981,STU_0171,eco_conscious,3.1248975692380614,3.142607986652225,0.9943644204147044,union_observed_max_per_profile
equalization,nsga2,168,as_published,1,168,168,3.804666415962856,STU_0171,eco_conscious,3.1340496978361863,3.142607986652225,0.997276692208386,union_observed_max_per_profile
equalization,nsga2,168,as_published,2,168,168,3.94369658298092,STU_0171,eco_conscious,3.1164653201961654,3.142607986652225,0.9916812193671316,union_observed_max_per_profile
equalization,nsga2,168,as_published,3,168,168,4.239892375015188,STU_0171,eco_conscious,3.1167256752783725,3.142607986652225,0.9917640661884064,union_observed_max_per_profile
equalization,nsga2,168,as_published,4,168,168,4.165590959019028,STU_0171,eco_conscious,3.0226028883078833,3.142607986652225,0.961813532310092,union_observed_max_per_profile
equalization,nsga2,168,as_published,5,168,168,4.018288165971171,STU_0171,eco_conscious,3.1001208769773205,3.142607986652225,0.9864803023936288,union_observed_max_per_profile
equalization,nsga2,168,as_published,6,168,168,3.912610124971252,STU_0171,eco_conscious,3.142607986652225,3.142607986652225,1.0,union_observed_max_per_profile
equalization,nsga2,168,as_published,7,168,168,3.762862750038039,STU_0171,eco_conscious,3.1167162397190884,3.142607986652225,0.991761063726972,union_observed_max_per_profile
equalization,nsga2,168,as_published,8,168,168,4.3637825840269215,STU_0171,eco_conscious,3.049954844333629,3.142607986652225,0.9705171174030846,union_observed_max_per_profile
equalization,nsga2,168,as_published,9,168,168,4.096644874953199,STU_0171,eco_conscious,3.090440670933621,3.142607986652225,0.9833999926366328,union_observed_max_per_profile
equalization,nsga3,170,as_published,0,170,170,4.697799874993507,STU_0171,eco_conscious,3.1246264698733817,3.142607986652225,0.9942781546870568,union_observed_max_per_profile
equalization,nsga3,170,as_published,1,170,170,4.97926616697805,STU_0171,eco_conscious,3.129562923932534,3.142607986652225,0.9958489691443864,union_observed_max_per_profile
equalization,nsga3,170,as_published,2,170,170,4.611310167005286,STU_0171,eco_conscious,3.1251681078765663,3.142607986652225,0.9944505077153332,union_observed_max_per_profile
equalization,nsga3,170,as_published,3,170,170,4.671617374988273,STU_0171,eco_conscious,3.1240460418661864,3.142607986652225,0.9940934584062416,union_observed_max_per_profile
equalization,nsga3,170,as_published,4,170,170,4.460828125011176,STU_0171,eco_conscious,3.123646845142886,3.142607986652225,0.9939664311966766,union_observed_max_per_profile
equalization,nsga3,170,as_published,5,170,170,4.688978124991991,STU_0171,eco_conscious,3.092055421677725,3.142607986652225,0.9839138176987984,union_observed_max_per_profile
equalization,nsga3,170,as_published,6,170,170,4.585994167020544,STU_0171,eco_conscious,3.1184921088488657,3.142607986652225,0.9923261577944852,union_observed_max_per_profile
equalization,nsga3,170,as_published,7,170,170,5.01792320900131,STU_0171,eco_conscious,3.123139387552312,3.142607986652225,0.9938049546164832,union_observed_max_per_profile
equalization,nsga3,170,as_published,8,170,170,4.958885458006989,STU_0171,eco_conscious,3.0898004101553576,3.142607986652225,0.983196257146561,union_observed_max_per_profile
equalization,nsga3,170,as_published,9,170,170,4.815591374994256,STU_0171,eco_conscious,3.1162549545214273,3.142607986652225,0.9916142795274724,union_observed_max_per_profile
equalization,nsga2,170,equalized,0,170,170,3.9264637079904783,STU_0365,eco_conscious,6.52892527450345,6.637794526584937,0.9835985805759042,union_observed_max_per_profile
equalization,nsga2,170,equalized,1,170,170,3.986710499972105,STU_0365,eco_conscious,6.32983575694118,6.637794526584937,0.953605257226575,union_observed_max_per_profile
equalization,nsga2,170,equalized,2,170,170,3.8937620000215247,STU_0365,eco_conscious,6.609853617156334,6.637794526584937,0.9957906335731398,union_observed_max_per_profile
equalization,nsga2,170,equalized,3,170,170,3.745185333013069,STU_0365,eco_conscious,6.479931524957933,6.637794526584937,0.9762175522314304,union_observed_max_per_profile
equalization,nsga2,170,equalized,4,170,170,4.138557417027187,STU_0365,eco_conscious,6.496010498246831,6.637794526584937,0.9786398889314444,union_observed_max_per_profile
equalization,nsga2,170,equalized,5,170,170,3.912033375003375,STU_0365,eco_conscious,6.532704173383245,6.637794526584937,0.984167880945878,union_observed_max_per_profile
equalization,nsga2,170,equalized,6,170,170,3.7946579579729582,STU_0365,eco_conscious,6.447410347767797,6.637794526584937,0.9713181572501778,union_observed_max_per_profile
equalization,nsga2,170,equalized,7,170,170,3.8915595420403406,STU_0365,eco_conscious,6.355414328718978,6.637794526584937,0.9574587317014708,union_observed_max_per_profile
equalization,nsga2,170,equalized,8,170,170,3.971470375021454,STU_0365,eco_conscious,6.344643978388235,6.637794526584937,0.9558361520498098,union_observed_max_per_profile
equalization,nsga2,170,equalized,9,170,170,4.021836958010681,STU_0365,eco_conscious,6.3725418907756355,6.637794526584937,0.960039040867122,union_observed_max_per_profile
equalization,nsga3,170,equalized,0,170,170,4.94368075003149,STU_0365,eco_conscious,6.586782417880338,6.637794526584937,0.9923149009056712,union_observed_max_per_profile
equalization,nsga3,170,equalized,1,170,170,7.053959292010404,STU_0365,eco_conscious,6.61642940737426,6.637794526584937,0.9967812924722048,union_observed_max_per_profile
equalization,nsga3,170,equalized,2,170,170,5.444658874999732,STU_0365,eco_conscious,6.578698198303276,6.637794526584937,0.9910969934298244,union_observed_max_per_profile
equalization,nsga3,170,equalized,3,170,170,4.660900874994695,STU_0365,eco_conscious,6.586788501586252,6.637794526584937,0.9923158174308648,union_observed_max_per_profile
equalization,nsga3,170,equalized,4,170,170,4.618705083965324,STU_0365,eco_conscious,6.589085031249102,6.637794526584937,0.9926617952482938,union_observed_max_per_profile
equalization,nsga3,170,equalized,5,170,170,4.725338375021238,STU_0365,eco_conscious,6.584569464624164,6.637794526584937,0.991981514078569,union_observed_max_per_profile
equalization,nsga3,170,equalized,6,170,170,4.69802404200891,STU_0365,eco_conscious,6.604165819845777,6.637794526584937,0.9949337529800788,union_observed_max_per_profile
equalization,nsga3,170,equalized,7,170,170,4.997129042050801,STU_0365,eco_conscious,6.586374153026673,6.637794526584937,0.9922533948057114,union_observed_max_per_profile
equalization,nsga3,170,equalized,8,170,170,4.516571334039327,STU_0365,eco_conscious,6.610284038033828,6.637794526584937,0.9958554775323448,union_observed_max_per_profile
equalization,nsga3,170,equalized,9,170,170,4.538204165990464,STU_0365,eco_conscious,6.637794526584937,6.637794526584937,1.0,union_observed_max_per_profile
equalization,nsga2,168,as_published,0,168,168,3.687135833024513,STU_0365,eco_conscious,6.291630499626942,6.637794526584937,0.9478495416555036,union_observed_max_per_profile
equalization,nsga2,168,as_published,1,168,168,3.874343583011069,STU_0365,eco_conscious,6.488283331337264,6.637794526584937,0.9774757723143028,union_observed_max_per_profile
equalization,nsga2,168,as_published,2,168,168,3.829793583019637,STU_0365,eco_conscious,6.429912571137211,6.637794526584937,0.968682074352386,union_observed_max_per_profile
equalization,nsga2,168,as_published,3,168,168,3.971878999960609,STU_0365,eco_conscious,6.470689989736222,6.637794526584937,0.9748252923196934,union_observed_max_per_profile
equalization,nsga2,168,as_published,4,168,168,3.911179333052132,STU_0365,eco_conscious,6.520826940869615,6.637794526584937,0.9823785467828422,union_observed_max_per_profile
equalization,nsga2,168,as_published,5,168,168,4.040823125047609,STU_0365,eco_conscious,6.441719333479861,6.637794526584937,0.9704607920115969,union_observed_max_per_profile
equalization,nsga2,168,as_published,6,168,168,3.789923792006448,STU_0365,eco_conscious,6.512574164624729,6.637794526584937,0.981135245832228,union_observed_max_per_profile
equalization,nsga2,168,as_published,7,168,168,3.77580374997342,STU_0365,eco_conscious,6.496603511567303,6.637794526584937,0.9787292278403388,union_observed_max_per_profile
equalization,nsga2,168,as_published,8,168,168,3.7777263749740086,STU_0365,eco_conscious,6.3629378812795165,6.637794526584937,0.958592173318322,union_observed_max_per_profile
equalization,nsga2,168,as_published,9,168,168,3.844748208997771,STU_0365,eco_conscious,6.486144497571424,6.637794526584937,0.9771535517699228,union_observed_max_per_profile
equalization,nsga3,170,as_published,0,170,170,4.6103977499878965,STU_0365,eco_conscious,6.586782417880338,6.637794526584937,0.9923149009056712,union_observed_max_per_profile
equalization,nsga3,170,as_published,1,170,170,4.711075750004966,STU_0365,eco_conscious,6.61642940737426,6.637794526584937,0.9967812924722048,union_observed_max_per_profile
equalization,nsga3,170,as_published,2,170,170,5.638960791984573,STU_0365,eco_conscious,6.578698198303276,6.637794526584937,0.9910969934298244,union_observed_max_per_profile
equalization,nsga3,170,as_published,3,170,170,5.370529457984958,STU_0365,eco_conscious,6.586788501586252,6.637794526584937,0.9923158174308648,union_observed_max_per_profile
equalization,nsga3,170,as_published,4,170,170,5.058409958030097,STU_0365,eco_conscious,6.589085031249102,6.637794526584937,0.9926617952482938,union_observed_max_per_profile
equalization,nsga3,170,as_published,5,170,170,4.777304415998515,STU_0365,eco_conscious,6.584569464624164,6.637794526584937,0.991981514078569,union_observed_max_per_profile
equalization,nsga3,170,as_published,6,170,170,5.076976208016276,STU_0365,eco_conscious,6.604165819845777,6.637794526584937,0.9949337529800788,union_observed_max_per_profile
equalization,nsga3,170,as_published,7,170,170,6.120604291965719,STU_0365,eco_conscious,6.586374153026673,6.637794526584937,0.9922533948057114,union_observed_max_per_profile
equalization,nsga3,170,as_published,8,170,170,5.454543582978658,STU_0365,eco_conscious,6.610284038033828,6.637794526584937,0.9958554775323448,union_observed_max_per_profile
equalization,nsga3,170,as_published,9,170,170,5.027752584021073,STU_0365,eco_conscious,6.637794526584937,6.637794526584937,1.0,union_observed_max_per_profile
equalization,nsga2,170,equalized,0,170,170,4.341628750029486,STU_0217,eco_conscious,0.3273375499579664,0.3316061228427845,0.9871275812152543,union_observed_max_per_profile
equalization,nsga2,170,equalized,1,170,170,4.303853041958064,STU_0217,eco_conscious,0.3308498244380091,0.3316061228427845,0.9977192869712662,union_observed_max_per_profile
equalization,nsga2,170,equalized,2,170,170,4.440182042017113,STU_0217,eco_conscious,0.3306400679103551,0.3316061228427845,0.997086739761776,union_observed_max_per_profile
equalization,nsga2,170,equalized,3,170,170,4.1165991249727085,STU_0217,eco_conscious,0.3295391333534264,0.3316061228427845,0.9937667330396728,union_observed_max_per_profile
equalization,nsga2,170,equalized,4,170,170,4.598777707957197,STU_0217,eco_conscious,0.3280314623533801,0.3316061228427845,0.9892201613807378,union_observed_max_per_profile
equalization,nsga2,170,equalized,5,170,170,4.326384124986362,STU_0217,eco_conscious,0.3292298775433038,0.3316061228427845,0.9928341332207328,union_observed_max_per_profile
equalization,nsga2,170,equalized,6,170,170,4.4296970419818535,STU_0217,eco_conscious,0.3266605559689839,0.3316061228427845,0.9850860206337464,union_observed_max_per_profile
equalization,nsga2,170,equalized,7,170,170,4.4648256250075065,STU_0217,eco_conscious,0.3295954953381412,0.3316061228427845,0.9939366996984051,union_observed_max_per_profile
equalization,nsga2,170,equalized,8,170,170,4.784044082975015,STU_0217,eco_conscious,0.3280972738020324,0.3316061228427845,0.989418624087301,union_observed_max_per_profile
equalization,nsga2,170,equalized,9,170,170,4.412736499973107,STU_0217,eco_conscious,0.3288280758228042,0.3316061228427845,0.9916224495610492,union_observed_max_per_profile
equalization,nsga3,170,equalized,0,170,170,14.966638332989533,STU_0217,eco_conscious,0.3316061228427845,0.3316061228427845,1.0,union_observed_max_per_profile
equalization,nsga3,170,equalized,1,170,170,12.570736708003096,STU_0217,eco_conscious,0.326590433267775,0.3316061228427845,0.9848745568024764,union_observed_max_per_profile
equalization,nsga3,170,equalized,2,170,170,4.525897999992594,STU_0217,eco_conscious,0.3295842752936297,0.3316061228427845,0.9939028642420048,union_observed_max_per_profile
equalization,nsga3,170,equalized,3,170,170,4.657460333954077,STU_0217,eco_conscious,0.3297813523094111,0.3316061228427845,0.9944971747875758,union_observed_max_per_profile
equalization,nsga3,170,equalized,4,170,170,4.7853835000423715,STU_0217,eco_conscious,0.3288830926033877,0.3316061228427845,0.9917883595874136,union_observed_max_per_profile
equalization,nsga3,170,equalized,5,170,170,4.871919332945254,STU_0217,eco_conscious,0.329148154482131,0.3316061228427845,0.9925876870439484,union_observed_max_per_profile
equalization,nsga3,170,equalized,6,170,170,4.764434250013437,STU_0217,eco_conscious,0.3291851271824945,0.3316061228427845,0.992699182875348,union_observed_max_per_profile
equalization,nsga3,170,equalized,7,170,170,6.573909291997552,STU_0217,eco_conscious,0.3293513931490471,0.3316061228427845,0.9932005788240332,union_observed_max_per_profile
equalization,nsga3,170,equalized,8,170,170,4.678851167031098,STU_0217,eco_conscious,0.3302957599088692,0.3316061228427845,0.9960484356480456,union_observed_max_per_profile
equalization,nsga3,170,equalized,9,170,170,4.3528503340203315,STU_0217,eco_conscious,0.3294233582921884,0.3316061228427845,0.9934175987708436,union_observed_max_per_profile
equalization,nsga2,168,as_published,0,168,168,4.046011624974199,STU_0217,eco_conscious,0.3305531919937315,0.3316061228427845,0.9968247545008322,union_observed_max_per_profile
equalization,nsga2,168,as_published,1,168,168,3.857139959000051,STU_0217,eco_conscious,0.3308849288370508,0.3316061228427845,0.997825148704882,union_observed_max_per_profile
equalization,nsga2,168,as_published,2,168,168,3.689195334038231,STU_0217,eco_conscious,0.3281184561158983,0.3316061228427845,0.9894825020208092,union_observed_max_per_profile
equalization,nsga2,168,as_published,3,168,168,3.789940125017893,STU_0217,eco_conscious,0.3286573193489914,0.3316061228427845,0.9911075119225372,union_observed_max_per_profile
equalization,nsga2,168,as_published,4,168,168,6.122587290999945,STU_0217,eco_conscious,0.3259295060792671,0.3316061228427845,0.9828814476799972,union_observed_max_per_profile
equalization,nsga2,168,as_published,5,168,168,5.137965083995368,STU_0217,eco_conscious,0.3286632270112898,0.3316061228427845,0.9911253272217476,union_observed_max_per_profile
equalization,nsga2,168,as_published,6,168,168,4.410794249968603,STU_0217,eco_conscious,0.3298714889449396,0.3316061228427845,0.994768993156778,union_observed_max_per_profile
equalization,nsga2,168,as_published,7,168,168,4.4241740420111455,STU_0217,eco_conscious,0.3278505163814453,0.3316061228427845,0.9886744960281696,union_observed_max_per_profile
equalization,nsga2,168,as_published,8,168,168,4.057345166977029,STU_0217,eco_conscious,0.3275093373997078,0.3316061228427845,0.9876456278673144,union_observed_max_per_profile
equalization,nsga2,168,as_published,9,168,168,3.9899378329864703,STU_0217,eco_conscious,0.3283153940444376,0.3316061228427845,0.990076393131296,union_observed_max_per_profile
equalization,nsga3,170,as_published,0,170,170,6.984367708966602,STU_0217,eco_conscious,0.3316061228427845,0.3316061228427845,1.0,union_observed_max_per_profile
equalization,nsga3,170,as_published,1,170,170,5.188212000008207,STU_0217,eco_conscious,0.326590433267775,0.3316061228427845,0.9848745568024764,union_observed_max_per_profile
equalization,nsga3,170,as_published,2,170,170,5.083784957998432,STU_0217,eco_conscious,0.3295842752936297,0.3316061228427845,0.9939028642420048,union_observed_max_per_profile
equalization,nsga3,170,as_published,3,170,170,4.632422750000842,STU_0217,eco_conscious,0.3297813523094111,0.3316061228427845,0.9944971747875758,union_observed_max_per_profile
equalization,nsga3,170,as_published,4,170,170,4.5229309590067714,STU_0217,eco_conscious,0.3288830926033877,0.3316061228427845,0.9917883595874136,union_observed_max_per_profile
equalization,nsga3,170,as_published,5,170,170,4.683417499996722,STU_0217,eco_conscious,0.329148154482131,0.3316061228427845,0.9925876870439484,union_observed_max_per_profile
equalization,nsga3,170,as_published,6,170,170,4.568399541953113,STU_0217,eco_conscious,0.3291851271824945,0.3316061228427845,0.992699182875348,union_observed_max_per_profile
equalization,nsga3,170,as_published,7,170,170,4.641870416002348,STU_0217,eco_conscious,0.3293513931490471,0.3316061228427845,0.9932005788240332,union_observed_max_per_profile
equalization,nsga3,170,as_published,8,170,170,4.749198249948677,STU_0217,eco_conscious,0.3302957599088692,0.3316061228427845,0.9960484356480456,union_observed_max_per_profile
equalization,nsga3,170,as_published,9,170,170,4.606015708995983,STU_0217,eco_conscious,0.3294233582921884,0.3316061228427845,0.9934175987708436,union_observed_max_per_profile
equalization,nsga2,170,equalized,0,170,170,4.196277916955296,STU_0368,eco_conscious,0.5923381922733578,0.6245282292175813,0.948457034545017,union_observed_max_per_profile
equalization,nsga2,170,equalized,1,170,170,4.308116374944802,STU_0368,eco_conscious,0.5996827292501,0.6245282292175813,0.9602171706495828,union_observed_max_per_profile
equalization,nsga2,170,equalized,2,170,170,4.064076791983098,STU_0368,eco_conscious,0.6007951935579325,0.6245282292175813,0.9619984581171264,union_observed_max_per_profile
equalization,nsga2,170,equalized,3,170,170,4.326905124995392,STU_0368,eco_conscious,0.6012111983585864,0.6245282292175813,0.9626645686005147,union_observed_max_per_profile
equalization,nsga2,170,equalized,4,170,170,4.095489999977872,STU_0368,eco_conscious,0.6006642450778066,0.6245282292175813,0.96178878227863,union_observed_max_per_profile
equalization,nsga2,170,equalized,5,170,170,4.639904292009305,STU_0368,eco_conscious,0.6063969374771454,0.6245282292175813,0.9709680189106086,union_observed_max_per_profile
equalization,nsga2,170,equalized,6,170,170,5.022109458979685,STU_0368,eco_conscious,0.6056964456001408,0.6245282292175813,0.969846385261026,union_observed_max_per_profile
equalization,nsga2,170,equalized,7,170,170,3.965259499964304,STU_0368,eco_conscious,0.597167722047239,0.6245282292175813,0.9561901193727944,union_observed_max_per_profile
equalization,nsga2,170,equalized,8,170,170,3.902775958995335,STU_0368,eco_conscious,0.6136362889939049,0.6245282292175813,0.982559731147266,union_observed_max_per_profile
equalization,nsga2,170,equalized,9,170,170,4.1561862920061685,STU_0368,eco_conscious,0.6058788709918228,0.6245282292175813,0.9701384863753512,union_observed_max_per_profile
equalization,nsga3,170,equalized,0,170,170,4.91477750003105,STU_0368,eco_conscious,0.6114236221864613,0.6245282292175813,0.9790167899255128,union_observed_max_per_profile
equalization,nsga3,170,equalized,1,170,170,4.772880707983859,STU_0368,eco_conscious,0.6022596468525815,0.6245282292175813,0.9643433533934916,union_observed_max_per_profile
equalization,nsga3,170,equalized,2,170,170,4.935703042021487,STU_0368,eco_conscious,0.6232727697282816,0.6245282292175813,0.997989747411622,union_observed_max_per_profile
equalization,nsga3,170,equalized,3,170,170,4.760305000003427,STU_0368,eco_conscious,0.6170827596022512,0.6245282292175813,0.9880782496819112,union_observed_max_per_profile
equalization,nsga3,170,equalized,4,170,170,4.538692875008564,STU_0368,eco_conscious,0.6026008695581955,0.6245282292175813,0.9648897221397712,union_observed_max_per_profile
equalization,nsga3,170,equalized,5,170,170,4.70664879103424,STU_0368,eco_conscious,0.6182909411533223,0.6245282292175813,0.9900128004268548,union_observed_max_per_profile
equalization,nsga3,170,equalized,6,170,170,4.666640750016086,STU_0368,eco_conscious,0.6245282292175813,0.6245282292175813,1.0,union_observed_max_per_profile
equalization,nsga3,170,equalized,7,170,170,5.795360584044829,STU_0368,eco_conscious,0.6147901511323549,0.6245282292175813,0.9844073051791008,union_observed_max_per_profile
equalization,nsga3,170,equalized,8,170,170,6.534655083960388,STU_0368,eco_conscious,0.6214008851382824,0.6245282292175813,0.9949924696226832,union_observed_max_per_profile
equalization,nsga3,170,equalized,9,170,170,4.759019166987855,STU_0368,eco_conscious,0.6187281329849821,0.6245282292175813,0.9907128357674628,union_observed_max_per_profile
equalization,nsga2,168,as_published,0,168,168,5.866829458042048,STU_0368,eco_conscious,0.6086392236840396,0.6245282292175813,0.9745583869708376,union_observed_max_per_profile
equalization,nsga2,168,as_published,1,168,168,4.799449207959697,STU_0368,eco_conscious,0.6171974617035907,0.6245282292175813,0.9882619116782364,union_observed_max_per_profile
equalization,nsga2,168,as_published,2,168,168,4.860176542017143,STU_0368,eco_conscious,0.6151994230485599,0.6245282292175813,0.9850626349097004,union_observed_max_per_profile
equalization,nsga2,168,as_published,3,168,168,4.230667124968022,STU_0368,eco_conscious,0.6003977389506003,0.6245282292175813,0.9613620503636608,union_observed_max_per_profile
equalization,nsga2,168,as_published,4,168,168,4.170446041971445,STU_0368,eco_conscious,0.5965265763477782,0.6245282292175813,0.9551635113357742,union_observed_max_per_profile
equalization,nsga2,168,as_published,5,168,168,4.007224833010696,STU_0368,eco_conscious,0.5912379464900096,0.6245282292175813,0.9466953114845132,union_observed_max_per_profile
equalization,nsga2,168,as_published,6,168,168,4.072940916987136,STU_0368,eco_conscious,0.5971372723160758,0.6245282292175813,0.956141363000002,union_observed_max_per_profile
equalization,nsga2,168,as_published,7,168,168,4.04388283402659,STU_0368,eco_conscious,0.5990519285437702,0.6245282292175813,0.9592071271050018,union_observed_max_per_profile
equalization,nsga2,168,as_published,8,168,168,4.0615918330149725,STU_0368,eco_conscious,0.6045935246125923,0.6245282292175813,0.9680803786404284,union_observed_max_per_profile
equalization,nsga2,168,as_published,9,168,168,4.300114625017159,STU_0368,eco_conscious,0.5940940570318813,0.6245282292175813,0.9512685403767442,union_observed_max_per_profile
equalization,nsga3,170,as_published,0,170,170,4.6165152079775,STU_0368,eco_conscious,0.6114236221864613,0.6245282292175813,0.9790167899255128,union_observed_max_per_profile
equalization,nsga3,170,as_published,1,170,170,5.043001584010199,STU_0368,eco_conscious,0.6022596468525815,0.6245282292175813,0.9643433533934916,union_observed_max_per_profile
equalization,nsga3,170,as_published,2,170,170,4.505428540986031,STU_0368,eco_conscious,0.6232727697282816,0.6245282292175813,0.997989747411622,union_observed_max_per_profile
equalization,nsga3,170,as_published,3,170,170,4.702677832974587,STU_0368,eco_conscious,0.6170827596022512,0.6245282292175813,0.9880782496819112,union_observed_max_per_profile
equalization,nsga3,170,as_published,4,170,170,4.497953041049186,STU_0368,eco_conscious,0.6026008695581955,0.6245282292175813,0.9648897221397712,union_observed_max_per_profile
equalization,nsga3,170,as_published,5,170,170,4.670059582975227,STU_0368,eco_conscious,0.6182909411533223,0.6245282292175813,0.9900128004268548,union_observed_max_per_profile
equalization,nsga3,170,as_published,6,170,170,4.621787791023962,STU_0368,eco_conscious,0.6245282292175813,0.6245282292175813,1.0,union_observed_max_per_profile
equalization,nsga3,170,as_published,7,170,170,5.126672125014011,STU_0368,eco_conscious,0.6147901511323549,0.6245282292175813,0.9844073051791008,union_observed_max_per_profile
equalization,nsga3,170,as_published,8,170,170,4.720673125004396,STU_0368,eco_conscious,0.6214008851382824,0.6245282292175813,0.9949924696226832,union_observed_max_per_profile
equalization,nsga3,170,as_published,9,170,170,4.712585208006203,STU_0368,eco_conscious,0.6187281329849821,0.6245282292175813,0.9907128357674628,union_observed_max_per_profile
equalization,nsga2,170,equalized,0,170,170,5.318033416988328,STU_0522,time_sensitive,14.917284854540451,15.3277743155584,0.9732192389731832,union_observed_max_per_profile
equalization,nsga2,170,equalized,1,170,170,6.003936374967452,STU_0522,time_sensitive,15.016199602330078,15.3277743155584,0.979672540395375,union_observed_max_per_profile
equalization,nsga2,170,equalized,2,170,170,3.820582041982562,STU_0522,time_sensitive,14.950510829339208,15.3277743155584,0.9753869362601292,union_observed_max_per_profile
equalization,nsga2,170,equalized,3,170,170,3.880927249963861,STU_0522,time_sensitive,14.89453347951034,15.3277743155584,0.9717349155116212,union_observed_max_per_profile
equalization,nsga2,170,equalized,4,170,170,4.02676524996059,STU_0522,time_sensitive,15.001703638912696,15.3277743155584,0.9787268086068616,union_observed_max_per_profile
equalization,nsga2,170,equalized,5,170,170,3.5412694580154493,STU_0522,time_sensitive,15.074928651137954,15.3277743155584,0.9835040848583088,union_observed_max_per_profile
equalization,nsga2,170,equalized,6,170,170,3.6638546669855714,STU_0522,time_sensitive,15.139956919751434,15.3277743155584,0.987746596998344,union_observed_max_per_profile
equalization,nsga2,170,equalized,7,170,170,3.4577182499924675,STU_0522,time_sensitive,15.146723368557913,15.3277743155584,0.9881880471832944,union_observed_max_per_profile
equalization,nsga2,170,equalized,8,170,170,3.7043062080047098,STU_0522,time_sensitive,14.9578591977261,15.3277743155584,0.9758663514860848,union_observed_max_per_profile
equalization,nsga2,170,equalized,9,170,170,3.4926851670024917,STU_0522,time_sensitive,15.167554852329983,15.3277743155584,0.9895471149346332,union_observed_max_per_profile
equalization,nsga3,170,equalized,0,170,170,6.493606958014425,STU_0522,time_sensitive,15.293446878513024,15.3277743155584,0.9977604421660532,union_observed_max_per_profile
equalization,nsga3,170,equalized,1,170,170,5.421434667019639,STU_0522,time_sensitive,15.282531006787702,15.3277743155584,0.997048279297486,union_observed_max_per_profile
equalization,nsga3,170,equalized,2,170,170,5.21072254201863,STU_0522,time_sensitive,15.194290956640057,15.3277743155584,0.9912914062948556,union_observed_max_per_profile
equalization,nsga3,170,equalized,3,170,170,5.2734369590179995,STU_0522,time_sensitive,15.244421047070432,15.3277743155584,0.9945619457351116,union_observed_max_per_profile
equalization,nsga3,170,equalized,4,170,170,4.806320708012208,STU_0522,time_sensitive,15.27945386197325,15.3277743155584,0.9968475231569596,union_observed_max_per_profile
equalization,nsga3,170,equalized,5,170,170,5.04005445796065,STU_0522,time_sensitive,15.3277743155584,15.3277743155584,1.0,union_observed_max_per_profile
equalization,nsga3,170,equalized,6,170,170,5.41944849997526,STU_0522,time_sensitive,15.272736682441344,15.3277743155584,0.9964092873509242,union_observed_max_per_profile
equalization,nsga3,170,equalized,7,170,170,5.13179462502012,STU_0522,time_sensitive,15.298620225832064,15.3277743155584,0.9980979567466136,union_observed_max_per_profile
equalization,nsga3,170,equalized,8,170,170,5.024098999972921,STU_0522,time_sensitive,15.262691784541776,15.3277743155584,0.9957539477241284,union_observed_max_per_profile
equalization,nsga3,170,equalized,9,170,170,5.180284624977503,STU_0522,time_sensitive,15.223944394732651,15.3277743155584,0.993226027557024,union_observed_max_per_profile
equalization,nsga2,168,as_published,0,168,168,4.529856125009246,STU_0522,time_sensitive,14.966530299803685,15.3277743155584,0.976432063239081,union_observed_max_per_profile
equalization,nsga2,168,as_published,1,168,168,4.492513500037603,STU_0522,time_sensitive,15.182883472946015,15.3277743155584,0.9905471701481596,union_observed_max_per_profile
equalization,nsga2,168,as_published,2,168,168,5.008859957975801,STU_0522,time_sensitive,15.116187139671204,15.3277743155584,0.9861958317280008,union_observed_max_per_profile
equalization,nsga2,168,as_published,3,168,168,4.187975083012134,STU_0522,time_sensitive,15.001351471419278,15.3277743155584,0.9787038328318948,union_observed_max_per_profile
equalization,nsga2,168,as_published,4,168,168,4.428278249979485,STU_0522,time_sensitive,15.0469290254688,15.3277743155584,0.9816773600453832,union_observed_max_per_profile
equalization,nsga2,168,as_published,5,168,168,4.114687249995768,STU_0522,time_sensitive,14.503693642270376,15.3277743155584,0.9462361164561548,union_observed_max_per_profile
equalization,nsga2,168,as_published,6,168,168,4.773642707965337,STU_0522,time_sensitive,14.897790045429868,15.3277743155584,0.9719473772723756,union_observed_max_per_profile
equalization,nsga2,168,as_published,7,168,168,4.306260332989041,STU_0522,time_sensitive,14.847987529809206,15.3277743155584,0.9686982091547244,union_observed_max_per_profile
equalization,nsga2,168,as_published,8,168,168,4.259756207989994,STU_0522,time_sensitive,14.998014969146093,15.3277743155584,0.9784861559399666,union_observed_max_per_profile
equalization,nsga2,168,as_published,9,168,168,4.025724832958076,STU_0522,time_sensitive,14.892072426538048,15.3277743155584,0.9715743538461358,union_observed_max_per_profile
equalization,nsga3,170,as_published,0,170,170,4.818191833037417,STU_0522,time_sensitive,15.293446878513024,15.3277743155584,0.9977604421660532,union_observed_max_per_profile
equalization,nsga3,170,as_published,1,170,170,5.020420667016879,STU_0522,time_sensitive,15.282531006787702,15.3277743155584,0.997048279297486,union_observed_max_per_profile
equalization,nsga3,170,as_published,2,170,170,4.593744208978023,STU_0522,time_sensitive,15.194290956640057,15.3277743155584,0.9912914062948556,union_observed_max_per_profile
equalization,nsga3,170,as_published,3,170,170,4.733469208993483,STU_0522,time_sensitive,15.244421047070432,15.3277743155584,0.9945619457351116,union_observed_max_per_profile
equalization,nsga3,170,as_published,4,170,170,5.111184832989238,STU_0522,time_sensitive,15.27945386197325,15.3277743155584,0.9968475231569596,union_observed_max_per_profile
equalization,nsga3,170,as_published,5,170,170,4.901328916021157,STU_0522,time_sensitive,15.3277743155584,15.3277743155584,1.0,union_observed_max_per_profile
equalization,nsga3,170,as_published,6,170,170,4.880712042038795,STU_0522,time_sensitive,15.272736682441344,15.3277743155584,0.9964092873509242,union_observed_max_per_profile
equalization,nsga3,170,as_published,7,170,170,5.386260457977187,STU_0522,time_sensitive,15.298620225832064,15.3277743155584,0.9980979567466136,union_observed_max_per_profile
equalization,nsga3,170,as_published,8,170,170,4.830610667006113,STU_0522,time_sensitive,15.262691784541776,15.3277743155584,0.9957539477241284,union_observed_max_per_profile
equalization,nsga3,170,as_published,9,170,170,5.165719332988374,STU_0522,time_sensitive,15.223944394732651,15.3277743155584,0.993226027557024,union_observed_max_per_profile
equalization,nsga2,170,equalized,0,170,170,3.976045834016986,STU_0197,time_sensitive,12.777178311672,13.617010976442865,0.9383247420286466,union_observed_max_per_profile
equalization,nsga2,170,equalized,1,170,170,4.1164151660050265,STU_0197,time_sensitive,13.193142251732867,13.617010976442865,0.9688721169834348,union_observed_max_per_profile
equalization,nsga2,170,equalized,2,170,170,4.094420625013299,STU_0197,time_sensitive,12.954732396936391,13.617010976442865,0.9513638800282824,union_observed_max_per_profile
equalization,nsga2,170,equalized,3,170,170,4.454042500001378,STU_0197,time_sensitive,13.317868180742556,13.617010976442865,0.9780316843235406,union_observed_max_per_profile
equalization,nsga2,170,equalized,4,170,170,4.599274749984033,STU_0197,time_sensitive,13.210260347534753,13.617010976442865,0.9701292280947864,union_observed_max_per_profile
equalization,nsga2,170,equalized,5,170,170,6.2184915419784375,STU_0197,time_sensitive,12.98627540751055,13.617010976442865,0.9536803216195188,union_observed_max_per_profile
equalization,nsga2,170,equalized,6,170,170,4.48728870798368,STU_0197,time_sensitive,12.861886566493007,13.617010976442865,0.9445455091975614,union_observed_max_per_profile
equalization,nsga2,170,equalized,7,170,170,4.060686709010042,STU_0197,time_sensitive,13.094563925504428,13.617010976442865,0.961632765675062,union_observed_max_per_profile
equalization,nsga2,170,equalized,8,170,170,4.39368345803814,STU_0197,time_sensitive,13.510135900671838,13.617010976442865,0.9921513556862136,union_observed_max_per_profile
equalization,nsga2,170,equalized,9,170,170,4.2543938329909,STU_0197,time_sensitive,13.293975149543316,13.617010976442865,0.9762770385176016,union_observed_max_per_profile
equalization,nsga3,170,equalized,0,170,170,4.553362041013315,STU_0197,time_sensitive,13.4934782095686,13.617010976442865,0.9909280555704938,union_observed_max_per_profile
equalization,nsga3,170,equalized,1,170,170,4.809903625049628,STU_0197,time_sensitive,13.574422164596262,13.617010976442865,0.99687238176423,union_observed_max_per_profile
equalization,nsga3,170,equalized,2,170,170,4.831835791002959,STU_0197,time_sensitive,13.610221337583774,13.617010976442865,0.9995013855191248,union_observed_max_per_profile
equalization,nsga3,170,equalized,3,170,170,4.667341457970906,STU_0197,time_sensitive,13.617010976442865,13.617010976442865,1.0,union_observed_max_per_profile
equalization,nsga3,170,equalized,4,170,170,4.708995041961316,STU_0197,time_sensitive,13.46998709105861,13.617010976442865,0.9892029252499976,union_observed_max_per_profile
equalization,nsga3,170,equalized,5,170,170,4.650034542020876,STU_0197,time_sensitive,13.473081683684535,13.617010976442865,0.9894301845678672,union_observed_max_per_profile
equalization,nsga3,170,equalized,6,170,170,4.435347708989866,STU_0197,time_sensitive,13.582489488018958,13.617010976442865,0.9974648262762196,union_observed_max_per_profile
equalization,nsga3,170,equalized,7,170,170,4.672556750010699,STU_0197,time_sensitive,13.38720843754198,13.617010976442865,0.9831238632840614,union_observed_max_per_profile
equalization,nsga3,170,equalized,8,170,170,4.706844667030964,STU_0197,time_sensitive,13.611276450273358,13.617010976442865,0.9995788704158772,union_observed_max_per_profile
equalization,nsga3,170,equalized,9,170,170,4.671144958003424,STU_0197,time_sensitive,13.574065226890363,13.617010976442865,0.9968461691316254,union_observed_max_per_profile
equalization,nsga2,168,as_published,0,168,168,3.970963458996266,STU_0197,time_sensitive,13.040119927448618,13.617010976442865,0.9576345315435042,union_observed_max_per_profile
equalization,nsga2,168,as_published,1,168,168,4.0613594590104185,STU_0197,time_sensitive,13.047759569745532,13.617010976442865,0.9581955681990618,union_observed_max_per_profile
equalization,nsga2,168,as_published,2,168,168,3.6879447500105016,STU_0197,time_sensitive,13.13012489786336,13.617010976442865,0.9642442765580636,union_observed_max_per_profile
equalization,nsga2,168,as_published,3,168,168,4.338847291015554,STU_0197,time_sensitive,13.11415812137897,13.617010976442865,0.9630717155230456,union_observed_max_per_profile
equalization,nsga2,168,as_published,4,168,168,2.822374375013169,STU_0197,time_sensitive,12.863245931918325,13.617010976442865,0.9446453376714952,union_observed_max_per_profile
equalization,nsga2,168,as_published,5,168,168,3.360304499976337,STU_0197,time_sensitive,12.90562532078872,13.617010976442865,0.9477575763958164,union_observed_max_per_profile
equalization,nsga2,168,as_published,6,168,168,3.2169748329906724,STU_0197,time_sensitive,13.072819391648208,13.617010976442865,0.9600359002620988,union_observed_max_per_profile
equalization,nsga2,168,as_published,7,168,168,3.298126332985703,STU_0197,time_sensitive,13.100785601163734,13.617010976442865,0.962089670326903,union_observed_max_per_profile
equalization,nsga2,168,as_published,8,168,168,3.2768196659744717,STU_0197,time_sensitive,12.994511408552698,13.617010976442865,0.954285153403557,union_observed_max_per_profile
equalization,nsga2,168,as_published,9,168,168,3.1981873330078088,STU_0197,time_sensitive,12.84736287257763,13.617010976442865,0.9434789246188676,union_observed_max_per_profile
equalization,nsga3,170,as_published,0,170,170,3.698295290989336,STU_0197,time_sensitive,13.4934782095686,13.617010976442865,0.9909280555704938,union_observed_max_per_profile
equalization,nsga3,170,as_published,1,170,170,3.5084907499840483,STU_0197,time_sensitive,13.574422164596262,13.617010976442865,0.99687238176423,union_observed_max_per_profile
equalization,nsga3,170,as_published,2,170,170,3.71445433300687,STU_0197,time_sensitive,13.610221337583774,13.617010976442865,0.9995013855191248,union_observed_max_per_profile
equalization,nsga3,170,as_published,3,170,170,3.679091625032015,STU_0197,time_sensitive,13.617010976442865,13.617010976442865,1.0,union_observed_max_per_profile
equalization,nsga3,170,as_published,4,170,170,3.993633999954909,STU_0197,time_sensitive,13.46998709105861,13.617010976442865,0.9892029252499976,union_observed_max_per_profile
equalization,nsga3,170,as_published,5,170,170,3.886255291989073,STU_0197,time_sensitive,13.473081683684535,13.617010976442865,0.9894301845678672,union_observed_max_per_profile
equalization,nsga3,170,as_published,6,170,170,3.5796971670351923,STU_0197,time_sensitive,13.582489488018958,13.617010976442865,0.9974648262762196,union_observed_max_per_profile
equalization,nsga3,170,as_published,7,170,170,3.530404874996748,STU_0197,time_sensitive,13.38720843754198,13.617010976442865,0.9831238632840614,union_observed_max_per_profile
equalization,nsga3,170,as_published,8,170,170,3.660547250008676,STU_0197,time_sensitive,13.611276450273358,13.617010976442865,0.9995788704158772,union_observed_max_per_profile
equalization,nsga3,170,as_published,9,170,170,3.763975540990941,STU_0197,time_sensitive,13.574065226890363,13.617010976442865,0.9968461691316254,union_observed_max_per_profile
equalization,nsga2,170,equalized,0,170,170,3.7561168750398792,STU_0302,time_sensitive,19.90432373282094,20.814272719799856,0.9562824510263424,union_observed_max_per_profile
equalization,nsga2,170,equalized,1,170,170,3.5270267089945264,STU_0302,time_sensitive,20.213382619028216,20.814272719799856,0.9711308625162756,union_observed_max_per_profile
equalization,nsga2,170,equalized,2,170,170,3.432677957986016,STU_0302,time_sensitive,20.06672188450165,20.814272719799856,0.9640847006589336,union_observed_max_per_profile
equalization,nsga2,170,equalized,3,170,170,3.3587556250276975,STU_0302,time_sensitive,20.279710340527224,20.814272719799856,0.9743175086408796,union_observed_max_per_profile
equalization,nsga2,170,equalized,4,170,170,3.4637586250319146,STU_0302,time_sensitive,19.795144964448845,20.814272719799856,0.9510370710968176,union_observed_max_per_profile
equalization,nsga2,170,equalized,5,170,170,3.5730273330118507,STU_0302,time_sensitive,19.90425185275412,20.814272719799856,0.9562789976235844,union_observed_max_per_profile
equalization,nsga2,170,equalized,6,170,170,3.6363047499908134,STU_0302,time_sensitive,20.092670130872285,20.814272719799856,0.965331357062448,union_observed_max_per_profile
equalization,nsga2,170,equalized,7,170,170,3.379755290981848,STU_0302,time_sensitive,20.00225748100308,20.814272719799856,0.9609875757021124,union_observed_max_per_profile
equalization,nsga2,170,equalized,8,170,170,3.506651791976765,STU_0302,time_sensitive,20.10270937223986,20.814272719799856,0.9658136819316724,union_observed_max_per_profile
equalization,nsga2,170,equalized,9,170,170,3.684372874966357,STU_0302,time_sensitive,20.25256929113165,20.814272719799856,0.9730135452614744,union_observed_max_per_profile
equalization,nsga3,170,equalized,0,170,170,4.037912208004855,STU_0302,time_sensitive,20.70408015057943,20.814272719799856,0.9947059130672578,union_observed_max_per_profile
equalization,nsga3,170,equalized,1,170,170,4.083058958989568,STU_0302,time_sensitive,20.535704854793423,20.814272719799856,0.9866164977870476,union_observed_max_per_profile
equalization,nsga3,170,equalized,2,170,170,4.1015428329701535,STU_0302,time_sensitive,20.750879764760676,20.814272719799856,0.996954351665678,union_observed_max_per_profile
equalization,nsga3,170,equalized,3,170,170,4.4461336670210585,STU_0302,time_sensitive,20.63521041453408,20.814272719799856,0.99139713850797,union_observed_max_per_profile
equalization,nsga3,170,equalized,4,170,170,4.326716125011444,STU_0302,time_sensitive,20.77983341343551,20.814272719799856,0.9983453994848648,union_observed_max_per_profile
equalization,nsga3,170,equalized,5,170,170,4.303223666967824,STU_0302,time_sensitive,20.69786796330807,20.814272719799856,0.9944074550161413,union_observed_max_per_profile
equalization,nsga3,170,equalized,6,170,170,4.261081249976996,STU_0302,time_sensitive,20.814272719799856,20.814272719799856,1.0,union_observed_max_per_profile
equalization,nsga3,170,equalized,7,170,170,4.436026374984067,STU_0302,time_sensitive,20.75490151920878,20.814272719799856,0.9971475726588996,union_observed_max_per_profile
equalization,nsga3,170,equalized,8,170,170,4.338198292010929,STU_0302,time_sensitive,20.61808325624467,20.814272719799856,0.9905742820709484,union_observed_max_per_profile
equalization,nsga3,170,equalized,9,170,170,4.450565916020423,STU_0302,time_sensitive,20.493492664341098,20.814272719799856,0.9845884571718132,union_observed_max_per_profile
equalization,nsga2,168,as_published,0,168,168,3.355093249992933,STU_0302,time_sensitive,20.207563882302043,20.814272719799856,0.9708513073857884,union_observed_max_per_profile
equalization,nsga2,168,as_published,1,168,168,3.725672750035301,STU_0302,time_sensitive,20.21851224809008,20.814272719799856,0.971377310188549,union_observed_max_per_profile
equalization,nsga2,168,as_published,2,168,168,3.4539194999961182,STU_0302,time_sensitive,19.905379046177483,20.814272719799856,0.9563331524546724,union_observed_max_per_profile
equalization,nsga2,168,as_published,3,168,168,3.4759129579761066,STU_0302,time_sensitive,19.513825239818487,20.814272719799856,0.9375213586615352,union_observed_max_per_profile
equalization,nsga2,168,as_published,4,168,168,3.4491512079839595,STU_0302,time_sensitive,20.009107840498206,20.814272719799856,0.9613166940713846,union_observed_max_per_profile
equalization,nsga2,168,as_published,5,168,168,3.4683101249975152,STU_0302,time_sensitive,20.37929002363144,20.814272719799856,0.9791017105414098,union_observed_max_per_profile
equalization,nsga2,168,as_published,6,168,168,3.474601417023223,STU_0302,time_sensitive,19.95583534506073,20.814272719799856,0.9587572726515432,union_observed_max_per_profile
equalization,nsga2,168,as_published,7,168,168,3.3955502080498263,STU_0302,time_sensitive,19.677421216489662,20.814272719799856,0.9453811565451072,union_observed_max_per_profile
equalization,nsga2,168,as_published,8,168,168,3.699789165984839,STU_0302,time_sensitive,20.042813772927143,20.814272719799856,0.9629360604015316,union_observed_max_per_profile
equalization,nsga2,168,as_published,9,168,168,3.4599387500202283,STU_0302,time_sensitive,19.948977070790495,20.814272719799856,0.9584277740251652,union_observed_max_per_profile
equalization,nsga3,170,as_published,0,170,170,4.158278166025411,STU_0302,time_sensitive,20.70408015057943,20.814272719799856,0.9947059130672578,union_observed_max_per_profile
equalization,nsga3,170,as_published,1,170,170,4.196563292003702,STU_0302,time_sensitive,20.535704854793423,20.814272719799856,0.9866164977870476,union_observed_max_per_profile
equalization,nsga3,170,as_published,2,170,170,4.219793250027578,STU_0302,time_sensitive,20.750879764760676,20.814272719799856,0.996954351665678,union_observed_max_per_profile
equalization,nsga3,170,as_published,3,170,170,4.288923916989006,STU_0302,time_sensitive,20.63521041453408,20.814272719799856,0.99139713850797,union_observed_max_per_profile
equalization,nsga3,170,as_published,4,170,170,4.234761125000659,STU_0302,time_sensitive,20.77983341343551,20.814272719799856,0.9983453994848648,union_observed_max_per_profile
equalization,nsga3,170,as_published,5,170,170,4.158822625002358,STU_0302,time_sensitive,20.69786796330807,20.814272719799856,0.9944074550161413,union_observed_max_per_profile
equalization,nsga3,170,as_published,6,170,170,4.557086791959591,STU_0302,time_sensitive,20.814272719799856,20.814272719799856,1.0,union_observed_max_per_profile
equalization,nsga3,170,as_published,7,170,170,4.388986083038617,STU_0302,time_sensitive,20.75490151920878,20.814272719799856,0.9971475726588996,union_observed_max_per_profile
equalization,nsga3,170,as_published,8,170,170,4.10204149998026,STU_0302,time_sensitive,20.61808325624467,20.814272719799856,0.9905742820709484,union_observed_max_per_profile
equalization,nsga3,170,as_published,9,170,170,4.2231442499905825,STU_0302,time_sensitive,20.493492664341098,20.814272719799856,0.9845884571718132,union_observed_max_per_profile
equalization,nsga2,170,equalized,0,170,170,3.814771124976687,STU_0175,time_sensitive,2.28571070236428,2.3452448726225725,0.9746149449239736,union_observed_max_per_profile
equalization,nsga2,170,equalized,1,170,170,3.617263333988376,STU_0175,time_sensitive,2.194060711310979,2.3452448726225725,0.9355358738541738,union_observed_max_per_profile
equalization,nsga2,170,equalized,2,170,170,3.4554405419621617,STU_0175,time_sensitive,2.2998793803226856,2.3452448726225725,0.9806563942087816,union_observed_max_per_profile
equalization,nsga2,170,equalized,3,170,170,3.550720542029012,STU_0175,time_sensitive,2.2617685599041772,2.3452448726225725,0.9644061421078612,union_observed_max_per_profile
equalization,nsga2,170,equalized,4,170,170,3.6024967919802293,STU_0175,time_sensitive,2.217974314134458,2.3452448726225725,0.945732507520294,union_observed_max_per_profile
equalization,nsga2,170,equalized,5,170,170,3.674024540989194,STU_0175,time_sensitive,2.2198108257473317,2.3452448726225725,0.9465155863511284,union_observed_max_per_profile
equalization,nsga2,170,equalized,6,170,170,3.944251584005542,STU_0175,time_sensitive,2.27920148176905,2.3452448726225725,0.9718394477163192,union_observed_max_per_profile
equalization,nsga2,170,equalized,7,170,170,3.634385625016875,STU_0175,time_sensitive,2.2690967770476167,2.3452448726225725,0.9675308551086168,union_observed_max_per_profile
equalization,nsga2,170,equalized,8,170,170,3.41004183399491,STU_0175,time_sensitive,2.290430916201129,2.3452448726225725,0.9766276191193,union_observed_max_per_profile
equalization,nsga2,170,equalized,9,170,170,3.5936622499721125,STU_0175,time_sensitive,2.2916970172508413,2.3452448726225725,0.9771674779052596,union_observed_max_per_profile
equalization,nsga3,170,equalized,0,170,170,4.168300541001372,STU_0175,time_sensitive,2.3358172333883345,2.3452448726225725,0.995980104532242,union_observed_max_per_profile
equalization,nsga3,170,equalized,1,170,170,4.394003749999683,STU_0175,time_sensitive,2.319588169962715,2.3452448726225725,0.9890601177901024,union_observed_max_per_profile
equalization,nsga3,170,equalized,2,170,170,4.415125832951162,STU_0175,time_sensitive,2.3312500956474915,2.3452448726225725,0.9940327011740008,union_observed_max_per_profile
equalization,nsga3,170,equalized,3,170,170,4.127081250015181,STU_0175,time_sensitive,2.3284319449386572,2.3452448726225725,0.9928310566285924,union_observed_max_per_profile
equalization,nsga3,170,equalized,4,170,170,4.445376124989707,STU_0175,time_sensitive,2.3118298698865045,2.3452448726225725,0.985752019703298,union_observed_max_per_profile
equalization,nsga3,170,equalized,5,170,170,4.453227958991192,STU_0175,time_sensitive,2.3305365208069007,2.3452448726225725,0.9937284366390174,union_observed_max_per_profile
equalization,nsga3,170,equalized,6,170,170,4.407898792007472,STU_0175,time_sensitive,2.3452448726225725,2.3452448726225725,1.0,union_observed_max_per_profile
equalization,nsga3,170,equalized,7,170,170,4.702542459010147,STU_0175,time_sensitive,2.3068608237195796,2.3452448726225725,0.9836332447195292,union_observed_max_per_profile
equalization,nsga3,170,equalized,8,170,170,4.5554667910328135,STU_0175,time_sensitive,2.3245905068517807,2.3452448726225725,0.99119308776158,union_observed_max_per_profile
equalization,nsga3,170,equalized,9,170,170,4.54500400001416,STU_0175,time_sensitive,2.321756990237711,2.3452448726225725,0.9899848912755128,union_observed_max_per_profile
equalization,nsga2,168,as_published,0,168,168,3.9900444999802858,STU_0175,time_sensitive,2.2824460309488384,2.3452448726225725,0.97322290631276,union_observed_max_per_profile
equalization,nsga2,168,as_published,1,168,168,3.8599359589861706,STU_0175,time_sensitive,2.292234478643783,2.3452448726225725,0.977396648598357,union_observed_max_per_profile
equalization,nsga2,168,as_published,2,168,168,4.165898958046455,STU_0175,time_sensitive,2.292437496371284,2.3452448726225725,0.9774832142827642,union_observed_max_per_profile
equalization,nsga2,168,as_published,3,168,168,4.66179933300009,STU_0175,time_sensitive,2.220707122133706,2.3452448726225725,0.9468977623860648,union_observed_max_per_profile
equalization,nsga2,168,as_published,4,168,168,4.386966334015597,STU_0175,time_sensitive,2.266976865820971,2.3452448726225725,0.966626936182541,union_observed_max_per_profile
equalization,nsga2,168,as_published,5,168,168,6.209722957981285,STU_0175,time_sensitive,2.2539241225560844,2.3452448726225725,0.961061315544262,union_observed_max_per_profile
equalization,nsga2,168,as_published,6,168,168,3.7028574170544744,STU_0175,time_sensitive,2.285373886329304,2.3452448726225725,0.9744713283494708,union_observed_max_per_profile
equalization,nsga2,168,as_published,7,168,168,3.5564695409848355,STU_0175,time_sensitive,2.2793035518151687,2.3452448726225725,0.971882969843714,union_observed_max_per_profile
equalization,nsga2,168,as_published,8,168,168,4.001405707967933,STU_0175,time_sensitive,2.298603814101377,2.3452448726225725,0.9801124995237536,union_observed_max_per_profile
equalization,nsga2,168,as_published,9,168,168,4.747712708020117,STU_0175,time_sensitive,2.277327319214032,2.3452448726225725,0.9710403147230456,union_observed_max_per_profile
equalization,nsga3,170,as_published,0,170,170,5.8701089159585536,STU_0175,time_sensitive,2.3358172333883345,2.3452448726225725,0.995980104532242,union_observed_max_per_profile
equalization,nsga3,170,as_published,1,170,170,5.658120415988378,STU_0175,time_sensitive,2.319588169962715,2.3452448726225725,0.9890601177901024,union_observed_max_per_profile
equalization,nsga3,170,as_published,2,170,170,4.922408375015948,STU_0175,time_sensitive,2.3312500956474915,2.3452448726225725,0.9940327011740008,union_observed_max_per_profile
equalization,nsga3,170,as_published,3,170,170,4.983659124991391,STU_0175,time_sensitive,2.3284319449386572,2.3452448726225725,0.9928310566285924,union_observed_max_per_profile
equalization,nsga3,170,as_published,4,170,170,5.089259708009195,STU_0175,time_sensitive,2.3118298698865045,2.3452448726225725,0.985752019703298,union_observed_max_per_profile
equalization,nsga3,170,as_published,5,170,170,5.195391750021372,STU_0175,time_sensitive,2.3305365208069007,2.3452448726225725,0.9937284366390174,union_observed_max_per_profile
equalization,nsga3,170,as_published,6,170,170,5.230310584011022,STU_0175,time_sensitive,2.3452448726225725,2.3452448726225725,1.0,union_observed_max_per_profile
equalization,nsga3,170,as_published,7,170,170,5.46631641703425,STU_0175,time_sensitive,2.3068608237195796,2.3452448726225725,0.9836332447195292,union_observed_max_per_profile
equalization,nsga3,170,as_published,8,170,170,5.41816366702551,STU_0175,time_sensitive,2.3245905068517807,2.3452448726225725,0.99119308776158,union_observed_max_per_profile
equalization,nsga3,170,as_published,9,170,170,5.202662124997005,STU_0175,time_sensitive,2.321756990237711,2.3452448726225725,0.9899848912755128,union_observed_max_per_profile
equalization,nsga2,170,equalized,0,170,170,5.113383500021882,STU_0243,time_sensitive,4.319090113050474,4.4021374680241605,0.981134765650342,union_observed_max_per_profile
equalization,nsga2,170,equalized,1,170,170,4.822639415971935,STU_0243,time_sensitive,4.372729081024728,4.4021374680241605,0.9933195209797409,union_observed_max_per_profile
equalization,nsga2,170,equalized,2,170,170,4.428095250041224,STU_0243,time_sensitive,4.278365507878538,4.4021374680241605,0.9718836676399442,union_observed_max_per_profile
equalization,nsga2,170,equalized,3,170,170,4.624349874968175,STU_0243,time_sensitive,4.346490390396924,4.4021374680241605,0.9873590777136242,union_observed_max_per_profile
equalization,nsga2,170,equalized,4,170,170,4.180263000016566,STU_0243,time_sensitive,4.38252995801707,4.4021374680241605,0.9955459114692548,union_observed_max_per_profile
equalization,nsga2,170,equalized,5,170,170,3.85532112501096,STU_0243,time_sensitive,4.363353678586813,4.4021374680241605,0.9911897823002888,union_observed_max_per_profile
equalization,nsga2,170,equalized,6,170,170,3.996575915953144,STU_0243,time_sensitive,4.2960582633582955,4.4021374680241605,0.9759027959857244,union_observed_max_per_profile
equalization,nsga2,170,equalized,7,170,170,4.165604292007629,STU_0243,time_sensitive,4.2932841798139485,4.4021374680241605,0.9752726285807995,union_observed_max_per_profile
equalization,nsga2,170,equalized,8,170,170,4.191638667020015,STU_0243,time_sensitive,4.343041128762016,4.4021374680241605,0.9865755352504544,union_observed_max_per_profile
equalization,nsga2,170,equalized,9,170,170,4.348336540977471,STU_0243,time_sensitive,4.342408555449055,4.4021374680241605,0.9864318383946528,union_observed_max_per_profile
equalization,nsga3,170,equalized,0,170,170,5.081409415986855,STU_0243,time_sensitive,4.358962216857497,4.4021374680241605,0.9901922074264432,union_observed_max_per_profile
equalization,nsga3,170,equalized,1,170,170,4.889356500003487,STU_0243,time_sensitive,4.376440395414993,4.4021374680241605,0.9941625919690552,union_observed_max_per_profile
equalization,nsga3,170,equalized,2,170,170,4.688888832984958,STU_0243,time_sensitive,4.362336114922251,4.4021374680241605,0.990958630122068,union_observed_max_per_profile
equalization,nsga3,170,equalized,3,170,170,5.089259125001263,STU_0243,time_sensitive,4.391878622817567,4.4021374680241605,0.9976695763635028,union_observed_max_per_profile
equalization,nsga3,170,equalized,4,170,170,5.034478790999856,STU_0243,time_sensitive,4.387400947812299,4.4021374680241605,0.9966524170771806,union_observed_max_per_profile
equalization,nsga3,170,equalized,5,170,170,4.961850334017072,STU_0243,time_sensitive,4.362938195012497,4.4021374680241605,0.991095400064992,union_observed_max_per_profile
equalization,nsga3,170,equalized,6,170,170,5.163479583046865,STU_0243,time_sensitive,4.4021374680241605,4.4021374680241605,1.0,union_observed_max_per_profile
equalization,nsga3,170,equalized,7,170,170,4.892446584010031,STU_0243,time_sensitive,4.394204104977138,4.4021374680241605,0.9981978384126692,union_observed_max_per_profile
equalization,nsga3,170,equalized,8,170,170,4.969200708030257,STU_0243,time_sensitive,4.365887072782867,4.4021374680241605,0.9917652741413449,union_observed_max_per_profile
equalization,nsga3,170,equalized,9,170,170,4.7760275839827955,STU_0243,time_sensitive,4.378180873952118,4.4021374680241605,0.9945579632062704,union_observed_max_per_profile
equalization,nsga2,168,as_published,0,168,168,4.4871155419969,STU_0243,time_sensitive,4.326699087865421,4.4021374680241605,0.9828632384366228,union_observed_max_per_profile
equalization,nsga2,168,as_published,1,168,168,4.026709083002061,STU_0243,time_sensitive,4.3137034441249575,4.4021374680241605,0.979911117146713,union_observed_max_per_profile
equalization,nsga2,168,as_published,2,168,168,4.250975292001385,STU_0243,time_sensitive,4.394040546037773,4.4021374680241605,0.9981606839756364,union_observed_max_per_profile
equalization,nsga2,168,as_published,3,168,168,4.192893792001996,STU_0243,time_sensitive,4.300687542691295,4.4021374680241605,0.9769543940711148,union_observed_max_per_profile
equalization,nsga2,168,as_published,4,168,168,4.399418915971182,STU_0243,time_sensitive,4.369428090740102,4.4021374680241605,0.9925696601885676,union_observed_max_per_profile
equalization,nsga2,168,as_published,5,168,168,4.175356791995,STU_0243,time_sensitive,4.377098793659962,4.4021374680241605,0.9943121552777322,union_observed_max_per_profile
equalization,nsga2,168,as_published,6,168,168,4.195118375006132,STU_0243,time_sensitive,4.384017376384276,4.4021374680241605,0.9958837969573864,union_observed_max_per_profile
equalization,nsga2,168,as_published,7,168,168,4.400087165995501,STU_0243,time_sensitive,4.342411904741802,4.4021374680241605,0.986432599227946,union_observed_max_per_profile
equalization,nsga2,168,as_published,8,168,168,4.675869250029791,STU_0243,time_sensitive,4.332401529716685,4.4021374680241605,0.9841586186678593,union_observed_max_per_profile
equalization,nsga2,168,as_published,9,168,168,4.356009874958545,STU_0243,time_sensitive,4.369735115592382,4.4021374680241605,0.9926394046830342,union_observed_max_per_profile
equalization,nsga3,170,as_published,0,170,170,5.272675083018839,STU_0243,time_sensitive,4.358962216857497,4.4021374680241605,0.9901922074264432,union_observed_max_per_profile
equalization,nsga3,170,as_published,1,170,170,4.979038332996424,STU_0243,time_sensitive,4.376440395414993,4.4021374680241605,0.9941625919690552,union_observed_max_per_profile
equalization,nsga3,170,as_published,2,170,170,5.285354749998078,STU_0243,time_sensitive,4.362336114922251,4.4021374680241605,0.990958630122068,union_observed_max_per_profile
equalization,nsga3,170,as_published,3,170,170,5.179639042005874,STU_0243,time_sensitive,4.391878622817567,4.4021374680241605,0.9976695763635028,union_observed_max_per_profile
equalization,nsga3,170,as_published,4,170,170,4.9989605419686995,STU_0243,time_sensitive,4.387400947812299,4.4021374680241605,0.9966524170771806,union_observed_max_per_profile
equalization,nsga3,170,as_published,5,170,170,5.633838500012644,STU_0243,time_sensitive,4.362938195012497,4.4021374680241605,0.991095400064992,union_observed_max_per_profile
equalization,nsga3,170,as_published,6,170,170,5.117290458001662,STU_0243,time_sensitive,4.4021374680241605,4.4021374680241605,1.0,union_observed_max_per_profile
equalization,nsga3,170,as_published,7,170,170,4.8626618750276975,STU_0243,time_sensitive,4.394204104977138,4.4021374680241605,0.9981978384126692,union_observed_max_per_profile
equalization,nsga3,170,as_published,8,170,170,5.398089249967597,STU_0243,time_sensitive,4.365887072782867,4.4021374680241605,0.9917652741413449,union_observed_max_per_profile
equalization,nsga3,170,as_published,9,170,170,5.062613375019282,STU_0243,time_sensitive,4.378180873952118,4.4021374680241605,0.9945579632062704,union_observed_max_per_profile
equalization,nsga2,170,equalized,0,170,170,4.405560582992621,STU_0023,time_sensitive,8.01620218563316,8.383519331901917,0.9561858055398048,union_observed_max_per_profile
equalization,nsga2,170,equalized,1,170,170,4.062088667007629,STU_0023,time_sensitive,8.105106690756237,8.383519331901917,0.96679048140484,union_observed_max_per_profile
equalization,nsga2,170,equalized,2,170,170,4.120121792017017,STU_0023,time_sensitive,8.009777253837555,8.383519331901917,0.9554194290884312,union_observed_max_per_profile
equalization,nsga2,170,equalized,3,170,170,3.94940141600091,STU_0023,time_sensitive,8.124322966528466,8.383519331901917,0.9690826304429062,union_observed_max_per_profile
equalization,nsga2,170,equalized,4,170,170,4.373961832956411,STU_0023,time_sensitive,8.157592369085192,8.383519331901917,0.973051059600113,union_observed_max_per_profile
equalization,nsga2,170,equalized,5,170,170,4.137907457945403,STU_0023,time_sensitive,7.98413734637498,8.383519331901917,0.9523610586776888,union_observed_max_per_profile
equalization,nsga2,170,equalized,6,170,170,4.355517083022278,STU_0023,time_sensitive,8.197771892725964,8.383519331901917,0.9778437393864976,union_observed_max_per_profile
equalization,nsga2,170,equalized,7,170,170,3.7418375419802032,STU_0023,time_sensitive,8.106219839825062,8.383519331901917,0.9669232596599804,union_observed_max_per_profile
equalization,nsga2,170,equalized,8,170,170,4.053599042003043,STU_0023,time_sensitive,8.16118077557725,8.383519331901917,0.9734790906393452,union_observed_max_per_profile
equalization,nsga2,170,equalized,9,170,170,4.370986499998253,STU_0023,time_sensitive,8.247298920858988,8.383519331901917,0.9837514049112324,union_observed_max_per_profile
equalization,nsga3,170,equalized,0,170,170,5.109582125034649,STU_0023,time_sensitive,8.292894577612378,8.383519331901917,0.9891901299798184,union_observed_max_per_profile
equalization,nsga3,170,equalized,1,170,170,5.1161890419898555,STU_0023,time_sensitive,8.271020708151573,8.383519331901917,0.9865809787874824,union_observed_max_per_profile
equalization,nsga3,170,equalized,2,170,170,4.81550279201474,STU_0023,time_sensitive,8.314603157754698,8.383519331901917,0.9917795651898872,union_observed_max_per_profile
equalization,nsga3,170,equalized,3,170,170,5.048684875015169,STU_0023,time_sensitive,8.367187892640114,8.383519331901917,0.9980519590144372,union_observed_max_per_profile
equalization,nsga3,170,equalized,4,170,170,5.01090433401987,STU_0023,time_sensitive,8.301191722138574,8.383519331901917,0.9901798270506682,union_observed_max_per_profile
equalization,nsga3,170,equalized,5,170,170,5.024099833972286,STU_0023,time_sensitive,8.27896221883227,8.383519331901917,0.987528255267239,union_observed_max_per_profile
equalization,nsga3,170,equalized,6,170,170,4.849254374974407,STU_0023,time_sensitive,8.383519331901917,8.383519331901917,1.0,union_observed_max_per_profile
equalization,nsga3,170,equalized,7,170,170,5.193684333004057,STU_0023,time_sensitive,8.287889435147685,8.383519331901917,0.9885931083393188,union_observed_max_per_profile
equalization,nsga3,170,equalized,8,170,170,5.329229541996028,STU_0023,time_sensitive,8.34710124043828,8.383519331901917,0.9956559900416696,union_observed_max_per_profile
equalization,nsga3,170,equalized,9,170,170,5.170284666994121,STU_0023,time_sensitive,8.31638494818123,8.383519331901917,0.9919921000879404,union_observed_max_per_profile
equalization,nsga2,168,as_published,0,168,168,4.727747333003208,STU_0023,time_sensitive,8.021651579316698,8.383519331901917,0.9568358181977108,union_observed_max_per_profile
equalization,nsga2,168,as_published,1,168,168,4.570579709019512,STU_0023,time_sensitive,8.262393394224544,8.383519331901917,0.9855518985664588,union_observed_max_per_profile
equalization,nsga2,168,as_published,2,168,168,4.405633124988526,STU_0023,time_sensitive,8.170872490091961,8.383519331901917,0.9746351343163524,union_observed_max_per_profile
equalization,nsga2,168,as_published,3,168,168,4.341499917034525,STU_0023,time_sensitive,8.186124800991378,8.383519331901917,0.976454455092697,union_observed_max_per_profile
equalization,nsga2,168,as_published,4,168,168,4.382862208003644,STU_0023,time_sensitive,8.0660384592994,8.383519331901917,0.962130358381306,union_observed_max_per_profile
equalization,nsga2,168,as_published,5,168,168,4.323424917005468,STU_0023,time_sensitive,7.824272787343398,8.383519331901917,0.933292150656776,union_observed_max_per_profile
equalization,nsga2,168,as_published,6,168,168,5.176655415969435,STU_0023,time_sensitive,7.944716580509945,8.383519331901917,0.9476588847690504,union_observed_max_per_profile
equalization,nsga2,168,as_published,7,168,168,5.396099083009176,STU_0023,time_sensitive,7.9549729792961505,8.383519331901917,0.9488822849164296,union_observed_max_per_profile
equalization,nsga2,168,as_published,8,168,168,4.374312500003725,STU_0023,time_sensitive,7.890271327956191,8.383519331901917,0.9411645653313206,union_observed_max_per_profile
equalization,nsga2,168,as_published,9,168,168,4.278824542008806,STU_0023,time_sensitive,8.08992136033998,8.383519331901917,0.9649791501708948,union_observed_max_per_profile
equalization,nsga3,170,as_published,0,170,170,4.415776207984891,STU_0023,time_sensitive,8.292894577612378,8.383519331901917,0.9891901299798184,union_observed_max_per_profile
equalization,nsga3,170,as_published,1,170,170,5.110483959026169,STU_0023,time_sensitive,8.271020708151573,8.383519331901917,0.9865809787874824,union_observed_max_per_profile
equalization,nsga3,170,as_published,2,170,170,4.544070374977309,STU_0023,time_sensitive,8.314603157754698,8.383519331901917,0.9917795651898872,union_observed_max_per_profile
equalization,nsga3,170,as_published,3,170,170,4.537933374987915,STU_0023,time_sensitive,8.367187892640114,8.383519331901917,0.9980519590144372,union_observed_max_per_profile
equalization,nsga3,170,as_published,4,170,170,4.691104500030633,STU_0023,time_sensitive,8.301191722138574,8.383519331901917,0.9901798270506682,union_observed_max_per_profile
equalization,nsga3,170,as_published,5,170,170,4.389970541989896,STU_0023,time_sensitive,8.27896221883227,8.383519331901917,0.987528255267239,union_observed_max_per_profile
equalization,nsga3,170,as_published,6,170,170,4.363769832998514,STU_0023,time_sensitive,8.383519331901917,8.383519331901917,1.0,union_observed_max_per_profile
equalization,nsga3,170,as_published,7,170,170,4.723714916035533,STU_0023,time_sensitive,8.287889435147685,8.383519331901917,0.9885931083393188,union_observed_max_per_profile
equalization,nsga3,170,as_published,8,170,170,4.582135542004835,STU_0023,time_sensitive,8.34710124043828,8.383519331901917,0.9956559900416696,union_observed_max_per_profile
equalization,nsga3,170,as_published,9,170,170,4.694151834002696,STU_0023,time_sensitive,8.31638494818123,8.383519331901917,0.9919921000879404,union_observed_max_per_profile
equalization,nsga2,170,equalized,0,170,170,4.377124458027538,STU_0244,time_sensitive,1.2421774523969398,1.2497589826721345,0.9939336060950054,union_observed_max_per_profile
equalization,nsga2,170,equalized,1,170,170,4.124458957987372,STU_0244,time_sensitive,1.2387288671633423,1.2497589826721345,0.99117420585751,union_observed_max_per_profile
equalization,nsga2,170,equalized,2,170,170,4.296366124995984,STU_0244,time_sensitive,1.2332789080741824,1.2497589826721345,0.9868133977619304,union_observed_max_per_profile
equalization,nsga2,170,equalized,3,170,170,3.8344597080140375,STU_0244,time_sensitive,1.202663840587131,1.2497589826721345,0.962316620454043,union_observed_max_per_profile
equalization,nsga2,170,equalized,4,170,170,4.284859957988374,STU_0244,time_sensitive,1.2330151271568426,1.2497589826721345,0.9866023323317178,union_observed_max_per_profile
equalization,nsga2,170,equalized,5,170,170,4.124869042017963,STU_0244,time_sensitive,1.2274710288090485,1.2497589826721345,0.9821661983053472,union_observed_max_per_profile
equalization,nsga2,170,equalized,6,170,170,4.27488679101225,STU_0244,time_sensitive,1.226582237031527,1.2497589826721345,0.9814550277597904,union_observed_max_per_profile
equalization,nsga2,170,equalized,7,170,170,3.6213282080134377,STU_0244,time_sensitive,1.2224966775842576,1.2497589826721345,0.9781859498784424,union_observed_max_per_profile
equalization,nsga2,170,equalized,8,170,170,4.003929124970455,STU_0244,time_sensitive,1.241205991306296,1.2497589826721345,0.99315628734466,union_observed_max_per_profile
equalization,nsga2,170,equalized,9,170,170,4.190844250028022,STU_0244,time_sensitive,1.1859635320114006,1.2497589826721345,0.948953797055868,union_observed_max_per_profile
equalization,nsga3,170,equalized,0,170,170,4.851362042012624,STU_0244,time_sensitive,1.2446562591191046,1.2497589826721345,0.995917033905114,union_observed_max_per_profile
equalization,nsga3,170,equalized,1,170,170,4.641205332998652,STU_0244,time_sensitive,1.2469483222763948,1.2497589826721345,0.9977510380523692,union_observed_max_per_profile
equalization,nsga3,170,equalized,2,170,170,4.894160334020853,STU_0244,time_sensitive,1.2454653120826489,1.2497589826721345,0.996564401097318,union_observed_max_per_profile
equalization,nsga3,170,equalized,3,170,170,5.599457083968446,STU_0244,time_sensitive,1.2395302568953848,1.2497589826721345,0.9918154412822228,union_observed_max_per_profile
equalization,nsga3,170,equalized,4,170,170,5.314080208016094,STU_0244,time_sensitive,1.2497589826721345,1.2497589826721345,1.0,union_observed_max_per_profile
equalization,nsga3,170,equalized,5,170,170,4.7063662089640275,STU_0244,time_sensitive,1.245686846167426,1.2497589826721345,0.9967416625436036,union_observed_max_per_profile
equalization,nsga3,170,equalized,6,170,170,4.878882125020027,STU_0244,time_sensitive,1.237357902066352,1.2497589826721345,0.9900772222662748,union_observed_max_per_profile
equalization,nsga3,170,equalized,7,170,170,4.490424834017176,STU_0244,time_sensitive,1.246654191397571,1.2497589826721345,0.997515687970552,union_observed_max_per_profile
equalization,nsga3,170,equalized,8,170,170,4.426756875007413,STU_0244,time_sensitive,1.2436393195363311,1.2497589826721345,0.995103325344605,union_observed_max_per_profile
equalization,nsga3,170,equalized,9,170,170,4.432617750018835,STU_0244,time_sensitive,1.2457432637108148,1.2497589826721345,0.9967868052824608,union_observed_max_per_profile
equalization,nsga2,168,as_published,0,168,168,3.9246182079659775,STU_0244,time_sensitive,1.22740448302769,1.2497589826721345,0.9821129514135216,union_observed_max_per_profile
equalization,nsga2,168,as_published,1,168,168,3.755671082995832,STU_0244,time_sensitive,1.2154730003523095,1.2497589826721345,0.9725659244740796,union_observed_max_per_profile
equalization,nsga2,168,as_published,2,168,168,3.5629217500099912,STU_0244,time_sensitive,1.1983615408929027,1.2497589826721345,0.958874116936261,union_observed_max_per_profile
equalization,nsga2,168,as_published,3,168,168,3.787727667018771,STU_0244,time_sensitive,1.224466415798002,1.2497589826721345,0.979762044342299,union_observed_max_per_profile
equalization,nsga2,168,as_published,4,168,168,3.501092582999263,STU_0244,time_sensitive,1.239080181593656,1.2497589826721345,0.9914553116028456,union_observed_max_per_profile
equalization,nsga2,168,as_published,5,168,168,3.505750166019425,STU_0244,time_sensitive,1.2397195712451654,1.2497589826721345,0.9919669219696238,union_observed_max_per_profile
equalization,nsga2,168,as_published,6,168,168,3.79273991700029,STU_0244,time_sensitive,1.2311647637028678,1.2497589826721345,0.985121756092915,union_observed_max_per_profile
equalization,nsga2,168,as_published,7,168,168,3.535042333009187,STU_0244,time_sensitive,1.2051901300740455,1.2497589826721345,0.964338041801632,union_observed_max_per_profile
equalization,nsga2,168,as_published,8,168,168,3.899271834001411,STU_0244,time_sensitive,1.2343932168739264,1.2497589826721345,0.9877050167182204,union_observed_max_per_profile
equalization,nsga2,168,as_published,9,168,168,3.641553416964598,STU_0244,time_sensitive,1.2371678193182645,1.2497589826721345,0.989925126741679,union_observed_max_per_profile
equalization,nsga3,170,as_published,0,170,170,4.483211459009908,STU_0244,time_sensitive,1.2446562591191046,1.2497589826721345,0.995917033905114,union_observed_max_per_profile
equalization,nsga3,170,as_published,1,170,170,4.676947708008811,STU_0244,time_sensitive,1.2469483222763948,1.2497589826721345,0.9977510380523692,union_observed_max_per_profile
equalization,nsga3,170,as_published,2,170,170,4.372142957989126,STU_0244,time_sensitive,1.2454653120826489,1.2497589826721345,0.996564401097318,union_observed_max_per_profile
equalization,nsga3,170,as_published,3,170,170,4.426521958026569,STU_0244,time_sensitive,1.2395302568953848,1.2497589826721345,0.9918154412822228,union_observed_max_per_profile
equalization,nsga3,170,as_published,4,170,170,4.361452625016682,STU_0244,time_sensitive,1.2497589826721345,1.2497589826721345,1.0,union_observed_max_per_profile
equalization,nsga3,170,as_published,5,170,170,4.586810291046277,STU_0244,time_sensitive,1.245686846167426,1.2497589826721345,0.9967416625436036,union_observed_max_per_profile
equalization,nsga3,170,as_published,6,170,170,5.486888207960874,STU_0244,time_sensitive,1.237357902066352,1.2497589826721345,0.9900772222662748,union_observed_max_per_profile
equalization,nsga3,170,as_published,7,170,170,4.887507041974459,STU_0244,time_sensitive,1.246654191397571,1.2497589826721345,0.997515687970552,union_observed_max_per_profile
equalization,nsga3,170,as_published,8,170,170,5.316513125027996,STU_0244,time_sensitive,1.2436393195363311,1.2497589826721345,0.995103325344605,union_observed_max_per_profile
equalization,nsga3,170,as_published,9,170,170,4.946370291989297,STU_0244,time_sensitive,1.2457432637108148,1.2497589826721345,0.9967868052824608,union_observed_max_per_profile
