profile_id,algorithm,seed,hypervolume,igd,n_feasible_run,n_nondom_union,ref_point_obj1,ref_point_obj2,ref_point_obj3,ref_point_obj4,max_hv_profile,normalized_hv,normalization_scheme,plan_name
STU_0036,nsga2,0,18.854145059800857,0.22015834131455056,168,6668,39.38455755649002,8.89994455222495,1.247996599518247,0.1620410627147415,19.478905798603595,0.9679262918943051,union_observed_max_per_profile,representative_curves_10profiles
STU_0036,nsga2,1,19.11256075182875,0.20237876827544787,168,6668,39.38455755649002,8.89994455222495,1.247996599518247,0.1620410627147415,19.478905798603595,0.9811927296860222,union_observed_max_per_profile,representative_curves_10profiles
STU_0036,nsga2,2,19.061551414944777,0.21940448411134153,168,6668,39.38455755649002,8.89994455222495,1.247996599518247,0.1620410627147415,19.478905798603595,0.9785740334711851,union_observed_max_per_profile,representative_curves_10profiles
STU_0036,nsga2,3,19.035476062250847,0.22206832274120178,168,6668,39.38455755649002,8.89994455222495,1.247996599518247,0.1620410627147415,19.478905798603595,0.9772353878119511,union_observed_max_per_profile,representative_curves_10profiles
STU_0036,nsga2,4,18.966843840510005,0.22099385286966416,168,6668,39.38455755649002,8.89994455222495,1.247996599518247,0.1620410627147415,19.478905798603595,0.9737119752316735,union_observed_max_per_profile,representative_curves_10profiles
STU_0036,nsga2,5,19.018855897220398,0.250381199348136,168,6668,39.38455755649002,8.89994455222495,1.247996599518247,0.1620410627147415,19.478905798603595,0.9763821486617499,union_observed_max_per_profile,representative_curves_10profiles
STU_0036,nsga2,6,18.952091033998403,0.24163169239447643,168,6668,39.38455755649002,8.89994455222495,1.247996599518247,0.1620410627147415,19.478905798603595,0.972954601759871,union_observed_max_per_profile,representative_curves_10profiles
STU_0036,nsga2,7,18.86888345121733,0.24812931429692284,168,6668,39.38455755649002,8.89994455222495,1.247996599518247,0.1620410627147415,19.478905798603595,0.968682925329923,union_observed_max_per_profile,representative_curves_10profiles
STU_0036,nsga2,8,19.027281925902695,0.24859008068384814,168,6668,39.38455755649002,8.89994455222495,1.247996599518247,0.1620410627147415,19.478905798603595,0.9768147206331643,union_observed_max_per_profile,representative_curves_10profiles
STU_0036,nsga2,9,19.19844372708314,0.19860950637311714,168,6668,39.38455755649002,8.89994455222495,1.247996599518247,0.1620410627147415,19.478905798603595,0.9856017543069303,union_observed_max_per_profile,representative_curves_10profiles
STU_0036,nsga2,10,18.904990253522108,0.2631560338138832,168,6668,39.38455755649002,8.89994455222495,1.247996599518247,0.1620410627147415,19.478905798603595,0.9705365613954234,union_observed_max_per_profile,representative_curves_10profiles
STU_0036,nsga2,11,18.89813352642534,0.235294174521806,168,6668,39.38455755649002,8.89994455222495,1.247996599518247,0.1620410627147415,19.478905798603595,0.9701845535789855,union_observed_max_per_profile,representative_curves_10profiles
STU_0036,nsga2,12,19.10188170912845,0.22401057478115802,168,6668,39.38455755649002,8.89994455222495,1.247996599518247,0.1620410627147415,19.478905798603595,0.980644493413887,union_observed_max_per_profile,representative_curves_10profiles
STU_0036,nsga2,13,18.91436367748436,0.2445331154271856,168,6668,39.38455755649002,8.89994455222495,1.247996599518247,0.1620410627147415,19.478905798603595,0.9710177703534196,union_observed_max_per_profile,representative_curves_10profiles
STU_0036,nsga2,14,18.99439329322156,0.22967820581970075,168,6668,39.38455755649002,8.89994455222495,1.247996599518247,0.1620410627147415,19.478905798603595,0.9751262976272123,union_observed_max_per_profile,representative_curves_10profiles
STU_0036,nsga2,15,18.722009157485292,0.2442195491304382,168,6668,39.38455755649002,8.89994455222495,1.247996599518247,0.1620410627147415,19.478905798603595,0.9611427536564933,union_observed_max_per_profile,representative_curves_10profiles
STU_0036,nsga2,16,18.97906021847999,0.22251997534402138,168,6668,39.38455755649002,8.89994455222495,1.247996599518247,0.1620410627147415,19.478905798603595,0.9743391345852991,union_observed_max_per_profile,representative_curves_10profiles
STU_0036,nsga2,17,18.80202900363194,0.22522677564012608,168,6668,39.38455755649002,8.89994455222495,1.247996599518247,0.1620410627147415,19.478905798603595,0.9652507793830915,union_observed_max_per_profile,representative_curves_10profiles
STU_0036,nsga2,18,18.86153775180707,0.24556690823446528,168,6668,39.38455755649002,8.89994455222495,1.247996599518247,0.1620410627147415,19.478905798603595,0.9683058148553302,union_observed_max_per_profile,representative_curves_10profiles
STU_0036,nsga2,19,18.948100786725057,0.22922850063973216,168,6668,39.38455755649002,8.89994455222495,1.247996599518247,0.1620410627147415,19.478905798603595,0.9727497520976466,union_observed_max_per_profile,representative_curves_10profiles
STU_0036,nsga2,20,18.98577787505866,0.23215000678485814,168,6668,39.38455755649002,8.89994455222495,1.247996599518247,0.1620410627147415,19.478905798603595,0.9746840028570657,union_observed_max_per_profile,representative_curves_10profiles
STU_0036,nsga2,21,19.118461176410243,0.2276669480304,168,6668,39.38455755649002,8.89994455222495,1.247996599518247,0.1620410627147415,19.478905798603595,0.98149564323992,union_observed_max_per_profile,representative_curves_10profiles
STU_0036,nsga2,22,18.92287677364881,0.22844867931696747,168,6668,39.38455755649002,8.89994455222495,1.247996599518247,0.1620410627147415,19.478905798603595,0.9714548121591796,union_observed_max_per_profile,representative_curves_10profiles
STU_0036,nsga2,23,18.91511663042245,0.24609457627999465,168,6668,39.38455755649002,8.89994455222495,1.247996599518247,0.1620410627147415,19.478905798603595,0.9710564251395701,union_observed_max_per_profile,representative_curves_10profiles
STU_0036,nsga2,24,19.010651802839256,0.2407865823854254,168,6668,39.38455755649002,8.89994455222495,1.247996599518247,0.1620410627147415,19.478905798603595,0.9759609702615889,union_observed_max_per_profile,representative_curves_10profiles
STU_0036,nsga2,25,19.019527182146064,0.2355553637111256,168,6668,39.38455755649002,8.89994455222495,1.247996599518247,0.1620410627147415,19.478905798603595,0.9764166108092959,union_observed_max_per_profile,representative_curves_10profiles
STU_0036,nsga2,26,18.823811681371083,0.2707902823325691,168,6668,39.38455755649002,8.89994455222495,1.247996599518247,0.1620410627147415,19.478905798603595,0.9663690494730215,union_observed_max_per_profile,representative_curves_10profiles
STU_0036,nsga2,27,18.803041991220827,0.24897203683757863,168,6668,39.38455755649002,8.89994455222495,1.247996599518247,0.1620410627147415,19.478905798603595,0.9653027837204685,union_observed_max_per_profile,representative_curves_10profiles
STU_0036,nsga2,28,19.059297788233938,0.2060160900791464,168,6668,39.38455755649002,8.89994455222495,1.247996599518247,0.1620410627147415,19.478905798603595,0.9784583377162932,union_observed_max_per_profile,representative_curves_10profiles
STU_0036,nsga2,29,18.979722597140142,0.2578460461319821,168,6668,39.38455755649002,8.89994455222495,1.247996599518247,0.1620410627147415,19.478905798603595,0.974373139506674,union_observed_max_per_profile,representative_curves_10profiles
STU_0036,nsga3,0,19.419023785788152,0.20243099460554392,170,6668,39.38455755649002,8.89994455222495,1.247996599518247,0.1620410627147415,19.478905798603595,0.9969258020222196,union_observed_max_per_profile,representative_curves_10profiles
STU_0036,nsga3,1,19.37821420809312,0.19411080950409001,170,6668,39.38455755649002,8.89994455222495,1.247996599518247,0.1620410627147415,19.478905798603595,0.9948307368210747,union_observed_max_per_profile,representative_curves_10profiles
STU_0036,nsga3,2,19.410795342117684,0.1935346658368326,170,6668,39.38455755649002,8.89994455222495,1.247996599518247,0.1620410627147415,19.478905798603595,0.9965033735883257,union_observed_max_per_profile,representative_curves_10profiles
STU_0036,nsga3,3,19.425362645169937,0.239594310429952,170,6668,39.38455755649002,8.89994455222495,1.247996599518247,0.1620410627147415,19.478905798603595,0.9972512237603461,union_observed_max_per_profile,representative_curves_10profiles
STU_0036,nsga3,4,19.424563377245192,0.20036899902116112,170,6668,39.38455755649002,8.89994455222495,1.247996599518247,0.1620410627147415,19.478905798603595,0.997210191274589,union_observed_max_per_profile,representative_curves_10profiles
STU_0036,nsga3,5,19.4319945919168,0.21385248358295314,170,6668,39.38455755649002,8.89994455222495,1.247996599518247,0.1620410627147415,19.478905798603595,0.9975916918962585,union_observed_max_per_profile,representative_curves_10profiles
STU_0036,nsga3,6,19.385301614482167,0.21605460639863122,170,6668,39.38455755649002,8.89994455222495,1.247996599518247,0.1620410627147415,19.478905798603595,0.9951945871554994,union_observed_max_per_profile,representative_curves_10profiles
STU_0036,nsga3,7,19.385415905779475,0.19860716097766676,170,6668,39.38455755649002,8.89994455222495,1.247996599518247,0.1620410627147415,19.478905798603595,0.9952004545947944,union_observed_max_per_profile,representative_curves_10profiles
STU_0036,nsga3,8,19.457735745720008,0.1979986269497452,170,6668,39.38455755649002,8.89994455222495,1.247996599518247,0.1620410627147415,19.478905798603595,0.9989131805912268,union_observed_max_per_profile,representative_curves_10profiles
STU_0036,nsga3,9,19.478905798603595,0.22049918085098058,170,6668,39.38455755649002,8.89994455222495,1.247996599518247,0.1620410627147415,19.478905798603595,1.0,union_observed_max_per_profile,representative_curves_10profiles
STU_0036,nsga3,10,19.339965852033316,0.21076342940642978,170,6668,39.38455755649002,8.89994455222495,1.247996599518247,0.1620410627147415,19.478905798603595,0.9928671585556803,union_observed_max_per_profile,representative_curves_10profiles
STU_0036,nsga3,11,19.421673291609046,0.21193077231764565,170,6668,39.38455755649002,8.89994455222495,1.247996599518247,0.1620410627147415,19.478905798603595,0.9970618212549366,union_observed_max_per_profile,representative_curves_10profiles
STU_0036,nsga3,12,19.398334911781276,0.21251569178986474,170,6668,39.38455755649002,8.89994455222495,1.247996599518247,0.1620410627147415,19.478905798603595,0.9958636851753708,union_observed_max_per_profile,representative_curves_10profiles
STU_0036,nsga3,13,19.44789495772293,0.1991508932883375,170,6668,39.38455755649002,8.89994455222495,1.247996599518247,0.1620410627147415,19.478905798603595,0.9984079782919384,union_observed_max_per_profile,representative_curves_10profiles
STU_0036,nsga3,14,19.338725832130173,0.22048012155493682,170,6668,39.38455755649002,8.89994455222495,1.247996599518247,0.1620410627147415,19.478905798603595,0.9928034989273642,union_observed_max_per_profile,representative_curves_10profiles
STU_0036,nsga3,15,19.38177699964694,0.19375257726386821,170,6668,39.38455755649002,8.89994455222495,1.247996599518247,0.1620410627147415,19.478905798603595,0.9950136419385726,union_observed_max_per_profile,representative_curves_10profiles
STU_0036,nsga3,16,19.415465005469645,0.21720271613667874,170,6668,39.38455755649002,8.89994455222495,1.247996599518247,0.1620410627147415,19.478905798603595,0.9967431028318594,union_observed_max_per_profile,representative_curves_10profiles
STU_0036,nsga3,17,19.332009840415587,0.2270934055806739,170,6668,39.38455755649002,8.89994455222495,1.247996599518247,0.1620410627147415,19.478905798603595,0.9924587161257006,union_observed_max_per_profile,representative_curves_10profiles
STU_0036,nsga3,18,19.324365832770425,0.22426073350469056,170,6668,39.38455755649002,8.89994455222495,1.247996599518247,0.1620410627147415,19.478905798603595,0.9920662912264687,union_observed_max_per_profile,representative_curves_10profiles
STU_0036,nsga3,19,19.44095926988417,0.19660505389817864,170,6668,39.38455755649002,8.89994455222495,1.247996599518247,0.1620410627147415,19.478905798603595,0.9980519168216243,union_observed_max_per_profile,representative_curves_10profiles
STU_0036,nsga3,20,19.467845643080633,0.19316935558919318,170,6668,39.38455755649002,8.89994455222495,1.247996599518247,0.1620410627147415,19.478905798603595,0.9994321983155874,union_observed_max_per_profile,representative_curves_10profiles
STU_0036,nsga3,21,19.41204335643694,0.21178151120241806,170,6668,39.38455755649002,8.89994455222495,1.247996599518247,0.1620410627147415,19.478905798603595,0.9965674436306659,union_observed_max_per_profile,representative_curves_10profiles
STU_0036,nsga3,22,19.43548568311474,0.2198409538401548,170,6668,39.38455755649002,8.89994455222495,1.247996599518247,0.1620410627147415,19.478905798603595,0.997770916090576,union_observed_max_per_profile,representative_curves_10profiles
STU_0036,nsga3,23,19.37450457267915,0.21725674976431872,170,6668,39.38455755649002,8.89994455222495,1.247996599518247,0.1620410627147415,19.478905798603595,0.9946402930942903,union_observed_max_per_profile,representative_curves_10profiles
STU_0036,nsga3,24,19.419322497749903,0.21283513612555482,170,6668,39.38455755649002,8.89994455222495,1.247996599518247,0.1620410627147415,19.478905798603595,0.9969411371732203,union_observed_max_per_profile,representative_curves_10profiles
STU_0036,nsga3,25,19.460983891910306,0.19161844536433012,170,6668,39.38455755649002,8.89994455222495,1.247996599518247,0.1620410627147415,19.478905798603595,0.9990799325753414,union_observed_max_per_profile,representative_curves_10profiles
STU_0036,nsga3,26,19.38036267052971,0.21710383916853063,170,6668,39.38455755649002,8.89994455222495,1.247996599518247,0.1620410627147415,19.478905798603595,0.9949410336960021,union_observed_max_per_profile,representative_curves_10profiles
STU_0036,nsga3,27,19.425989142824932,0.2089279950060124,170,6668,39.38455755649002,8.89994455222495,1.247996599518247,0.1620410627147415,19.478905798603595,0.997283386637536,union_observed_max_per_profile,representative_curves_10profiles
STU_0036,nsga3,28,19.32542664119215,0.22403363594923825,170,6668,39.38455755649002,8.89994455222495,1.247996599518247,0.1620410627147415,19.478905798603595,0.9921207505699602,union_observed_max_per_profile,representative_curves_10profiles
STU_0036,nsga3,29,19.369613265820913,0.21875372894971018,170,6668,39.38455755649002,8.89994455222495,1.247996599518247,0.1620410627147415,19.478905798603595,0.9943891852082104,union_observed_max_per_profile,representative_curves_10profiles
STU_0047,nsga2,0,2.941696279297734,0.12581751116746617,168,6136,18.627482833207413,3.76632427669471,0.2390066255545297,0.48677209388953147,3.0591081971832144,0.9616189064533279,union_observed_max_per_profile,representative_curves_10profiles
STU_0047,nsga2,1,2.9598323583742836,0.11076515572063014,168,6136,18.627482833207413,3.76632427669471,0.2390066255545297,0.48677209388953147,3.0591081971832144,0.9675474574909306,union_observed_max_per_profile,representative_curves_10profiles
STU_0047,nsga2,2,2.9535741524172856,0.11821650369451972,168,6136,18.627482833207413,3.76632427669471,0.2390066255545297,0.48677209388953147,3.0591081971832144,0.9655016959311531,union_observed_max_per_profile,representative_curves_10profiles
STU_0047,nsga2,3,2.885470514302594,0.12929054989724495,168,6136,18.627482833207413,3.76632427669471,0.2390066255545297,0.48677209388953147,3.0591081971832144,0.9432391168640247,union_observed_max_per_profile,representative_curves_10profiles
STU_0047,nsga2,4,2.9426662882186996,0.12834726483371645,168,6136,18.627482833207413,3.76632427669471,0.2390066255545297,0.48677209388953147,3.0591081971832144,0.9619359952447145,union_observed_max_per_profile,representative_curves_10profiles
STU_0047,nsga2,5,2.9050425748668998,0.14110333426062233,168,6136,18.627482833207413,3.76632427669471,0.2390066255545297,0.48677209388953147,3.0591081971832144,0.9496370797024518,union_observed_max_per_profile,representative_curves_10profiles
STU_0047,nsga2,6,2.925431870923298,0.12048344232519162,168,6136,18.627482833207413,3.76632427669471,0.2390066255545297,0.48677209388953147,3.0591081971832144,0.956302190820513,union_observed_max_per_profile,representative_curves_10profiles
STU_0047,nsga2,7,2.951144346760485,0.11963744606069951,168,6136,18.627482833207413,3.76632427669471,0.2390066255545297,0.48677209388953147,3.0591081971832144,0.9647074103092721,union_observed_max_per_profile,representative_curves_10profiles
STU_0047,nsga2,8,2.896972375622277,0.11763786222107887,168,6136,18.627482833207413,3.76632427669471,0.2390066255545297,0.48677209388953147,3.0591081971832144,0.9469989908463422,union_observed_max_per_profile,representative_curves_10profiles
STU_0047,nsga2,9,2.9131210443425966,0.14578323549443692,168,6136,18.627482833207413,3.76632427669471,0.2390066255545297,0.48677209388953147,3.0591081971832144,0.9522778720363534,union_observed_max_per_profile,representative_curves_10profiles
STU_0047,nsga2,10,2.9221773370231183,0.144445014926867,168,6136,18.627482833207413,3.76632427669471,0.2390066255545297,0.48677209388953147,3.0591081971832144,0.9552383075936378,union_observed_max_per_profile,representative_curves_10profiles
STU_0047,nsga2,11,2.9317583864264427,0.12378539494358846,168,6136,18.627482833207413,3.76632427669471,0.2390066255545297,0.48677209388953147,3.0591081971832144,0.9583702822691811,union_observed_max_per_profile,representative_curves_10profiles
STU_0047,nsga2,12,2.9215985015479737,0.1341954812941821,168,6136,18.627482833207413,3.76632427669471,0.2390066255545297,0.48677209388953147,3.0591081971832144,0.9550490905284561,union_observed_max_per_profile,representative_curves_10profiles
STU_0047,nsga2,13,2.8887058385924926,0.1433543120077433,168,6136,18.627482833207413,3.76632427669471,0.2390066255545297,0.48677209388953147,3.0591081971832144,0.9442967206103968,union_observed_max_per_profile,representative_curves_10profiles
STU_0047,nsga2,14,2.9636014848021506,0.1107726597547847,168,6136,18.627482833207413,3.76632427669471,0.2390066255545297,0.48677209388953147,3.0591081971832144,0.968779557235339,union_observed_max_per_profile,representative_curves_10profiles
STU_0047,nsga2,15,2.907580880447251,0.1381907583087798,168,6136,18.627482833207413,3.76632427669471,0.2390066255545297,0.48677209388953147,3.0591081971832144,0.9504668331523913,union_observed_max_per_profile,representative_curves_10profiles
STU_0047,nsga2,16,2.936350807486866,0.11457501211189003,168,6136,18.627482833207413,3.76632427669471,0.2390066255545297,0.48677209388953147,3.0591081971832144,0.9598715109817358,union_observed_max_per_profile,representative_curves_10profiles
STU_0047,nsga2,17,2.921421115148898,0.12308409069209993,168,6136,18.627482833207413,3.76632427669471,0.2390066255545297,0.48677209388953147,3.0591081971832144,0.9549911042175309,union_observed_max_per_profile,representative_curves_10profiles
STU_0047,nsga2,18,2.927941373681341,0.1235529768708442,168,6136,18.627482833207413,3.76632427669471,0.2390066255545297,0.48677209388953147,3.0591081971832144,0.9571225288394016,union_observed_max_per_profile,representative_curves_10profiles
STU_0047,nsga2,19,2.8766801331686134,0.12232987216953951,168,6136,18.627482833207413,3.76632427669471,0.2390066255545297,0.48677209388953147,3.0591081971832144,0.9403656058381399,union_observed_max_per_profile,representative_curves_10profiles
STU_0047,nsga2,20,2.8738762463374465,0.11653333097691436,168,6136,18.627482833207413,3.76632427669471,0.2390066255545297,0.48677209388953147,3.0591081971832144,0.9394490358280473,union_observed_max_per_profile,representative_curves_10profiles
STU_0047,nsga2,21,2.9554323901252664,0.11609525614268833,168,6136,18.627482833207413,3.76632427669471,0.2390066255545297,0.48677209388953147,3.0591081971832144,0.9661091401888265,union_observed_max_per_profile,representative_curves_10profiles
STU_0047,nsga2,22,2.9053772395292192,0.12075566100593457,168,6136,18.627482833207413,3.76632427669471,0.2390066255545297,0.48677209388953147,3.0591081971832144,0.9497464791223963,union_observed_max_per_profile,representative_curves_10profiles
STU_0047,nsga2,23,2.968044626767511,0.12840659627313,168,6136,18.627482833207413,3.76632427669471,0.2390066255545297,0.48677209388953147,3.0591081971832144,0.9702319877081976,union_observed_max_per_profile,representative_curves_10profiles
STU_0047,nsga2,24,2.899885074180858,0.12355696443969545,168,6136,18.627482833207413,3.76632427669471,0.2390066255545297,0.48677209388953147,3.0591081971832144,0.9479511306108863,union_observed_max_per_profile,representative_curves_10profiles
STU_0047,nsga2,25,2.932673417832947,0.12099695724842226,168,6136,18.627482833207413,3.76632427669471,0.2390066255545297,0.48677209388953147,3.0591081971832144,0.9586693993149092,union_observed_max_per_profile,representative_curves_10profiles
STU_0047,nsga2,26,2.9057080912349007,0.12164133974299492,168,6136,18.627482833207413,3.76632427669471,0.2390066255545297,0.48677209388953147,3.0591081971832144,0.9498546321148228,union_observed_max_per_profile,representative_curves_10profiles
STU_0047,nsga2,27,2.9329024443787963,0.12922160555829063,168,6136,18.627482833207413,3.76632427669471,0.2390066255545297,0.48677209388953147,3.0591081971832144,0.9587442664105092,union_observed_max_per_profile,representative_curves_10profiles
STU_0047,nsga2,28,2.8614538689354365,0.1311927701613,168,6136,18.627482833207413,3.76632427669471,0.2390066255545297,0.48677209388953147,3.0591081971832144,0.935388251899761,union_observed_max_per_profile,representative_curves_10profiles
STU_0047,nsga2,29,2.8723099387147837,0.13015142118731596,168,6136,18.627482833207413,3.76632427669471,0.2390066255545297,0.48677209388953147,3.0591081971832144,0.9389370213709891,union_observed_max_per_profile,representative_curves_10profiles
STU_0047,nsga3,0,3.0295914758693474,0.10880970690117026,170,6136,18.627482833207413,3.76632427669471,0.2390066255545297,0.48677209388953147,3.0591081971832144,0.9903512006077309,union_observed_max_per_profile,representative_curves_10profiles
STU_0047,nsga3,1,3.0356776432156805,0.13724856568556498,170,6136,18.627482833207413,3.76632427669471,0.2390066255545297,0.48677209388953147,3.0591081971832144,0.9923407240093344,union_observed_max_per_profile,representative_curves_10profiles
STU_0047,nsga3,2,3.0368917098165706,0.11902578703134846,170,6136,18.627482833207413,3.76632427669471,0.2390066255545297,0.48677209388953147,3.0591081971832144,0.992737593463644,union_observed_max_per_profile,representative_curves_10profiles
STU_0047,nsga3,3,3.046220670252462,0.12254986626904625,170,6136,18.627482833207413,3.76632427669471,0.2390066255545297,0.48677209388953147,3.0591081971832144,0.9957871621073687,union_observed_max_per_profile,representative_curves_10profiles
STU_0047,nsga3,4,3.055945302177333,0.12085519936531423,170,6136,18.627482833207413,3.76632427669471,0.2390066255545297,0.48677209388953147,3.0591081971832144,0.998966072854568,union_observed_max_per_profile,representative_curves_10profiles
STU_0047,nsga3,5,3.032084517432851,0.14478842532554206,170,6136,18.627482833207413,3.76632427669471,0.2390066255545297,0.48677209388953147,3.0591081971832144,0.9911661575830347,union_observed_max_per_profile,representative_curves_10profiles
STU_0047,nsga3,6,3.0469002291669787,0.11784414480010415,170,6136,18.627482833207413,3.76632427669471,0.2390066255545297,0.48677209388953147,3.0591081971832144,0.9960093049250508,union_observed_max_per_profile,representative_curves_10profiles
STU_0047,nsga3,7,3.0307295002650756,0.1481197551183565,170,6136,18.627482833207413,3.76632427669471,0.2390066255545297,0.48677209388953147,3.0591081971832144,0.9907232124237156,union_observed_max_per_profile,representative_curves_10profiles
STU_0047,nsga3,8,3.0492769884706536,0.12527875453033013,170,6136,18.627482833207413,3.76632427669471,0.2390066255545297,0.48677209388953147,3.0591081971832144,0.9967862500837292,union_observed_max_per_profile,representative_curves_10profiles
STU_0047,nsga3,9,3.0407195423514195,0.1431080167774163,170,6136,18.627482833207413,3.76632427669471,0.2390066255545297,0.48677209388953147,3.0591081971832144,0.9939888838032186,union_observed_max_per_profile,representative_curves_10profiles
STU_0047,nsga3,10,3.0348366073503983,0.1223196812019117,170,6136,18.627482833207413,3.76632427669471,0.2390066255545297,0.48677209388953147,3.0591081971832144,0.9920657955625221,union_observed_max_per_profile,representative_curves_10profiles
STU_0047,nsga3,11,3.0406880155269413,0.11897827465632135,170,6136,18.627482833207413,3.76632427669471,0.2390066255545297,0.48677209388953147,3.0591081971832144,0.9939785779158664,union_observed_max_per_profile,representative_curves_10profiles
STU_0047,nsga3,12,3.0437913546395237,0.13016870005093736,170,6136,18.627482833207413,3.76632427669471,0.2390066255545297,0.48677209388953147,3.0591081971832144,0.9949930366772269,union_observed_max_per_profile,representative_curves_10profiles
STU_0047,nsga3,13,3.024621765067161,0.12142165860330778,170,6136,18.627482833207413,3.76632427669471,0.2390066255545297,0.48677209388953147,3.0591081971832144,0.9887266386498497,union_observed_max_per_profile,representative_curves_10profiles
STU_0047,nsga3,14,3.0429614252739023,0.12550058006360085,170,6136,18.627482833207413,3.76632427669471,0.2390066255545297,0.48677209388953147,3.0591081971832144,0.9947217388635747,union_observed_max_per_profile,representative_curves_10profiles
STU_0047,nsga3,15,3.0473095490250937,0.11597324308266868,170,6136,18.627482833207413,3.76632427669471,0.2390066255545297,0.48677209388953147,3.0591081971832144,0.9961431085801461,union_observed_max_per_profile,representative_curves_10profiles
STU_0047,nsga3,16,3.037272887189824,0.17961653714086495,170,6136,18.627482833207413,3.76632427669471,0.2390066255545297,0.48677209388953147,3.0591081971832144,0.9928621975471492,union_observed_max_per_profile,representative_curves_10profiles
STU_0047,nsga3,17,2.9629162790026324,0.216892869471536,170,6136,18.627482833207413,3.76632427669471,0.2390066255545297,0.48677209388953147,3.0591081971832144,0.9685555684924273,union_observed_max_per_profile,representative_curves_10profiles
STU_0047,nsga3,18,3.0441973401044704,0.12726018342449325,170,6136,18.627482833207413,3.76632427669471,0.2390066255545297,0.48677209388953147,3.0591081971832144,0.9951257503436872,union_observed_max_per_profile,representative_curves_10profiles
STU_0047,nsga3,19,3.0308098650664097,0.13368758520570811,170,6136,18.627482833207413,3.76632427669471,0.2390066255545297,0.48677209388953147,3.0591081971832144,0.990749483086979,union_observed_max_per_profile,representative_curves_10profiles
STU_0047,nsga3,20,3.0002226964736565,0.13611181688687446,170,6136,18.627482833207413,3.76632427669471,0.2390066255545297,0.48677209388953147,3.0591081971832144,0.9807507623418554,union_observed_max_per_profile,representative_curves_10profiles
STU_0047,nsga3,21,3.0068482820050266,0.14174760313425003,170,6136,18.627482833207413,3.76632427669471,0.2390066255545297,0.48677209388953147,3.0591081971832144,0.9829166175860311,union_observed_max_per_profile,representative_curves_10profiles
STU_0047,nsga3,22,3.03288824412788,0.11250300959673694,170,6136,18.627482833207413,3.76632427669471,0.2390066255545297,0.48677209388953147,3.0591081971832144,0.9914288899361332,union_observed_max_per_profile,representative_curves_10profiles
STU_0047,nsga3,23,3.0262914958982186,0.14856689862401387,170,6136,18.627482833207413,3.76632427669471,0.2390066255545297,0.48677209388953147,3.0591081971832144,0.9892724613940713,union_observed_max_per_profile,representative_curves_10profiles
STU_0047,nsga3,24,3.008938617537332,0.14883708390318603,170,6136,18.627482833207413,3.76632427669471,0.2390066255545297,0.48677209388953147,3.0591081971832144,0.9835999329176791,union_observed_max_per_profile,representative_curves_10profiles
STU_0047,nsga3,25,3.0591081971832144,0.12690155363401887,170,6136,18.627482833207413,3.76632427669471,0.2390066255545297,0.48677209388953147,3.0591081971832144,1.0,union_observed_max_per_profile,representative_curves_10profiles
STU_0047,nsga3,26,3.0402245101700496,0.12473927318569841,170,6136,18.627482833207413,3.76632427669471,0.2390066255545297,0.48677209388953147,3.0591081971832144,0.9938270614192226,union_observed_max_per_profile,representative_curves_10profiles
STU_0047,nsga3,27,3.0447882378180067,0.11671926597954993,170,6136,18.627482833207413,3.76632427669471,0.2390066255545297,0.48677209388953147,3.0591081971832144,0.9953189104660001,union_observed_max_per_profile,representative_curves_10profiles
STU_0047,nsga3,28,3.0429596466843383,0.13150473809465266,170,6136,18.627482833207413,3.76632427669471,0.2390066255545297,0.48677209388953147,3.0591081971832144,0.9947211574557103,union_observed_max_per_profile,representative_curves_10profiles
STU_0047,nsga3,29,3.0295583847875305,0.14692695835284436,170,6136,18.627482833207413,3.76632427669471,0.2390066255545297,0.48677209388953147,3.0591081971832144,0.9903403833761444,union_observed_max_per_profile,representative_curves_10profiles
STU_0073,nsga2,0,9.864787565236265,0.1263839801322544,168,6865,23.334572895703584,5.349951610560644,0.4841937727973354,0.8668152363627751,10.040824714426966,0.9824678595436721,union_observed_max_per_profile,representative_curves_10profiles
STU_0073,nsga2,1,9.856538825291688,0.14192430126731367,168,6865,23.334572895703584,5.349951610560644,0.4841937727973354,0.8668152363627751,10.040824714426966,0.9816463393818149,union_observed_max_per_profile,representative_curves_10profiles
STU_0073,nsga2,2,9.745338898559355,0.13363336436703582,168,6865,23.334572895703584,5.349951610560644,0.4841937727973354,0.8668152363627751,10.040824714426966,0.9705715591824795,union_observed_max_per_profile,representative_curves_10profiles
STU_0073,nsga2,3,9.867804178458108,0.13769875587937672,168,6865,23.334572895703584,5.349951610560644,0.4841937727973354,0.8668152363627751,10.040824714426966,0.982768294349342,union_observed_max_per_profile,representative_curves_10profiles
STU_0073,nsga2,4,9.751608330225256,0.1408032528584627,168,6865,23.334572895703584,5.349951610560644,0.4841937727973354,0.8668152363627751,10.040824714426966,0.9711959532780057,union_observed_max_per_profile,representative_curves_10profiles
STU_0073,nsga2,5,9.788221175764987,0.13841551360375948,168,6865,23.334572895703584,5.349951610560644,0.4841937727973354,0.8668152363627751,10.040824714426966,0.9748423515153062,union_observed_max_per_profile,representative_curves_10profiles
STU_0073,nsga2,6,9.747261072836425,0.1425654108282011,168,6865,23.334572895703584,5.349951610560644,0.4841937727973354,0.8668152363627751,10.040824714426966,0.9707629950786074,union_observed_max_per_profile,representative_curves_10profiles
STU_0073,nsga2,7,9.86559669991723,0.14163887128748057,168,6865,23.334572895703584,5.349951610560644,0.4841937727973354,0.8668152363627751,10.040824714426966,0.9825484440279131,union_observed_max_per_profile,representative_curves_10profiles
STU_0073,nsga2,8,9.759300314082756,0.13490255272369384,168,6865,23.334572895703584,5.349951610560644,0.4841937727973354,0.8668152363627751,10.040824714426966,0.971962024201089,union_observed_max_per_profile,representative_curves_10profiles
STU_0073,nsga2,9,9.865278944015998,0.1392038173351404,168,6865,23.334572895703584,5.349951610560644,0.4841937727973354,0.8668152363627751,10.040824714426966,0.9825167976332921,union_observed_max_per_profile,representative_curves_10profiles
STU_0073,nsga2,10,9.88850263815514,0.13327406178408163,168,6865,23.334572895703584,5.349951610560644,0.4841937727973354,0.8668152363627751,10.040824714426966,0.9848297245889608,union_observed_max_per_profile,representative_curves_10profiles
STU_0073,nsga2,11,9.798792768523022,0.13816837204085688,168,6865,23.334572895703584,5.349951610560644,0.4841937727973354,0.8668152363627751,10.040824714426966,0.9758952125161406,union_observed_max_per_profile,representative_curves_10profiles
STU_0073,nsga2,12,9.883346231698228,0.13666916378955588,168,6865,23.334572895703584,5.349951610560644,0.4841937727973354,0.8668152363627751,10.040824714426966,0.9843161804724598,union_observed_max_per_profile,representative_curves_10profiles
STU_0073,nsga2,13,9.855802151912052,0.1488223783824786,168,6865,23.334572895703584,5.349951610560644,0.4841937727973354,0.8668152363627751,10.040824714426966,0.9815729715658646,union_observed_max_per_profile,representative_curves_10profiles
STU_0073,nsga2,14,9.9074899261119,0.13846354028485514,168,6865,23.334572895703584,5.349951610560644,0.4841937727973354,0.8668152363627751,10.040824714426966,0.9867207333951875,union_observed_max_per_profile,representative_curves_10profiles
STU_0073,nsga2,15,9.810054586582696,0.15903221838328072,168,6865,23.334572895703584,5.349951610560644,0.4841937727973354,0.8668152363627751,10.040824714426966,0.9770168154103226,union_observed_max_per_profile,representative_curves_10profiles
STU_0073,nsga2,16,9.83205311892448,0.13324403534944365,168,6865,23.334572895703584,5.349951610560644,0.4841937727973354,0.8668152363627751,10.040824714426966,0.9792077243214378,union_observed_max_per_profile,representative_curves_10profiles
STU_0073,nsga2,17,9.950693164582358,0.12877148569211494,168,6865,23.334572895703584,5.349951610560644,0.4841937727973354,0.8668152363627751,10.040824714426966,0.9910234913557345,union_observed_max_per_profile,representative_curves_10profiles
STU_0073,nsga2,18,9.805940724623865,0.13552962116469303,168,6865,23.334572895703584,5.349951610560644,0.4841937727973354,0.8668152363627751,10.040824714426966,0.9766071018583151,union_observed_max_per_profile,representative_curves_10profiles
STU_0073,nsga2,19,9.880306034109806,0.1306714743399452,168,6865,23.334572895703584,5.349951610560644,0.4841937727973354,0.8668152363627751,10.040824714426966,0.9840133968192352,union_observed_max_per_profile,representative_curves_10profiles
STU_0073,nsga2,20,9.849464165720446,0.13199555307893046,168,6865,23.334572895703584,5.349951610560644,0.4841937727973354,0.8668152363627751,10.040824714426966,0.9809417498911651,union_observed_max_per_profile,representative_curves_10profiles
STU_0073,nsga2,21,9.88361968292675,0.1390412667916491,168,6865,23.334572895703584,5.349951610560644,0.4841937727973354,0.8668152363627751,10.040824714426966,0.9843434144135252,union_observed_max_per_profile,representative_curves_10profiles
STU_0073,nsga2,22,9.882094965759897,0.14331852797932348,168,6865,23.334572895703584,5.349951610560644,0.4841937727973354,0.8668152363627751,10.040824714426966,0.9841915626274204,union_observed_max_per_profile,representative_curves_10profiles
STU_0073,nsga2,23,9.892530052844226,0.17764531845220677,168,6865,23.334572895703584,5.349951610560644,0.4841937727973354,0.8668152363627751,10.040824714426966,0.9852308285623524,union_observed_max_per_profile,representative_curves_10profiles
STU_0073,nsga2,24,9.963590943578012,0.1265620208941709,168,6865,23.334572895703584,5.349951610560644,0.4841937727973354,0.8668152363627751,10.040824714426966,0.9923080251826344,union_observed_max_per_profile,representative_curves_10profiles
STU_0073,nsga2,25,9.867904338610725,0.13862341902116923,168,6865,23.334572895703584,5.349951610560644,0.4841937727973354,0.8668152363627751,10.040824714426966,0.9827782696407612,union_observed_max_per_profile,representative_curves_10profiles
STU_0073,nsga2,26,9.76644360473492,0.14107996579217916,168,6865,23.334572895703584,5.349951610560644,0.4841937727973354,0.8668152363627751,10.040824714426966,0.9726734488953077,union_observed_max_per_profile,representative_curves_10profiles
STU_0073,nsga2,27,9.92665177214413,0.1367865934601944,168,6865,23.334572895703584,5.349951610560644,0.4841937727973354,0.8668152363627751,10.040824714426966,0.9886291270358709,union_observed_max_per_profile,representative_curves_10profiles
STU_0073,nsga2,28,9.809766030527987,0.13643232149661666,168,6865,23.334572895703584,5.349951610560644,0.4841937727973354,0.8668152363627751,10.040824714426966,0.9769880771280682,union_observed_max_per_profile,representative_curves_10profiles
STU_0073,nsga2,29,9.753240022949694,0.14079384211092125,168,6865,23.334572895703584,5.349951610560644,0.4841937727973354,0.8668152363627751,10.040824714426966,0.9713584591249699,union_observed_max_per_profile,representative_curves_10profiles
STU_0073,nsga3,0,9.933000929136185,0.16237851295379793,170,6865,23.334572895703584,5.349951610560644,0.4841937727973354,0.8668152363627751,10.040824714426966,0.9892614612487103,union_observed_max_per_profile,representative_curves_10profiles
STU_0073,nsga3,1,9.987704336558124,0.15753633335787867,170,6865,23.334572895703584,5.349951610560644,0.4841937727973354,0.8668152363627751,10.040824714426966,0.9947095602821832,union_observed_max_per_profile,representative_curves_10profiles
STU_0073,nsga3,2,10.004367372800477,0.23479696459063742,170,6865,23.334572895703584,5.349951610560644,0.4841937727973354,0.8668152363627751,10.040824714426966,0.996369088928113,union_observed_max_per_profile,representative_curves_10profiles
STU_0073,nsga3,3,9.993499376848927,0.14022033815563092,170,6865,23.334572895703584,5.349951610560644,0.4841937727973354,0.8668152363627751,10.040824714426966,0.9952867081216904,union_observed_max_per_profile,representative_curves_10profiles
STU_0073,nsga3,4,9.864170227846762,0.16224612867707713,170,6865,23.334572895703584,5.349951610560644,0.4841937727973354,0.8668152363627751,10.040824714426966,0.9824063768062417,union_observed_max_per_profile,representative_curves_10profiles
STU_0073,nsga3,5,9.96059543953711,0.1555883528615942,170,6865,23.334572895703584,5.349951610560644,0.4841937727973354,0.8668152363627751,10.040824714426966,0.9920096927123346,union_observed_max_per_profile,representative_curves_10profiles
STU_0073,nsga3,6,10.002366776033924,0.15594972290999104,170,6865,23.334572895703584,5.349951610560644,0.4841937727973354,0.8668152363627751,10.040824714426966,0.9961698426686221,union_observed_max_per_profile,representative_curves_10profiles
STU_0073,nsga3,7,9.767398914085199,0.16197291777732908,170,6865,23.334572895703584,5.349951610560644,0.4841937727973354,0.8668152363627751,10.040824714426966,0.9727685914137212,union_observed_max_per_profile,representative_curves_10profiles
STU_0073,nsga3,8,9.904793827107953,0.15273139645808234,170,6865,23.334572895703584,5.349951610560644,0.4841937727973354,0.8668152363627751,10.040824714426966,0.9864522196943086,union_observed_max_per_profile,representative_curves_10profiles
STU_0073,nsga3,9,9.92909564038295,0.16458956552386625,170,6865,23.334572895703584,5.349951610560644,0.4841937727973354,0.8668152363627751,10.040824714426966,0.9888725202140537,union_observed_max_per_profile,representative_curves_10profiles
STU_0073,nsga3,10,9.895521704510022,0.14827357808185782,170,6865,23.334572895703584,5.349951610560644,0.4841937727973354,0.8668152363627751,10.040824714426966,0.9855287773614683,union_observed_max_per_profile,representative_curves_10profiles
STU_0073,nsga3,11,9.897164400532931,0.14898170080396403,170,6865,23.334572895703584,5.349951610560644,0.4841937727973354,0.8668152363627751,10.040824714426966,0.9856923790644787,union_observed_max_per_profile,representative_curves_10profiles
STU_0073,nsga3,12,10.040824714426966,0.15007555966996095,170,6865,23.334572895703584,5.349951610560644,0.4841937727973354,0.8668152363627751,10.040824714426966,1.0,union_observed_max_per_profile,representative_curves_10profiles
STU_0073,nsga3,13,9.978001359656426,0.15927319068602003,170,6865,23.334572895703584,5.349951610560644,0.4841937727973354,0.8668152363627751,10.040824714426966,0.9937432076988384,union_observed_max_per_profile,representative_curves_10profiles
STU_0073,nsga3,14,10.004928656163543,0.1536882545500372,170,6865,23.334572895703584,5.349951610560644,0.4841937727973354,0.8668152363627751,10.040824714426966,0.996424989053753,union_observed_max_per_profile,representative_curves_10profiles
STU_0073,nsga3,15,9.810857979567942,0.24818505928111126,170,6865,23.334572895703584,5.349951610560644,0.4841937727973354,0.8668152363627751,10.040824714426966,0.9770968280594918,union_observed_max_per_profile,representative_curves_10profiles
STU_0073,nsga3,16,9.947240410877072,0.20023588926630367,170,6865,23.334572895703584,5.349951610560644,0.4841937727973354,0.8668152363627751,10.040824714426966,0.990679619830886,union_observed_max_per_profile,representative_curves_10profiles
STU_0073,nsga3,17,9.923066670345364,0.17675440302732445,170,6865,23.334572895703584,5.349951610560644,0.4841937727973354,0.8668152363627751,10.040824714426966,0.9882720745127236,union_observed_max_per_profile,representative_curves_10profiles
STU_0073,nsga3,18,9.8730566156634,0.14894995928842977,170,6865,23.334572895703584,5.349951610560644,0.4841937727973354,0.8668152363627751,10.040824714426966,0.9832914024958017,union_observed_max_per_profile,representative_curves_10profiles
STU_0073,nsga3,19,9.965455086137915,0.1460376324015105,170,6865,23.334572895703584,5.349951610560644,0.4841937727973354,0.8668152363627751,10.040824714426966,0.9924936815020028,union_observed_max_per_profile,representative_curves_10profiles
STU_0073,nsga3,20,9.903378553456351,0.1510158509741497,170,6865,23.334572895703584,5.349951610560644,0.4841937727973354,0.8668152363627751,10.040824714426966,0.9863112677613893,union_observed_max_per_profile,representative_curves_10profiles
STU_0073,nsga3,21,9.928644582071893,0.3638963962815547,170,6865,23.334572895703584,5.349951610560644,0.4841937727973354,0.8668152363627751,10.040824714426966,0.9888275977775123,union_observed_max_per_profile,representative_curves_10profiles
STU_0073,nsga3,22,9.94160643774151,0.13565646077531487,170,6865,23.334572895703584,5.349951610560644,0.4841937727973354,0.8668152363627751,10.040824714426966,0.9901185132190491,union_observed_max_per_profile,representative_curves_10profiles
STU_0073,nsga3,23,9.957093591646757,0.1640289254874761,170,6865,23.334572895703584,5.349951610560644,0.4841937727973354,0.8668152363627751,10.040824714426966,0.9916609317300499,union_observed_max_per_profile,representative_curves_10profiles
STU_0073,nsga3,24,10.034858586441244,0.14360482099811034,170,6865,23.334572895703584,5.349951610560644,0.4841937727973354,0.8668152363627751,10.040824714426966,0.9994058129530784,union_observed_max_per_profile,representative_curves_10profiles
STU_0073,nsga3,25,9.825004665165757,0.17847965328094031,170,6865,23.334572895703584,5.349951610560644,0.4841937727973354,0.8668152363627751,10.040824714426966,0.9785057447570903,union_observed_max_per_profile,representative_curves_10profiles
STU_0073,nsga3,26,9.880348283864178,0.16200818307073672,170,6865,23.334572895703584,5.349951610560644,0.4841937727973354,0.8668152363627751,10.040824714426966,0.9840176046164604,union_observed_max_per_profile,representative_curves_10profiles
STU_0073,nsga3,27,10.00644953090039,0.1514132177670953,170,6865,23.334572895703584,5.349951610560644,0.4841937727973354,0.8668152363627751,10.040824714426966,0.9965764581591405,union_observed_max_per_profile,representative_curves_10profiles
STU_0073,nsga3,28,9.96235033510748,0.1681302294944179,170,6865,23.334572895703584,5.349951610560644,0.4841937727973354,0.8668152363627751,10.040824714426966,0.9921844687511842,union_observed_max_per_profile,representative_curves_10profiles
STU_0073,nsga3,29,9.952295232667176,0.18294750775595903,170,6865,23.334572895703584,5.349951610560644,0.4841937727973354,0.8668152363627751,10.040824714426966,0.9911830467837379,union_observed_max_per_profile,representative_curves_10profiles
STU_0081,nsga2,0,0.00047818052726717413,0.4980027710744561,168,7106,61.437966152038506,14.809814596017103,2.0249969519800675,1e-06,0.00048599201660040755,0.9839267126487466,union_observed_max_per_profile,representative_curves_10profiles
STU_0081,nsga2,1,0.00047967890076828715,0.47328783505843286,168,7106,61.437966152038506,14.809814596017103,2.0249969519800675,1e-06,0.00048599201660040755,0.9870098363420007,union_observed_max_per_profile,representative_curves_10profiles
STU_0081,nsga2,2,0.0004809943162421534,0.4817069090325271,168,7106,61.437966152038506,14.809814596017103,2.0249969519800675,1e-06,0.00048599201660040755,0.9897164970050045,union_observed_max_per_profile,representative_curves_10profiles
STU_0081,nsga2,3,0.0004792568464792775,0.5077052492740027,168,7106,61.437966152038506,14.809814596017103,2.0249969519800675,1e-06,0.00048599201660040755,0.9861413976133937,union_observed_max_per_profile,representative_curves_10profiles
STU_0081,nsga2,4,0.00047209551130586235,0.5351586686151879,168,7106,61.437966152038506,14.809814596017103,2.0249969519800675,1e-06,0.00048599201660040755,0.9714058979985855,union_observed_max_per_profile,representative_curves_10profiles
STU_0081,nsga2,5,0.00047810884500629685,0.4946319897447012,168,7106,61.437966152038506,14.809814596017103,2.0249969519800675,1e-06,0.00048599201660040755,0.9837792158619091,union_observed_max_per_profile,representative_curves_10profiles
STU_0081,nsga2,6,0.00046995822765574406,0.5203849831645435,168,7106,61.437966152038506,14.809814596017103,2.0249969519800675,1e-06,0.00048599201660040755,0.967008122773657,union_observed_max_per_profile,representative_curves_10profiles
STU_0081,nsga2,7,0.0004755704238709278,0.49957349172595034,168,7106,61.437966152038506,14.809814596017103,2.0249969519800675,1e-06,0.00048599201660040755,0.9785560413062329,union_observed_max_per_profile,representative_curves_10profiles
STU_0081,nsga2,8,0.0004799573781816871,0.5230565336422376,168,7106,61.437966152038506,14.809814596017103,2.0249969519800675,1e-06,0.00048599201660040755,0.9875828445476662,union_observed_max_per_profile,representative_curves_10profiles
STU_0081,nsga2,9,0.000479997951144582,0.5070698043319427,168,7106,61.437966152038506,14.809814596017103,2.0249969519800675,1e-06,0.00048599201660040755,0.9876663293817972,union_observed_max_per_profile,representative_curves_10profiles
STU_0081,nsga2,10,0.0004731219188751035,0.5167851139155306,168,7106,61.437966152038506,14.809814596017103,2.0249969519800675,1e-06,0.00048599201660040755,0.9735178824225705,union_observed_max_per_profile,representative_curves_10profiles
STU_0081,nsga2,11,0.0004768169166906847,0.5092597793943828,168,7106,61.437966152038506,14.809814596017103,2.0249969519800675,1e-06,0.00048599201660040755,0.9811208834789013,union_observed_max_per_profile,representative_curves_10profiles
STU_0081,nsga2,12,0.00047201251316169007,0.49218819192608293,168,7106,61.437966152038506,14.809814596017103,2.0249969519800675,1e-06,0.00048599201660040755,0.9712351171187824,union_observed_max_per_profile,representative_curves_10profiles
STU_0081,nsga2,13,0.00047830863455790393,0.49754250184328985,168,7106,61.437966152038506,14.809814596017103,2.0249969519800675,1e-06,0.00048599201660040755,0.9841903122272458,union_observed_max_per_profile,representative_curves_10profiles
STU_0081,nsga2,14,0.00047774576020646816,0.48473478225878674,168,7106,61.437966152038506,14.809814596017103,2.0249969519800675,1e-06,0.00048599201660040755,0.9830321155239888,union_observed_max_per_profile,representative_curves_10profiles
STU_0081,nsga2,15,0.00047311653575103575,0.486196935603789,168,7106,61.437966152038506,14.809814596017103,2.0249969519800675,1e-06,0.00048599201660040755,0.9735068058536478,union_observed_max_per_profile,representative_curves_10profiles
STU_0081,nsga2,16,0.0004725826978115884,0.5232669487072885,168,7106,61.437966152038506,14.809814596017103,2.0249969519800675,1e-06,0.00048599201660040755,0.9724083558355145,union_observed_max_per_profile,representative_curves_10profiles
STU_0081,nsga2,17,0.0004797239829025546,0.5265142363123715,168,7106,61.437966152038506,14.809814596017103,2.0249969519800675,1e-06,0.00048599201660040755,0.98710259945894,union_observed_max_per_profile,representative_curves_10profiles
STU_0081,nsga2,18,0.000476066327836721,0.47808999458434454,168,7106,61.437966152038506,14.809814596017103,2.0249969519800675,1e-06,0.00048599201660040755,0.9795764365984481,union_observed_max_per_profile,representative_curves_10profiles
STU_0081,nsga2,19,0.0004778550457408446,0.4809049731130354,168,7106,61.437966152038506,14.809814596017103,2.0249969519800675,1e-06,0.00048599201660040755,0.983256986572573,union_observed_max_per_profile,representative_curves_10profiles
STU_0081,nsga2,20,0.0004774248557144811,0.49735842369265304,168,7106,61.437966152038506,14.809814596017103,2.0249969519800675,1e-06,0.00048599201660040755,0.9823718073686578,union_observed_max_per_profile,representative_curves_10profiles
STU_0081,nsga2,21,0.00047639113141500117,0.4986975385100866,168,7106,61.437966152038506,14.809814596017103,2.0249969519800675,1e-06,0.00048599201660040755,0.9802447676968726,union_observed_max_per_profile,representative_curves_10profiles
STU_0081,nsga2,22,0.0004790584406517634,0.4558090560293642,168,7106,61.437966152038506,14.809814596017103,2.0249969519800675,1e-06,0.00048599201660040755,0.9857331484637429,union_observed_max_per_profile,representative_curves_10profiles
STU_0081,nsga2,23,0.00047939264880858426,0.4583336819476902,168,7106,61.437966152038506,14.809814596017103,2.0249969519800675,1e-06,0.00048599201660040755,0.9864208308646983,union_observed_max_per_profile,representative_curves_10profiles
STU_0081,nsga2,24,0.00047080264820733436,0.5311680759251379,168,7106,61.437966152038506,14.809814596017103,2.0249969519800675,1e-06,0.00048599201660040755,0.968745642162344,union_observed_max_per_profile,representative_curves_10profiles
STU_0081,nsga2,25,0.00047933048621602977,0.5467600948218345,168,7106,61.437966152038506,14.809814596017103,2.0249969519800675,1e-06,0.00048599201660040755,0.9862929221945326,union_observed_max_per_profile,representative_curves_10profiles
STU_0081,nsga2,26,0.0004766409532460487,0.5292419690228244,168,7106,61.437966152038506,14.809814596017103,2.0249969519800675,1e-06,0.00048599201660040755,0.9807588128303607,union_observed_max_per_profile,representative_curves_10profiles
STU_0081,nsga2,27,0.00046940253978578937,0.5279074617226968,168,7106,61.437966152038506,14.809814596017103,2.0249969519800675,1e-06,0.00048599201660040755,0.9658647133122387,union_observed_max_per_profile,representative_curves_10profiles
STU_0081,nsga2,28,0.0004760146333233295,0.4924140297451843,168,7106,61.437966152038506,14.809814596017103,2.0249969519800675,1e-06,0.00048599201660040755,0.9794700675396452,union_observed_max_per_profile,representative_curves_10profiles
STU_0081,nsga2,29,0.0004722505313644051,0.546479479789715,168,7106,61.437966152038506,14.809814596017103,2.0249969519800675,1e-06,0.00048599201660040755,0.971724874552207,union_observed_max_per_profile,representative_curves_10profiles
STU_0081,nsga3,0,0.0004847350757524034,0.5059449110621339,170,7106,61.437966152038506,14.809814596017103,2.0249969519800675,1e-06,0.00048599201660040755,0.9974136594736748,union_observed_max_per_profile,representative_curves_10profiles
STU_0081,nsga3,1,0.00048393300522905035,0.47326527648256517,170,7106,61.437966152038506,14.809814596017103,2.0249969519800675,1e-06,0.00048599201660040755,0.9957632814922346,union_observed_max_per_profile,representative_curves_10profiles
STU_0081,nsga3,2,0.00048545823020292684,0.4657017629637835,170,7106,61.437966152038506,14.809814596017103,2.0249969519800675,1e-06,0.00048599201660040755,0.9989016560370382,union_observed_max_per_profile,representative_curves_10profiles
STU_0081,nsga3,3,0.0004837299366920247,0.4722804607970606,170,7106,61.437966152038506,14.809814596017103,2.0249969519800675,1e-06,0.00048599201660040755,0.9953454381324893,union_observed_max_per_profile,representative_curves_10profiles
STU_0081,nsga3,4,0.0004850433928650514,0.47437634608340573,170,7106,61.437966152038506,14.809814596017103,2.0249969519800675,1e-06,0.00048599201660040755,0.9980480672460591,union_observed_max_per_profile,representative_curves_10profiles
STU_0081,nsga3,5,0.00048599201660040755,0.47677013064775287,170,7106,61.437966152038506,14.809814596017103,2.0249969519800675,1e-06,0.00048599201660040755,1.0,union_observed_max_per_profile,representative_curves_10profiles
STU_0081,nsga3,6,0.00048395596969078383,0.4666411825279696,170,7106,61.437966152038506,14.809814596017103,2.0249969519800675,1e-06,0.00048599201660040755,0.9958105342473191,union_observed_max_per_profile,representative_curves_10profiles
STU_0081,nsga3,7,0.0004834338703278344,0.46910859599630916,170,7106,61.437966152038506,14.809814596017103,2.0249969519800675,1e-06,0.00048599201660040755,0.9947362380755392,union_observed_max_per_profile,representative_curves_10profiles
STU_0081,nsga3,8,0.0004829889533917485,0.48721437046844207,170,7106,61.437966152038506,14.809814596017103,2.0249969519800675,1e-06,0.00048599201660040755,0.9938207560904684,union_observed_max_per_profile,representative_curves_10profiles
STU_0081,nsga3,9,0.0004849363982593849,0.4598877073585673,170,7106,61.437966152038506,14.809814596017103,2.0249969519800675,1e-06,0.00048599201660040755,0.9978279101199915,union_observed_max_per_profile,representative_curves_10profiles
STU_0081,nsga3,10,0.00048534319539538835,0.44268355994985453,170,7106,61.437966152038506,14.809814596017103,2.0249969519800675,1e-06,0.00048599201660040755,0.9986649550139572,union_observed_max_per_profile,representative_curves_10profiles
STU_0081,nsga3,11,0.00048336678109836133,0.48943326865822845,170,7106,61.437966152038506,14.809814596017103,2.0249969519800675,1e-06,0.00048599201660040755,0.9945981921258498,union_observed_max_per_profile,representative_curves_10profiles
STU_0081,nsga3,12,0.0004848818971283004,0.4545137879695219,170,7106,61.437966152038506,14.809814596017103,2.0249969519800675,1e-06,0.00048599201660040755,0.997715766032799,union_observed_max_per_profile,representative_curves_10profiles
STU_0081,nsga3,13,0.0004846541623887669,0.45659658840348216,170,7106,61.437966152038506,14.809814596017103,2.0249969519800675,1e-06,0.00048599201660040755,0.9972471683362225,union_observed_max_per_profile,representative_curves_10profiles
STU_0081,nsga3,14,0.00048490224738735236,0.4724529435218474,170,7106,61.437966152038506,14.809814596017103,2.0249969519800675,1e-06,0.00048599201660040755,0.9977576396816592,union_observed_max_per_profile,representative_curves_10profiles
STU_0081,nsga3,15,0.0004853239680589519,0.48536898869950695,170,7106,61.437966152038506,14.809814596017103,2.0249969519800675,1e-06,0.00048599201660040755,0.9986253919434135,union_observed_max_per_profile,representative_curves_10profiles
STU_0081,nsga3,16,0.00048561173360746107,0.4371017278199977,170,7106,61.437966152038506,14.809814596017103,2.0249969519800675,1e-06,0.00048599201660040755,0.9992175118521357,union_observed_max_per_profile,representative_curves_10profiles
STU_0081,nsga3,17,0.00048468115739483885,0.48330988616827,170,7106,61.437966152038506,14.809814596017103,2.0249969519800675,1e-06,0.00048599201660040755,0.9973027145286493,union_observed_max_per_profile,representative_curves_10profiles
STU_0081,nsga3,18,0.0004858834623626323,0.43561632391546923,170,7106,61.437966152038506,14.809814596017103,2.0249969519800675,1e-06,0.00048599201660040755,0.9997766337016508,union_observed_max_per_profile,representative_curves_10profiles
STU_0081,nsga3,19,0.00048370524159244534,0.47339984934823814,170,7106,61.437966152038506,14.809814596017103,2.0249969519800675,1e-06,0.00048599201660040755,0.9952946243356865,union_observed_max_per_profile,representative_curves_10profiles
STU_0081,nsga3,20,0.0004849959857162302,0.45349017236488726,170,7106,61.437966152038506,14.809814596017103,2.0249969519800675,1e-06,0.00048599201660040755,0.99795052006997,union_observed_max_per_profile,representative_curves_10profiles
STU_0081,nsga3,21,0.00048453966772607515,0.4812197656559989,170,7106,61.437966152038506,14.809814596017103,2.0249969519800675,1e-06,0.00048599201660040755,0.9970115787405485,union_observed_max_per_profile,representative_curves_10profiles
STU_0081,nsga3,22,0.0004836602578515784,0.4677184728168066,170,7106,61.437966152038506,14.809814596017103,2.0249969519800675,1e-06,0.00048599201660040755,0.9952020636776295,union_observed_max_per_profile,representative_curves_10profiles
STU_0081,nsga3,23,0.0004846170295974683,0.45739621082309445,170,7106,61.437966152038506,14.809814596017103,2.0249969519800675,1e-06,0.00048599201660040755,0.9971707621607501,union_observed_max_per_profile,representative_curves_10profiles
STU_0081,nsga3,24,0.000485463164011254,0.46767319702258664,170,7106,61.437966152038506,14.809814596017103,2.0249969519800675,1e-06,0.00048599201660040755,0.998911808072789,union_observed_max_per_profile,representative_curves_10profiles
STU_0081,nsga3,25,0.0004856458340889416,0.4379407869956365,170,7106,61.437966152038506,14.809814596017103,2.0249969519800675,1e-06,0.00048599201660040755,0.9992876786045015,union_observed_max_per_profile,representative_curves_10profiles
STU_0081,nsga3,26,0.0004831240751427373,0.4860183066501214,170,7106,61.437966152038506,14.809814596017103,2.0249969519800675,1e-06,0.00048599201660040755,0.9940987889518598,union_observed_max_per_profile,representative_curves_10profiles
STU_0081,nsga3,27,0.0004854445093943248,0.47226984846044834,170,7106,61.437966152038506,14.809814596017103,2.0249969519800675,1e-06,0.00048599201660040755,0.9988734234568036,union_observed_max_per_profile,representative_curves_10profiles
STU_0081,nsga3,28,0.00048304414089873915,0.47233494016365024,170,7106,61.437966152038506,14.809814596017103,2.0249969519800675,1e-06,0.00048599201660040755,0.993934312496964,union_observed_max_per_profile,representative_curves_10profiles
STU_0081,nsga3,29,0.0004844953672072271,0.4937912007007523,170,7106,61.437966152038506,14.809814596017103,2.0249969519800675,1e-06,0.00048599201660040755,0.996920423912208,union_observed_max_per_profile,representative_curves_10profiles
STU_0118,nsga2,0,21.86735580097839,0.17264021455594597,168,6416,27.717153538716893,5.369991113826593,0.8278435029268301,0.8720955897055711,22.18619016900986,0.9856291519362878,union_observed_max_per_profile,representative_curves_10profiles
STU_0118,nsga2,1,21.66841690356976,0.18833480135224157,168,6416,27.717153538716893,5.369991113826593,0.8278435029268301,0.8720955897055711,22.18619016900986,0.976662362420235,union_observed_max_per_profile,representative_curves_10profiles
STU_0118,nsga2,2,21.907423789364838,0.1767401312863888,168,6416,27.717153538716893,5.369991113826593,0.8278435029268301,0.8720955897055711,22.18619016900986,0.9874351397188326,union_observed_max_per_profile,representative_curves_10profiles
STU_0118,nsga2,3,21.926113398269386,0.17335081168892683,168,6416,27.717153538716893,5.369991113826593,0.8278435029268301,0.8720955897055711,22.18619016900986,0.9882775380198556,union_observed_max_per_profile,representative_curves_10profiles
STU_0118,nsga2,4,22.03509374142376,0.19386791082765345,168,6416,27.717153538716893,5.369991113826593,0.8278435029268301,0.8720955897055711,22.18619016900986,0.9931896181167169,union_observed_max_per_profile,representative_curves_10profiles
STU_0118,nsga2,5,21.76930143739124,0.19024459545857356,168,6416,27.717153538716893,5.369991113826593,0.8278435029268301,0.8720955897055711,22.18619016900986,0.981209539427777,union_observed_max_per_profile,representative_curves_10profiles
STU_0118,nsga2,6,21.821737562359893,0.16711676072287857,168,6416,27.717153538716893,5.369991113826593,0.8278435029268301,0.8720955897055711,22.18619016900986,0.9835729972620968,union_observed_max_per_profile,representative_curves_10profiles
STU_0118,nsga2,7,21.94326190371477,0.17209537899017505,168,6416,27.717153538716893,5.369991113826593,0.8278435029268301,0.8720955897055711,22.18619016900986,0.9890504740361229,union_observed_max_per_profile,representative_curves_10profiles
STU_0118,nsga2,8,21.808001533118656,0.18239453292988417,168,6416,27.717153538716893,5.369991113826593,0.8278435029268301,0.8720955897055711,22.18619016900986,0.9829538720704079,union_observed_max_per_profile,representative_curves_10profiles
STU_0118,nsga2,9,21.72089600731985,0.18045588902946064,168,6416,27.717153538716893,5.369991113826593,0.8278435029268301,0.8720955897055711,22.18619016900986,0.9790277574407552,union_observed_max_per_profile,representative_curves_10profiles
STU_0118,nsga2,10,21.758654392687657,0.16856927201003277,168,6416,27.717153538716893,5.369991113826593,0.8278435029268301,0.8720955897055711,22.18619016900986,0.9807296442938007,union_observed_max_per_profile,representative_curves_10profiles
STU_0118,nsga2,11,21.810063586389397,0.17962828301561015,168,6416,27.717153538716893,5.369991113826593,0.8278435029268301,0.8720955897055711,22.18619016900986,0.9830468151694722,union_observed_max_per_profile,representative_curves_10profiles
STU_0118,nsga2,12,21.58429217025104,0.18167762691758432,168,6416,27.717153538716893,5.369991113826593,0.8278435029268301,0.8720955897055711,22.18619016900986,0.97287060129866,union_observed_max_per_profile,representative_curves_10profiles
STU_0118,nsga2,13,21.87608977296877,0.1836592436626415,168,6416,27.717153538716893,5.369991113826593,0.8278435029268301,0.8720955897055711,22.18619016900986,0.9860228189842957,union_observed_max_per_profile,representative_curves_10profiles
STU_0118,nsga2,14,21.71455132608686,0.1906477177820981,168,6416,27.717153538716893,5.369991113826593,0.8278435029268301,0.8720955897055711,22.18619016900986,0.9787417830943416,union_observed_max_per_profile,representative_curves_10profiles
STU_0118,nsga2,15,21.69152030239639,0.16512946618247196,168,6416,27.717153538716893,5.369991113826593,0.8278435029268301,0.8720955897055711,22.18619016900986,0.9777037038425627,union_observed_max_per_profile,representative_curves_10profiles
STU_0118,nsga2,16,21.812178082507106,0.17177248597584907,168,6416,27.717153538716893,5.369991113826593,0.8278435029268301,0.8720955897055711,22.18619016900986,0.9831421220293523,union_observed_max_per_profile,representative_curves_10profiles
STU_0118,nsga2,17,21.944331054007908,0.16094088702470044,168,6416,27.717153538716893,5.369991113826593,0.8278435029268301,0.8720955897055711,22.18619016900986,0.9890986639364615,union_observed_max_per_profile,representative_curves_10profiles
STU_0118,nsga2,18,21.64332090617672,0.19316256127493403,168,6416,27.717153538716893,5.369991113826593,0.8278435029268301,0.8720955897055711,22.18619016900986,0.9755312084365241,union_observed_max_per_profile,representative_curves_10profiles
STU_0118,nsga2,19,21.9111708784562,0.1689423046032362,168,6416,27.717153538716893,5.369991113826593,0.8278435029268301,0.8720955897055711,22.18619016900986,0.9876040325779858,union_observed_max_per_profile,representative_curves_10profiles
STU_0118,nsga2,20,21.47892185402481,0.18965923651110575,168,6416,27.717153538716893,5.369991113826593,0.8278435029268301,0.8720955897055711,22.18619016900986,0.9681212362466372,union_observed_max_per_profile,representative_curves_10profiles
STU_0118,nsga2,21,21.76159008402527,0.17240449891298382,168,6416,27.717153538716893,5.369991113826593,0.8278435029268301,0.8720955897055711,22.18619016900986,0.9808619649543219,union_observed_max_per_profile,representative_curves_10profiles
STU_0118,nsga2,22,21.465273776212342,0.18580829016176276,168,6416,27.717153538716893,5.369991113826593,0.8278435029268301,0.8720955897055711,22.18619016900986,0.9675060752970328,union_observed_max_per_profile,representative_curves_10profiles
STU_0118,nsga2,23,21.679869374519406,0.1894792716394352,168,6416,27.717153538716893,5.369991113826593,0.8278435029268301,0.8720955897055711,22.18619016900986,0.9771785605985793,union_observed_max_per_profile,representative_curves_10profiles
STU_0118,nsga2,24,21.70379005814587,0.19089914813078196,168,6416,27.717153538716893,5.369991113826593,0.8278435029268301,0.8720955897055711,22.18619016900986,0.9782567395668583,union_observed_max_per_profile,representative_curves_10profiles
STU_0118,nsga2,25,21.753896687784863,0.16602035046673919,168,6416,27.717153538716893,5.369991113826593,0.8278435029268301,0.8720955897055711,22.18619016900986,0.980515199863885,union_observed_max_per_profile,representative_curves_10profiles
STU_0118,nsga2,26,21.813692031841477,0.18155821472780778,168,6416,27.717153538716893,5.369991113826593,0.8278435029268301,0.8720955897055711,22.18619016900986,0.9832103603939762,union_observed_max_per_profile,representative_curves_10profiles
STU_0118,nsga2,27,21.829725233705496,0.175239809203261,168,6416,27.717153538716893,5.369991113826593,0.8278435029268301,0.8720955897055711,22.18619016900986,0.9839330262388952,union_observed_max_per_profile,representative_curves_10profiles
STU_0118,nsga2,28,21.888121259075767,0.17488831792068676,168,6416,27.717153538716893,5.369991113826593,0.8278435029268301,0.8720955897055711,22.18619016900986,0.9865651151611221,union_observed_max_per_profile,representative_curves_10profiles
STU_0118,nsga2,29,21.701471606051392,0.18788915364070297,168,6416,27.717153538716893,5.369991113826593,0.8278435029268301,0.8720955897055711,22.18619016900986,0.9781522397822258,union_observed_max_per_profile,representative_curves_10profiles
STU_0118,nsga3,0,22.04276940728512,0.2073718259875413,170,6416,27.717153538716893,5.369991113826593,0.8278435029268301,0.8720955897055711,22.18619016900986,0.9935355840443002,union_observed_max_per_profile,representative_curves_10profiles
STU_0118,nsga3,1,22.030143816266005,0.21018084180747976,170,6416,27.717153538716893,5.369991113826593,0.8278435029268301,0.8720955897055711,22.18619016900986,0.9929665097272166,union_observed_max_per_profile,representative_curves_10profiles
STU_0118,nsga3,2,21.915626811459553,0.1658587833841952,170,6416,27.717153538716893,5.369991113826593,0.8278435029268301,0.8720955897055711,22.18619016900986,0.9878048752179077,union_observed_max_per_profile,representative_curves_10profiles
STU_0118,nsga3,3,22.077816323782983,0.1708094074952977,170,6416,27.717153538716893,5.369991113826593,0.8278435029268301,0.8720955897055711,22.18619016900986,0.9951152566348117,union_observed_max_per_profile,representative_curves_10profiles
STU_0118,nsga3,4,22.06269708679222,0.18794464057098145,170,6416,27.717153538716893,5.369991113826593,0.8278435029268301,0.8720955897055711,22.18619016900986,0.9944337860048573,union_observed_max_per_profile,representative_curves_10profiles
STU_0118,nsga3,5,21.903321882847482,0.18608155620206143,170,6416,27.717153538716893,5.369991113826593,0.8278435029268301,0.8720955897055711,22.18619016900986,0.9872502541442427,union_observed_max_per_profile,representative_curves_10profiles
STU_0118,nsga3,6,21.9596031815608,0.19322234743462285,170,6416,27.717153538716893,5.369991113826593,0.8278435029268301,0.8720955897055711,22.18619016900986,0.9897870258154752,union_observed_max_per_profile,representative_curves_10profiles
STU_0118,nsga3,7,22.01729358169369,0.16932936456813652,170,6416,27.717153538716893,5.369991113826593,0.8278435029268301,0.8720955897055711,22.18619016900986,0.9923873100325225,union_observed_max_per_profile,representative_curves_10profiles
STU_0118,nsga3,8,21.93425370864246,0.19285361162050654,170,6416,27.717153538716893,5.369991113826593,0.8278435029268301,0.8720955897055711,22.18619016900986,0.9886444469082705,union_observed_max_per_profile,representative_curves_10profiles
STU_0118,nsga3,9,22.008613439287874,0.1998203794068279,170,6416,27.717153538716893,5.369991113826593,0.8278435029268301,0.8720955897055711,22.18619016900986,0.9919960692498694,union_observed_max_per_profile,representative_curves_10profiles
STU_0118,nsga3,10,22.108511266341242,0.23908715165012653,170,6416,27.717153538716893,5.369991113826593,0.8278435029268301,0.8720955897055711,22.18619016900986,0.9964987723409529,union_observed_max_per_profile,representative_curves_10profiles
STU_0118,nsga3,11,21.990138077465048,0.16597506566582884,170,6416,27.717153538716893,5.369991113826593,0.8278435029268301,0.8720955897055711,22.18619016900986,0.9911633277254307,union_observed_max_per_profile,representative_curves_10profiles
STU_0118,nsga3,12,22.112002710190627,0.18024411358540826,170,6416,27.717153538716893,5.369991113826593,0.8278435029268301,0.8720955897055711,22.18619016900986,0.9966561424807916,union_observed_max_per_profile,representative_curves_10profiles
STU_0118,nsga3,13,22.08251281656769,0.1683130460900839,170,6416,27.717153538716893,5.369991113826593,0.8278435029268301,0.8720955897055711,22.18619016900986,0.9953269420458233,union_observed_max_per_profile,representative_curves_10profiles
STU_0118,nsga3,14,22.145361290527237,0.17918249928592717,170,6416,27.717153538716893,5.369991113826593,0.8278435029268301,0.8720955897055711,22.18619016900986,0.9981597165546858,union_observed_max_per_profile,representative_curves_10profiles
STU_0118,nsga3,15,21.966635683062602,0.19656028251467322,170,6416,27.717153538716893,5.369991113826593,0.8278435029268301,0.8720955897055711,22.18619016900986,0.9901040023422347,union_observed_max_per_profile,representative_curves_10profiles
STU_0118,nsga3,16,22.061648132817695,0.22246927550604026,170,6416,27.717153538716893,5.369991113826593,0.8278435029268301,0.8720955897055711,22.18619016900986,0.9943865064148721,union_observed_max_per_profile,representative_curves_10profiles
STU_0118,nsga3,17,22.003108345991308,0.17134775547609749,170,6416,27.717153538716893,5.369991113826593,0.8278435029268301,0.8720955897055711,22.18619016900986,0.9917479377205428,union_observed_max_per_profile,representative_curves_10profiles
STU_0118,nsga3,18,22.1143611019597,0.1626861780328552,170,6416,27.717153538716893,5.369991113826593,0.8278435029268301,0.8720955897055711,22.18619016900986,0.9967624424697085,union_observed_max_per_profile,representative_curves_10profiles
STU_0118,nsga3,19,22.061642216068364,0.1702172889642843,170,6416,27.717153538716893,5.369991113826593,0.8278435029268301,0.8720955897055711,22.18619016900986,0.9943862397287361,union_observed_max_per_profile,representative_curves_10profiles
STU_0118,nsga3,20,22.10338135721577,0.1781362309456906,170,6416,27.717153538716893,5.369991113826593,0.8278435029268301,0.8720955897055711,22.18619016900986,0.9962675515190635,union_observed_max_per_profile,representative_curves_10profiles
STU_0118,nsga3,21,21.94920584022361,0.17124640002547215,170,6416,27.717153538716893,5.369991113826593,0.8278435029268301,0.8720955897055711,22.18619016900986,0.9893183855821593,union_observed_max_per_profile,representative_curves_10profiles
STU_0118,nsga3,22,22.055640094946373,0.1744212989399989,170,6416,27.717153538716893,5.369991113826593,0.8278435029268301,0.8720955897055711,22.18619016900986,0.9941157056227778,union_observed_max_per_profile,representative_curves_10profiles
STU_0118,nsga3,23,21.996161906579296,0.1918116979933073,170,6416,27.717153538716893,5.369991113826593,0.8278435029268301,0.8720955897055711,22.18619016900986,0.9914348402775346,union_observed_max_per_profile,representative_curves_10profiles
STU_0118,nsga3,24,22.18619016900986,0.17010874110932464,170,6416,27.717153538716893,5.369991113826593,0.8278435029268301,0.8720955897055711,22.18619016900986,1.0,union_observed_max_per_profile,representative_curves_10profiles
STU_0118,nsga3,25,22.052309241028446,0.16908205173114585,170,6416,27.717153538716893,5.369991113826593,0.8278435029268301,0.8720955897055711,22.18619016900986,0.9939655737663143,union_observed_max_per_profile,representative_curves_10profiles
STU_0118,nsga3,26,22.081177790145105,0.2231301790341417,170,6416,27.717153538716893,5.369991113826593,0.8278435029268301,0.8720955897055711,22.18619016900986,0.9952667682885259,union_observed_max_per_profile,representative_curves_10profiles
STU_0118,nsga3,27,21.989623210703375,0.18902745254513106,170,6416,27.717153538716893,5.369991113826593,0.8278435029268301,0.8720955897055711,22.18619016900986,0.9911401210929377,union_observed_max_per_profile,representative_curves_10profiles
STU_0118,nsga3,28,21.970528632757233,0.1720745066247811,170,6416,27.717153538716893,5.369991113826593,0.8278435029268301,0.8720955897055711,22.18619016900986,0.9902794695885251,union_observed_max_per_profile,representative_curves_10profiles
STU_0118,nsga3,29,21.984779834661403,0.17195729305987073,170,6416,27.717153538716893,5.369991113826593,0.8278435029268301,0.8720955897055711,22.18619016900986,0.9909218152006202,union_observed_max_per_profile,representative_curves_10profiles
STU_0215,nsga2,0,5.824715258037451,0.1343876030089826,168,6793,19.945356481101534,4.709994011283383,0.4246051172460438,0.5934735335390181,6.015159771257595,0.968339242769552,union_observed_max_per_profile,representative_curves_10profiles
STU_0215,nsga2,1,5.799118873300324,0.1393405296337968,168,6793,19.945356481101534,4.709994011283383,0.4246051172460438,0.5934735335390181,6.015159771257595,0.9640839302407916,union_observed_max_per_profile,representative_curves_10profiles
STU_0215,nsga2,2,5.496596902072549,0.14244064615983784,168,6793,19.945356481101534,4.709994011283383,0.4246051172460438,0.5934735335390181,6.015159771257595,0.9137906740793638,union_observed_max_per_profile,representative_curves_10profiles
STU_0215,nsga2,3,5.647935578536538,0.13319656467622484,168,6793,19.945356481101534,4.709994011283383,0.4246051172460438,0.5934735335390181,6.015159771257595,0.9389502180015609,union_observed_max_per_profile,representative_curves_10profiles
STU_0215,nsga2,4,5.858582969270521,0.13917671961844424,168,6793,19.945356481101534,4.709994011283383,0.4246051172460438,0.5934735335390181,6.015159771257595,0.9739696353976748,union_observed_max_per_profile,representative_curves_10profiles
STU_0215,nsga2,5,5.584068770495104,0.12992163172539387,168,6793,19.945356481101534,4.709994011283383,0.4246051172460438,0.5934735335390181,6.015159771257595,0.9283325768298982,union_observed_max_per_profile,representative_curves_10profiles
STU_0215,nsga2,6,5.8806553570004025,0.1474379081889234,168,6793,19.945356481101534,4.709994011283383,0.4246051172460438,0.5934735335390181,6.015159771257595,0.9776390953238019,union_observed_max_per_profile,representative_curves_10profiles
STU_0215,nsga2,7,5.82764704743611,0.14904741371946648,168,6793,19.945356481101534,4.709994011283383,0.4246051172460438,0.5934735335390181,6.015159771257595,0.9688266428570222,union_observed_max_per_profile,representative_curves_10profiles
STU_0215,nsga2,8,5.785225046077943,0.14040910453964112,168,6793,19.945356481101534,4.709994011283383,0.4246051172460438,0.5934735335390181,6.015159771257595,0.9617741283817005,union_observed_max_per_profile,representative_curves_10profiles
STU_0215,nsga2,9,5.76399701173237,0.14336754147792366,168,6793,19.945356481101534,4.709994011283383,0.4246051172460438,0.5934735335390181,6.015159771257595,0.958245039354505,union_observed_max_per_profile,representative_curves_10profiles
STU_0215,nsga2,10,5.750239898310882,0.14532830444362774,168,6793,19.945356481101534,4.709994011283383,0.4246051172460438,0.5934735335390181,6.015159771257595,0.9559579657031577,union_observed_max_per_profile,representative_curves_10profiles
STU_0215,nsga2,11,5.844810822573289,0.13391440024213688,168,6793,19.945356481101534,4.709994011283383,0.4246051172460438,0.5934735335390181,6.015159771257595,0.9716800625149994,union_observed_max_per_profile,representative_curves_10profiles
STU_0215,nsga2,12,5.741268356700452,0.15303644573570144,168,6793,19.945356481101534,4.709994011283383,0.4246051172460438,0.5934735335390181,6.015159771257595,0.9544664772054957,union_observed_max_per_profile,representative_curves_10profiles
STU_0215,nsga2,13,5.72682196513515,0.15371509057768387,168,6793,19.945356481101534,4.709994011283383,0.4246051172460438,0.5934735335390181,6.015159771257595,0.9520648133902913,union_observed_max_per_profile,representative_curves_10profiles
STU_0215,nsga2,14,5.841255770824026,0.1617323610442723,168,6793,19.945356481101534,4.709994011283383,0.4246051172460438,0.5934735335390181,6.015159771257595,0.9710890471663713,union_observed_max_per_profile,representative_curves_10profiles
STU_0215,nsga2,15,5.713874544890121,0.14599915436998195,168,6793,19.945356481101534,4.709994011283383,0.4246051172460438,0.5934735335390181,6.015159771257595,0.9499123484953611,union_observed_max_per_profile,representative_curves_10profiles
STU_0215,nsga2,16,5.649608859627915,0.1332189340253221,168,6793,19.945356481101534,4.709994011283383,0.4246051172460438,0.5934735335390181,6.015159771257595,0.9392283953326723,union_observed_max_per_profile,representative_curves_10profiles
STU_0215,nsga2,17,5.7052739907158285,0.14316501498473502,168,6793,19.945356481101534,4.709994011283383,0.4246051172460438,0.5934735335390181,6.015159771257595,0.9484825354062077,union_observed_max_per_profile,representative_curves_10profiles
STU_0215,nsga2,18,5.859022670831382,0.13441488750580874,168,6793,19.945356481101534,4.709994011283383,0.4246051172460438,0.5934735335390181,6.015159771257595,0.9740427342973852,union_observed_max_per_profile,representative_curves_10profiles
STU_0215,nsga2,19,5.6108436448550485,0.14251473951447455,168,6793,19.945356481101534,4.709994011283383,0.4246051172460438,0.5934735335390181,6.015159771257595,0.9327838092789319,union_observed_max_per_profile,representative_curves_10profiles
STU_0215,nsga2,20,5.8061619522274786,0.142574936738882,168,6793,19.945356481101534,4.709994011283383,0.4246051172460438,0.5934735335390181,6.015159771257595,0.9652548183293855,union_observed_max_per_profile,representative_curves_10profiles
STU_0215,nsga2,21,5.8259890061501665,0.13781027547229432,168,6793,19.945356481101534,4.709994011283383,0.4246051172460438,0.5934735335390181,6.015159771257595,0.9685509990921025,union_observed_max_per_profile,representative_curves_10profiles
STU_0215,nsga2,22,5.791562852438195,0.14686816018272142,168,6793,19.945356481101534,4.709994011283383,0.4246051172460438,0.5934735335390181,6.015159771257595,0.9628277672876089,union_observed_max_per_profile,representative_curves_10profiles
STU_0215,nsga2,23,5.804361414217743,0.1401921571933956,168,6793,19.945356481101534,4.709994011283383,0.4246051172460438,0.5934735335390181,6.015159771257595,0.9649554849653178,union_observed_max_per_profile,representative_curves_10profiles
STU_0215,nsga2,24,5.795943000098573,0.15009766287108955,168,6793,19.945356481101534,4.709994011283383,0.4246051172460438,0.5934735335390181,6.015159771257595,0.9635559520452787,union_observed_max_per_profile,representative_curves_10profiles
STU_0215,nsga2,25,5.609162238167629,0.1315147379228965,168,6793,19.945356481101534,4.709994011283383,0.4246051172460438,0.5934735335390181,6.015159771257595,0.932504281094917,union_observed_max_per_profile,representative_curves_10profiles
STU_0215,nsga2,26,5.844145527964894,0.1373964823077869,168,6793,19.945356481101534,4.709994011283383,0.4246051172460438,0.5934735335390181,6.015159771257595,0.9715694595329183,union_observed_max_per_profile,representative_curves_10profiles
STU_0215,nsga2,27,5.795391778446919,0.13815873256901023,168,6793,19.945356481101534,4.709994011283383,0.4246051172460438,0.5934735335390181,6.015159771257595,0.9634643133070546,union_observed_max_per_profile,representative_curves_10profiles
STU_0215,nsga2,28,5.781401365935428,0.13432603059516257,168,6793,19.945356481101534,4.709994011283383,0.4246051172460438,0.5934735335390181,6.015159771257595,0.961138454469798,union_observed_max_per_profile,representative_curves_10profiles
STU_0215,nsga2,29,5.74982407782175,0.12641584139176773,168,6793,19.945356481101534,4.709994011283383,0.4246051172460438,0.5934735335390181,6.015159771257595,0.9558888369509808,union_observed_max_per_profile,representative_curves_10profiles
STU_0215,nsga3,0,5.988963044283046,0.1598584051789025,170,6793,19.945356481101534,4.709994011283383,0.4246051172460438,0.5934735335390181,6.015159771257595,0.995644882601502,union_observed_max_per_profile,representative_curves_10profiles
STU_0215,nsga3,1,6.002746596599284,0.14775151874614081,170,6793,19.945356481101534,4.709994011283383,0.4246051172460438,0.5934735335390181,6.015159771257595,0.9979363516298227,union_observed_max_per_profile,representative_curves_10profiles
STU_0215,nsga3,2,5.960236690555383,0.15565549974513862,170,6793,19.945356481101534,4.709994011283383,0.4246051172460438,0.5934735335390181,6.015159771257595,0.9908692232973341,union_observed_max_per_profile,representative_curves_10profiles
STU_0215,nsga3,3,5.976278977261981,0.21303285143552853,170,6793,19.945356481101534,4.709994011283383,0.4246051172460438,0.5934735335390181,6.015159771257595,0.9935361992907654,union_observed_max_per_profile,representative_curves_10profiles
STU_0215,nsga3,4,6.001815786916956,0.17002363318406372,170,6793,19.945356481101534,4.709994011283383,0.4246051172460438,0.5934735335390181,6.015159771257595,0.9977816076632908,union_observed_max_per_profile,representative_curves_10profiles
STU_0215,nsga3,5,5.977570151293211,0.1905861012416936,170,6793,19.945356481101534,4.709994011283383,0.4246051172460438,0.5934735335390181,6.015159771257595,0.9937508526134252,union_observed_max_per_profile,representative_curves_10profiles
STU_0215,nsga3,6,5.98109623534595,0.15015973848514141,170,6793,19.945356481101534,4.709994011283383,0.4246051172460438,0.5934735335390181,6.015159771257595,0.9943370521803241,union_observed_max_per_profile,representative_curves_10profiles
STU_0215,nsga3,7,6.001586847839054,0.15718523723601138,170,6793,19.945356481101534,4.709994011283383,0.4246051172460438,0.5934735335390181,6.015159771257595,0.9977435473146703,union_observed_max_per_profile,representative_curves_10profiles
STU_0215,nsga3,8,5.955500479811943,0.14907928931175038,170,6793,19.945356481101534,4.709994011283383,0.4246051172460438,0.5934735335390181,6.015159771257595,0.9900818442544579,union_observed_max_per_profile,representative_curves_10profiles
STU_0215,nsga3,9,5.915773946736277,0.15581538050620283,170,6793,19.945356481101534,4.709994011283383,0.4246051172460438,0.5934735335390181,6.015159771257595,0.9834774422790535,union_observed_max_per_profile,representative_curves_10profiles
STU_0215,nsga3,10,5.994846953283055,0.17007255086109221,170,6793,19.945356481101534,4.709994011283383,0.4246051172460438,0.5934735335390181,6.015159771257595,0.9966230626039891,union_observed_max_per_profile,representative_curves_10profiles
STU_0215,nsga3,11,5.951128161677923,0.1779935535960006,170,6793,19.945356481101534,4.709994011283383,0.4246051172460438,0.5934735335390181,6.015159771257595,0.9893549611291065,union_observed_max_per_profile,representative_curves_10profiles
STU_0215,nsga3,12,5.986307744395555,0.1738792703659772,170,6793,19.945356481101534,4.709994011283383,0.4246051172460438,0.5934735335390181,6.015159771257595,0.9952034479616144,union_observed_max_per_profile,representative_curves_10profiles
STU_0215,nsga3,13,6.015159771257595,0.17843681528765448,170,6793,19.945356481101534,4.709994011283383,0.4246051172460438,0.5934735335390181,6.015159771257595,1.0,union_observed_max_per_profile,representative_curves_10profiles
STU_0215,nsga3,14,5.990916435866853,0.16600870988401212,170,6793,19.945356481101534,4.709994011283383,0.4246051172460438,0.5934735335390181,6.015159771257595,0.9959696273561037,union_observed_max_per_profile,representative_curves_10profiles
STU_0215,nsga3,15,5.89940852438625,0.20877532715434655,170,6793,19.945356481101534,4.709994011283383,0.4246051172460438,0.5934735335390181,6.015159771257595,0.9807567460760656,union_observed_max_per_profile,representative_curves_10profiles
STU_0215,nsga3,16,5.978643453965021,0.2965485510159034,170,6793,19.945356481101534,4.709994011283383,0.4246051172460438,0.5934735335390181,6.015159771257595,0.9939292855582887,union_observed_max_per_profile,representative_curves_10profiles
STU_0215,nsga3,17,5.90359110814823,0.15288829338943732,170,6793,19.945356481101534,4.709994011283383,0.4246051172460438,0.5934735335390181,6.015159771257595,0.9814520865027598,union_observed_max_per_profile,representative_curves_10profiles
STU_0215,nsga3,18,5.932917574068618,0.1800412471977764,170,6793,19.945356481101534,4.709994011283383,0.4246051172460438,0.5934735335390181,6.015159771257595,0.9863275124325114,union_observed_max_per_profile,representative_curves_10profiles
STU_0215,nsga3,19,5.90079357491821,0.20208005709096283,170,6793,19.945356481101534,4.709994011283383,0.4246051172460438,0.5934735335390181,6.015159771257595,0.9809870060499699,union_observed_max_per_profile,representative_curves_10profiles
STU_0215,nsga3,20,5.995238806126108,0.24645290676823123,170,6793,19.945356481101534,4.709994011283383,0.4246051172460438,0.5934735335390181,6.015159771257595,0.9966882068159392,union_observed_max_per_profile,representative_curves_10profiles
STU_0215,nsga3,21,5.999623944664868,0.17210025470408646,170,6793,19.945356481101534,4.709994011283383,0.4246051172460438,0.5934735335390181,6.015159771257595,0.9974172212902868,union_observed_max_per_profile,representative_curves_10profiles
STU_0215,nsga3,22,5.926766899176896,0.1796507357968823,170,6793,19.945356481101534,4.709994011283383,0.4246051172460438,0.5934735335390181,6.015159771257595,0.9853049835013412,union_observed_max_per_profile,representative_curves_10profiles
STU_0215,nsga3,23,5.930903189597263,0.15200473738785764,170,6793,19.945356481101534,4.709994011283383,0.4246051172460438,0.5934735335390181,6.015159771257595,0.9859926278163154,union_observed_max_per_profile,representative_curves_10profiles
STU_0215,nsga3,24,5.968130707640784,0.16750741965349547,170,6793,19.945356481101534,4.709994011283383,0.4246051172460438,0.5934735335390181,6.015159771257595,0.9921815769812912,union_observed_max_per_profile,representative_curves_10profiles
STU_0215,nsga3,25,5.963083308105555,0.2308772674239535,170,6793,19.945356481101534,4.709994011283383,0.4246051172460438,0.5934735335390181,6.015159771257595,0.9913424638526015,union_observed_max_per_profile,representative_curves_10profiles
STU_0215,nsga3,26,5.959084888293957,0.20778200837785485,170,6793,19.945356481101534,4.709994011283383,0.4246051172460438,0.5934735335390181,6.015159771257595,0.9906777400607741,union_observed_max_per_profile,representative_curves_10profiles
STU_0215,nsga3,27,5.9654991215620585,0.16383753407922735,170,6793,19.945356481101534,4.709994011283383,0.4246051172460438,0.5934735335390181,6.015159771257595,0.9917440846820342,union_observed_max_per_profile,representative_curves_10profiles
STU_0215,nsga3,28,6.0096300240097955,0.16138590717181106,170,6793,19.945356481101534,4.709994011283383,0.4246051172460438,0.5934735335390181,6.015159771257595,0.9990806981928855,union_observed_max_per_profile,representative_curves_10profiles
STU_0215,nsga3,29,5.927179775835826,0.21205291145589264,170,6793,19.945356481101534,4.709994011283383,0.4246051172460438,0.5934735335390181,6.015159771257595,0.9853736228516877,union_observed_max_per_profile,representative_curves_10profiles
STU_0236,nsga2,0,0.6373961903893488,0.07902849964944565,168,6742,18.885092562281457,1.8162934819782914,0.25349551707705,0.43854883194181826,0.6421719836473605,0.9925630619528331,union_observed_max_per_profile,representative_curves_10profiles
STU_0236,nsga2,1,0.638817508356644,0.08116410841870567,168,6742,18.885092562281457,1.8162934819782914,0.25349551707705,0.43854883194181826,0.6421719836473605,0.994776359953195,union_observed_max_per_profile,representative_curves_10profiles
STU_0236,nsga2,2,0.6407382890032618,0.0765346281604175,168,6742,18.885092562281457,1.8162934819782914,0.25349551707705,0.43854883194181826,0.6421719836473605,0.997767428849892,union_observed_max_per_profile,representative_curves_10profiles
STU_0236,nsga2,3,0.6368778095910448,0.07826948746093586,168,6742,18.885092562281457,1.8162934819782914,0.25349551707705,0.43854883194181826,0.6421719836473605,0.9917558314732975,union_observed_max_per_profile,representative_curves_10profiles
STU_0236,nsga2,4,0.6366063268767559,0.07751623165825296,168,6742,18.885092562281457,1.8162934819782914,0.25349551707705,0.43854883194181826,0.6421719836473605,0.9913330744530566,union_observed_max_per_profile,representative_curves_10profiles
STU_0236,nsga2,5,0.6391313421212712,0.07791101642674611,168,6742,18.885092562281457,1.8162934819782914,0.25349551707705,0.43854883194181826,0.6421719836473605,0.9952650666744767,union_observed_max_per_profile,representative_curves_10profiles
STU_0236,nsga2,6,0.6399023398411391,0.08031853690063236,168,6742,18.885092562281457,1.8162934819782914,0.25349551707705,0.43854883194181826,0.6421719836473605,0.9964656760742964,union_observed_max_per_profile,representative_curves_10profiles
STU_0236,nsga2,7,0.6331935681918561,0.0807941292519982,168,6742,18.885092562281457,1.8162934819782914,0.25349551707705,0.43854883194181826,0.6421719836473605,0.9860186746165577,union_observed_max_per_profile,representative_curves_10profiles
STU_0236,nsga2,8,0.6415800032824427,0.07647433148588578,168,6742,18.885092562281457,1.8162934819782914,0.25349551707705,0.43854883194181826,0.6421719836473605,0.9990781591536343,union_observed_max_per_profile,representative_curves_10profiles
STU_0236,nsga2,9,0.6385439265212403,0.07992510216483528,168,6742,18.885092562281457,1.8162934819782914,0.25349551707705,0.43854883194181826,0.6421719836473605,0.9943503341495624,union_observed_max_per_profile,representative_curves_10profiles
STU_0236,nsga2,10,0.635843149512245,0.07921509527761801,168,6742,18.885092562281457,1.8162934819782914,0.25349551707705,0.43854883194181826,0.6421719836473605,0.9901446430297854,union_observed_max_per_profile,representative_curves_10profiles
STU_0236,nsga2,11,0.6380824771389633,0.08278360080529598,168,6742,18.885092562281457,1.8162934819782914,0.25349551707705,0.43854883194181826,0.6421719836473605,0.9936317581387311,union_observed_max_per_profile,representative_curves_10profiles
STU_0236,nsga2,12,0.6353602970727754,0.08446616844465633,168,6742,18.885092562281457,1.8162934819782914,0.25349551707705,0.43854883194181826,0.6421719836473605,0.9893927378520991,union_observed_max_per_profile,representative_curves_10profiles
STU_0236,nsga2,13,0.6372092187668703,0.0836507785217911,168,6742,18.885092562281457,1.8162934819782914,0.25349551707705,0.43854883194181826,0.6421719836473605,0.9922719068927562,union_observed_max_per_profile,representative_curves_10profiles
STU_0236,nsga2,14,0.6385829195777927,0.08085692569800974,168,6742,18.885092562281457,1.8162934819782914,0.25349551707705,0.43854883194181826,0.6421719836473605,0.9944110547315022,union_observed_max_per_profile,representative_curves_10profiles
STU_0236,nsga2,15,0.6401517157994064,0.08108230825159277,168,6742,18.885092562281457,1.8162934819782914,0.25349551707705,0.43854883194181826,0.6421719836473605,0.996854008117141,union_observed_max_per_profile,representative_curves_10profiles
STU_0236,nsga2,16,0.6403060598169933,0.08209690254501281,168,6742,18.885092562281457,1.8162934819782914,0.25349551707705,0.43854883194181826,0.6421719836473605,0.9970943549736174,union_observed_max_per_profile,representative_curves_10profiles
STU_0236,nsga2,17,0.6415157418629075,0.08158454912336473,168,6742,18.885092562281457,1.8162934819782914,0.25349551707705,0.43854883194181826,0.6421719836473605,0.9989780902917538,union_observed_max_per_profile,representative_curves_10profiles
STU_0236,nsga2,18,0.6365349156356648,0.08092031174811302,168,6742,18.885092562281457,1.8162934819782914,0.25349551707705,0.43854883194181826,0.6421719836473605,0.9912218717800818,union_observed_max_per_profile,representative_curves_10profiles
STU_0236,nsga2,19,0.6392219842428918,0.0738616097307496,168,6742,18.885092562281457,1.8162934819782914,0.25349551707705,0.43854883194181826,0.6421719836473605,0.9954062159677015,union_observed_max_per_profile,representative_curves_10profiles
STU_0236,nsga2,20,0.634315446017307,0.08805156117554715,168,6742,18.885092562281457,1.8162934819782914,0.25349551707705,0.43854883194181826,0.6421719836473605,0.9877656798644026,union_observed_max_per_profile,representative_curves_10profiles
STU_0236,nsga2,21,0.6373741792333928,0.08212955823525757,168,6742,18.885092562281457,1.8162934819782914,0.25349551707705,0.43854883194181826,0.6421719836473605,0.9925287858453159,union_observed_max_per_profile,representative_curves_10profiles
STU_0236,nsga2,22,0.6388958098855702,0.08006435534173756,168,6742,18.885092562281457,1.8162934819782914,0.25349551707705,0.43854883194181826,0.6421719836473605,0.9948982922873985,union_observed_max_per_profile,representative_curves_10profiles
STU_0236,nsga2,23,0.6382019923189112,0.08234688131994335,168,6742,18.885092562281457,1.8162934819782914,0.25349551707705,0.43854883194181826,0.6421719836473605,0.993817868998425,union_observed_max_per_profile,representative_curves_10profiles
STU_0236,nsga2,24,0.6347217697964915,0.08574705817484496,168,6742,18.885092562281457,1.8162934819782914,0.25349551707705,0.43854883194181826,0.6421719836473605,0.9883984134459529,union_observed_max_per_profile,representative_curves_10profiles
STU_0236,nsga2,25,0.6421719836473605,0.07673681571992297,168,6742,18.885092562281457,1.8162934819782914,0.25349551707705,0.43854883194181826,0.6421719836473605,1.0,union_observed_max_per_profile,representative_curves_10profiles
STU_0236,nsga2,26,0.6371861488625974,0.08578346295591043,168,6742,18.885092562281457,1.8162934819782914,0.25349551707705,0.43854883194181826,0.6421719836473605,0.9922359820862241,union_observed_max_per_profile,representative_curves_10profiles
STU_0236,nsga2,27,0.637842992931329,0.08380581979073043,168,6742,18.885092562281457,1.8162934819782914,0.25349551707705,0.43854883194181826,0.6421719836473605,0.9932588296807281,union_observed_max_per_profile,representative_curves_10profiles
STU_0236,nsga2,28,0.635555070061833,0.08270490912226863,168,6742,18.885092562281457,1.8162934819782914,0.25349551707705,0.43854883194181826,0.6421719836473605,0.98969604131911,union_observed_max_per_profile,representative_curves_10profiles
STU_0236,nsga2,29,0.6374045995583879,0.08057072838452789,168,6742,18.885092562281457,1.8162934819782914,0.25349551707705,0.43854883194181826,0.6421719836473605,0.9925761568390213,union_observed_max_per_profile,representative_curves_10profiles
STU_0236,nsga3,0,0.638858677292636,0.10897929996781433,170,6742,18.885092562281457,1.8162934819782914,0.25349551707705,0.43854883194181826,0.6421719836473605,0.9948404688477597,union_observed_max_per_profile,representative_curves_10profiles
STU_0236,nsga3,1,0.6362809169959038,0.08985137739006344,170,6742,18.885092562281457,1.8162934819782914,0.25349551707705,0.43854883194181826,0.6421719836473605,0.9908263412271632,union_observed_max_per_profile,representative_curves_10profiles
STU_0236,nsga3,2,0.6342030188757559,0.09356185170593627,170,6742,18.885092562281457,1.8162934819782914,0.25349551707705,0.43854883194181826,0.6421719836473605,0.9875906066061259,union_observed_max_per_profile,representative_curves_10profiles
STU_0236,nsga3,3,0.6379060495856327,0.0929000850677542,170,6742,18.885092562281457,1.8162934819782914,0.25349551707705,0.43854883194181826,0.6421719836473605,0.993357022463829,union_observed_max_per_profile,representative_curves_10profiles
STU_0236,nsga3,4,0.6356458011221721,0.09924290700751716,170,6742,18.885092562281457,1.8162934819782914,0.25349551707705,0.43854883194181826,0.6421719836473605,0.9898373291090627,union_observed_max_per_profile,representative_curves_10profiles
STU_0236,nsga3,5,0.6371889022394004,0.09683996582524797,170,6742,18.885092562281457,1.8162934819782914,0.25349551707705,0.43854883194181826,0.6421719836473605,0.9922402696865448,union_observed_max_per_profile,representative_curves_10profiles
STU_0236,nsga3,6,0.6404688094075707,0.11456887634781371,170,6742,18.885092562281457,1.8162934819782914,0.25349551707705,0.43854883194181826,0.6421719836473605,0.9973477911164603,union_observed_max_per_profile,representative_curves_10profiles
STU_0236,nsga3,7,0.6383254355518985,0.1302769842689162,170,6742,18.885092562281457,1.8162934819782914,0.25349551707705,0.43854883194181826,0.6421719836473605,0.9940100966821774,union_observed_max_per_profile,representative_curves_10profiles
STU_0236,nsga3,8,0.6360180876958588,0.11136243602287911,170,6742,18.885092562281457,1.8162934819782914,0.25349551707705,0.43854883194181826,0.6421719836473605,0.9904170594354658,union_observed_max_per_profile,representative_curves_10profiles
STU_0236,nsga3,9,0.6375559021556613,0.09196746165440936,170,6742,18.885092562281457,1.8162934819782914,0.25349551707705,0.43854883194181826,0.6421719836473605,0.9928117675494326,union_observed_max_per_profile,representative_curves_10profiles
STU_0236,nsga3,10,0.6335712124229026,0.0993271496273017,170,6742,18.885092562281457,1.8162934819782914,0.25349551707705,0.43854883194181826,0.6421719836473605,0.9866067479686549,union_observed_max_per_profile,representative_curves_10profiles
STU_0236,nsga3,11,0.6403368099887438,0.11948701993944272,170,6742,18.885092562281457,1.8162934819782914,0.25349551707705,0.43854883194181826,0.6421719836473605,0.9971422396097173,union_observed_max_per_profile,representative_curves_10profiles
STU_0236,nsga3,12,0.6349854905116674,0.08891116187644058,170,6742,18.885092562281457,1.8162934819782914,0.25349551707705,0.43854883194181826,0.6421719836473605,0.9888090833628776,union_observed_max_per_profile,representative_curves_10profiles
STU_0236,nsga3,13,0.6317010097759623,0.09035198114087775,170,6742,18.885092562281457,1.8162934819782914,0.25349551707705,0.43854883194181826,0.6421719836473605,0.9836944399038932,union_observed_max_per_profile,representative_curves_10profiles
STU_0236,nsga3,14,0.641145115270034,0.09236174881656727,170,6742,18.885092562281457,1.8162934819782914,0.25349551707705,0.43854883194181826,0.6421719836473605,0.9984009449127722,union_observed_max_per_profile,representative_curves_10profiles
STU_0236,nsga3,15,0.6382859788149624,0.09211835076409691,170,6742,18.885092562281457,1.8162934819782914,0.25349551707705,0.43854883194181826,0.6421719836473605,0.9939486540500776,union_observed_max_per_profile,representative_curves_10profiles
STU_0236,nsga3,16,0.635568320968269,0.09750411869770668,170,6742,18.885092562281457,1.8162934819782914,0.25349551707705,0.43854883194181826,0.6421719836473605,0.9897166758325635,union_observed_max_per_profile,representative_curves_10profiles
STU_0236,nsga3,17,0.6338389484817906,0.10048011531914301,170,6742,18.885092562281457,1.8162934819782914,0.25349551707705,0.43854883194181826,0.6421719836473605,0.9870236706400043,union_observed_max_per_profile,representative_curves_10profiles
STU_0236,nsga3,18,0.6409447512392603,0.09240920227537276,170,6742,18.885092562281457,1.8162934819782914,0.25349551707705,0.43854883194181826,0.6421719836473605,0.9980889349903902,union_observed_max_per_profile,representative_curves_10profiles
STU_0236,nsga3,19,0.6333028803268589,0.08750001260639878,170,6742,18.885092562281457,1.8162934819782914,0.25349551707705,0.43854883194181826,0.6421719836473605,0.9861888971391627,union_observed_max_per_profile,representative_curves_10profiles
STU_0236,nsga3,20,0.6402555612597844,0.09156351809940325,170,6742,18.885092562281457,1.8162934819782914,0.25349551707705,0.43854883194181826,0.6421719836473605,0.9970157178507052,union_observed_max_per_profile,representative_curves_10profiles
STU_0236,nsga3,21,0.6333148922109465,0.09057800646986465,170,6742,18.885092562281457,1.8162934819782914,0.25349551707705,0.43854883194181826,0.6421719836473605,0.9862076022281319,union_observed_max_per_profile,representative_curves_10profiles
STU_0236,nsga3,22,0.6345354441487439,0.09697996273838531,170,6742,18.885092562281457,1.8162934819782914,0.25349551707705,0.43854883194181826,0.6421719836473605,0.9881082643075719,union_observed_max_per_profile,representative_curves_10profiles
STU_0236,nsga3,23,0.6389630074017483,0.08902669758134535,170,6742,18.885092562281457,1.8162934819782914,0.25349551707705,0.43854883194181826,0.6421719836473605,0.9950029332837192,union_observed_max_per_profile,representative_curves_10profiles
STU_0236,nsga3,24,0.6329066447621206,0.09072172099004909,170,6742,18.885092562281457,1.8162934819782914,0.25349551707705,0.43854883194181826,0.6421719836473605,0.985571873078898,union_observed_max_per_profile,representative_curves_10profiles
STU_0236,nsga3,25,0.6331123920256795,0.10789081651571537,170,6742,18.885092562281457,1.8162934819782914,0.25349551707705,0.43854883194181826,0.6421719836473605,0.9858922658534167,union_observed_max_per_profile,representative_curves_10profiles
STU_0236,nsga3,26,0.6364849231593801,0.08793794527476441,170,6742,18.885092562281457,1.8162934819782914,0.25349551707705,0.43854883194181826,0.6421719836473605,0.9911440227340977,union_observed_max_per_profile,representative_curves_10profiles
STU_0236,nsga3,27,0.633853168154733,0.0976946927994193,170,6742,18.885092562281457,1.8162934819782914,0.25349551707705,0.43854883194181826,0.6421719836473605,0.9870458137314262,union_observed_max_per_profile,representative_curves_10profiles
STU_0236,nsga3,28,0.6371751527824294,0.08748994391507933,170,6742,18.885092562281457,1.8162934819782914,0.25349551707705,0.43854883194181826,0.6421719836473605,0.9922188588226001,union_observed_max_per_profile,representative_curves_10profiles
STU_0236,nsga3,29,0.6355536076730931,0.12093619036782653,170,6742,18.885092562281457,1.8162934819782914,0.25349551707705,0.43854883194181826,0.6421719836473605,0.9896937640650767,union_observed_max_per_profile,representative_curves_10profiles
STU_0456,nsga2,0,8.213791429904155,0.1383053089243916,168,6656,21.061909451881462,5.157390266639134,0.4227767948808341,0.6539799753077172,8.58335870710437,0.9569437454717665,union_observed_max_per_profile,representative_curves_10profiles
STU_0456,nsga2,1,8.229457029183825,0.1517456161760397,168,6656,21.061909451881462,5.157390266639134,0.4227767948808341,0.6539799753077172,8.58335870710437,0.9587688584391069,union_observed_max_per_profile,representative_curves_10profiles
STU_0456,nsga2,2,8.208558661992488,0.1311529682815366,168,6656,21.061909451881462,5.157390266639134,0.4227767948808341,0.6539799753077172,8.58335870710437,0.9563341044104723,union_observed_max_per_profile,representative_curves_10profiles
STU_0456,nsga2,3,8.254581470221568,0.12698791079649893,168,6656,21.061909451881462,5.157390266639134,0.4227767948808341,0.6539799753077172,8.58335870710437,0.9616959691302804,union_observed_max_per_profile,representative_curves_10profiles
STU_0456,nsga2,4,8.319307461133967,0.1293150057112665,168,6656,21.061909451881462,5.157390266639134,0.4227767948808341,0.6539799753077172,8.58335870710437,0.9692368389833399,union_observed_max_per_profile,representative_curves_10profiles
STU_0456,nsga2,5,8.34809797577003,0.13322843298864984,168,6656,21.061909451881462,5.157390266639134,0.4227767948808341,0.6539799753077172,8.58335870710437,0.9725910637825707,union_observed_max_per_profile,representative_curves_10profiles
STU_0456,nsga2,6,8.283824633788072,0.129764718545322,168,6656,21.061909451881462,5.157390266639134,0.4227767948808341,0.6539799753077172,8.58335870710437,0.965102929571337,union_observed_max_per_profile,representative_curves_10profiles
STU_0456,nsga2,7,8.456426157099793,0.13128363390930894,168,6656,21.061909451881462,5.157390266639134,0.4227767948808341,0.6539799753077172,8.58335870710437,0.9852117854634788,union_observed_max_per_profile,representative_curves_10profiles
STU_0456,nsga2,8,8.326436751057317,0.13201205569748092,168,6656,21.061909451881462,5.157390266639134,0.4227767948808341,0.6539799753077172,8.58335870710437,0.9700674334122374,union_observed_max_per_profile,representative_curves_10profiles
STU_0456,nsga2,9,8.474692397873959,0.13614501892154102,168,6656,21.061909451881462,5.157390266639134,0.4227767948808341,0.6539799753077172,8.58335870710437,0.9873398848937224,union_observed_max_per_profile,representative_curves_10profiles
STU_0456,nsga2,10,8.329506819329007,0.14035302490538262,168,6656,21.061909451881462,5.157390266639134,0.4227767948808341,0.6539799753077172,8.58335870710437,0.9704251102117808,union_observed_max_per_profile,representative_curves_10profiles
STU_0456,nsga2,11,8.361789672995915,0.13784927451246093,168,6656,21.061909451881462,5.157390266639134,0.4227767948808341,0.6539799753077172,8.58335870710437,0.9741862082584216,union_observed_max_per_profile,representative_curves_10profiles
STU_0456,nsga2,12,8.360225085714122,0.13856992992950962,168,6656,21.061909451881462,5.157390266639134,0.4227767948808341,0.6539799753077172,8.58335870710437,0.9740039267838635,union_observed_max_per_profile,representative_curves_10profiles
STU_0456,nsga2,13,8.384872053796743,0.14243710573843635,168,6656,21.061909451881462,5.157390266639134,0.4227767948808341,0.6539799753077172,8.58335870710437,0.9768754097223804,union_observed_max_per_profile,representative_curves_10profiles
STU_0456,nsga2,14,8.29403284975931,0.137495334165689,168,6656,21.061909451881462,5.157390266639134,0.4227767948808341,0.6539799753077172,8.58335870710437,0.9662922327706532,union_observed_max_per_profile,representative_curves_10profiles
STU_0456,nsga2,15,8.091670855157535,0.14704755429417637,168,6656,21.061909451881462,5.157390266639134,0.4227767948808341,0.6539799753077172,8.58335870710437,0.9427161477546232,union_observed_max_per_profile,representative_curves_10profiles
STU_0456,nsga2,16,8.368195325200938,0.14288130245066427,168,6656,21.061909451881462,5.157390266639134,0.4227767948808341,0.6539799753077172,8.58335870710437,0.9749324956295554,union_observed_max_per_profile,representative_curves_10profiles
STU_0456,nsga2,17,8.323690158877895,0.14325445022192312,168,6656,21.061909451881462,5.157390266639134,0.4227767948808341,0.6539799753077172,8.58335870710437,0.9697474430363081,union_observed_max_per_profile,representative_curves_10profiles
STU_0456,nsga2,18,8.434616745533553,0.13288707093983093,168,6656,21.061909451881462,5.157390266639134,0.4227767948808341,0.6539799753077172,8.58335870710437,0.9826708906563926,union_observed_max_per_profile,representative_curves_10profiles
STU_0456,nsga2,19,8.356095592953714,0.14375379350763248,168,6656,21.061909451881462,5.157390266639134,0.4227767948808341,0.6539799753077172,8.58335870710437,0.9735228222534202,union_observed_max_per_profile,representative_curves_10profiles
STU_0456,nsga2,20,8.061297440876643,0.1409462818998555,168,6656,21.061909451881462,5.157390266639134,0.4227767948808341,0.6539799753077172,8.58335870710437,0.9391775080079525,union_observed_max_per_profile,representative_curves_10profiles
STU_0456,nsga2,21,8.494712584748886,0.13042861164077543,168,6656,21.061909451881462,5.157390266639134,0.4227767948808341,0.6539799753077172,8.58335870710437,0.9896723269549351,union_observed_max_per_profile,representative_curves_10profiles
STU_0456,nsga2,22,8.360844874734198,0.13745016231001214,168,6656,21.061909451881462,5.157390266639134,0.4227767948808341,0.6539799753077172,8.58335870710437,0.9740761349999273,union_observed_max_per_profile,representative_curves_10profiles
STU_0456,nsga2,23,8.38002051163782,0.13173215914058978,168,6656,21.061909451881462,5.157390266639134,0.4227767948808341,0.6539799753077172,8.58335870710437,0.9763101831805947,union_observed_max_per_profile,representative_curves_10profiles
STU_0456,nsga2,24,8.305146321265758,0.15371213333948727,168,6656,21.061909451881462,5.157390266639134,0.4227767948808341,0.6539799753077172,8.58335870710437,0.9675870023224896,union_observed_max_per_profile,representative_curves_10profiles
STU_0456,nsga2,25,8.351296939417217,0.13280478764615605,168,6656,21.061909451881462,5.157390266639134,0.4227767948808341,0.6539799753077172,8.58335870710437,0.9729637574746728,union_observed_max_per_profile,representative_curves_10profiles
STU_0456,nsga2,26,8.476815838730994,0.13547885996393588,168,6656,21.061909451881462,5.157390266639134,0.4227767948808341,0.6539799753077172,8.58335870710437,0.9875872753302047,union_observed_max_per_profile,representative_curves_10profiles
STU_0456,nsga2,27,8.20610145105397,0.12856480347378002,168,6656,21.061909451881462,5.157390266639134,0.4227767948808341,0.6539799753077172,8.58335870710437,0.9560478282542069,union_observed_max_per_profile,representative_curves_10profiles
STU_0456,nsga2,28,8.399339736171395,0.13963934523131544,168,6656,21.061909451881462,5.157390266639134,0.4227767948808341,0.6539799753077172,8.58335870710437,0.9785609599677264,union_observed_max_per_profile,representative_curves_10profiles
STU_0456,nsga2,29,8.433034204675089,0.13661125104184776,168,6656,21.061909451881462,5.157390266639134,0.4227767948808341,0.6539799753077172,8.58335870710437,0.9824865175091821,union_observed_max_per_profile,representative_curves_10profiles
STU_0456,nsga3,0,8.410860078101834,0.16021261803601378,170,6656,21.061909451881462,5.157390266639134,0.4227767948808341,0.6539799753077172,8.58335870710437,0.9799031317589278,union_observed_max_per_profile,representative_curves_10profiles
STU_0456,nsga3,1,8.563745683930877,0.15695650990896254,170,6656,21.061909451881462,5.157390266639134,0.4227767948808341,0.6539799753077172,8.58335870710437,0.9977149943462972,union_observed_max_per_profile,representative_curves_10profiles
STU_0456,nsga3,2,8.450410315521271,0.15492335610769692,170,6656,21.061909451881462,5.157390266639134,0.4227767948808341,0.6539799753077172,8.58335870710437,0.9845109127883634,union_observed_max_per_profile,representative_curves_10profiles
STU_0456,nsga3,3,8.363623169898764,0.20601036474842355,170,6656,21.061909451881462,5.157390266639134,0.4227767948808341,0.6539799753077172,8.58335870710437,0.9743998189166051,union_observed_max_per_profile,representative_curves_10profiles
STU_0456,nsga3,4,8.544027743389334,0.18545445726256468,170,6656,21.061909451881462,5.157390266639134,0.4227767948808341,0.6539799753077172,8.58335870710437,0.9954177653460431,union_observed_max_per_profile,representative_curves_10profiles
STU_0456,nsga3,5,8.555612130400505,0.14526354185101759,170,6656,21.061909451881462,5.157390266639134,0.4227767948808341,0.6539799753077172,8.58335870710437,0.9967673986779907,union_observed_max_per_profile,representative_curves_10profiles
STU_0456,nsga3,6,8.416155787026781,0.2238965026546791,170,6656,21.061909451881462,5.157390266639134,0.4227767948808341,0.6539799753077172,8.58335870710437,0.9805201057321307,union_observed_max_per_profile,representative_curves_10profiles
STU_0456,nsga3,7,8.49045388175683,0.24189892589430334,170,6656,21.061909451881462,5.157390266639134,0.4227767948808341,0.6539799753077172,8.58335870710437,0.9891761688497716,union_observed_max_per_profile,representative_curves_10profiles
STU_0456,nsga3,8,8.541360519811413,0.1724665080365628,170,6656,21.061909451881462,5.157390266639134,0.4227767948808341,0.6539799753077172,8.58335870710437,0.9951070217701381,union_observed_max_per_profile,representative_curves_10profiles
STU_0456,nsga3,9,8.5321243079323,0.16876136600135713,170,6656,21.061909451881462,5.157390266639134,0.4227767948808341,0.6539799753077172,8.58335870710437,0.994030961431256,union_observed_max_per_profile,representative_curves_10profiles
STU_0456,nsga3,10,8.535601170208043,0.16964558905123533,170,6656,21.061909451881462,5.157390266639134,0.4227767948808341,0.6539799753077172,8.58335870710437,0.9944360315668972,union_observed_max_per_profile,representative_curves_10profiles
STU_0456,nsga3,11,8.48325159757805,0.15887800762908186,170,6656,21.061909451881462,5.157390266639134,0.4227767948808341,0.6539799753077172,8.58335870710437,0.9883370702609152,union_observed_max_per_profile,representative_curves_10profiles
STU_0456,nsga3,12,8.480970845894891,0.16366880077220802,170,6656,21.061909451881462,5.157390266639134,0.4227767948808341,0.6539799753077172,8.58335870710437,0.9880713524037236,union_observed_max_per_profile,representative_curves_10profiles
STU_0456,nsga3,13,8.493135703079997,0.1539570247589256,170,6656,21.061909451881462,5.157390266639134,0.4227767948808341,0.6539799753077172,8.58335870710437,0.9894886131288331,union_observed_max_per_profile,representative_curves_10profiles
STU_0456,nsga3,14,8.467630312078594,0.1441955688734939,170,6656,21.061909451881462,5.157390266639134,0.4227767948808341,0.6539799753077172,8.58335870710437,0.9865171200488232,union_observed_max_per_profile,representative_curves_10profiles
STU_0456,nsga3,15,8.557211945959548,0.189527688171699,170,6656,21.061909451881462,5.157390266639134,0.4227767948808341,0.6539799753077172,8.58335870710437,0.9969537844057267,union_observed_max_per_profile,representative_curves_10profiles
STU_0456,nsga3,16,8.490131180503184,0.14249937217033348,170,6656,21.061909451881462,5.157390266639134,0.4227767948808341,0.6539799753077172,8.58335870710437,0.9891385726983515,union_observed_max_per_profile,representative_curves_10profiles
STU_0456,nsga3,17,8.547265753615335,0.15028114130352657,170,6656,21.061909451881462,5.157390266639134,0.4227767948808341,0.6539799753077172,8.58335870710437,0.9957950081406756,union_observed_max_per_profile,representative_curves_10profiles
STU_0456,nsga3,18,8.457244388533425,0.15804223164571923,170,6656,21.061909451881462,5.157390266639134,0.4227767948808341,0.6539799753077172,8.58335870710437,0.9853071131156896,union_observed_max_per_profile,representative_curves_10profiles
STU_0456,nsga3,19,8.522110860085943,0.179621169862005,170,6656,21.061909451881462,5.157390266639134,0.4227767948808341,0.6539799753077172,8.58335870710437,0.9928643495968854,union_observed_max_per_profile,representative_curves_10profiles
STU_0456,nsga3,20,8.429110751919602,0.19208337051414853,170,6656,21.061909451881462,5.157390266639134,0.4227767948808341,0.6539799753077172,8.58335870710437,0.9820294175685448,union_observed_max_per_profile,representative_curves_10profiles
STU_0456,nsga3,21,8.551924615466609,0.1685114198122816,170,6656,21.061909451881462,5.157390266639134,0.4227767948808341,0.6539799753077172,8.58335870710437,0.9963377865576393,union_observed_max_per_profile,representative_curves_10profiles
STU_0456,nsga3,22,8.505896752563379,0.15091962229115458,170,6656,21.061909451881462,5.157390266639134,0.4227767948808341,0.6539799753077172,8.58335870710437,0.9909753329454963,union_observed_max_per_profile,representative_curves_10profiles
STU_0456,nsga3,23,8.520777706176748,0.17556694882296545,170,6656,21.061909451881462,5.157390266639134,0.4227767948808341,0.6539799753077172,8.58335870710437,0.9927090311539906,union_observed_max_per_profile,representative_curves_10profiles
STU_0456,nsga3,24,8.543460193037813,0.16575201543377457,170,6656,21.061909451881462,5.157390266639134,0.4227767948808341,0.6539799753077172,8.58335870710437,0.9953516431704603,union_observed_max_per_profile,representative_curves_10profiles
STU_0456,nsga3,25,8.550717481119595,0.16435934462924442,170,6656,21.061909451881462,5.157390266639134,0.4227767948808341,0.6539799753077172,8.58335870710437,0.996197149962082,union_observed_max_per_profile,representative_curves_10profiles
STU_0456,nsga3,26,8.512059756144353,0.1513936031131385,170,6656,21.061909451881462,5.157390266639134,0.4227767948808341,0.6539799753077172,8.58335870710437,0.9916933506575925,union_observed_max_per_profile,representative_curves_10profiles
STU_0456,nsga3,27,8.58335870710437,0.18008975224982837,170,6656,21.061909451881462,5.157390266639134,0.4227767948808341,0.6539799753077172,8.58335870710437,1.0,union_observed_max_per_profile,representative_curves_10profiles
STU_0456,nsga3,28,8.519302392829067,0.16322299451995226,170,6656,21.061909451881462,5.157390266639134,0.4227767948808341,0.6539799753077172,8.58335870710437,0.9925371504953784,union_observed_max_per_profile,representative_curves_10profiles
STU_0456,nsga3,29,8.513840130283429,0.13891716237827373,170,6656,21.061909451881462,5.157390266639134,0.4227767948808341,0.6539799753077172,8.58335870710437,0.9919007722742146,union_observed_max_per_profile,representative_curves_10profiles
STU_0495,nsga2,0,43.86309827787355,0.32560867568131713,168,7072,42.69311946370402,6.889984940177076,1.3649930320566197,0.48507288728487097,45.51855288569429,0.9636312118274519,union_observed_max_per_profile,representative_curves_10profiles
STU_0495,nsga2,1,44.4678354312819,0.26907938950994675,168,7072,42.69311946370402,6.889984940177076,1.3649930320566197,0.48507288728487097,45.51855288569429,0.9769167210334884,union_observed_max_per_profile,representative_curves_10profiles
STU_0495,nsga2,2,43.78055109677098,0.2977190299390676,168,7072,42.69311946370402,6.889984940177076,1.3649930320566197,0.48507288728487097,45.51855288569429,0.9618177275255704,union_observed_max_per_profile,representative_curves_10profiles
STU_0495,nsga2,3,44.27220685769179,0.2728898968807342,168,7072,42.69311946370402,6.889984940177076,1.3649930320566197,0.48507288728487097,45.51855288569429,0.972618944386648,union_observed_max_per_profile,representative_curves_10profiles
STU_0495,nsga2,4,44.24636461162575,0.2683778340516162,168,7072,42.69311946370402,6.889984940177076,1.3649930320566197,0.48507288728487097,45.51855288569429,0.9720512144297898,union_observed_max_per_profile,representative_curves_10profiles
STU_0495,nsga2,5,43.938867700477786,0.28228894209958,168,7072,42.69311946370402,6.889984940177076,1.3649930320566197,0.48507288728487097,45.51855288569429,0.9652957951193353,union_observed_max_per_profile,representative_curves_10profiles
STU_0495,nsga2,6,43.732203691048504,0.2801177360671796,168,7072,42.69311946370402,6.889984940177076,1.3649930320566197,0.48507288728487097,45.51855288569429,0.9607555802766479,union_observed_max_per_profile,representative_curves_10profiles
STU_0495,nsga2,7,44.057045132246884,0.2722415992691081,168,7072,42.69311946370402,6.889984940177076,1.3649930320566197,0.48507288728487097,45.51855288569429,0.9678920426772457,union_observed_max_per_profile,representative_curves_10profiles
STU_0495,nsga2,8,44.15657122764793,0.2794254865237848,168,7072,42.69311946370402,6.889984940177076,1.3649930320566197,0.48507288728487097,45.51855288569429,0.970078537833429,union_observed_max_per_profile,representative_curves_10profiles
STU_0495,nsga2,9,43.124729427220444,0.3155043882930076,168,7072,42.69311946370402,6.889984940177076,1.3649930320566197,0.48507288728487097,45.51855288569429,0.9474099393167179,union_observed_max_per_profile,representative_curves_10profiles
STU_0495,nsga2,10,43.96246917052021,0.2888273499900552,168,7072,42.69311946370402,6.889984940177076,1.3649930320566197,0.48507288728487097,45.51855288569429,0.9658142973243964,union_observed_max_per_profile,representative_curves_10profiles
STU_0495,nsga2,11,44.03496405902339,0.26862369324700913,168,7072,42.69311946370402,6.889984940177076,1.3649930320566197,0.48507288728487097,45.51855288569429,0.9674069421671537,union_observed_max_per_profile,representative_curves_10profiles
STU_0495,nsga2,12,43.83127846117299,0.2977086647992445,168,7072,42.69311946370402,6.889984940177076,1.3649930320566197,0.48507288728487097,45.51855288569429,0.9629321602389609,union_observed_max_per_profile,representative_curves_10profiles
STU_0495,nsga2,13,44.10633451023149,0.2760520583037518,168,7072,42.69311946370402,6.889984940177076,1.3649930320566197,0.48507288728487097,45.51855288569429,0.9689748841750495,union_observed_max_per_profile,representative_curves_10profiles
STU_0495,nsga2,14,43.88694520027967,0.2831871597133299,168,7072,42.69311946370402,6.889984940177076,1.3649930320566197,0.48507288728487097,45.51855288569429,0.9641551063911918,union_observed_max_per_profile,representative_curves_10profiles
STU_0495,nsga2,15,44.13377142524622,0.2652107445598141,168,7072,42.69311946370402,6.889984940177076,1.3649930320566197,0.48507288728487097,45.51855288569429,0.9695776475160466,union_observed_max_per_profile,representative_curves_10profiles
STU_0495,nsga2,16,44.47163796071623,0.26382010499297653,168,7072,42.69311946370402,6.889984940177076,1.3649930320566197,0.48507288728487097,45.51855288569429,0.9770002590458651,union_observed_max_per_profile,representative_curves_10profiles
STU_0495,nsga2,17,43.890549455890195,0.2677170504272092,168,7072,42.69311946370402,6.889984940177076,1.3649930320566197,0.48507288728487097,45.51855288569429,0.9642342885132504,union_observed_max_per_profile,representative_curves_10profiles
STU_0495,nsga2,18,43.69965087782204,0.28340863234335334,168,7072,42.69311946370402,6.889984940177076,1.3649930320566197,0.48507288728487097,45.51855288569429,0.9600404254405921,union_observed_max_per_profile,representative_curves_10profiles
STU_0495,nsga2,19,43.56322670202715,0.2970880449689454,168,7072,42.69311946370402,6.889984940177076,1.3649930320566197,0.48507288728487097,45.51855288569429,0.9570433139960022,union_observed_max_per_profile,representative_curves_10profiles
STU_0495,nsga2,20,43.70629281536227,0.294010999037656,168,7072,42.69311946370402,6.889984940177076,1.3649930320566197,0.48507288728487097,45.51855288569429,0.9601863425912737,union_observed_max_per_profile,representative_curves_10profiles
STU_0495,nsga2,21,43.85391993140278,0.265730597005176,168,7072,42.69311946370402,6.889984940177076,1.3649930320566197,0.48507288728487097,45.51855288569429,0.9634295721467305,union_observed_max_per_profile,representative_curves_10profiles
STU_0495,nsga2,22,43.81222611746851,0.2947406883980968,168,7072,42.69311946370402,6.889984940177076,1.3649930320566197,0.48507288728487097,45.51855288569429,0.9625135980814089,union_observed_max_per_profile,representative_curves_10profiles
STU_0495,nsga2,23,43.793886005548664,0.2751127503502402,168,7072,42.69311946370402,6.889984940177076,1.3649930320566197,0.48507288728487097,45.51855288569429,0.9621106829894924,union_observed_max_per_profile,representative_curves_10profiles
STU_0495,nsga2,24,44.09212962501967,0.280234061380692,168,7072,42.69311946370402,6.889984940177076,1.3649930320566197,0.48507288728487097,45.51855288569429,0.9686628161431969,union_observed_max_per_profile,representative_curves_10profiles
STU_0495,nsga2,25,43.80071997950341,0.2837092198146204,168,7072,42.69311946370402,6.889984940177076,1.3649930320566197,0.48507288728487097,45.51855288569429,0.9622608190004484,union_observed_max_per_profile,representative_curves_10profiles
STU_0495,nsga2,26,43.39136100720786,0.2869139327980275,168,7072,42.69311946370402,6.889984940177076,1.3649930320566197,0.48507288728487097,45.51855288569429,0.9532675855529017,union_observed_max_per_profile,representative_curves_10profiles
STU_0495,nsga2,27,44.21227213058232,0.2590480012813055,168,7072,42.69311946370402,6.889984940177076,1.3649930320566197,0.48507288728487097,45.51855288569429,0.9713022345329763,union_observed_max_per_profile,representative_curves_10profiles
STU_0495,nsga2,28,43.9903824174182,0.30309047614602586,168,7072,42.69311946370402,6.889984940177076,1.3649930320566197,0.48507288728487097,45.51855288569429,0.9664275252310061,union_observed_max_per_profile,representative_curves_10profiles
STU_0495,nsga2,29,44.224409710773166,0.2704152012421611,168,7072,42.69311946370402,6.889984940177076,1.3649930320566197,0.48507288728487097,45.51855288569429,0.9715688858085852,union_observed_max_per_profile,representative_curves_10profiles
STU_0495,nsga3,0,44.933485275559505,0.24075460716894226,170,7072,42.69311946370402,6.889984940177076,1.3649930320566197,0.48507288728487097,45.51855288569429,0.9871466122483287,union_observed_max_per_profile,representative_curves_10profiles
STU_0495,nsga3,1,45.28211187859984,0.24934110719565108,170,7072,42.69311946370402,6.889984940177076,1.3649930320566197,0.48507288728487097,45.51855288569429,0.9948056123908816,union_observed_max_per_profile,representative_curves_10profiles
STU_0495,nsga3,2,45.3666848680639,0.2563899227558345,170,7072,42.69311946370402,6.889984940177076,1.3649930320566197,0.48507288728487097,45.51855288569429,0.9966636018062401,union_observed_max_per_profile,representative_curves_10profiles
STU_0495,nsga3,3,45.404570666156324,0.25443003593112745,170,7072,42.69311946370402,6.889984940177076,1.3649930320566197,0.48507288728487097,45.51855288569429,0.9974959173279476,union_observed_max_per_profile,representative_curves_10profiles
STU_0495,nsga3,4,45.29097110641607,0.24916553974042688,170,7072,42.69311946370402,6.889984940177076,1.3649930320566197,0.48507288728487097,45.51855288569429,0.9950002413334686,union_observed_max_per_profile,representative_curves_10profiles
STU_0495,nsga3,5,45.315458228294496,0.2347870437023412,170,7072,42.69311946370402,6.889984940177076,1.3649930320566197,0.48507288728487097,45.51855288569429,0.9955382004803667,union_observed_max_per_profile,representative_curves_10profiles
STU_0495,nsga3,6,45.30451538837913,0.2539479841200895,170,7072,42.69311946370402,6.889984940177076,1.3649930320566197,0.48507288728487097,45.51855288569429,0.9952977965302928,union_observed_max_per_profile,representative_curves_10profiles
STU_0495,nsga3,7,45.43383631747392,0.2355445212024673,170,7072,42.69311946370402,6.889984940177076,1.3649930320566197,0.48507288728487097,45.51855288569429,0.9981388562937598,union_observed_max_per_profile,representative_curves_10profiles
STU_0495,nsga3,8,45.30876697789817,0.24853429908237867,170,7072,42.69311946370402,6.889984940177076,1.3649930320566197,0.48507288728487097,45.51855288569429,0.9953911999723952,union_observed_max_per_profile,representative_curves_10profiles
STU_0495,nsga3,9,45.33019436343717,0.25373362451491455,170,7072,42.69311946370402,6.889984940177076,1.3649930320566197,0.48507288728487097,45.51855288569429,0.9958619395759324,union_observed_max_per_profile,representative_curves_10profiles
STU_0495,nsga3,10,45.355476164280866,0.24294272925388624,170,7072,42.69311946370402,6.889984940177076,1.3649930320566197,0.48507288728487097,45.51855288569429,0.9964173570758512,union_observed_max_per_profile,representative_curves_10profiles
STU_0495,nsga3,11,45.34924432502749,0.24181175393422705,170,7072,42.69311946370402,6.889984940177076,1.3649930320566197,0.48507288728487097,45.51855288569429,0.9962804494006661,union_observed_max_per_profile,representative_curves_10profiles
STU_0495,nsga3,12,45.17298218290541,0.24857851095205344,170,7072,42.69311946370402,6.889984940177076,1.3649930320566197,0.48507288728487097,45.51855288569429,0.9924081351255459,union_observed_max_per_profile,representative_curves_10profiles
STU_0495,nsga3,13,45.22677089562307,0.2445755422736734,170,7072,42.69311946370402,6.889984940177076,1.3649930320566197,0.48507288728487097,45.51855288569429,0.993589822795906,union_observed_max_per_profile,representative_curves_10profiles
STU_0495,nsga3,14,45.11987837215568,0.233030441296868,170,7072,42.69311946370402,6.889984940177076,1.3649930320566197,0.48507288728487097,45.51855288569429,0.99124149411033,union_observed_max_per_profile,representative_curves_10profiles
STU_0495,nsga3,15,45.02666737404428,0.2567315708031663,170,7072,42.69311946370402,6.889984940177076,1.3649930320566197,0.48507288728487097,45.51855288569429,0.9891937357304563,union_observed_max_per_profile,representative_curves_10profiles
STU_0495,nsga3,16,45.33163073768149,0.2555713056890552,170,7072,42.69311946370402,6.889984940177076,1.3649930320566197,0.48507288728487097,45.51855288569429,0.9958934953735855,union_observed_max_per_profile,representative_curves_10profiles
STU_0495,nsga3,17,45.32549502606617,0.24708003482578256,170,7072,42.69311946370402,6.889984940177076,1.3649930320566197,0.48507288728487097,45.51855288569429,0.9957586995326296,union_observed_max_per_profile,representative_curves_10profiles
STU_0495,nsga3,18,44.921382617825984,0.2551041551960849,170,7072,42.69311946370402,6.889984940177076,1.3649930320566197,0.48507288728487097,45.51855288569429,0.9868807281864185,union_observed_max_per_profile,representative_curves_10profiles
STU_0495,nsga3,19,45.38542521560046,0.24462286334651623,170,7072,42.69311946370402,6.889984940177076,1.3649930320566197,0.48507288728487097,45.51855288569429,0.997075309700022,union_observed_max_per_profile,representative_curves_10profiles
STU_0495,nsga3,20,45.23473994298496,0.2661979590683273,170,7072,42.69311946370402,6.889984940177076,1.3649930320566197,0.48507288728487097,45.51855288569429,0.9937648953071501,union_observed_max_per_profile,representative_curves_10profiles
STU_0495,nsga3,21,45.30456373998873,0.25193161525555685,170,7072,42.69311946370402,6.889984940177076,1.3649930320566197,0.48507288728487097,45.51855288569429,0.995298858769897,union_observed_max_per_profile,representative_curves_10profiles
STU_0495,nsga3,22,45.43905800426454,0.23501340071238438,170,7072,42.69311946370402,6.889984940177076,1.3649930320566197,0.48507288728487097,45.51855288569429,0.998253571864875,union_observed_max_per_profile,representative_curves_10profiles
STU_0495,nsga3,23,45.102534105889674,0.24676175963736818,170,7072,42.69311946370402,6.889984940177076,1.3649930320566197,0.48507288728487097,45.51855288569429,0.9908604568152832,union_observed_max_per_profile,representative_curves_10profiles
STU_0495,nsga3,24,45.488888455175726,0.24841300900075902,170,7072,42.69311946370402,6.889984940177076,1.3649930320566197,0.48507288728487097,45.51855288569429,0.9993483002284133,union_observed_max_per_profile,representative_curves_10profiles
STU_0495,nsga3,25,45.5032892721788,0.24362768041150526,170,7072,42.69311946370402,6.889984940177076,1.3649930320566197,0.48507288728487097,45.51855288569429,0.9996646726983209,union_observed_max_per_profile,representative_curves_10profiles
STU_0495,nsga3,26,45.47473213247113,0.24057980691716302,170,7072,42.69311946370402,6.889984940177076,1.3649930320566197,0.48507288728487097,45.51855288569429,0.9990372990693882,union_observed_max_per_profile,representative_curves_10profiles
STU_0495,nsga3,27,45.367578833619085,0.2587923376121732,170,7072,42.69311946370402,6.889984940177076,1.3649930320566197,0.48507288728487097,45.51855288569429,0.9966832413927057,union_observed_max_per_profile,representative_curves_10profiles
STU_0495,nsga3,28,45.21301372773869,0.2503783731683551,170,7072,42.69311946370402,6.889984940177076,1.3649930320566197,0.48507288728487097,45.51855288569429,0.9932875906946588,union_observed_max_per_profile,representative_curves_10profiles
STU_0495,nsga3,29,45.51855288569429,0.2440479371229968,170,7072,42.69311946370402,6.889984940177076,1.3649930320566197,0.48507288728487097,45.51855288569429,1.0,union_observed_max_per_profile,representative_curves_10profiles
STU_0600,nsga2,0,1.7865225305298066e-06,0.06637517637832906,168,6879,17.172205792679996,1.5745240872733872,0.219717202127428,1e-06,1.7992090440978614e-06,0.9929488384856269,union_observed_max_per_profile,representative_curves_10profiles
STU_0600,nsga2,1,1.7775697262565892e-06,0.06728226422679826,168,6879,17.172205792679996,1.5745240872733872,0.219717202127428,1e-06,1.7992090440978614e-06,0.9879728717948267,union_observed_max_per_profile,representative_curves_10profiles
STU_0600,nsga2,2,1.7745068680466455e-06,0.06936109109603714,168,6879,17.172205792679996,1.5745240872733872,0.219717202127428,1e-06,1.7992090440978614e-06,0.9862705358600496,union_observed_max_per_profile,representative_curves_10profiles
STU_0600,nsga2,3,1.7762942354336425e-06,0.06773492994229818,168,6879,17.172205792679996,1.5745240872733872,0.219717202127428,1e-06,1.7992090440978614e-06,0.9872639542695782,union_observed_max_per_profile,representative_curves_10profiles
STU_0600,nsga2,4,1.7853301086724553e-06,0.06587941562244123,168,6879,17.172205792679996,1.5745240872733872,0.219717202127428,1e-06,1.7992090440978614e-06,0.992286090673602,union_observed_max_per_profile,representative_curves_10profiles
STU_0600,nsga2,5,1.7627548809318695e-06,0.0765568176967623,168,6879,17.172205792679996,1.5745240872733872,0.219717202127428,1e-06,1.7992090440978614e-06,0.9797387839475483,union_observed_max_per_profile,representative_curves_10profiles
STU_0600,nsga2,6,1.7843028330001442e-06,0.06557388467000681,168,6879,17.172205792679996,1.5745240872733872,0.219717202127428,1e-06,1.7992090440978614e-06,0.9917151310757271,union_observed_max_per_profile,representative_curves_10profiles
STU_0600,nsga2,7,1.7711080104620975e-06,0.06890410576582005,168,6879,17.172205792679996,1.5745240872733872,0.219717202127428,1e-06,1.7992090440978614e-06,0.9843814515450849,union_observed_max_per_profile,representative_curves_10profiles
STU_0600,nsga2,8,1.7845028078002218e-06,0.0660259773620434,168,6879,17.172205792679996,1.5745240872733872,0.219717202127428,1e-06,1.7992090440978614e-06,0.991826277026629,union_observed_max_per_profile,representative_curves_10profiles
STU_0600,nsga2,9,1.7817579261597672e-06,0.06758846632287237,168,6879,17.172205792679996,1.5745240872733872,0.219717202127428,1e-06,1.7992090440978614e-06,0.9903006724008303,union_observed_max_per_profile,representative_curves_10profiles
STU_0600,nsga2,10,1.783901399700456e-06,0.06493616428591743,168,6879,17.172205792679996,1.5745240872733872,0.219717202127428,1e-06,1.7992090440978614e-06,0.9914920145340417,union_observed_max_per_profile,representative_curves_10profiles
STU_0600,nsga2,11,1.7874774739416058e-06,0.06119953895030279,168,6879,17.172205792679996,1.5745240872733872,0.219717202127428,1e-06,1.7992090440978614e-06,0.993479595828656,union_observed_max_per_profile,representative_curves_10profiles
STU_0600,nsga2,12,1.7819622556775084e-06,0.06921721462814771,168,6879,17.172205792679996,1.5745240872733872,0.219717202127428,1e-06,1.7992090440978614e-06,0.9904142387028737,union_observed_max_per_profile,representative_curves_10profiles
STU_0600,nsga2,13,1.7834975391838365e-06,0.06494815509391795,168,6879,17.172205792679996,1.5745240872733872,0.219717202127428,1e-06,1.7992090440978614e-06,0.9912675489457076,union_observed_max_per_profile,representative_curves_10profiles
STU_0600,nsga2,14,1.775244196615463e-06,0.06848903311268208,168,6879,17.172205792679996,1.5745240872733872,0.219717202127428,1e-06,1.7992090440978614e-06,0.9866803429201222,union_observed_max_per_profile,representative_curves_10profiles
STU_0600,nsga2,15,1.7716210346794195e-06,0.06681437168821602,168,6879,17.172205792679996,1.5745240872733872,0.219717202127428,1e-06,1.7992090440978614e-06,0.9846665902948066,union_observed_max_per_profile,representative_curves_10profiles
STU_0600,nsga2,16,1.7750444849324466e-06,0.06897816436981818,168,6879,17.172205792679996,1.5745240872733872,0.219717202127428,1e-06,1.7992090440978614e-06,0.9865693432096263,union_observed_max_per_profile,representative_curves_10profiles
STU_0600,nsga2,17,1.7727747989594006e-06,0.06528912098739138,168,6879,17.172205792679996,1.5745240872733872,0.219717202127428,1e-06,1.7992090440978614e-06,0.9853078522336379,union_observed_max_per_profile,representative_curves_10profiles
STU_0600,nsga2,18,1.7528883008074768e-06,0.06694273902630064,168,6879,17.172205792679996,1.5745240872733872,0.219717202127428,1e-06,1.7992090440978614e-06,0.9742549408350656,union_observed_max_per_profile,representative_curves_10profiles
STU_0600,nsga2,19,1.7838179514459503e-06,0.0664298956380559,168,6879,17.172205792679996,1.5745240872733872,0.219717202127428,1e-06,1.7992090440978614e-06,0.9914456340121233,union_observed_max_per_profile,representative_curves_10profiles
STU_0600,nsga2,20,1.7827333032556658e-06,0.06982098980892268,168,6879,17.172205792679996,1.5745240872733872,0.219717202127428,1e-06,1.7992090440978614e-06,0.9908427867810898,union_observed_max_per_profile,representative_curves_10profiles
STU_0600,nsga2,21,1.7626358296141772e-06,0.08502780195704485,168,6879,17.172205792679996,1.5745240872733872,0.219717202127428,1e-06,1.7992090440978614e-06,0.979672615250763,union_observed_max_per_profile,representative_curves_10profiles
STU_0600,nsga2,22,1.7774172631656989e-06,0.07142610358714134,168,6879,17.172205792679996,1.5745240872733872,0.219717202127428,1e-06,1.7992090440978614e-06,0.9878881328416793,union_observed_max_per_profile,representative_curves_10profiles
STU_0600,nsga2,23,1.794014142393015e-06,0.06520591728396652,168,6879,17.172205792679996,1.5745240872733872,0.219717202127428,1e-06,1.7992090440978614e-06,0.9971126747490028,union_observed_max_per_profile,representative_curves_10profiles
STU_0600,nsga2,24,1.790156618809035e-06,0.06623314334105611,168,6879,17.172205792679996,1.5745240872733872,0.219717202127428,1e-06,1.7992090440978614e-06,0.9949686639701363,union_observed_max_per_profile,representative_curves_10profiles
STU_0600,nsga2,25,1.7877123437118993e-06,0.06610156990407762,168,6879,17.172205792679996,1.5745240872733872,0.219717202127428,1e-06,1.7992090440978614e-06,0.9936101363965038,union_observed_max_per_profile,representative_curves_10profiles
STU_0600,nsga2,26,1.7761756729191547e-06,0.06703423777148967,168,6879,17.172205792679996,1.5745240872733872,0.219717202127428,1e-06,1.7992090440978614e-06,0.9871980572495089,union_observed_max_per_profile,representative_curves_10profiles
STU_0600,nsga2,27,1.793651941745983e-06,0.06114257455572605,168,6879,17.172205792679996,1.5745240872733872,0.219717202127428,1e-06,1.7992090440978614e-06,0.9969113637072313,union_observed_max_per_profile,representative_curves_10profiles
STU_0600,nsga2,28,1.7732691183127144e-06,0.06502021867799852,168,6879,17.172205792679996,1.5745240872733872,0.219717202127428,1e-06,1.7992090440978614e-06,0.9855825948239642,union_observed_max_per_profile,representative_curves_10profiles
STU_0600,nsga2,29,1.7527069375501314e-06,0.06896478968958758,168,6879,17.172205792679996,1.5745240872733872,0.219717202127428,1e-06,1.7992090440978614e-06,0.974154139175614,union_observed_max_per_profile,representative_curves_10profiles
STU_0600,nsga3,0,1.7890782239572875e-06,0.07807559200169002,170,6879,17.172205792679996,1.5745240872733872,0.219717202127428,1e-06,1.7992090440978614e-06,0.9943692923433177,union_observed_max_per_profile,representative_curves_10profiles
STU_0600,nsga3,1,1.790631337839852e-06,0.07146188023113641,170,6879,17.172205792679996,1.5745240872733872,0.219717202127428,1e-06,1.7992090440978614e-06,0.9952325127054314,union_observed_max_per_profile,representative_curves_10profiles
STU_0600,nsga3,2,1.7992090440978614e-06,0.06938191369713477,170,6879,17.172205792679996,1.5745240872733872,0.219717202127428,1e-06,1.7992090440978614e-06,1.0,union_observed_max_per_profile,representative_curves_10profiles
STU_0600,nsga3,3,1.787985473384772e-06,0.07833686355190779,170,6879,17.172205792679996,1.5745240872733872,0.219717202127428,1e-06,1.7992090440978614e-06,0.9937619418099818,union_observed_max_per_profile,representative_curves_10profiles
STU_0600,nsga3,4,1.7940681618347428e-06,0.0721105810287366,170,6879,17.172205792679996,1.5745240872733872,0.219717202127428,1e-06,1.7992090440978614e-06,0.9971426987431046,union_observed_max_per_profile,representative_curves_10profiles
STU_0600,nsga3,5,1.7896820327756038e-06,0.06954317501924347,170,6879,17.172205792679996,1.5745240872733872,0.219717202127428,1e-06,1.7992090440978614e-06,0.9947048891547594,union_observed_max_per_profile,representative_curves_10profiles
STU_0600,nsga3,6,1.7895951052221872e-06,0.0725911309419079,170,6879,17.172205792679996,1.5745240872733872,0.219717202127428,1e-06,1.7992090440978614e-06,0.9946565748392541,union_observed_max_per_profile,representative_curves_10profiles
STU_0600,nsga3,7,1.793776618244652e-06,0.0717281152692878,170,6879,17.172205792679996,1.5745240872733872,0.219717202127428,1e-06,1.7992090440978614e-06,0.9969806588783945,union_observed_max_per_profile,representative_curves_10profiles
STU_0600,nsga3,8,1.79271631519857e-06,0.07459808746791964,170,6879,17.172205792679996,1.5745240872733872,0.219717202127428,1e-06,1.7992090440978614e-06,0.9963913426732762,union_observed_max_per_profile,representative_curves_10profiles
STU_0600,nsga3,9,1.7954885003055258e-06,0.06929591196538193,170,6879,17.172205792679996,1.5745240872733872,0.219717202127428,1e-06,1.7992090440978614e-06,0.997932122559888,union_observed_max_per_profile,representative_curves_10profiles
STU_0600,nsga3,10,1.7847752473422207e-06,0.08292543905503054,170,6879,17.172205792679996,1.5745240872733872,0.219717202127428,1e-06,1.7992090440978614e-06,0.9919776988655157,union_observed_max_per_profile,representative_curves_10profiles
STU_0600,nsga3,11,1.7894027347661478e-06,0.07181962265447075,170,6879,17.172205792679996,1.5745240872733872,0.219717202127428,1e-06,1.7992090440978614e-06,0.9945496553811342,union_observed_max_per_profile,representative_curves_10profiles
STU_0600,nsga3,12,1.7936796017803713e-06,0.0700117428255394,170,6879,17.172205792679996,1.5745240872733872,0.219717202127428,1e-06,1.7992090440978614e-06,0.9969267371483993,union_observed_max_per_profile,representative_curves_10profiles
STU_0600,nsga3,13,1.7941073849333003e-06,0.07136329880820544,170,6879,17.172205792679996,1.5745240872733872,0.219717202127428,1e-06,1.7992090440978614e-06,0.9971644989328524,union_observed_max_per_profile,representative_curves_10profiles
STU_0600,nsga3,14,1.7923207330422965e-06,0.0750577894088237,170,6879,17.172205792679996,1.5745240872733872,0.219717202127428,1e-06,1.7992090440978614e-06,0.9961714781958432,union_observed_max_per_profile,representative_curves_10profiles
STU_0600,nsga3,15,1.7861608087843716e-06,0.0754327987805421,170,6879,17.172205792679996,1.5745240872733872,0.219717202127428,1e-06,1.7992090440978614e-06,0.9927477936172602,union_observed_max_per_profile,representative_curves_10profiles
STU_0600,nsga3,16,1.7863692463422113e-06,0.08663649343508999,170,6879,17.172205792679996,1.5745240872733872,0.219717202127428,1e-06,1.7992090440978614e-06,0.9928636431671073,union_observed_max_per_profile,representative_curves_10profiles
STU_0600,nsga3,17,1.7944572292340497e-06,0.07202530979162389,170,6879,17.172205792679996,1.5745240872733872,0.219717202127428,1e-06,1.7992090440978614e-06,0.9973589423200158,union_observed_max_per_profile,representative_curves_10profiles
STU_0600,nsga3,18,1.7890738212064335e-06,0.07535944504737697,170,6879,17.172205792679996,1.5745240872733872,0.219717202127428,1e-06,1.7992090440978614e-06,0.9943668452953394,union_observed_max_per_profile,representative_curves_10profiles
STU_0600,nsga3,19,1.7884295546883625e-06,0.07138095096447303,170,6879,17.172205792679996,1.5745240872733872,0.219717202127428,1e-06,1.7992090440978614e-06,0.9940087621030697,union_observed_max_per_profile,representative_curves_10profiles
STU_0600,nsga3,20,1.7945543677669003e-06,0.07002094943868258,170,6879,17.172205792679996,1.5745240872733872,0.219717202127428,1e-06,1.7992090440978614e-06,0.9974129318956959,union_observed_max_per_profile,representative_curves_10profiles
STU_0600,nsga3,21,1.7920647274076844e-06,0.07495926033401051,170,6879,17.172205792679996,1.5745240872733872,0.219717202127428,1e-06,1.7992090440978614e-06,0.9960291903191498,union_observed_max_per_profile,representative_curves_10profiles
STU_0600,nsga3,22,1.7901705723239232e-06,0.07517063525429515,170,6879,17.172205792679996,1.5745240872733872,0.219717202127428,1e-06,1.7992090440978614e-06,0.994976419330712,union_observed_max_per_profile,representative_curves_10profiles
STU_0600,nsga3,23,1.7927343866694887e-06,0.07377796492948144,170,6879,17.172205792679996,1.5745240872733872,0.219717202127428,1e-06,1.7992090440978614e-06,0.9964013867929287,union_observed_max_per_profile,representative_curves_10profiles
STU_0600,nsga3,24,1.7939296478849611e-06,0.07402170114504189,170,6879,17.172205792679996,1.5745240872733872,0.219717202127428,1e-06,1.7992090440978614e-06,0.9970657127195871,union_observed_max_per_profile,representative_curves_10profiles
STU_0600,nsga3,25,1.7959793413165743e-06,0.06841698496391359,170,6879,17.172205792679996,1.5745240872733872,0.219717202127428,1e-06,1.7992090440978614e-06,0.9982049318883307,union_observed_max_per_profile,representative_curves_10profiles
STU_0600,nsga3,26,1.7914252476268056e-06,0.07531412956755268,170,6879,17.172205792679996,1.5745240872733872,0.219717202127428,1e-06,1.7992090440978614e-06,0.9956737675943828,union_observed_max_per_profile,representative_curves_10profiles
STU_0600,nsga3,27,1.7938997576828902e-06,0.06935835300594044,170,6879,17.172205792679996,1.5745240872733872,0.219717202127428,1e-06,1.7992090440978614e-06,0.9970490997517004,union_observed_max_per_profile,representative_curves_10profiles
STU_0600,nsga3,28,1.7935303300993402e-06,0.077834712833222,170,6879,17.172205792679996,1.5745240872733872,0.219717202127428,1e-06,1.7992090440978614e-06,0.9968437719801656,union_observed_max_per_profile,representative_curves_10profiles
STU_0600,nsga3,29,1.7984876517084632e-06,0.07287502697522223,170,6879,17.172205792679996,1.5745240872733872,0.219717202127428,1e-06,1.7992090440978614e-06,0.9995990502650236,union_observed_max_per_profile,representative_curves_10profiles
