x0,obj_1,obj_2,obj_3,obj_4,constraint_violation,feasible,profile_id,algorithm,seed,runtime_sec
"['osm_2272453696', 'osm_2272453701', 'osm_2510316009', 'osm_2510316007', 'osm_2510315990', 'osm_2272453694', 'osm_602604509', 'osm_2510315876', 'osm_2272453692', 'osm_2510315869', 'osm_2510315866', 'osm_2510315862', 'osm_2510315863', 'osm_2510315864', 'osm_2510315857', 'osm_2510315855', 'osm_2510315853', 'osm_2510315852', 'osm_2510315849', 'osm_2510315612', 'osm_2510315600', 'osm_2510315561', 'osm_2510315553', 'osm_2510315550', 'osm_2510315529', 'osm_2272453684', 'osm_2272453682', 'osm_201420244', 'osm_599930089', 'osm_599930086', 'osm_599926801', 'osm_599926795', 'osm_599926794', 'osm_2510315491', 'osm_2510315484', 'osm_2510315481', 'osm_2510315476', 'osm_2510315473', 'osm_13371726894', 'osm_13371726892', 'osm_615066658', 'osm_577551052', 'osm_615066654', 'osm_2510314658', 'osm_615066653', 'osm_2510314629', 'osm_577550841', 'osm_6182428405', 'osm_6182428406', 'osm_30374611', 'osm_508565156', 'osm_2828409789', 'osm_2828409788', 'osm_503350266', 'osm_10678109173', 'osm_10678109769', 'osm_10678086361', 'osm_13318515908', 'osm_156899755', 'osm_13676286574', 'osm_13676286573', 'osm_13676286584', 'osm_13676286585', 'osm_156915419', 'osm_8175990770', 'osm_13688224022', 'osm_8176307123', 'osm_5882213666', 'osm_8176307721', 'osm_8176307720', 'osm_14020171431', 'osm_13955311343', 'osm_14046382080', 'osm_14046382079', 'osm_13955311332']",120.06797101449277,0.0,0.0,8.821389229085597e-07,7.56738576704438,False,STU_0001,canonical_nsga3,0,13.414912207983434
"['osm_2272453696', 'osm_2272453701', 'osm_2510316009', 'osm_2510316007', 'osm_2510315990', 'osm_2272453694', 'osm_602604509', 'osm_2510315876', 'osm_2272453692', 'osm_2510315869', 'osm_2510315866', 'osm_2510315862', 'osm_2510315863', 'osm_2510315864', 'osm_2510315857', 'osm_2510315855', 'osm_2510315853', 'osm_2510315852', 'osm_2510315849', 'osm_2510315612', 'osm_2510315600', 'osm_2510315561', 'osm_2510315553', 'osm_2510315550', 'osm_2510315529', 'osm_2272453684', 'osm_2272453682', 'osm_201420244', 'osm_599930089', 'osm_599930086', 'osm_599926801', 'osm_599926795', 'osm_599926794', 'osm_2510315491', 'osm_2510315484', 'osm_2510315481', 'osm_2510315476', 'osm_2510315473', 'osm_13371726894', 'osm_13371726892', 'osm_615066658', 'osm_577551052', 'osm_615066654', 'osm_2510314658', 'osm_615066653', 'osm_2510314629', 'osm_577550841', 'osm_6182428405', 'osm_6182428406', 'osm_30374611', 'osm_508565156', 'osm_2828409789', 'osm_2828409788', 'osm_503350266', 'osm_10678109173', 'osm_10678109769', 'osm_10678086361', 'osm_13318515908', 'osm_156899755', 'osm_13676286574', 'osm_13676286573', 'osm_13676286584', 'osm_13676286585', 'osm_156915419', 'osm_8175990770', 'osm_13688224022', 'osm_5882213666', 'osm_8176307721', 'osm_8176307720', 'osm_14020171431', 'osm_13955311343', 'osm_14046382080', 'osm_14046382079', 'osm_13955311332']",120.07625603864736,0.0,0.0,8.811082828907857e-07,7.568045943288772,False,STU_0001,canonical_nsga3,0,13.414912207983434
"['osm_2272453696', 'osm_2272453701', 'osm_2510316009', 'osm_2510316007', 'osm_2510315990', 'osm_2272453694', 'osm_602604509', 'osm_2510315876', 'osm_2272453692', 'osm_2510315869', 'osm_2510315866', 'osm_2510315862', 'osm_2510315863', 'osm_2510315864', 'osm_2510315857', 'osm_2510315855', 'osm_2510315853', 'osm_2510315852', 'osm_2510315849', 'osm_2510315612', 'osm_2510315600', 'osm_2510315561', 'osm_2510315553', 'osm_2510315550', 'osm_2510315529', 'osm_2272453684', 'osm_2272453682', 'osm_201420244', 'osm_599930089', 'osm_599930086', 'osm_599926801', 'osm_599926795', 'osm_599926794', 'osm_2510315491', 'osm_2510315484', 'osm_2510315481', 'osm_2510315476', 'osm_2510315473', 'osm_13371726894', 'osm_13371726892', 'osm_615066658', 'osm_577551052', 'osm_615066654', 'osm_2510314658', 'osm_615066653', 'osm_2510314629', 'osm_577550841', 'osm_6182428405', 'osm_6182428406', 'osm_30374611', 'osm_508565156', 'osm_2828409789', 'osm_2828409788', 'osm_503350266', 'osm_10678109173', 'osm_10678109769', 'osm_10678086361', 'osm_13318515908', 'osm_156899755', 'osm_278744370', 'osm_13676286584', 'osm_13676286585', 'osm_13688224012', 'osm_8175185197', 'osm_13688224022', 'osm_5882213666', 'osm_8176307721', 'osm_8176307720', 'osm_14020171431', 'osm_13955311342', 'osm_13955311331', 'osm_14046382081', 'osm_13955311333', 'osm_14046382092', 'osm_14046382089', 'osm_13955311332']",120.10444444444445,0.0,0.0,8.776107128793953e-07,7.570292082289373,False,STU_0001,canonical_nsga3,0,13.414912207983434
"['osm_2272453696', 'osm_2272453701', 'osm_2510316009', 'osm_2510316007', 'osm_2510315990', 'osm_2272453694', 'osm_602604509', 'osm_2510315876', 'osm_2272453692', 'osm_2510315869', 'osm_2510315866', 'osm_2510315862', 'osm_2510315863', 'osm_2510315864', 'osm_2510315857', 'osm_2510315855', 'osm_2510315853', 'osm_2510315852', 'osm_2510315849', 'osm_2510315612', 'osm_2510315600', 'osm_2510315561', 'osm_2510315553', 'osm_2510315550', 'osm_2510315529', 'osm_2272453684', 'osm_2272453682', 'osm_201420244', 'osm_599930089', 'osm_599930086', 'osm_599926801', 'osm_599926795', 'osm_599926794', 'osm_2510315491', 'osm_2510315484', 'osm_2510315481', 'osm_2510315476', 'osm_2510315473', 'osm_13371726894', 'osm_13371726892', 'osm_615066658', 'osm_577551052', 'osm_615066654', 'osm_2510314658', 'osm_615066653', 'osm_2510314629', 'osm_577550841', 'osm_6182428405', 'osm_6182428406', 'osm_30374611', 'osm_508565156', 'osm_2828409789', 'osm_2828409788', 'osm_503350266', 'osm_10678109173', 'osm_10678109769', 'osm_10678086361', 'osm_13318515908', 'osm_156899755', 'osm_278744370', 'osm_13676286584', 'osm_13676286585', 'osm_13688224012', 'osm_8175185197', 'osm_13688224022', 'osm_8176307123', 'osm_5882213666', 'osm_8176307721', 'osm_8176307720', 'osm_14020171431', 'osm_13955311343', 'osm_14046382080', 'osm_14046382079', 'osm_13955311332']",120.1428381642512,0.0,0.0,8.728692068027399e-07,7.57335141214495,False,STU_0001,canonical_nsga3,0,13.414912207983434
"['osm_2272453696', 'osm_2272453701', 'osm_2510316009', 'osm_2510316007', 'osm_2510315990', 'osm_2272453694', 'osm_602604509', 'osm_2510315876', 'osm_2272453692', 'osm_2510315869', 'osm_2510315866', 'osm_2510315862', 'osm_2510315863', 'osm_2510315864', 'osm_2510315857', 'osm_2510315855', 'osm_2510315853', 'osm_2510315852', 'osm_2510315849', 'osm_2510315612', 'osm_2510315600', 'osm_2510315561', 'osm_2510315553', 'osm_2510315550', 'osm_2510315529', 'osm_2272453684', 'osm_2272453682', 'osm_201420244', 'osm_599930089', 'osm_599930086', 'osm_599926801', 'osm_599926795', 'osm_599926794', 'osm_2510315491', 'osm_2510315484', 'osm_2510315481', 'osm_2510315476', 'osm_2510315473', 'osm_13371726894', 'osm_13371726892', 'osm_615066658', 'osm_577551052', 'osm_615066654', 'osm_2510314658', 'osm_615066653', 'osm_2510314629', 'osm_577550841', 'osm_6182428405', 'osm_6182428406', 'osm_30374611', 'osm_508565156', 'osm_2828409789', 'osm_2828409788', 'osm_503350266', 'osm_10678109173', 'osm_10678109769', 'osm_10678086361', 'osm_13318515908', 'osm_156899755', 'osm_278744370', 'osm_13676286584', 'osm_13676286585', 'osm_156915419', 'osm_8175990770', 'osm_13688224022', 'osm_8176307123', 'osm_5882213666', 'osm_8176307721', 'osm_8176307720', 'osm_14020171431', 'osm_13955311343', 'osm_14046382080', 'osm_14046382079', 'osm_13955311332']",120.14318840579709,0.0,0.0,8.728260711965419e-07,7.573379320470149,False,STU_0001,canonical_nsga3,0,13.414912207983434
"['osm_2272453696', 'osm_2272453701', 'osm_2510316009', 'osm_2510316007', 'osm_2510315990', 'osm_2272453694', 'osm_602604509', 'osm_2510315876', 'osm_2272453692', 'osm_2510315869', 'osm_2510315866', 'osm_2510315862', 'osm_2510315863', 'osm_2510315864', 'osm_2510315857', 'osm_2510315855', 'osm_2510315853', 'osm_2510315852', 'osm_2510315849', 'osm_2510315612', 'osm_2510315600', 'osm_2510315561', 'osm_2510315553', 'osm_2510315550', 'osm_2510315529', 'osm_2272453684', 'osm_2272453682', 'osm_201420244', 'osm_599930089', 'osm_599930086', 'osm_599926801', 'osm_599926795', 'osm_599926794', 'osm_2510315491', 'osm_2510315484', 'osm_2510315481', 'osm_2510315476', 'osm_2510315473', 'osm_13371726894', 'osm_13371726892', 'osm_615066658', 'osm_577551052', 'osm_615066654', 'osm_2510314658', 'osm_615066653', 'osm_2510314629', 'osm_577550841', 'osm_614475888', 'osm_6182428406', 'osm_30374611', 'osm_508565156', 'osm_2828409789', 'osm_2828409788', 'osm_503350266', 'osm_10678109173', 'osm_10678109769', 'osm_10678086361', 'osm_13318515908', 'osm_156899755', 'osm_278744370', 'osm_13676286584', 'osm_13676286585', 'osm_156915419', 'osm_8175990770', 'osm_13688224022', 'osm_8176307123', 'osm_5882213666', 'osm_8176307721', 'osm_8176307720', 'osm_14020171431', 'osm_13955311343', 'osm_14046382080', 'osm_14046382079', 'osm_13955311332']",120.14318840579709,0.0,0.0,8.728260711965419e-07,7.573379320470149,False,STU_0001,canonical_nsga3,0,13.414912207983434
"['osm_2272453696', 'osm_2272453701', 'osm_2510316009', 'osm_2510316007', 'osm_2510315990', 'osm_2272453694', 'osm_602604509', 'osm_2510315876', 'osm_2272453692', 'osm_2510315869', 'osm_2510315866', 'osm_2510315862', 'osm_2510315863', 'osm_2510315864', 'osm_2510315857', 'osm_2510315855', 'osm_2510315853', 'osm_2510315852', 'osm_2510315849', 'osm_2510315612', 'osm_2510315600', 'osm_2510315561', 'osm_2510315553', 'osm_2510315550', 'osm_2510315529', 'osm_2272453684', 'osm_2272453682', 'osm_201420244', 'osm_599930089', 'osm_599930086', 'osm_599926801', 'osm_599926795', 'osm_599926794', 'osm_2510315491', 'osm_2510315484', 'osm_2510315481', 'osm_2510315476', 'osm_2510315473', 'osm_13371726894', 'osm_13371726892', 'osm_615066658', 'osm_577551052', 'osm_615066654', 'osm_2510314658', 'osm_615066653', 'osm_2510314629', 'osm_577550841', 'osm_6182428405', 'osm_6182428406', 'osm_30374611', 'osm_508565156', 'osm_2828409789', 'osm_2828409788', 'osm_503350266', 'osm_10678109173', 'osm_10678109769', 'osm_10678086361', 'osm_13318515908', 'osm_156899755', 'osm_278744370', 'osm_13676286584', 'osm_13676286585', 'osm_13688224012', 'osm_8175185197', 'osm_13688224022', 'osm_5882213666', 'osm_8176307721', 'osm_8176307720', 'osm_14020171431', 'osm_13955311343', 'osm_14046382080', 'osm_14046382079', 'osm_13955311332']",120.15112318840579,0.0,0.0,8.718493970105712e-07,7.574011588389343,False,STU_0001,canonical_nsga3,0,13.414912207983434
"['osm_2272453696', 'osm_2272453701', 'osm_2510316009', 'osm_2510316007', 'osm_2510315990', 'osm_2272453694', 'osm_602604509', 'osm_2510315876', 'osm_2272453692', 'osm_2510315869', 'osm_2510315866', 'osm_2510315862', 'osm_2510315863', 'osm_2510315864', 'osm_2510315857', 'osm_2510315855', 'osm_2510315853', 'osm_2510315852', 'osm_2510315849', 'osm_2510315612', 'osm_2510315600', 'osm_2510315561', 'osm_2510315553', 'osm_2510315550', 'osm_2510315529', 'osm_2272453684', 'osm_2272453682', 'osm_201420244', 'osm_599930089', 'osm_599930086', 'osm_599926801', 'osm_599926795', 'osm_599926794', 'osm_2510315491', 'osm_2510315484', 'osm_2510315481', 'osm_2510315476', 'osm_2510315473', 'osm_13371726894', 'osm_13371726892', 'osm_615066658', 'osm_577551052', 'osm_615066654', 'osm_2510314658', 'osm_615066653', 'osm_2510314629', 'osm_577550841', 'osm_6182428405', 'osm_6182428406', 'osm_30374611', 'osm_508565156', 'osm_2828409789', 'osm_2828409788', 'osm_503350266', 'osm_10678109173', 'osm_10678109769', 'osm_10678086361', 'osm_13318515908', 'osm_156899755', 'osm_278744370', 'osm_13676286584', 'osm_13676286585', 'osm_156915419', 'osm_8175990770', 'osm_13688224022', 'osm_5882213666', 'osm_8176307721', 'osm_8176307720', 'osm_14020171431', 'osm_13955311343', 'osm_14046382080', 'osm_14046382079', 'osm_13955311332']",120.15147342995168,0.0,0.0,8.718063118084984e-07,7.574039496714542,False,STU_0001,canonical_nsga3,0,13.414912207983434
"['osm_2272453696', 'osm_2272453701', 'osm_2510316009', 'osm_2510316007', 'osm_2510315990', 'osm_2272453694', 'osm_602604509', 'osm_2510315876', 'osm_2272453692', 'osm_2510315869', 'osm_2510315866', 'osm_2510315862', 'osm_2510315863', 'osm_2510315864', 'osm_2510315857', 'osm_2510315855', 'osm_2510315853', 'osm_2510315852', 'osm_2510315849', 'osm_2510315612', 'osm_2510315600', 'osm_2510315561', 'osm_2510315553', 'osm_2510315550', 'osm_2510315529', 'osm_2272453684', 'osm_2272453682', 'osm_201420244', 'osm_599930089', 'osm_599930086', 'osm_599926801', 'osm_599926795', 'osm_599926794', 'osm_2510315491', 'osm_2510315484', 'osm_2510315481', 'osm_2510315476', 'osm_2510315473', 'osm_13371726894', 'osm_13371726892', 'osm_615066658', 'osm_577551052', 'osm_615066654', 'osm_2510314658', 'osm_615066653', 'osm_2510314629', 'osm_577550841', 'osm_614475888', 'osm_6182428406', 'osm_30374611', 'osm_508565156', 'osm_2828409789', 'osm_2828409788', 'osm_503350266', 'osm_10678109173', 'osm_10678109769', 'osm_10678086361', 'osm_13318515908', 'osm_156899755', 'osm_278744370', 'osm_13676286584', 'osm_13676286585', 'osm_156915419', 'osm_8175990770', 'osm_13688224022', 'osm_5882213666', 'osm_8176307721', 'osm_8176307720', 'osm_14020171431', 'osm_13955311343', 'osm_14046382080', 'osm_14046382079', 'osm_13955311332']",120.15147342995168,0.0,0.0,8.718063118084984e-07,7.574039496714542,False,STU_0001,canonical_nsga3,0,13.414912207983434
"['osm_2272453696', 'osm_2272453701', 'osm_2510316009', 'osm_2510316007', 'osm_2510315990', 'osm_2272453694', 'osm_602604509', 'osm_2510315876', 'osm_2272453692', 'osm_2510315869', 'osm_2510315866', 'osm_2510315868', 'osm_2510315863', 'osm_2510315864', 'osm_2510315857', 'osm_2510315855', 'osm_2510315853', 'osm_2510315852', 'osm_2510315849', 'osm_2510315612', 'osm_2510315600', 'osm_2510315561', 'osm_2510315553', 'osm_2510315550', 'osm_2510315529', 'osm_2272453684', 'osm_2272453682', 'osm_201420244', 'osm_599930089', 'osm_599930086', 'osm_599926801', 'osm_599926795', 'osm_599926794', 'osm_2510315491', 'osm_2510315484', 'osm_2510315481', 'osm_2510315476', 'osm_2510315473', 'osm_13371726894', 'osm_13371726892', 'osm_615066658', 'osm_577551052', 'osm_615066654', 'osm_2510314658', 'osm_615066653', 'osm_2510314629', 'osm_577550841', 'osm_6182428405', 'osm_6182428406', 'osm_30374611', 'osm_508565156', 'osm_2828409789', 'osm_2828409788', 'osm_503350266', 'osm_10678109173', 'osm_10678109769', 'osm_10678086361', 'osm_13318515908', 'osm_156899755', 'osm_13676286574', 'osm_13676286573', 'osm_13676286584', 'osm_13676286585', 'osm_156915419', 'osm_8175990770', 'osm_13688224022', 'osm_8176307123', 'osm_5882213666', 'osm_8176307721', 'osm_8176307720', 'osm_14020171431', 'osm_13955311343', 'osm_14046382080', 'osm_14046382079', 'osm_13955311332']",120.17318840579713,0.0,0.0,8.691391815141003e-07,7.5757698128769615,False,STU_0001,canonical_nsga3,0,13.414912207983434
"['osm_2272453696', 'osm_2272453701', 'osm_2510316009', 'osm_2510316007', 'osm_2510315990', 'osm_2272453694', 'osm_602604509', 'osm_2510315876', 'osm_2272453692', 'osm_2510315869', 'osm_2510315866', 'osm_2510315868', 'osm_2510315863', 'osm_2510315864', 'osm_2510315857', 'osm_2510315855', 'osm_2510315853', 'osm_2510315852', 'osm_2510315849', 'osm_2510315612', 'osm_2510315600', 'osm_2510315561', 'osm_2510315553', 'osm_2510315550', 'osm_2510315529', 'osm_2272453684', 'osm_2272453682', 'osm_201420244', 'osm_599930089', 'osm_599930086', 'osm_599926801', 'osm_599926795', 'osm_599926794', 'osm_2510315491', 'osm_2510315484', 'osm_2510315481', 'osm_2510315476', 'osm_2510315473', 'osm_13371726894', 'osm_13371726892', 'osm_615066658', 'osm_577551052', 'osm_615066654', 'osm_2510314658', 'osm_615066653', 'osm_2510314629', 'osm_577550841', 'osm_6182428405', 'osm_6182428406', 'osm_30374611', 'osm_508565156', 'osm_2828409789', 'osm_2828409788', 'osm_503350266', 'osm_10678109173', 'osm_10678109769', 'osm_10678086361', 'osm_13318515908', 'osm_156899755', 'osm_13676286574', 'osm_13676286573', 'osm_13676286584', 'osm_13676286585', 'osm_13688224012', 'osm_8175185197', 'osm_13688224022', 'osm_5882213666', 'osm_8176307721', 'osm_8176307720', 'osm_14020171431', 'osm_13955311343', 'osm_14046382080', 'osm_14046382079', 'osm_13955311332']",120.18112318840583,0.0,0.0,8.681666329168891e-07,7.5764020807961545,False,STU_0001,canonical_nsga3,0,13.414912207983434
"['osm_2272453696', 'osm_2272453701', 'osm_2510316009', 'osm_2510316007', 'osm_2510315990', 'osm_2272453694', 'osm_602604509', 'osm_2510315876', 'osm_2272453692', 'osm_2510315869', 'osm_2510315866', 'osm_2510315868', 'osm_2510315863', 'osm_2510315864', 'osm_2510315857', 'osm_2510315855', 'osm_2510315853', 'osm_2510315852', 'osm_2510315849', 'osm_2510315612', 'osm_2510315600', 'osm_2510315561', 'osm_2510315553', 'osm_2510315550', 'osm_2510315529', 'osm_2272453684', 'osm_2272453682', 'osm_201420244', 'osm_599930089', 'osm_599930086', 'osm_599926801', 'osm_599926795', 'osm_599926794', 'osm_2510315491', 'osm_2510315484', 'osm_2510315481', 'osm_2510315476', 'osm_2510315473', 'osm_13371726894', 'osm_13371726892', 'osm_615066658', 'osm_577551052', 'osm_615066654', 'osm_2510314658', 'osm_615066653', 'osm_2510314629', 'osm_577550841', 'osm_6182428405', 'osm_6182428406', 'osm_30374611', 'osm_508565156', 'osm_2828409789', 'osm_2828409788', 'osm_503350266', 'osm_10678109173', 'osm_10678109769', 'osm_10678086361', 'osm_13318515908', 'osm_156899755', 'osm_13676286574', 'osm_13676286573', 'osm_13676286584', 'osm_13676286585', 'osm_156915419', 'osm_8175990770', 'osm_13688224022', 'osm_5882213666', 'osm_8176307721', 'osm_8176307720', 'osm_14020171431', 'osm_13955311343', 'osm_14046382080', 'osm_14046382079', 'osm_13955311332']",120.18147342995172,0.0,0.0,8.681237297913924e-07,7.576429989121355,False,STU_0001,canonical_nsga3,0,13.414912207983434
"['osm_2272453696', 'osm_2272453701', 'osm_2510316009', 'osm_2510316007', 'osm_2510315990', 'osm_2272453694', 'osm_602604509', 'osm_2510315876', 'osm_2272453692', 'osm_2510315869', 'osm_2510315866', 'osm_2510315868', 'osm_2510315863', 'osm_2510315864', 'osm_2510315857', 'osm_2510315855', 'osm_2510315853', 'osm_2510315852', 'osm_2510315849', 'osm_2510315612', 'osm_2510315600', 'osm_2510315561', 'osm_2510315553', 'osm_2510315550', 'osm_2510315529', 'osm_2272453684', 'osm_2272453682', 'osm_201420244', 'osm_599930089', 'osm_599930086', 'osm_599926801', 'osm_599926795', 'osm_599926794', 'osm_2510315491', 'osm_2510315484', 'osm_2510315481', 'osm_2510315476', 'osm_2510315473', 'osm_13371726894', 'osm_13371726892', 'osm_615066658', 'osm_577551052', 'osm_615066654', 'osm_2510314658', 'osm_615066653', 'osm_2510314629', 'osm_577550841', 'osm_6182428405', 'osm_6182428406', 'osm_30374611', 'osm_508565156', 'osm_2828409789', 'osm_2828409788', 'osm_503350266', 'osm_10678109173', 'osm_10678109769', 'osm_10678086361', 'osm_13318515908', 'osm_156899755', 'osm_278744370', 'osm_13676286584', 'osm_13676286585', 'osm_13688224012', 'osm_8175185197', 'osm_13688224022', 'osm_5882213666', 'osm_8176307721', 'osm_8176307720', 'osm_14020171431', 'osm_13955311342', 'osm_13955311331', 'osm_14046382081', 'osm_13955311333', 'osm_14046382092', 'osm_14046382089', 'osm_13955311332']",120.20966183574882,0.0,0.0,8.646777018839202e-07,7.578676128121955,False,STU_0001,canonical_nsga3,0,13.414912207983434
"['osm_2272453696', 'osm_2272453701', 'osm_2510316009', 'osm_2510316007', 'osm_2510315990', 'osm_2272453694', 'osm_602604509', 'osm_2510315876', 'osm_2272453692', 'osm_2510315869', 'osm_2510315866', 'osm_2510315868', 'osm_2510315863', 'osm_2510315864', 'osm_2510315857', 'osm_2510315855', 'osm_2510315853', 'osm_2510315852', 'osm_2510315849', 'osm_2510315612', 'osm_2510315600', 'osm_2510315561', 'osm_2510315553', 'osm_2510315550', 'osm_2510315529', 'osm_2272453684', 'osm_2272453682', 'osm_201420244', 'osm_599930089', 'osm_599930086', 'osm_599926801', 'osm_599926795', 'osm_599926794', 'osm_2510315491', 'osm_2510315484', 'osm_2510315481', 'osm_2510315476', 'osm_2510315473', 'osm_13371726894', 'osm_13371726892', 'osm_615066658', 'osm_577551052', 'osm_615066654', 'osm_2510314658', 'osm_615066653', 'osm_2510314629', 'osm_577550841', 'osm_6182428405', 'osm_6182428406', 'osm_30374611', 'osm_508565156', 'osm_2828409789', 'osm_2828409788', 'osm_503350266', 'osm_10678109173', 'osm_10678109769', 'osm_10678086361', 'osm_13318515908', 'osm_156899755', 'osm_278744370', 'osm_13676286584', 'osm_13676286585', 'osm_13688224012', 'osm_8175185197', 'osm_13688224022', 'osm_8176307123', 'osm_5882213666', 'osm_8176307721', 'osm_8176307720', 'osm_14020171431', 'osm_13955311343', 'osm_14046382080', 'osm_14046382079', 'osm_13955311332']",120.24805555555557,0.0,0.0,8.600060694696765e-07,7.5817354579775325,False,STU_0001,canonical_nsga3,0,13.414912207983434
"['osm_2272453696', 'osm_2272453701', 'osm_2510316009', 'osm_2510316007', 'osm_2510315990', 'osm_2272453694', 'osm_602604509', 'osm_2510315876', 'osm_2272453692', 'osm_2510315869', 'osm_2510315866', 'osm_2510315868', 'osm_2510315863', 'osm_2510315864', 'osm_2510315857', 'osm_2510315855', 'osm_2510315853', 'osm_2510315852', 'osm_2510315849', 'osm_2510315612', 'osm_2510315600', 'osm_2510315561', 'osm_2510315553', 'osm_2510315550', 'osm_2510315529', 'osm_2272453684', 'osm_2272453682', 'osm_201420244', 'osm_599930089', 'osm_599930086', 'osm_599926801', 'osm_599926795', 'osm_599926794', 'osm_2510315491', 'osm_2510315484', 'osm_2510315481', 'osm_2510315476', 'osm_2510315473', 'osm_13371726894', 'osm_13371726892', 'osm_615066658', 'osm_577551052', 'osm_615066654', 'osm_2510314658', 'osm_615066653', 'osm_2510314629', 'osm_577550841', 'osm_6182428405', 'osm_6182428406', 'osm_30374611', 'osm_508565156', 'osm_2828409789', 'osm_2828409788', 'osm_503350266', 'osm_10678109173', 'osm_10678109769', 'osm_10678086361', 'osm_13318515908', 'osm_156899755', 'osm_278744370', 'osm_13676286584', 'osm_13676286585', 'osm_156915419', 'osm_8175990770', 'osm_13688224022', 'osm_8176307123', 'osm_5882213666', 'osm_8176307721', 'osm_8176307720', 'osm_14020171431', 'osm_13955311343', 'osm_14046382080', 'osm_14046382079', 'osm_13955311332']",120.24840579710146,0.0,0.0,8.599635695771823e-07,7.581763366302732,False,STU_0001,canonical_nsga3,0,13.414912207983434
"['osm_2272453696', 'osm_2272453701', 'osm_2510316009', 'osm_2510316007', 'osm_2510315990', 'osm_2272453694', 'osm_602604509', 'osm_2510315876', 'osm_2272453692', 'osm_2510315869', 'osm_2510315866', 'osm_2510315868', 'osm_2510315863', 'osm_2510315864', 'osm_2510315857', 'osm_2510315855', 'osm_2510315853', 'osm_2510315852', 'osm_2510315849', 'osm_2510315612', 'osm_2510315600', 'osm_2510315561', 'osm_2510315553', 'osm_2510315550', 'osm_2510315529', 'osm_2272453684', 'osm_2272453682', 'osm_201420244', 'osm_599930089', 'osm_599930086', 'osm_599926801', 'osm_599926795', 'osm_599926794', 'osm_2510315491', 'osm_2510315484', 'osm_2510315481', 'osm_2510315476', 'osm_2510315473', 'osm_13371726894', 'osm_13371726892', 'osm_615066658', 'osm_577551052', 'osm_615066654', 'osm_2510314658', 'osm_615066653', 'osm_2510314629', 'osm_577550841', 'osm_614475888', 'osm_6182428406', 'osm_30374611', 'osm_508565156', 'osm_2828409789', 'osm_2828409788', 'osm_503350266', 'osm_10678109173', 'osm_10678109769', 'osm_10678086361', 'osm_13318515908', 'osm_156899755', 'osm_278744370', 'osm_13676286584', 'osm_13676286585', 'osm_13688224012', 'osm_8175185197', 'osm_13688224022', 'osm_5882213666', 'osm_8176307721', 'osm_8176307720', 'osm_14020171431', 'osm_13955311343', 'osm_14046382080', 'osm_14046382079', 'osm_13955311332']",120.25634057971016,0.0,0.0,8.590012883225029e-07,7.582395634221925,False,STU_0001,canonical_nsga3,0,13.414912207983434
"['osm_2272453696', 'osm_2272453701', 'osm_2510316009', 'osm_2510316007', 'osm_2510315990', 'osm_2272453694', 'osm_602604509', 'osm_2510315876', 'osm_2272453692', 'osm_2510315869', 'osm_2510315866', 'osm_2510315868', 'osm_2510315863', 'osm_2510315864', 'osm_2510315857', 'osm_2510315855', 'osm_2510315853', 'osm_2510315852', 'osm_2510315849', 'osm_2510315612', 'osm_2510315600', 'osm_2510315561', 'osm_2510315553', 'osm_2510315550', 'osm_2510315529', 'osm_2272453684', 'osm_2272453682', 'osm_201420244', 'osm_599930089', 'osm_599930086', 'osm_599926801', 'osm_599926795', 'osm_599926794', 'osm_2510315491', 'osm_2510315484', 'osm_2510315481', 'osm_2510315476', 'osm_2510315473', 'osm_13371726894', 'osm_13371726892', 'osm_615066658', 'osm_577551052', 'osm_615066654', 'osm_2510314658', 'osm_615066653', 'osm_2510314629', 'osm_577550841', 'osm_6182428405', 'osm_6182428406', 'osm_30374611', 'osm_508565156', 'osm_2828409789', 'osm_2828409788', 'osm_503350266', 'osm_10678109173', 'osm_10678109769', 'osm_10678086361', 'osm_13318515908', 'osm_156899755', 'osm_278744370', 'osm_13676286584', 'osm_13676286585', 'osm_13688224012', 'osm_8175185197', 'osm_13688224022', 'osm_5882213666', 'osm_8176307721', 'osm_8176307720', 'osm_14020171431', 'osm_13955311343', 'osm_14046382080', 'osm_14046382079', 'osm_13955311332']",120.25634057971016,0.0,0.0,8.590012883225029e-07,7.582395634221925,False,STU_0001,canonical_nsga3,0,13.414912207983434
"['osm_2272453696', 'osm_2272453701', 'osm_2510316009', 'osm_2510316007', 'osm_2510315990', 'osm_2272453694', 'osm_602604509', 'osm_2510315876', 'osm_2272453692', 'osm_2510315869', 'osm_2510315866', 'osm_2510315868', 'osm_2510315863', 'osm_2510315864', 'osm_2510315857', 'osm_2510315855', 'osm_2510315853', 'osm_2510315852', 'osm_2510315849', 'osm_2510315612', 'osm_2510315600', 'osm_2510315561', 'osm_2510315553', 'osm_2510315550', 'osm_2510315529', 'osm_2272453684', 'osm_2272453682', 'osm_201420244', 'osm_599930089', 'osm_599930086', 'osm_599926801', 'osm_599926795', 'osm_599926794', 'osm_2510315491', 'osm_2510315484', 'osm_2510315481', 'osm_2510315476', 'osm_2510315473', 'osm_13371726894', 'osm_13371726892', 'osm_615066658', 'osm_577551052', 'osm_615066654', 'osm_2510314658', 'osm_615066653', 'osm_2510314629', 'osm_577550841', 'osm_6182428405', 'osm_6182428406', 'osm_30374611', 'osm_508565156', 'osm_2828409789', 'osm_2828409788', 'osm_503350266', 'osm_10678109173', 'osm_10678109769', 'osm_10678086361', 'osm_13318515908', 'osm_156899755', 'osm_278744370', 'osm_13676286584', 'osm_13676286585', 'osm_156915419', 'osm_8175990770', 'osm_13688224022', 'osm_5882213666', 'osm_8176307721', 'osm_8176307720', 'osm_14020171431', 'osm_13955311343', 'osm_14046382080', 'osm_14046382079', 'osm_13955311332']",120.25669082125604,0.0,0.0,8.589588380569779e-07,7.582423542547125,False,STU_0001,canonical_nsga3,0,13.414912207983434
"['osm_2272453696', 'osm_2272453701', 'osm_2510316009', 'osm_2510316007', 'osm_2510315990', 'osm_2272453694', 'osm_602604509', 'osm_2510315876', 'osm_2272453692', 'osm_2510315869', 'osm_2510315866', 'osm_2510315868', 'osm_2510315863', 'osm_2510315864', 'osm_2510315857', 'osm_2510315855', 'osm_2510315853', 'osm_2510315852', 'osm_2510315849', 'osm_2510315612', 'osm_2510315600', 'osm_2510315561', 'osm_2510315553', 'osm_2510315550', 'osm_2510315529', 'osm_2272453684', 'osm_2272453682', 'osm_201420244', 'osm_599930089', 'osm_599930086', 'osm_599926801', 'osm_599926795', 'osm_599926794', 'osm_2510315491', 'osm_2510315484', 'osm_2510315481', 'osm_2510315476', 'osm_2510315473', 'osm_13371726894', 'osm_13371726892', 'osm_615066658', 'osm_577551052', 'osm_615066654', 'osm_2510314658', 'osm_615066653', 'osm_2510314629', 'osm_577550841', 'osm_614475888', 'osm_6182428406', 'osm_30374611', 'osm_508565156', 'osm_2828409789', 'osm_2828409788', 'osm_503350266', 'osm_10678109173', 'osm_10678109769', 'osm_10678086361', 'osm_13318515908', 'osm_156899755', 'osm_278744370', 'osm_13676286584', 'osm_13676286585', 'osm_156915419', 'osm_8175990770', 'osm_13688224022', 'osm_5882213666', 'osm_8176307721', 'osm_8176307720', 'osm_14020171431', 'osm_13955311343', 'osm_14046382080', 'osm_14046382079', 'osm_13955311332']",120.25669082125604,0.0,0.0,8.589588380569779e-07,7.582423542547125,False,STU_0001,canonical_nsga3,0,13.414912207983434
"['osm_2272453696', 'osm_2272453701', 'osm_2510316009', 'osm_2510316007', 'osm_2510315990', 'osm_2272453694', 'osm_602604509', 'osm_2510315876', 'osm_2272453692', 'osm_2510315869', 'osm_2510315866', 'osm_2510315862', 'osm_2510315863', 'osm_2510315864', 'osm_2510315857', 'osm_2510315855', 'osm_2510315853', 'osm_2510315852', 'osm_2510315849', 'osm_2510315612', 'osm_2510315600', 'osm_2510315561', 'osm_2510315553', 'osm_2510315550', 'osm_2510315529', 'osm_2272453684', 'osm_2272453682', 'osm_201420244', 'osm_599930089', 'osm_599930086', 'osm_599926801', 'osm_599926795', 'osm_599926794', 'osm_2510315491', 'osm_2510315484', 'osm_2510315481', 'osm_2510315476', 'osm_2510315473', 'osm_13371726894', 'osm_13371726892', 'osm_615066658', 'osm_577551052', 'osm_615066654', 'osm_2510314658', 'osm_615066653', 'osm_2510314629', 'osm_577550841', 'osm_6182428405', 'osm_6182428406', 'osm_30374611', 'osm_508565156', 'osm_2828409789', 'osm_2828409788', 'osm_503350266', 'osm_10678109173', 'osm_10678109769', 'osm_10678086361', 'osm_13318515908', 'osm_156899755', 'osm_278744370', 'osm_13676286584', 'osm_13676286585', 'osm_13688224012', 'osm_8175185197', 'osm_13688224026', 'osm_8176307124', 'osm_8176307123', 'osm_5882213666', 'osm_8176307721', 'osm_8176307720', 'osm_14020171431', 'osm_13955311343', 'osm_14046382080', 'osm_14046382079', 'osm_13955311332']",120.84786231884055,0.0,0.0,7.902158367656398e-07,7.629529908417088,False,STU_0001,canonical_nsga3,0,13.414912207983434
"['osm_2272453696', 'osm_2272453701', 'osm_2510316009', 'osm_2510316007', 'osm_2510315990', 'osm_2272453694', 'osm_602604509', 'osm_2510315876', 'osm_2272453692', 'osm_2510315869', 'osm_2510315866', 'osm_2510315862', 'osm_2510315863', 'osm_2510315864', 'osm_2510315857', 'osm_2510315855', 'osm_2510315853', 'osm_2510315852', 'osm_2510315849', 'osm_2510315612', 'osm_2510315600', 'osm_2510315561', 'osm_2510315553', 'osm_2510315550', 'osm_2510315529', 'osm_2272453684', 'osm_2272453682', 'osm_201420244', 'osm_599930089', 'osm_599930086', 'osm_599926801', 'osm_599926795', 'osm_599926794', 'osm_2510315491', 'osm_2510315484', 'osm_2510315481', 'osm_2510315476', 'osm_2510315473', 'osm_13371726894', 'osm_13371726892', 'osm_615066658', 'osm_577551052', 'osm_615066654', 'osm_2510314658', 'osm_615066653', 'osm_2510314629', 'osm_577550841', 'osm_6182428405', 'osm_6182428406', 'osm_30374611', 'osm_508565156', 'osm_2828409789', 'osm_2828409788', 'osm_503350266', 'osm_10678109173', 'osm_10678109769', 'osm_10678086361', 'osm_13318515908', 'osm_156899755', 'osm_13676286574', 'osm_13676286573', 'osm_13676286584', 'osm_13676286585', 'osm_5264609378', 'osm_8237668183', 'osm_8237668210', 'osm_1639773078', 'osm_156915381', 'osm_560613774', 'osm_8176307724', 'osm_8176307727', 'osm_8176307736', 'osm_13955311336', 'osm_13955311338', 'osm_14046382079', 'osm_13955311332']",120.85524154589373,0.0,0.0,7.893934793612445e-07,7.63011790795838,False,STU_0001,canonical_nsga3,0,13.414912207983434
"['osm_2272453696', 'osm_2272453701', 'osm_2510316009', 'osm_2510316007', 'osm_2510315990', 'osm_2272453694', 'osm_602604509', 'osm_2510315876', 'osm_2272453692', 'osm_2510315869', 'osm_2510315866', 'osm_2510315862', 'osm_2510315863', 'osm_2510315864', 'osm_2510315857', 'osm_2510315855', 'osm_2510315853', 'osm_2510315852', 'osm_2510315849', 'osm_2510315612', 'osm_2510315600', 'osm_2510315561', 'osm_2510315553', 'osm_2510315550', 'osm_2510315529', 'osm_2272453684', 'osm_2272453682', 'osm_201420244', 'osm_599930089', 'osm_599930086', 'osm_599926801', 'osm_599926795', 'osm_599926794', 'osm_2510315491', 'osm_2510315484', 'osm_2510315481', 'osm_2510315476', 'osm_2510315473', 'osm_13371726894', 'osm_13371726892', 'osm_615066658', 'osm_577551052', 'osm_615066654', 'osm_2510314658', 'osm_615066653', 'osm_2510314629', 'osm_577550841', 'osm_6182428405', 'osm_6182428406', 'osm_30374611', 'osm_508565156', 'osm_2828409789', 'osm_2828409788', 'osm_503350266', 'osm_10678109173', 'osm_10678109769', 'osm_10678086361', 'osm_13318515908', 'osm_156899755', 'osm_13676286574', 'osm_13676286573', 'osm_13676286584', 'osm_13676286585', 'osm_5264609378', 'osm_8237668183', 'osm_156915380', 'osm_1639773078', 'osm_156915381', 'osm_560613774', 'osm_8176307724', 'osm_8176307727', 'osm_8176307736', 'osm_13955311336', 'osm_13955311338', 'osm_14046382079', 'osm_13955311332']",120.8933695652174,0.0,0.0,7.851580235973543e-07,7.633156065981045,False,STU_0001,canonical_nsga3,0,13.414912207983434
"['osm_2272453696', 'osm_2272453701', 'osm_2510316009', 'osm_2510316007', 'osm_2510315990', 'osm_2272453694', 'osm_602604509', 'osm_2510315876', 'osm_2272453692', 'osm_2510315869', 'osm_2510315866', 'osm_2510315862', 'osm_2510315863', 'osm_2510315864', 'osm_2510315857', 'osm_2510315855', 'osm_2510315853', 'osm_2510315852', 'osm_2510315849', 'osm_2510315612', 'osm_2510315600', 'osm_2510315561', 'osm_2510315553', 'osm_2510315550', 'osm_2510315529', 'osm_2272453684', 'osm_2272453682', 'osm_201420244', 'osm_599930089', 'osm_599930086', 'osm_599926801', 'osm_599926795', 'osm_599926794', 'osm_2510315491', 'osm_2510315484', 'osm_2510315481', 'osm_2510315476', 'osm_2510315473', 'osm_13371726894', 'osm_13371726892', 'osm_615066658', 'osm_577551052', 'osm_615066654', 'osm_2510314658', 'osm_615066653', 'osm_2510314629', 'osm_577550841', 'osm_614475888', 'osm_6182428406', 'osm_30374611', 'osm_508565156', 'osm_2828409789', 'osm_2828409788', 'osm_503350266', 'osm_10678109173', 'osm_10678109769', 'osm_10678086361', 'osm_13318515908', 'osm_156899755', 'osm_13676286574', 'osm_13676286573', 'osm_13676286584', 'osm_13676286585', 'osm_13688224012', 'osm_8237668210', 'osm_1639773078', 'osm_156915381', 'osm_560613774', 'osm_8176307724', 'osm_8176307727', 'osm_8176307736', 'osm_13955311336', 'osm_13955311338', 'osm_14046382079', 'osm_13955311332']",120.8977657004831,0.0,0.0,7.846711418402208e-07,7.63350636358011,False,STU_0001,canonical_nsga3,0,13.414912207983434
"['osm_2272453696', 'osm_2272453701', 'osm_2510316009', 'osm_2510316007', 'osm_2510315990', 'osm_2272453694', 'osm_602604509', 'osm_2510315876', 'osm_2272453692', 'osm_2510315869', 'osm_2510315866', 'osm_2510315862', 'osm_2510315863', 'osm_2510315864', 'osm_2510315857', 'osm_2510315855', 'osm_2510315853', 'osm_2510315852', 'osm_2510315849', 'osm_2510315612', 'osm_2510315600', 'osm_2510315561', 'osm_2510315553', 'osm_2510315550', 'osm_2510315529', 'osm_2272453684', 'osm_2272453682', 'osm_201420244', 'osm_599930089', 'osm_599930086', 'osm_599926801', 'osm_599926795', 'osm_599926794', 'osm_2510315491', 'osm_2510315484', 'osm_2510315481', 'osm_2510315476', 'osm_2510315473', 'osm_13371726894', 'osm_13371726892', 'osm_615066658', 'osm_577551052', 'osm_615066654', 'osm_2510314658', 'osm_615066653', 'osm_2510314629', 'osm_577550841', 'osm_6182428405', 'osm_6182428406', 'osm_30374611', 'osm_508565156', 'osm_2828409789', 'osm_2828409788', 'osm_503350266', 'osm_10678109173', 'osm_10678109769', 'osm_10678086361', 'osm_13318515908', 'osm_156899755', 'osm_13676286574', 'osm_13676286573', 'osm_13676286584', 'osm_13676286585', 'osm_13688224012', 'osm_8237668210', 'osm_1639773078', 'osm_156915381', 'osm_560613774', 'osm_8176307724', 'osm_8176307727', 'osm_8176307736', 'osm_13955311336', 'osm_13955311338', 'osm_14046382079', 'osm_13955311332']",120.8977657004831,0.0,0.0,7.846711418402208e-07,7.63350636358011,False,STU_0001,canonical_nsga3,0,13.414912207983434
"['osm_2272453696', 'osm_2272453701', 'osm_2510316009', 'osm_2510316007', 'osm_2510315990', 'osm_2272453694', 'osm_602604509', 'osm_2510315876', 'osm_2272453692', 'osm_2510315869', 'osm_2510315866', 'osm_2510315862', 'osm_2510315863', 'osm_2510315864', 'osm_2510315857', 'osm_2510315855', 'osm_2510315853', 'osm_2510315852', 'osm_2510315849', 'osm_2510315612', 'osm_2510315600', 'osm_2510315561', 'osm_2510315553', 'osm_2510315550', 'osm_2510315529', 'osm_2272453684', 'osm_2272453682', 'osm_201420244', 'osm_599930089', 'osm_599930086', 'osm_599926801', 'osm_599926795', 'osm_599926794', 'osm_2510315491', 'osm_2510315484', 'osm_2510315481', 'osm_2510315476', 'osm_2510315473', 'osm_13371726894', 'osm_13371726892', 'osm_615066658', 'osm_577551052', 'osm_615066654', 'osm_2510314658', 'osm_615066653', 'osm_2510314629', 'osm_577550841', 'osm_614475888', 'osm_6182428406', 'osm_30374611', 'osm_508565156', 'osm_2828409789', 'osm_2828409788', 'osm_503350266', 'osm_10678109173', 'osm_10678109769', 'osm_10678086361', 'osm_13318515908', 'osm_156899755', 'osm_278744370', 'osm_13676286584', 'osm_13676286585', 'osm_5264609378', 'osm_8237668183', 'osm_8237668210', 'osm_1639773078', 'osm_156915381', 'osm_560613774', 'osm_8176307724', 'osm_8176307727', 'osm_8176307736', 'osm_13955311336', 'osm_13955311338', 'osm_14046382079', 'osm_13955311332']",120.93045893719805,0.0,0.0,7.810597520974127e-07,7.636111461384151,False,STU_0001,canonical_nsga3,0,13.414912207983434
"['osm_2272453696', 'osm_2272453701', 'osm_2510316009', 'osm_2510316007', 'osm_2510315990', 'osm_2272453694', 'osm_602604509', 'osm_2510315876', 'osm_2272453692', 'osm_2510315869', 'osm_2510315866', 'osm_2510315862', 'osm_2510315863', 'osm_2510315864', 'osm_2510315857', 'osm_2510315855', 'osm_2510315853', 'osm_2510315852', 'osm_2510315849', 'osm_2510315612', 'osm_2510315600', 'osm_2510315561', 'osm_2510315553', 'osm_2510315550', 'osm_2510315529', 'osm_2272453684', 'osm_2272453682', 'osm_201420244', 'osm_599930089', 'osm_599930086', 'osm_599926801', 'osm_599926795', 'osm_599926794', 'osm_2510315491', 'osm_2510315484', 'osm_2510315481', 'osm_2510315476', 'osm_2510315473', 'osm_13371726894', 'osm_13371726892', 'osm_615066658', 'osm_577551052', 'osm_615066654', 'osm_2510314658', 'osm_615066653', 'osm_2510314629', 'osm_577550841', 'osm_6182428405', 'osm_6182428406', 'osm_30374611', 'osm_508565156', 'osm_2828409789', 'osm_2828409788', 'osm_503350266', 'osm_10678109173', 'osm_10678109769', 'osm_10678086361', 'osm_13318515908', 'osm_156899755', 'osm_278744370', 'osm_13676286584', 'osm_13676286585', 'osm_5264609378', 'osm_8237668183', 'osm_8237668210', 'osm_1639773078', 'osm_156915381', 'osm_560613774', 'osm_8176307724', 'osm_8176307727', 'osm_8176307736', 'osm_13955311336', 'osm_13955311338', 'osm_14046382079', 'osm_13955311332']",120.93045893719805,0.0,0.0,7.810597520974127e-07,7.636111461384151,False,STU_0001,canonical_nsga3,0,13.414912207983434
"['osm_2272453696', 'osm_2272453701', 'osm_2510316009', 'osm_2510316007', 'osm_2510315990', 'osm_2272453694', 'osm_602604509', 'osm_2510315876', 'osm_2272453692', 'osm_2510315869', 'osm_2510315866', 'osm_2510315868', 'osm_2510315863', 'osm_2510315864', 'osm_2510315857', 'osm_2510315855', 'osm_2510315853', 'osm_2510315852', 'osm_2510315849', 'osm_2510315612', 'osm_2510315600', 'osm_2510315561', 'osm_2510315553', 'osm_2510315550', 'osm_2510315529', 'osm_2272453684', 'osm_2272453682', 'osm_201420244', 'osm_599930089', 'osm_599930086', 'osm_599926801', 'osm_599926795', 'osm_599926794', 'osm_2510315491', 'osm_2510315484', 'osm_2510315481', 'osm_2510315476', 'osm_2510315473', 'osm_13371726894', 'osm_13371726892', 'osm_615066658', 'osm_577551052', 'osm_615066654', 'osm_2510314658', 'osm_615066653', 'osm_2510314629', 'osm_577550841', 'osm_6182428405', 'osm_6182428406', 'osm_30374611', 'osm_508565156', 'osm_2828409789', 'osm_2828409788', 'osm_503350266', 'osm_10678109173', 'osm_10678109769', 'osm_10678086361', 'osm_13318515908', 'osm_156899755', 'osm_278744370', 'osm_13676286584', 'osm_13676286585', 'osm_13688224012', 'osm_8175185197', 'osm_13688224026', 'osm_8176307124', 'osm_8176307123', 'osm_5882213666', 'osm_8176307721', 'osm_8176307720', 'osm_14020171431', 'osm_13955311343', 'osm_14046382080', 'osm_14046382079', 'osm_13955311332']",120.95307971014492,0.0,0.0,7.785707294427624e-07,7.637913954249671,False,STU_0001,canonical_nsga3,0,13.414912207983434
"['osm_2272453696', 'osm_2272453701', 'osm_2510316009', 'osm_2510316007', 'osm_2510315990', 'osm_2272453694', 'osm_602604509', 'osm_2510315876', 'osm_2272453692', 'osm_2510315869', 'osm_2510315866', 'osm_2510315862', 'osm_2510315863', 'osm_2510315864', 'osm_2510315857', 'osm_2510315855', 'osm_2510315853', 'osm_2510315852', 'osm_2510315849', 'osm_2510315612', 'osm_2510315600', 'osm_2510315561', 'osm_2510315553', 'osm_2510315550', 'osm_2510315529', 'osm_2272453684', 'osm_2272453682', 'osm_201420244', 'osm_599930089', 'osm_599930086', 'osm_599926801', 'osm_599926795', 'osm_599926794', 'osm_2510315491', 'osm_2510315484', 'osm_2510315481', 'osm_2510315476', 'osm_2510315473', 'osm_13371726894', 'osm_13371726892', 'osm_615066658', 'osm_577551052', 'osm_615066654', 'osm_2510314658', 'osm_615066653', 'osm_2510314629', 'osm_577550841', 'osm_6182428405', 'osm_6182428406', 'osm_30374611', 'osm_508565156', 'osm_2828409789', 'osm_2828409788', 'osm_503350266', 'osm_10678109173', 'osm_10678109769', 'osm_10678086361', 'osm_13318515908', 'osm_156899755', 'osm_278744370', 'osm_13676286584', 'osm_13676286585', 'osm_5264609378', 'osm_8237668183', 'osm_156915380', 'osm_1639773078', 'osm_156915381', 'osm_560613774', 'osm_8176307724', 'osm_8176307727', 'osm_8176307736', 'osm_13955311336', 'osm_13955311338', 'osm_14046382079', 'osm_13955311332']",120.96858695652172,0.0,0.0,7.768690106768616e-07,7.639149619406816,False,STU_0001,canonical_nsga3,0,13.414912207983434
"['osm_2272453696', 'osm_2272453701', 'osm_2510316009', 'osm_2510316007', 'osm_2510315990', 'osm_2272453694', 'osm_602604509', 'osm_2510315876', 'osm_2272453692', 'osm_2510315869', 'osm_2510315866', 'osm_2510315862', 'osm_2510315863', 'osm_2510315864', 'osm_2510315857', 'osm_2510315855', 'osm_2510315853', 'osm_2510315852', 'osm_2510315849', 'osm_2510315612', 'osm_2510315600', 'osm_2510315561', 'osm_2510315553', 'osm_2510315550', 'osm_2510315529', 'osm_2272453684', 'osm_2272453682', 'osm_201420244', 'osm_599930089', 'osm_599930086', 'osm_599926801', 'osm_599926795', 'osm_599926794', 'osm_2510315491', 'osm_2510315484', 'osm_2510315481', 'osm_2510315476', 'osm_2510315473', 'osm_13371726894', 'osm_13371726892', 'osm_615066658', 'osm_577551052', 'osm_615066654', 'osm_2510314658', 'osm_615066653', 'osm_2510314629', 'osm_577550841', 'osm_6182428405', 'osm_6182428406', 'osm_30374611', 'osm_508565156', 'osm_2828409789', 'osm_2828409788', 'osm_503350266', 'osm_10678109173', 'osm_10678109769', 'osm_10678086361', 'osm_13318515908', 'osm_156899755', 'osm_278744370', 'osm_13676286584', 'osm_13676286585', 'osm_13688224012', 'osm_8237668210', 'osm_1639773078', 'osm_156915381', 'osm_560613774', 'osm_8176307724', 'osm_8176307727', 'osm_8176307736', 'osm_13955311336', 'osm_13955311338', 'osm_14046382079', 'osm_13955311332']",120.97298309178743,0.0,0.0,7.763872690302875e-07,7.63949991700588,False,STU_0001,canonical_nsga3,0,13.414912207983434
"['osm_2272453696', 'osm_2272453701', 'osm_2510316009', 'osm_2510316007', 'osm_2510315990', 'osm_2272453694', 'osm_602604509', 'osm_2510315876', 'osm_2272453692', 'osm_2510315869', 'osm_2510315866', 'osm_2510315862', 'osm_2510315863', 'osm_2510315864', 'osm_2510315857', 'osm_2510315855', 'osm_2510315853', 'osm_2510315852', 'osm_2510315849', 'osm_2510315612', 'osm_2510315600', 'osm_2510315561', 'osm_2510315553', 'osm_2510315550', 'osm_2510315529', 'osm_2272453684', 'osm_2272453682', 'osm_201420244', 'osm_599930089', 'osm_599930086', 'osm_599926801', 'osm_599926795', 'osm_599926794', 'osm_2510315491', 'osm_2510315484', 'osm_2510315481', 'osm_2510315476', 'osm_2510315473', 'osm_13371726894', 'osm_13371726892', 'osm_615066658', 'osm_577551052', 'osm_615066654', 'osm_2510314658', 'osm_615066653', 'osm_2510314629', 'osm_577550841', 'osm_6182428405', 'osm_6182428406', 'osm_30374611', 'osm_508565156', 'osm_2828409789', 'osm_2828409788', 'osm_503350266', 'osm_10678109173', 'osm_10678109769', 'osm_10678086361', 'osm_13318515908', 'osm_156899755', 'osm_278744370', 'osm_13676286584', 'osm_13676286585', 'osm_13688224012', 'osm_8237668210', 'osm_1639773078', 'osm_8237668174', 'osm_12441875759', 'osm_560613774', 'osm_8176307724', 'osm_8176307727', 'osm_8176307736', 'osm_13955311336', 'osm_13955311338', 'osm_14046382079', 'osm_13955311332']",121.00216183574878,0.0,0.0,7.731973373781287e-07,7.641824969201878,False,STU_0001,canonical_nsga3,0,13.414912207983434
"['osm_2272453696', 'osm_2272453701', 'osm_2510316009', 'osm_2510316007', 'osm_2510315990', 'osm_2272453694', 'osm_602604509', 'osm_2510315876', 'osm_2272453692', 'osm_2510315869', 'osm_2510315866', 'osm_2510315868', 'osm_2510315863', 'osm_2510315864', 'osm_2510315857', 'osm_2510315855', 'osm_2510315853', 'osm_2510315852', 'osm_2510315849', 'osm_2510315612', 'osm_2510315600', 'osm_2510315561', 'osm_2510315553', 'osm_2510315550', 'osm_2510315529', 'osm_2272453684', 'osm_2272453682', 'osm_201420244', 'osm_599930089', 'osm_599930086', 'osm_599926801', 'osm_599926795', 'osm_599926794', 'osm_2510315491', 'osm_2510315484', 'osm_2510315481', 'osm_2510315476', 'osm_2510315473', 'osm_13371726894', 'osm_13371726892', 'osm_615066658', 'osm_577551052', 'osm_615066654', 'osm_2510314658', 'osm_615066653', 'osm_2510314629', 'osm_577550841', 'osm_614475888', 'osm_6182428406', 'osm_30374611', 'osm_508565156', 'osm_2828409789', 'osm_2828409788', 'osm_503350266', 'osm_10678109173', 'osm_10678109769', 'osm_10678086361', 'osm_13318515908', 'osm_156899755', 'osm_13676286574', 'osm_13676286573', 'osm_13676286584', 'osm_13676286585', 'osm_13688224012', 'osm_8237668210', 'osm_1639773078', 'osm_156915381', 'osm_560613774', 'osm_8176307724', 'osm_8176307727', 'osm_8176307736', 'osm_13955311336', 'osm_13955311338', 'osm_14046382079', 'osm_13955311332']",121.00298309178747,0.0,0.0,7.731077444894652e-07,7.641890409412692,False,STU_0001,canonical_nsga3,0,13.414912207983434
"['osm_2272453696', 'osm_2272453701', 'osm_2510316009', 'osm_2510316007', 'osm_2510315990', 'osm_2272453694', 'osm_602604509', 'osm_2510315876', 'osm_2272453692', 'osm_2510315869', 'osm_2510315866', 'osm_2510315868', 'osm_2510315863', 'osm_2510315864', 'osm_2510315857', 'osm_2510315855', 'osm_2510315853', 'osm_2510315852', 'osm_2510315849', 'osm_2510315612', 'osm_2510315600', 'osm_2510315561', 'osm_2510315553', 'osm_2510315550', 'osm_2510315529', 'osm_2272453684', 'osm_2272453682', 'osm_201420244', 'osm_599930089', 'osm_599930086', 'osm_599926801', 'osm_599926795', 'osm_599926794', 'osm_2510315491', 'osm_2510315484', 'osm_2510315481', 'osm_2510315476', 'osm_2510315473', 'osm_13371726894', 'osm_13371726892', 'osm_615066658', 'osm_577551052', 'osm_615066654', 'osm_2510314658', 'osm_615066653', 'osm_2510314629', 'osm_577550841', 'osm_6182428405', 'osm_6182428406', 'osm_30374611', 'osm_508565156', 'osm_2828409789', 'osm_2828409788', 'osm_503350266', 'osm_10678109173', 'osm_10678109769', 'osm_10678086361', 'osm_13318515908', 'osm_156899755', 'osm_13676286574', 'osm_13676286573', 'osm_13676286584', 'osm_13676286585', 'osm_13688224012', 'osm_8237668210', 'osm_1639773078', 'osm_156915381', 'osm_560613774', 'osm_8176307724', 'osm_8176307727', 'osm_8176307736', 'osm_13955311336', 'osm_13955311338', 'osm_14046382079', 'osm_13955311332']",121.00298309178747,0.0,0.0,7.731077444894652e-07,7.641890409412692,False,STU_0001,canonical_nsga3,0,13.414912207983434
"['osm_2272453696', 'osm_2272453701', 'osm_2510316009', 'osm_2510316007', 'osm_2510315990', 'osm_2272453694', 'osm_602604509', 'osm_2510315876', 'osm_2272453692', 'osm_2510315869', 'osm_2510315866', 'osm_2510315868', 'osm_2510315863', 'osm_2510315864', 'osm_2510315857', 'osm_2510315855', 'osm_2510315853', 'osm_2510315852', 'osm_2510315849', 'osm_2510315612', 'osm_2510315600', 'osm_2510315561', 'osm_2510315553', 'osm_2510315550', 'osm_2510315529', 'osm_2272453684', 'osm_2272453682', 'osm_201420244', 'osm_599930089', 'osm_599930086', 'osm_599926801', 'osm_599926795', 'osm_599926794', 'osm_2510315491', 'osm_2510315484', 'osm_2510315481', 'osm_2510315476', 'osm_2510315473', 'osm_13371726894', 'osm_13371726892', 'osm_615066658', 'osm_577551052', 'osm_615066654', 'osm_2510314658', 'osm_615066653', 'osm_2510314629', 'osm_577550841', 'osm_6182428405', 'osm_6182428406', 'osm_30374611', 'osm_508565156', 'osm_2828409789', 'osm_2828409788', 'osm_503350266', 'osm_10678109173', 'osm_10678109769', 'osm_10678086361', 'osm_13318515908', 'osm_156899755', 'osm_278744370', 'osm_13676286584', 'osm_13676286585', 'osm_5264609378', 'osm_8237668183', 'osm_8237668210', 'osm_1639773078', 'osm_156915381', 'osm_560613774', 'osm_8176307724', 'osm_8176307727', 'osm_8176307736', 'osm_13955311336', 'osm_13955311338', 'osm_14046382079', 'osm_13955311332']",121.03567632850242,0.0,0.0,7.695495745085879e-07,7.6444955072167335,False,STU_0001,canonical_nsga3,0,13.414912207983434
"['osm_2272453696', 'osm_2272453701', 'osm_2510316009', 'osm_2510316007', 'osm_2510315990', 'osm_2272453694', 'osm_602604509', 'osm_2510315876', 'osm_2272453692', 'osm_2510315869', 'osm_2510315866', 'osm_2510315868', 'osm_2510315863', 'osm_2510315864', 'osm_2510315857', 'osm_2510315855', 'osm_2510315853', 'osm_2510315852', 'osm_2510315849', 'osm_2510315612', 'osm_2510315600', 'osm_2510315561', 'osm_2510315553', 'osm_2510315550', 'osm_2510315529', 'osm_2272453684', 'osm_2272453682', 'osm_201420244', 'osm_599930089', 'osm_599930086', 'osm_599926801', 'osm_599926795', 'osm_599926794', 'osm_2510315491', 'osm_2510315484', 'osm_2510315481', 'osm_2510315476', 'osm_2510315473', 'osm_13371726894', 'osm_13371726892', 'osm_615066658', 'osm_577551052', 'osm_615066654', 'osm_2510314658', 'osm_615066653', 'osm_2510314629', 'osm_577550841', 'osm_614475888', 'osm_6182428406', 'osm_30374611', 'osm_508565156', 'osm_2828409789', 'osm_2828409788', 'osm_503350266', 'osm_10678109173', 'osm_10678109769', 'osm_10678086361', 'osm_13318515908', 'osm_156899755', 'osm_278744370', 'osm_13676286584', 'osm_13676286585', 'osm_5264609378', 'osm_8237668183', 'osm_8237668210', 'osm_1639773078', 'osm_156915381', 'osm_560613774', 'osm_8176307724', 'osm_8176307727', 'osm_8176307736', 'osm_13955311336', 'osm_13955311338', 'osm_14046382079', 'osm_13955311332']",121.03567632850242,0.0,0.0,7.695495745085879e-07,7.6444955072167335,False,STU_0001,canonical_nsga3,0,13.414912207983434
"['osm_2272453696', 'osm_2272453701', 'osm_2510316009', 'osm_2510316007', 'osm_2510315990', 'osm_2272453694', 'osm_602604509', 'osm_2510315876', 'osm_2272453692', 'osm_2510315869', 'osm_2510315866', 'osm_2510315862', 'osm_2510315863', 'osm_2510315864', 'osm_2510315857', 'osm_2510315855', 'osm_2510315853', 'osm_2510315852', 'osm_2510315849', 'osm_2510315612', 'osm_2510315600', 'osm_2510315561', 'osm_2510315553', 'osm_2510315550', 'osm_2510315529', 'osm_2272453684', 'osm_2272453682', 'osm_201420244', 'osm_599930089', 'osm_599930086', 'osm_599926801', 'osm_599926795', 'osm_599926794', 'osm_2510315491', 'osm_2510315484', 'osm_2510315481', 'osm_2510315476', 'osm_2510315473', 'osm_13371726894', 'osm_13371726892', 'osm_615066658', 'osm_577551052', 'osm_615066654', 'osm_2510314658', 'osm_615066653', 'osm_2510314629', 'osm_577550841', 'osm_6182428405', 'osm_6182428406', 'osm_30374611', 'osm_508565156', 'osm_2828409789', 'osm_2828409788', 'osm_503350266', 'osm_10678109173', 'osm_10678109769', 'osm_10678086361', 'osm_13318515908', 'osm_156899755', 'osm_278744370', 'osm_13676286584', 'osm_13676286585', 'osm_13688224012', 'osm_8237668210', 'osm_1639773078', 'osm_156915381', 'osm_560613774', 'osm_266572342', 'osm_1639773111', 'osm_1639773114', 'osm_8176307736', 'osm_13955311336', 'osm_13955311338', 'osm_14046382079', 'osm_13955311332']",121.07564009661834,0.0,0.0,7.652223521503743e-07,7.647679943357688,False,STU_0001,canonical_nsga3,0,13.414912207983434
"['osm_2272453696', 'osm_2272453701', 'osm_2510316009', 'osm_2510316007', 'osm_2510315990', 'osm_2272453694', 'osm_602604509', 'osm_2510315876', 'osm_2272453692', 'osm_2510315869', 'osm_2510315866', 'osm_2510315868', 'osm_2510315863', 'osm_2510315864', 'osm_2510315857', 'osm_2510315855', 'osm_2510315853', 'osm_2510315852', 'osm_2510315849', 'osm_2510315612', 'osm_2510315600', 'osm_2510315561', 'osm_2510315553', 'osm_2510315550', 'osm_2510315529', 'osm_2272453684', 'osm_2272453682', 'osm_201420244', 'osm_599930089', 'osm_599930086', 'osm_599926801', 'osm_599926795', 'osm_599926794', 'osm_2510315491', 'osm_2510315484', 'osm_2510315481', 'osm_2510315476', 'osm_2510315473', 'osm_13371726894', 'osm_13371726892', 'osm_615066658', 'osm_577551052', 'osm_615066654', 'osm_2510314658', 'osm_615066653', 'osm_2510314629', 'osm_577550841', 'osm_6182428405', 'osm_6182428406', 'osm_30374611', 'osm_508565156', 'osm_2828409789', 'osm_2828409788', 'osm_503350266', 'osm_10678109173', 'osm_10678109769', 'osm_10678086361', 'osm_13318515908', 'osm_156899755', 'osm_278744370', 'osm_13676286584', 'osm_13676286585', 'osm_13688224012', 'osm_8237668210', 'osm_1639773078', 'osm_156915381', 'osm_560613774', 'osm_8176307724', 'osm_8176307727', 'osm_8176307736', 'osm_13955311336', 'osm_13955311338', 'osm_14046382079', 'osm_13955311332']",121.07820048309179,0.0,0.0,7.649459476954945e-07,7.647883962838462,False,STU_0001,canonical_nsga3,0,13.414912207983434
"['osm_2272453696', 'osm_2272453701', 'osm_2510316009', 'osm_2510316007', 'osm_2510315990', 'osm_2272453694', 'osm_602604509', 'osm_2510315876', 'osm_2272453692', 'osm_2510315869', 'osm_2510315866', 'osm_2510315868', 'osm_2510315863', 'osm_2510315864', 'osm_2510315857', 'osm_2510315855', 'osm_2510315853', 'osm_2510315852', 'osm_2510315849', 'osm_2510315612', 'osm_2510315600', 'osm_2510315561', 'osm_2510315553', 'osm_2510315550', 'osm_2510315529', 'osm_2272453684', 'osm_2272453682', 'osm_201420244', 'osm_599930089', 'osm_599930086', 'osm_599926801', 'osm_599926795', 'osm_599926794', 'osm_2510315491', 'osm_2510315484', 'osm_2510315481', 'osm_2510315476', 'osm_2510315473', 'osm_13371726894', 'osm_13371726892', 'osm_615066658', 'osm_577551052', 'osm_615066654', 'osm_2510314658', 'osm_615066653', 'osm_2510314629', 'osm_577550841', 'osm_614475888', 'osm_6182428406', 'osm_30374611', 'osm_508565156', 'osm_2828409789', 'osm_2828409788', 'osm_503350266', 'osm_10678109173', 'osm_10678109769', 'osm_10678086361', 'osm_13318515908', 'osm_156899755', 'osm_278744370', 'osm_13676286584', 'osm_13676286585', 'osm_13688224012', 'osm_8237668210', 'osm_1639773078', 'osm_156915381', 'osm_560613774', 'osm_8176307724', 'osm_8176307727', 'osm_8176307736', 'osm_13955311336', 'osm_13955311338', 'osm_14046382079', 'osm_13955311332']",121.07820048309179,0.0,0.0,7.649459476954945e-07,7.647883962838462,False,STU_0001,canonical_nsga3,0,13.414912207983434
"['osm_2272453696', 'osm_2272453701', 'osm_2510316009', 'osm_2510316007', 'osm_2510315990', 'osm_2272453694', 'osm_602604509', 'osm_2510315876', 'osm_2272453692', 'osm_2510315869', 'osm_2510315866', 'osm_2510315862', 'osm_2510315863', 'osm_2510315864', 'osm_2510315857', 'osm_2510315855', 'osm_2510315853', 'osm_2510315852', 'osm_2510315849', 'osm_2510315612', 'osm_2510315600', 'osm_2510315561', 'osm_2510315553', 'osm_2510315550', 'osm_2510315529', 'osm_2272453684', 'osm_2272453682', 'osm_201420244', 'osm_599930089', 'osm_599930086', 'osm_599926801', 'osm_599926795', 'osm_599926794', 'osm_2510315491', 'osm_2510315484', 'osm_2510315481', 'osm_2510315476', 'osm_2510315473', 'osm_13371726894', 'osm_13371726892', 'osm_615066658', 'osm_577551052', 'osm_615066654', 'osm_2510314658', 'osm_615066653', 'osm_2510314629', 'osm_577550841', 'osm_6182428405', 'osm_6182428406', 'osm_30374611', 'osm_508565156', 'osm_2828409789', 'osm_2828409788', 'osm_503350266', 'osm_10678109173', 'osm_10678109769', 'osm_10678086361', 'osm_13318515908', 'osm_156899755', 'osm_278744370', 'osm_13676286584', 'osm_13676286585', 'osm_13688224012', 'osm_8237668210', 'osm_1639773078', 'osm_156915381', 'osm_560613774', 'osm_266572342', 'osm_1639773111', 'osm_8176307727', 'osm_8176307736', 'osm_13955311336', 'osm_13955311338', 'osm_14046382079', 'osm_13955311332']",121.07830917874394,0.0,0.0,7.649342157467487e-07,7.647892624042835,False,STU_0001,canonical_nsga3,0,13.414912207983434
"['osm_2272453696', 'osm_2272453701', 'osm_2510316009', 'osm_2510316007', 'osm_2510315990', 'osm_2272453694', 'osm_602604509', 'osm_2510315876', 'osm_2272453692', 'osm_2510315869', 'osm_2510315866', 'osm_2510315862', 'osm_2510315863', 'osm_2510315864', 'osm_2510315857', 'osm_2510315855', 'osm_2510315853', 'osm_2510315852', 'osm_2510315849', 'osm_2510315612', 'osm_2510315600', 'osm_2510315561', 'osm_2510315553', 'osm_2510315550', 'osm_2510315529', 'osm_2272453684', 'osm_2272453682', 'osm_201420244', 'osm_599930089', 'osm_599930086', 'osm_599926801', 'osm_599926795', 'osm_599926794', 'osm_2510315491', 'osm_2510315484', 'osm_2510315481', 'osm_2510315476', 'osm_2510315473', 'osm_13371726894', 'osm_13371726892', 'osm_615066658', 'osm_577551052', 'osm_615066654', 'osm_2510314658', 'osm_615066653', 'osm_2510314629', 'osm_577550841', 'osm_6182428405', 'osm_6182428406', 'osm_30374611', 'osm_508565156', 'osm_2828409789', 'osm_2828409788', 'osm_503350266', 'osm_10678109173', 'osm_10678109769', 'osm_10678086361', 'osm_13318515908', 'osm_156899755', 'osm_278744370', 'osm_13676286584', 'osm_13676286585', 'osm_13688224012', 'osm_8237668210', 'osm_1639773078', 'osm_8237668174', 'osm_12441875759', 'osm_560613774', 'osm_266572342', 'osm_1639773111', 'osm_1639773114', 'osm_8176307736', 'osm_13955311336', 'osm_13955311338', 'osm_14046382079', 'osm_13955311332']",121.1048188405797,0.0,0.0,7.620782936923476e-07,7.650004995553686,False,STU_0001,canonical_nsga3,0,13.414912207983434
"['osm_2272453696', 'osm_2272453701', 'osm_2510316009', 'osm_2510316007', 'osm_2510315990', 'osm_2272453694', 'osm_602604509', 'osm_2510315876', 'osm_2272453692', 'osm_2510315869', 'osm_2510315866', 'osm_2510315868', 'osm_2510315863', 'osm_2510315864', 'osm_2510315857', 'osm_2510315855', 'osm_2510315853', 'osm_2510315852', 'osm_2510315849', 'osm_2510315612', 'osm_2510315600', 'osm_2510315561', 'osm_2510315553', 'osm_2510315550', 'osm_2510315529', 'osm_2272453684', 'osm_2272453682', 'osm_201420244', 'osm_599930089', 'osm_599930086', 'osm_599926801', 'osm_599926795', 'osm_599926794', 'osm_2510315491', 'osm_2510315484', 'osm_2510315481', 'osm_2510315476', 'osm_2510315473', 'osm_13371726894', 'osm_13371726892', 'osm_615066658', 'osm_577551052', 'osm_615066654', 'osm_2510314658', 'osm_615066653', 'osm_2510314629', 'osm_577550841', 'osm_6182428405', 'osm_6182428406', 'osm_30374611', 'osm_508565156', 'osm_2828409789', 'osm_2828409788', 'osm_503350266', 'osm_10678109173', 'osm_10678109769', 'osm_10678086361', 'osm_13318515908', 'osm_156899755', 'osm_278744370', 'osm_13676286584', 'osm_13676286585', 'osm_13688224012', 'osm_8237668210', 'osm_1639773078', 'osm_8237668174', 'osm_12441875759', 'osm_560613774', 'osm_8176307724', 'osm_8176307727', 'osm_8176307736', 'osm_13955311336', 'osm_13955311338', 'osm_14046382079', 'osm_13955311332']",121.10737922705314,0.0,0.0,7.61803024995622e-07,7.65020901503446,False,STU_0001,canonical_nsga3,0,13.414912207983434
"['osm_2272453696', 'osm_2272453701', 'osm_2510316009', 'osm_2510316007', 'osm_2510315990', 'osm_2272453694', 'osm_602604509', 'osm_2510315876', 'osm_2272453692', 'osm_2510315869', 'osm_2510315866', 'osm_2510315862', 'osm_2510315863', 'osm_2510315864', 'osm_2510315857', 'osm_2510315855', 'osm_2510315853', 'osm_2510315852', 'osm_2510315849', 'osm_2510315612', 'osm_2510315600', 'osm_2510315561', 'osm_2510315553', 'osm_2510315550', 'osm_2510315529', 'osm_2272453684', 'osm_2272453682', 'osm_201420244', 'osm_599930089', 'osm_599930086', 'osm_599926801', 'osm_599926795', 'osm_599926794', 'osm_2510315491', 'osm_2510315484', 'osm_2510315481', 'osm_2510315476', 'osm_2510315473', 'osm_13371726894', 'osm_13371726892', 'osm_615066658', 'osm_577551052', 'osm_615066654', 'osm_2510314658', 'osm_615066653', 'osm_2510314629', 'osm_577550841', 'osm_6182428405', 'osm_6182428406', 'osm_30374611', 'osm_508565156', 'osm_2828409789', 'osm_2828409788', 'osm_503350266', 'osm_10678109173', 'osm_10678109769', 'osm_10678086361', 'osm_13318515908', 'osm_156899755', 'osm_278744370', 'osm_13676286584', 'osm_13676286585', 'osm_13688224012', 'osm_8237668210', 'osm_1639773078', 'osm_156915381', 'osm_14026668933', 'osm_14026668936', 'osm_8176307724', 'osm_8176307727', 'osm_8176307736', 'osm_13955311336', 'osm_13955311338', 'osm_14046382079', 'osm_13955311332']",121.147729468599,0.0,0.0,7.574780540586801e-07,7.653424246568739,False,STU_0001,canonical_nsga3,0,13.414912207983434
"['osm_2272453696', 'osm_2272453701', 'osm_2510316009', 'osm_2510316007', 'osm_2510315990', 'osm_2272453694', 'osm_602604509', 'osm_2510315876', 'osm_2272453692', 'osm_2510315869', 'osm_2510315866', 'osm_2510315868', 'osm_2510315863', 'osm_2510315864', 'osm_2510315857', 'osm_2510315855', 'osm_2510315853', 'osm_2510315852', 'osm_2510315849', 'osm_2510315612', 'osm_2510315600', 'osm_2510315561', 'osm_2510315553', 'osm_2510315550', 'osm_2510315529', 'osm_2272453684', 'osm_2272453682', 'osm_201420244', 'osm_599930089', 'osm_599930086', 'osm_599926801', 'osm_599926795', 'osm_599926794', 'osm_2510315491', 'osm_2510315484', 'osm_2510315481', 'osm_2510315476', 'osm_2510315473', 'osm_13371726894', 'osm_13371726892', 'osm_615066658', 'osm_577551052', 'osm_615066654', 'osm_2510314658', 'osm_615066653', 'osm_2510314629', 'osm_577550841', 'osm_6182428405', 'osm_6182428406', 'osm_30374611', 'osm_508565156', 'osm_2828409789', 'osm_2828409788', 'osm_503350266', 'osm_10678109173', 'osm_10678109769', 'osm_10678086361', 'osm_13318515908', 'osm_156899755', 'osm_278744370', 'osm_13676286584', 'osm_13676286585', 'osm_13688224012', 'osm_8237668210', 'osm_1639773078', 'osm_156915381', 'osm_560613774', 'osm_266572342', 'osm_1639773111', 'osm_1639773114', 'osm_8176307736', 'osm_13955311336', 'osm_13955311338', 'osm_14046382079', 'osm_13955311332']",121.18085748792271,0.0,0.0,7.539455637584069e-07,7.656063989190271,False,STU_0001,canonical_nsga3,0,13.414912207983434
"['osm_2272453696', 'osm_2272453701', 'osm_2510316009', 'osm_2510316007', 'osm_2510315990', 'osm_2272453694', 'osm_602604509', 'osm_2510315876', 'osm_2272453692', 'osm_2510315869', 'osm_2510315866', 'osm_2510315862', 'osm_2510315863', 'osm_2510315864', 'osm_2510315857', 'osm_2510315855', 'osm_2510315853', 'osm_2510315852', 'osm_2510315849', 'osm_2510315612', 'osm_2510315600', 'osm_2510315561', 'osm_2510315553', 'osm_2510315550', 'osm_2510315529', 'osm_2272453684', 'osm_2272453682', 'osm_201420244', 'osm_599930089', 'osm_599930086', 'osm_599926801', 'osm_599926795', 'osm_599926794', 'osm_2510315491', 'osm_2510315484', 'osm_2510315481', 'osm_2510315476', 'osm_2510315473', 'osm_13371726894', 'osm_13371726892', 'osm_615066658', 'osm_577551052', 'osm_615066654', 'osm_2510314658', 'osm_615066653', 'osm_2510314629', 'osm_577550841', 'osm_6182428405', 'osm_6182428406', 'osm_30374611', 'osm_508565156', 'osm_2828409789', 'osm_2828409788', 'osm_503350266', 'osm_10678109173', 'osm_10678109769', 'osm_10678086361', 'osm_13318515908', 'osm_156899755', 'osm_278744370', 'osm_13676286584', 'osm_13676286585', 'osm_13688224012', 'osm_8237668210', 'osm_1639773078', 'osm_8237668174', 'osm_12441875759', 'osm_560613774', 'osm_266572342', 'osm_1639773111', 'osm_1639773114', 'osm_266572344', 'osm_8176307728', 'osm_13953906788', 'osm_13955311338', 'osm_14046382079', 'osm_13955311332']",121.18355072463766,0.0,0.0,7.536591051238162e-07,7.6562785945875005,False,STU_0001,canonical_nsga3,0,13.414912207983434
"['osm_2272453696', 'osm_2272453701', 'osm_2510316009', 'osm_2510316007', 'osm_2510315990', 'osm_2272453694', 'osm_602604509', 'osm_2510315876', 'osm_2272453692', 'osm_2510315869', 'osm_2510315866', 'osm_2510315868', 'osm_2510315863', 'osm_2510315864', 'osm_2510315857', 'osm_2510315855', 'osm_2510315853', 'osm_2510315852', 'osm_2510315849', 'osm_2510315612', 'osm_2510315600', 'osm_2510315561', 'osm_2510315553', 'osm_2510315550', 'osm_2510315529', 'osm_2272453684', 'osm_2272453682', 'osm_201420244', 'osm_599930089', 'osm_599930086', 'osm_599926801', 'osm_599926795', 'osm_599926794', 'osm_2510315491', 'osm_2510315484', 'osm_2510315481', 'osm_2510315476', 'osm_2510315473', 'osm_13371726894', 'osm_13371726892', 'osm_615066658', 'osm_577551052', 'osm_615066654', 'osm_2510314658', 'osm_615066653', 'osm_2510314629', 'osm_577550841', 'osm_6182428405', 'osm_6182428406', 'osm_30374611', 'osm_508565156', 'osm_2828409789', 'osm_2828409788', 'osm_503350266', 'osm_10678109173', 'osm_10678109769', 'osm_10678086361', 'osm_13318515908', 'osm_156899755', 'osm_278744370', 'osm_13676286584', 'osm_13676286585', 'osm_13688224012', 'osm_8237668210', 'osm_1639773078', 'osm_156915381', 'osm_14026668933', 'osm_14026668936', 'osm_8176307724', 'osm_8176307727', 'osm_8176307736', 'osm_13955311336', 'osm_13955311338', 'osm_14046382079', 'osm_13955311332']",121.25294685990336,0.0,0.0,7.463153904874176e-07,7.661808292401321,False,STU_0001,canonical_nsga3,0,13.414912207983434
"['osm_2272453696', 'osm_2272453701', 'osm_2510316009', 'osm_2510316007', 'osm_2510315990', 'osm_2272453694', 'osm_602604509', 'osm_2510315876', 'osm_2272453692', 'osm_2510315869', 'osm_2510315866', 'osm_2510315868', 'osm_2510315863', 'osm_2510315864', 'osm_2510315857', 'osm_2510315855', 'osm_2510315853', 'osm_2510315852', 'osm_2510315849', 'osm_2510315612', 'osm_2510315600', 'osm_2510315561', 'osm_2510315553', 'osm_2510315550', 'osm_2510315529', 'osm_2272453684', 'osm_2272453682', 'osm_201420244', 'osm_599930089', 'osm_599930086', 'osm_599926801', 'osm_599926795', 'osm_599926794', 'osm_2510315491', 'osm_2510315484', 'osm_2510315481', 'osm_2510315476', 'osm_2510315473', 'osm_13371726894', 'osm_13371726892', 'osm_615066658', 'osm_577551052', 'osm_615066654', 'osm_2510314658', 'osm_615066653', 'osm_2510314629', 'osm_577550841', 'osm_6182428405', 'osm_6182428406', 'osm_30374611', 'osm_508565156', 'osm_2828409789', 'osm_2828409788', 'osm_503350266', 'osm_10678109173', 'osm_10678109769', 'osm_10678086361', 'osm_13318515908', 'osm_156899755', 'osm_278744370', 'osm_13676286584', 'osm_13676286585', 'osm_13688224012', 'osm_8237668210', 'osm_1639773078', 'osm_8237668174', 'osm_12441875759', 'osm_560613774', 'osm_266572342', 'osm_1639773111', 'osm_1639773114', 'osm_266572344', 'osm_8176307728', 'osm_13953906788', 'osm_13955311338', 'osm_14046382079', 'osm_13955311332']",121.28876811594202,0.0,0.0,7.425527199789173e-07,7.664662640420083,False,STU_0001,canonical_nsga3,0,13.414912207983434
"['osm_2272453696', 'osm_2272453698', 'osm_2272453703', 'osm_2272453704', 'osm_2272453699', 'osm_2272453700', 'osm_2272453705', 'osm_2272453706', 'osm_2510316164', 'osm_201420266', 'osm_201420270', 'osm_2510316291', 'osm_2510316263', 'osm_2510316232', 'osm_2510316218', 'osm_2510316206', 'osm_2510316149', 'osm_2510316059', 'osm_2510316052', 'osm_2510316036', 'osm_2510316034', 'osm_2510316021', 'osm_2510315992', 'osm_2510315969', 'osm_2510315940', 'osm_2510315900', 'osm_201420218', 'osm_201420222', 'osm_201420224', 'osm_9937396248', 'osm_9937396249', 'osm_13371731657', 'osm_13371731656', 'osm_13371726892', 'osm_615066658', 'osm_577551052', 'osm_615066654', 'osm_2510314658', 'osm_615066653', 'osm_2510314629', 'osm_577550841', 'osm_6182428405', 'osm_6182428406', 'osm_30374611', 'osm_508565156', 'osm_2828409789', 'osm_2828409788', 'osm_503350266', 'osm_10678109173', 'osm_10678109769', 'osm_10678086361', 'osm_13318515908', 'osm_156899755', 'osm_13676286574', 'osm_13676286573', 'osm_13676286584', 'osm_13676286585', 'osm_156915419', 'osm_8175990770', 'osm_13688224022', 'osm_8176307123', 'osm_5882213666', 'osm_8176307721', 'osm_8176307720', 'osm_14020171431', 'osm_13955311342', 'osm_13955311331', 'osm_14046382081', 'osm_13955311333', 'osm_14046382092', 'osm_14046382089', 'osm_13955311332']",129.71974637681157,0.0,0.0,2.2598622195779683e-07,8.33646895757329,False,STU_0001,canonical_nsga3,0,13.414912207983434
"['osm_2272453696', 'osm_2272453698', 'osm_2272453703', 'osm_2272453704', 'osm_2272453699', 'osm_2272453700', 'osm_2272453705', 'osm_2272453706', 'osm_2510316164', 'osm_201420266', 'osm_201420270', 'osm_2510316291', 'osm_2510316263', 'osm_2510316232', 'osm_2510316218', 'osm_2510316206', 'osm_2510316149', 'osm_2510316059', 'osm_2510316052', 'osm_2510316036', 'osm_2510316034', 'osm_2510316021', 'osm_2510315992', 'osm_2510315969', 'osm_2510315940', 'osm_2510315900', 'osm_201420218', 'osm_201420222', 'osm_201420224', 'osm_9937396248', 'osm_9937396249', 'osm_13371731657', 'osm_13371731656', 'osm_13371726892', 'osm_615066658', 'osm_577551052', 'osm_615066654', 'osm_2510314658', 'osm_615066653', 'osm_2510314629', 'osm_577550841', 'osm_6182428405', 'osm_6182428406', 'osm_30374611', 'osm_508565156', 'osm_2828409789', 'osm_2828409788', 'osm_503350266', 'osm_10678109173', 'osm_10678109769', 'osm_10678086361', 'osm_13318515908', 'osm_156899755', 'osm_13676286574', 'osm_13676286573', 'osm_13676286584', 'osm_13676286585', 'osm_156915419', 'osm_8175990770', 'osm_13688224022', 'osm_5882213666', 'osm_8176307721', 'osm_8176307720', 'osm_14020171431', 'osm_13955311342', 'osm_13955311331', 'osm_14046382081', 'osm_13955311333', 'osm_14046382092', 'osm_14046382089', 'osm_13955311332']",129.72803140096616,0.0,0.0,2.2572219260386106e-07,8.337129133817683,False,STU_0001,canonical_nsga3,0,13.414912207983434
"['osm_2272453696', 'osm_2272453698', 'osm_2272453703', 'osm_2272453704', 'osm_2272453699', 'osm_2272453700', 'osm_2272453705', 'osm_2272453706', 'osm_2510316164', 'osm_201420266', 'osm_201420270', 'osm_2510316291', 'osm_2510316263', 'osm_2510316232', 'osm_2510316218', 'osm_2510316206', 'osm_2510316149', 'osm_2510316059', 'osm_2510316052', 'osm_2510316036', 'osm_2510316034', 'osm_2510316021', 'osm_2510315992', 'osm_2510315969', 'osm_2510315940', 'osm_2510315900', 'osm_201420218', 'osm_201420222', 'osm_201420224', 'osm_9937396248', 'osm_9937396249', 'osm_13371731657', 'osm_13371731656', 'osm_13371726892', 'osm_615066658', 'osm_577551052', 'osm_615066654', 'osm_2510314658', 'osm_615066653', 'osm_2510314629', 'osm_577550841', 'osm_6182428405', 'osm_6182428406', 'osm_30374611', 'osm_508565156', 'osm_2828409789', 'osm_2828409788', 'osm_503350266', 'osm_10678109173', 'osm_10678109769', 'osm_10678086361', 'osm_13318515908', 'osm_156899755', 'osm_13676286574', 'osm_13676286573', 'osm_13676286584', 'osm_13676286585', 'osm_13688224012', 'osm_8175185197', 'osm_13688224022', 'osm_8176307123', 'osm_5882213666', 'osm_8176307721', 'osm_8176307720', 'osm_14020171431', 'osm_13955311343', 'osm_14046382080', 'osm_14046382079', 'osm_13955311332']",129.76607487922706,0.0,0.0,2.2451376779919485e-07,8.340160555348062,False,STU_0001,canonical_nsga3,0,13.414912207983434
"['osm_2272453696', 'osm_2272453698', 'osm_2272453703', 'osm_2272453704', 'osm_2272453699', 'osm_2272453700', 'osm_2272453705', 'osm_2272453706', 'osm_2510316164', 'osm_201420266', 'osm_201420270', 'osm_2510316291', 'osm_2510316263', 'osm_2510316232', 'osm_2510316218', 'osm_2510316206', 'osm_2510316149', 'osm_2510316059', 'osm_2510316052', 'osm_2510316036', 'osm_2510316034', 'osm_2510316021', 'osm_2510315992', 'osm_2510315969', 'osm_2510315940', 'osm_2510315900', 'osm_201420218', 'osm_201420222', 'osm_201420224', 'osm_9937396248', 'osm_9937396249', 'osm_13371731657', 'osm_13371731656', 'osm_13371726892', 'osm_615066658', 'osm_577551052', 'osm_615066654', 'osm_2510314658', 'osm_615066653', 'osm_2510314629', 'osm_577550841', 'osm_6182428405', 'osm_6182428406', 'osm_30374611', 'osm_508565156', 'osm_2828409789', 'osm_2828409788', 'osm_503350266', 'osm_10678109173', 'osm_10678109769', 'osm_10678086361', 'osm_13318515908', 'osm_156899755', 'osm_13676286574', 'osm_13676286573', 'osm_13676286584', 'osm_13676286585', 'osm_156915419', 'osm_8175990770', 'osm_13688224022', 'osm_8176307123', 'osm_5882213666', 'osm_8176307721', 'osm_8176307720', 'osm_14020171431', 'osm_13955311343', 'osm_14046382080', 'osm_14046382079', 'osm_13955311332']",129.76642512077294,0.0,0.0,2.2450267267437596e-07,8.340188463673261,False,STU_0001,canonical_nsga3,0,13.414912207983434
"['osm_2272453696', 'osm_2272453698', 'osm_2272453703', 'osm_2272453704', 'osm_2272453699', 'osm_2272453700', 'osm_2272453705', 'osm_2272453706', 'osm_2510316164', 'osm_201420266', 'osm_201420270', 'osm_2510316291', 'osm_2510316263', 'osm_2510316232', 'osm_2510316218', 'osm_2510316206', 'osm_2510316149', 'osm_2510316059', 'osm_2510316052', 'osm_2510316036', 'osm_2510316034', 'osm_2510316021', 'osm_2510315992', 'osm_2510315969', 'osm_2510315940', 'osm_2510315900', 'osm_201420218', 'osm_201420222', 'osm_201420224', 'osm_9937396248', 'osm_9937396249', 'osm_13371731657', 'osm_13371731656', 'osm_13371726892', 'osm_615066658', 'osm_577551052', 'osm_615066654', 'osm_2510314658', 'osm_615066653', 'osm_2510314629', 'osm_577550841', 'osm_614475888', 'osm_6182428406', 'osm_30374611', 'osm_508565156', 'osm_2828409789', 'osm_2828409788', 'osm_503350266', 'osm_10678109173', 'osm_10678109769', 'osm_10678086361', 'osm_13318515908', 'osm_156899755', 'osm_13676286574', 'osm_13676286573', 'osm_13676286584', 'osm_13676286585', 'osm_156915419', 'osm_8175990770', 'osm_13688224022', 'osm_8176307123', 'osm_5882213666', 'osm_8176307721', 'osm_8176307720', 'osm_14020171431', 'osm_13955311343', 'osm_14046382080', 'osm_14046382079', 'osm_13955311332']",129.76642512077294,0.0,0.0,2.2450267267437596e-07,8.340188463673261,False,STU_0001,canonical_nsga3,0,13.414912207983434
"['osm_2272453696', 'osm_2272453698', 'osm_2272453703', 'osm_2272453704', 'osm_2272453699', 'osm_2272453700', 'osm_2272453705', 'osm_2272453706', 'osm_2510316164', 'osm_201420266', 'osm_201420270', 'osm_2510316291', 'osm_2510316263', 'osm_2510316232', 'osm_2510316218', 'osm_2510316206', 'osm_2510316149', 'osm_2510316059', 'osm_2510316052', 'osm_2510316036', 'osm_2510316034', 'osm_2510316021', 'osm_2510315992', 'osm_2510315969', 'osm_2510315940', 'osm_2510315900', 'osm_201420218', 'osm_201420222', 'osm_201420224', 'osm_9937396248', 'osm_9937396249', 'osm_13371731657', 'osm_13371731656', 'osm_13371726892', 'osm_615066658', 'osm_577551052', 'osm_615066654', 'osm_2510314658', 'osm_615066653', 'osm_2510314629', 'osm_577550841', 'osm_6182428405', 'osm_6182428406', 'osm_30374611', 'osm_508565156', 'osm_2828409789', 'osm_2828409788', 'osm_503350266', 'osm_10678109173', 'osm_10678109769', 'osm_10678086361', 'osm_13318515908', 'osm_156899755', 'osm_13676286574', 'osm_13676286573', 'osm_13676286584', 'osm_13676286585', 'osm_13688224012', 'osm_8175185197', 'osm_13688224022', 'osm_5882213666', 'osm_8176307721', 'osm_8176307720', 'osm_14020171431', 'osm_13955311343', 'osm_14046382080', 'osm_14046382079', 'osm_13955311332']",129.77435990338165,0.0,0.0,2.2425145862481344e-07,8.340820731592453,False,STU_0001,canonical_nsga3,0,13.414912207983434
"['osm_2272453696', 'osm_2272453698', 'osm_2272453703', 'osm_2272453704', 'osm_2272453699', 'osm_2272453700', 'osm_2272453705', 'osm_2272453706', 'osm_2510316164', 'osm_201420266', 'osm_201420270', 'osm_2510316291', 'osm_2510316263', 'osm_2510316232', 'osm_2510316218', 'osm_2510316206', 'osm_2510316149', 'osm_2510316059', 'osm_2510316052', 'osm_2510316036', 'osm_2510316034', 'osm_2510316021', 'osm_2510315992', 'osm_2510315969', 'osm_2510315940', 'osm_2510315900', 'osm_201420218', 'osm_201420222', 'osm_201420224', 'osm_9937396248', 'osm_9937396249', 'osm_13371731657', 'osm_13371731656', 'osm_13371726892', 'osm_615066658', 'osm_577551052', 'osm_615066654', 'osm_2510314658', 'osm_615066653', 'osm_2510314629', 'osm_577550841', 'osm_614475888', 'osm_6182428406', 'osm_30374611', 'osm_508565156', 'osm_2828409789', 'osm_2828409788', 'osm_503350266', 'osm_10678109173', 'osm_10678109769', 'osm_10678086361', 'osm_13318515908', 'osm_156899755', 'osm_13676286574', 'osm_13676286573', 'osm_13676286584', 'osm_13676286585', 'osm_13688224012', 'osm_8175185197', 'osm_13688224022', 'osm_5882213666', 'osm_8176307721', 'osm_8176307720', 'osm_14020171431', 'osm_13955311343', 'osm_14046382080', 'osm_14046382079', 'osm_13955311332']",129.77435990338165,0.0,0.0,2.2425145862481344e-07,8.340820731592453,False,STU_0001,canonical_nsga3,0,13.414912207983434
"['osm_2272453696', 'osm_2272453698', 'osm_2272453703', 'osm_2272453704', 'osm_2272453699', 'osm_2272453700', 'osm_2272453705', 'osm_2272453706', 'osm_2510316164', 'osm_201420266', 'osm_201420270', 'osm_2510316291', 'osm_2510316263', 'osm_2510316232', 'osm_2510316218', 'osm_2510316206', 'osm_2510316149', 'osm_2510316059', 'osm_2510316052', 'osm_2510316036', 'osm_2510316034', 'osm_2510316021', 'osm_2510315992', 'osm_2510315969', 'osm_2510315940', 'osm_2510315900', 'osm_201420218', 'osm_201420222', 'osm_201420224', 'osm_9937396248', 'osm_9937396249', 'osm_13371731657', 'osm_13371731656', 'osm_13371726892', 'osm_615066658', 'osm_577551052', 'osm_615066654', 'osm_2510314658', 'osm_615066653', 'osm_2510314629', 'osm_577550841', 'osm_6182428405', 'osm_6182428406', 'osm_30374611', 'osm_508565156', 'osm_2828409789', 'osm_2828409788', 'osm_503350266', 'osm_10678109173', 'osm_10678109769', 'osm_10678086361', 'osm_13318515908', 'osm_156899755', 'osm_13676286574', 'osm_13676286573', 'osm_13676286584', 'osm_13676286585', 'osm_156915419', 'osm_8175990770', 'osm_13688224022', 'osm_5882213666', 'osm_8176307721', 'osm_8176307720', 'osm_14020171431', 'osm_13955311343', 'osm_14046382080', 'osm_14046382079', 'osm_13955311332']",129.77471014492752,0.0,0.0,2.2424037660062623e-07,8.340848639917652,False,STU_0001,canonical_nsga3,0,13.414912207983434
"['osm_2272453696', 'osm_2272453698', 'osm_2272453703', 'osm_2272453704', 'osm_2272453699', 'osm_2272453700', 'osm_2272453705', 'osm_2272453706', 'osm_2510316164', 'osm_201420266', 'osm_201420270', 'osm_2510316291', 'osm_2510316263', 'osm_2510316232', 'osm_2510316218', 'osm_2510316206', 'osm_2510316149', 'osm_2510316059', 'osm_2510316052', 'osm_2510316036', 'osm_2510316034', 'osm_2510316021', 'osm_2510315992', 'osm_2510315969', 'osm_2510315940', 'osm_2510315900', 'osm_201420218', 'osm_201420222', 'osm_201420224', 'osm_9937396248', 'osm_9937396249', 'osm_13371731657', 'osm_13371731656', 'osm_13371726892', 'osm_615066658', 'osm_577551052', 'osm_615066654', 'osm_2510314658', 'osm_615066653', 'osm_2510314629', 'osm_577550841', 'osm_614475888', 'osm_6182428406', 'osm_30374611', 'osm_508565156', 'osm_2828409789', 'osm_2828409788', 'osm_503350266', 'osm_10678109173', 'osm_10678109769', 'osm_10678086361', 'osm_13318515908', 'osm_156899755', 'osm_13676286574', 'osm_13676286573', 'osm_13676286584', 'osm_13676286585', 'osm_156915419', 'osm_8175990770', 'osm_13688224022', 'osm_5882213666', 'osm_8176307721', 'osm_8176307720', 'osm_14020171431', 'osm_13955311343', 'osm_14046382080', 'osm_14046382079', 'osm_13955311332']",129.77471014492752,0.0,0.0,2.2424037660062623e-07,8.340848639917652,False,STU_0001,canonical_nsga3,0,13.414912207983434
"['osm_2272453696', 'osm_2272453698', 'osm_2272453703', 'osm_2272453704', 'osm_2272453699', 'osm_2272453700', 'osm_2272453705', 'osm_2272453706', 'osm_2510316164', 'osm_201420266', 'osm_201420270', 'osm_2510316291', 'osm_2510316263', 'osm_2510316232', 'osm_2510316218', 'osm_2510316206', 'osm_2510316149', 'osm_2510316059', 'osm_2510316052', 'osm_2510316036', 'osm_2510316034', 'osm_2510316021', 'osm_2510315992', 'osm_2510315969', 'osm_2510315940', 'osm_2510315900', 'osm_201420218', 'osm_201420222', 'osm_201420224', 'osm_9937396248', 'osm_9937396249', 'osm_13371731657', 'osm_13371731656', 'osm_13371726892', 'osm_615066658', 'osm_577551052', 'osm_615066654', 'osm_2510314658', 'osm_615066653', 'osm_2510314629', 'osm_577550841', 'osm_614475888', 'osm_6182428406', 'osm_30374611', 'osm_508565156', 'osm_2828409789', 'osm_2828409788', 'osm_503350266', 'osm_10678109173', 'osm_10678109769', 'osm_10678086361', 'osm_13318515908', 'osm_156899755', 'osm_278744370', 'osm_13676286584', 'osm_13676286585', 'osm_156915419', 'osm_8175990770', 'osm_13688224022', 'osm_8176307123', 'osm_5882213666', 'osm_8176307721', 'osm_8176307720', 'osm_14020171431', 'osm_13955311342', 'osm_13955311331', 'osm_14046382081', 'osm_13955311333', 'osm_14046382092', 'osm_14046382089', 'osm_13955311332']",129.7949637681159,0.0,0.0,2.2360045548452945e-07,8.342462510999061,False,STU_0001,canonical_nsga3,0,13.414912207983434
"['osm_2272453696', 'osm_2272453698', 'osm_2272453703', 'osm_2272453704', 'osm_2272453699', 'osm_2272453700', 'osm_2272453705', 'osm_2272453706', 'osm_2510316164', 'osm_201420266', 'osm_201420270', 'osm_2510316291', 'osm_2510316263', 'osm_2510316232', 'osm_2510316218', 'osm_2510316206', 'osm_2510316149', 'osm_2510316059', 'osm_2510316052', 'osm_2510316036', 'osm_2510316034', 'osm_2510316021', 'osm_2510315992', 'osm_2510315969', 'osm_2510315940', 'osm_2510315900', 'osm_201420218', 'osm_201420222', 'osm_201420224', 'osm_9937396248', 'osm_9937396249', 'osm_13371731657', 'osm_13371731656', 'osm_13371726892', 'osm_615066658', 'osm_577551052', 'osm_615066654', 'osm_2510314658', 'osm_615066653', 'osm_2510314629', 'osm_577550841', 'osm_6182428405', 'osm_6182428406', 'osm_30374611', 'osm_508565156', 'osm_2828409789', 'osm_2828409788', 'osm_503350266', 'osm_10678109173', 'osm_10678109769', 'osm_10678086361', 'osm_13318515908', 'osm_156899755', 'osm_278744370', 'osm_13676286584', 'osm_13676286585', 'osm_13688224012', 'osm_8175185197', 'osm_13688224022', 'osm_5882213666', 'osm_8176307721', 'osm_8176307720', 'osm_14020171431', 'osm_13955311342', 'osm_13955311331', 'osm_14046382081', 'osm_13955311333', 'osm_14046382092', 'osm_14046382089', 'osm_13955311332']",129.8028985507246,0.0,0.0,2.2335025107178552e-07,8.343094778918253,False,STU_0001,canonical_nsga3,0,13.414912207983434
"['osm_2272453696', 'osm_2272453698', 'osm_2272453703', 'osm_2272453704', 'osm_2272453699', 'osm_2272453700', 'osm_2272453705', 'osm_2272453706', 'osm_2510316164', 'osm_201420266', 'osm_201420270', 'osm_2510316291', 'osm_2510316263', 'osm_2510316232', 'osm_2510316218', 'osm_2510316206', 'osm_2510316149', 'osm_2510316059', 'osm_2510316052', 'osm_2510316036', 'osm_2510316034', 'osm_2510316021', 'osm_2510315992', 'osm_2510315969', 'osm_2510315940', 'osm_2510315900', 'osm_201420218', 'osm_201420222', 'osm_201420224', 'osm_9937396248', 'osm_9937396249', 'osm_13371731657', 'osm_13371731656', 'osm_13371726892', 'osm_615066658', 'osm_577551052', 'osm_615066654', 'osm_2510314658', 'osm_615066653', 'osm_2510314629', 'osm_577550841', 'osm_614475888', 'osm_6182428406', 'osm_30374611', 'osm_508565156', 'osm_2828409789', 'osm_2828409788', 'osm_503350266', 'osm_10678109173', 'osm_10678109769', 'osm_10678086361', 'osm_13318515908', 'osm_156899755', 'osm_278744370', 'osm_13676286584', 'osm_13676286585', 'osm_13688224012', 'osm_8175185197', 'osm_13688224022', 'osm_5882213666', 'osm_8176307721', 'osm_8176307720', 'osm_14020171431', 'osm_13955311342', 'osm_13955311331', 'osm_14046382081', 'osm_13955311333', 'osm_14046382092', 'osm_14046382089', 'osm_13955311332']",129.8028985507246,0.0,0.0,2.2335025107178552e-07,8.343094778918253,False,STU_0001,canonical_nsga3,0,13.414912207983434
"['osm_2272453696', 'osm_2272453698', 'osm_2272453703', 'osm_2272453704', 'osm_2272453699', 'osm_2272453700', 'osm_2272453705', 'osm_2272453706', 'osm_2510316164', 'osm_201420266', 'osm_201420270', 'osm_2510316291', 'osm_2510316263', 'osm_2510316232', 'osm_2510316218', 'osm_2510316206', 'osm_2510316149', 'osm_2510316059', 'osm_2510316052', 'osm_2510316036', 'osm_2510316034', 'osm_2510316021', 'osm_2510315992', 'osm_2510315969', 'osm_2510315940', 'osm_2510315900', 'osm_201420218', 'osm_201420222', 'osm_201420224', 'osm_9937396248', 'osm_9937396249', 'osm_13371731657', 'osm_13371731656', 'osm_13371726892', 'osm_615066658', 'osm_577551052', 'osm_615066654', 'osm_2510314658', 'osm_615066653', 'osm_2510314629', 'osm_577550841', 'osm_614475888', 'osm_6182428406', 'osm_30374611', 'osm_508565156', 'osm_2828409789', 'osm_2828409788', 'osm_503350266', 'osm_10678109173', 'osm_10678109769', 'osm_10678086361', 'osm_13318515908', 'osm_156899755', 'osm_278744370', 'osm_13676286584', 'osm_13676286585', 'osm_13688224012', 'osm_8175185197', 'osm_13688224022', 'osm_8176307123', 'osm_5882213666', 'osm_8176307721', 'osm_8176307720', 'osm_14020171431', 'osm_13955311343', 'osm_14046382080', 'osm_14046382079', 'osm_13955311332']",129.84129227053137,0.0,0.0,2.2214354622462906e-07,8.346154108773831,False,STU_0001,canonical_nsga3,0,13.414912207983434
"['osm_2272453696', 'osm_2272453698', 'osm_2272453703', 'osm_2272453704', 'osm_2272453699', 'osm_2272453700', 'osm_2272453705', 'osm_2272453706', 'osm_2510316164', 'osm_201420266', 'osm_201420270', 'osm_2510316291', 'osm_2510316263', 'osm_2510316232', 'osm_2510316218', 'osm_2510316206', 'osm_2510316149', 'osm_2510316059', 'osm_2510316052', 'osm_2510316036', 'osm_2510316034', 'osm_2510316021', 'osm_2510315992', 'osm_2510315969', 'osm_2510315940', 'osm_2510315900', 'osm_201420218', 'osm_201420222', 'osm_201420224', 'osm_9937396248', 'osm_9937396249', 'osm_13371731657', 'osm_13371731656', 'osm_13371726892', 'osm_615066658', 'osm_577551052', 'osm_615066654', 'osm_2510314658', 'osm_615066653', 'osm_2510314629', 'osm_577550841', 'osm_6182428405', 'osm_6182428406', 'osm_30374611', 'osm_508565156', 'osm_2828409789', 'osm_2828409788', 'osm_503350266', 'osm_10678109173', 'osm_10678109769', 'osm_10678086361', 'osm_13318515908', 'osm_156899755', 'osm_278744370', 'osm_13676286584', 'osm_13676286585', 'osm_13688224012', 'osm_8175185197', 'osm_13688224022', 'osm_8176307123', 'osm_5882213666', 'osm_8176307721', 'osm_8176307720', 'osm_14020171431', 'osm_13955311343', 'osm_14046382080', 'osm_14046382079', 'osm_13955311332']",129.84129227053137,0.0,0.0,2.2214354622462906e-07,8.346154108773831,False,STU_0001,canonical_nsga3,0,13.414912207983434
"['osm_2272453696', 'osm_2272453698', 'osm_2272453703', 'osm_2272453704', 'osm_2272453699', 'osm_2272453700', 'osm_2272453705', 'osm_2272453706', 'osm_2510316164', 'osm_201420266', 'osm_201420270', 'osm_2510316291', 'osm_2510316263', 'osm_2510316232', 'osm_2510316218', 'osm_2510316206', 'osm_2510316149', 'osm_2510316059', 'osm_2510316052', 'osm_2510316036', 'osm_2510316034', 'osm_2510316021', 'osm_2510315992', 'osm_2510315969', 'osm_2510315940', 'osm_2510315900', 'osm_201420218', 'osm_201420222', 'osm_201420224', 'osm_9937396248', 'osm_9937396249', 'osm_13371731657', 'osm_13371731656', 'osm_13371726892', 'osm_615066658', 'osm_577551052', 'osm_615066654', 'osm_2510314658', 'osm_615066653', 'osm_2510314629', 'osm_577550841', 'osm_614475888', 'osm_6182428406', 'osm_30374611', 'osm_508565156', 'osm_2828409789', 'osm_2828409788', 'osm_503350266', 'osm_10678109173', 'osm_10678109769', 'osm_10678086361', 'osm_13318515908', 'osm_156899755', 'osm_278744370', 'osm_13676286584', 'osm_13676286585', 'osm_156915419', 'osm_8175990770', 'osm_13688224022', 'osm_8176307123', 'osm_5882213666', 'osm_8176307721', 'osm_8176307720', 'osm_14020171431', 'osm_13955311343', 'osm_14046382080', 'osm_14046382079', 'osm_13955311332']",129.84164251207727,0.0,0.0,2.2213256811731696e-07,8.346182017099032,False,STU_0001,canonical_nsga3,0,13.414912207983434
"['osm_2272453696', 'osm_2272453698', 'osm_2272453703', 'osm_2272453704', 'osm_2272453699', 'osm_2272453700', 'osm_2272453705', 'osm_2272453706', 'osm_2510316164', 'osm_201420266', 'osm_201420270', 'osm_2510316291', 'osm_2510316263', 'osm_2510316232', 'osm_2510316218', 'osm_2510316206', 'osm_2510316149', 'osm_2510316059', 'osm_2510316052', 'osm_2510316036', 'osm_2510316034', 'osm_2510316021', 'osm_2510315992', 'osm_2510315969', 'osm_2510315940', 'osm_2510315900', 'osm_201420218', 'osm_201420222', 'osm_201420224', 'osm_9937396248', 'osm_9937396249', 'osm_13371731657', 'osm_13371731656', 'osm_13371726892', 'osm_615066658', 'osm_577551052', 'osm_615066654', 'osm_2510314658', 'osm_615066653', 'osm_2510314629', 'osm_577550841', 'osm_6182428405', 'osm_6182428406', 'osm_30374611', 'osm_508565156', 'osm_2828409789', 'osm_2828409788', 'osm_503350266', 'osm_10678109173', 'osm_10678109769', 'osm_10678086361', 'osm_13318515908', 'osm_156899755', 'osm_278744370', 'osm_13676286584', 'osm_13676286585', 'osm_156915419', 'osm_8175990770', 'osm_13688224022', 'osm_8176307123', 'osm_5882213666', 'osm_8176307721', 'osm_8176307720', 'osm_14020171431', 'osm_13955311343', 'osm_14046382080', 'osm_14046382079', 'osm_13955311332']",129.84164251207727,0.0,0.0,2.2213256811731696e-07,8.346182017099032,False,STU_0001,canonical_nsga3,0,13.414912207983434
"['osm_2272453696', 'osm_2272453698', 'osm_2272453703', 'osm_2272453704', 'osm_2272453699', 'osm_2272453700', 'osm_2272453705', 'osm_2272453706', 'osm_2510316164', 'osm_201420266', 'osm_201420270', 'osm_2510316291', 'osm_2510316263', 'osm_2510316232', 'osm_2510316218', 'osm_2510316206', 'osm_2510316149', 'osm_2510316059', 'osm_2510316052', 'osm_2510316036', 'osm_2510316034', 'osm_2510316021', 'osm_2510315992', 'osm_2510315969', 'osm_2510315940', 'osm_2510315900', 'osm_201420218', 'osm_201420222', 'osm_201420224', 'osm_9937396248', 'osm_9937396249', 'osm_13371731657', 'osm_13371731656', 'osm_13371726892', 'osm_615066658', 'osm_577551052', 'osm_615066654', 'osm_2510314658', 'osm_615066653', 'osm_2510314629', 'osm_577550841', 'osm_614475888', 'osm_6182428406', 'osm_30374611', 'osm_508565156', 'osm_2828409789', 'osm_2828409788', 'osm_503350266', 'osm_10678109173', 'osm_10678109769', 'osm_10678086361', 'osm_13318515908', 'osm_156899755', 'osm_278744370', 'osm_13676286584', 'osm_13676286585', 'osm_13688224012', 'osm_8175185197', 'osm_13688224022', 'osm_5882213666', 'osm_8176307721', 'osm_8176307720', 'osm_14020171431', 'osm_13955311343', 'osm_14046382080', 'osm_14046382079', 'osm_13955311332']",129.84957729468596,0.0,0.0,2.2188400639056027e-07,8.346814285018226,False,STU_0001,canonical_nsga3,0,13.414912207983434
"['osm_2272453696', 'osm_2272453698', 'osm_2272453703', 'osm_2272453704', 'osm_2272453699', 'osm_2272453700', 'osm_2272453705', 'osm_2272453706', 'osm_2510316164', 'osm_201420266', 'osm_201420270', 'osm_2510316291', 'osm_2510316263', 'osm_2510316232', 'osm_2510316218', 'osm_2510316206', 'osm_2510316149', 'osm_2510316059', 'osm_2510316052', 'osm_2510316036', 'osm_2510316034', 'osm_2510316021', 'osm_2510315992', 'osm_2510315969', 'osm_2510315940', 'osm_2510315900', 'osm_201420218', 'osm_201420222', 'osm_201420224', 'osm_9937396248', 'osm_9937396249', 'osm_13371731657', 'osm_13371731656', 'osm_13371726892', 'osm_615066658', 'osm_577551052', 'osm_615066654', 'osm_2510314658', 'osm_615066653', 'osm_2510314629', 'osm_577550841', 'osm_6182428405', 'osm_6182428406', 'osm_30374611', 'osm_508565156', 'osm_2828409789', 'osm_2828409788', 'osm_503350266', 'osm_10678109173', 'osm_10678109769', 'osm_10678086361', 'osm_13318515908', 'osm_156899755', 'osm_278744370', 'osm_13676286584', 'osm_13676286585', 'osm_13688224012', 'osm_8175185197', 'osm_13688224022', 'osm_5882213666', 'osm_8176307721', 'osm_8176307720', 'osm_14020171431', 'osm_13955311343', 'osm_14046382080', 'osm_14046382079', 'osm_13955311332']",129.84957729468596,0.0,0.0,2.2188400639056027e-07,8.346814285018226,False,STU_0001,canonical_nsga3,0,13.414912207983434
"['osm_2272453696', 'osm_2272453698', 'osm_2272453703', 'osm_2272453704', 'osm_2272453699', 'osm_2272453700', 'osm_2272453705', 'osm_2272453706', 'osm_2510316164', 'osm_201420266', 'osm_201420270', 'osm_2510316291', 'osm_2510316263', 'osm_2510316232', 'osm_2510316218', 'osm_2510316206', 'osm_2510316149', 'osm_2510316059', 'osm_2510316052', 'osm_2510316036', 'osm_2510316034', 'osm_2510316021', 'osm_2510315992', 'osm_2510315969', 'osm_2510315940', 'osm_2510315900', 'osm_201420218', 'osm_201420222', 'osm_201420224', 'osm_9937396248', 'osm_9937396249', 'osm_13371731657', 'osm_13371731656', 'osm_13371726892', 'osm_615066658', 'osm_577551052', 'osm_615066654', 'osm_2510314658', 'osm_615066653', 'osm_2510314629', 'osm_577550841', 'osm_6182428405', 'osm_6182428406', 'osm_30374611', 'osm_508565156', 'osm_2828409789', 'osm_2828409788', 'osm_503350266', 'osm_10678109173', 'osm_10678109769', 'osm_10678086361', 'osm_13318515908', 'osm_156899755', 'osm_278744370', 'osm_13676286584', 'osm_13676286585', 'osm_156915419', 'osm_8175990770', 'osm_13688224022', 'osm_5882213666', 'osm_8176307721', 'osm_8176307720', 'osm_14020171431', 'osm_13955311343', 'osm_14046382080', 'osm_14046382079', 'osm_13955311332']",129.84992753623186,0.0,0.0,2.2187304116183526e-07,8.346842193343425,False,STU_0001,canonical_nsga3,0,13.414912207983434
"['osm_2272453696', 'osm_2272453698', 'osm_2272453703', 'osm_2272453704', 'osm_2272453699', 'osm_2272453700', 'osm_2272453705', 'osm_2272453706', 'osm_2510316164', 'osm_201420266', 'osm_201420270', 'osm_2510316291', 'osm_2510316263', 'osm_2510316232', 'osm_2510316218', 'osm_2510316206', 'osm_2510316149', 'osm_2510316059', 'osm_2510316052', 'osm_2510316036', 'osm_2510316034', 'osm_2510316021', 'osm_2510315992', 'osm_2510315969', 'osm_2510315940', 'osm_2510315900', 'osm_201420218', 'osm_201420222', 'osm_201420224', 'osm_9937396248', 'osm_9937396249', 'osm_13371731657', 'osm_13371731656', 'osm_13371726892', 'osm_615066658', 'osm_577551052', 'osm_615066654', 'osm_2510314658', 'osm_615066653', 'osm_2510314629', 'osm_577550841', 'osm_614475888', 'osm_6182428406', 'osm_30374611', 'osm_508565156', 'osm_2828409789', 'osm_2828409788', 'osm_503350266', 'osm_10678109173', 'osm_10678109769', 'osm_10678086361', 'osm_13318515908', 'osm_156899755', 'osm_278744370', 'osm_13676286584', 'osm_13676286585', 'osm_156915419', 'osm_8175990770', 'osm_13688224022', 'osm_5882213666', 'osm_8176307721', 'osm_8176307720', 'osm_14020171431', 'osm_13955311343', 'osm_14046382080', 'osm_14046382079', 'osm_13955311332']",129.84992753623186,0.0,0.0,2.2187304116183526e-07,8.346842193343425,False,STU_0001,canonical_nsga3,0,13.414912207983434
"['osm_2272453696', 'osm_2272453698', 'osm_2272453703', 'osm_2272453704', 'osm_2272453699', 'osm_2272453700', 'osm_2272453705', 'osm_2272453706', 'osm_2510316164', 'osm_201420266', 'osm_201420270', 'osm_2510316291', 'osm_2510316263', 'osm_2510316232', 'osm_2510316218', 'osm_2510316206', 'osm_2510316149', 'osm_2510316059', 'osm_2510316052', 'osm_2510316036', 'osm_2510316034', 'osm_2510316021', 'osm_2510315992', 'osm_2510315969', 'osm_2510315940', 'osm_2510315900', 'osm_201420218', 'osm_201420222', 'osm_201420224', 'osm_9937396248', 'osm_9937396249', 'osm_13371731657', 'osm_13371731656', 'osm_13371726892', 'osm_615066658', 'osm_577551052', 'osm_615066654', 'osm_2510314658', 'osm_615066653', 'osm_2510314629', 'osm_577550841', 'osm_6182428405', 'osm_6182428406', 'osm_30374611', 'osm_508565156', 'osm_2828409789', 'osm_2828409788', 'osm_503350266', 'osm_10678109173', 'osm_10678109769', 'osm_10678086361', 'osm_13318515908', 'osm_156899755', 'osm_13676286574', 'osm_13676286573', 'osm_13676286584', 'osm_13676286585', 'osm_13688224012', 'osm_8175185197', 'osm_13688224026', 'osm_8176307124', 'osm_8176307123', 'osm_5882213666', 'osm_8176307721', 'osm_8176307720', 'osm_14020171431', 'osm_13955311343', 'osm_14046382080', 'osm_14046382079', 'osm_13955311332']",130.47109903381644,0.0,0.0,2.0325419036737458e-07,8.396339051620199,False,STU_0001,canonical_nsga3,0,13.414912207983434
"['osm_2272453696', 'osm_2272453698', 'osm_2272453703', 'osm_2272453704', 'osm_2272453699', 'osm_2272453700', 'osm_2272453705', 'osm_2272453706', 'osm_2510316164', 'osm_201420266', 'osm_201420270', 'osm_2510316291', 'osm_2510316263', 'osm_2510316232', 'osm_2510316218', 'osm_2510316206', 'osm_2510316149', 'osm_2510316059', 'osm_2510316052', 'osm_2510316036', 'osm_2510316034', 'osm_2510316021', 'osm_2510315992', 'osm_2510315969', 'osm_2510315940', 'osm_2510315900', 'osm_201420218', 'osm_201420222', 'osm_201420224', 'osm_9937396248', 'osm_9937396249', 'osm_13371731657', 'osm_13371731656', 'osm_13371726892', 'osm_615066658', 'osm_577551052', 'osm_615066654', 'osm_2510314658', 'osm_615066653', 'osm_2510314629', 'osm_577550841', 'osm_6182428405', 'osm_6182428406', 'osm_30374611', 'osm_508565156', 'osm_2828409789', 'osm_2828409788', 'osm_503350266', 'osm_10678109173', 'osm_10678109769', 'osm_10678086361', 'osm_13318515908', 'osm_156899755', 'osm_278744370', 'osm_13676286584', 'osm_13676286585', 'osm_13688224012', 'osm_8175185197', 'osm_13688224026', 'osm_8176307124', 'osm_8176307123', 'osm_5882213666', 'osm_8176307721', 'osm_8176307720', 'osm_14020171431', 'osm_13955311343', 'osm_14046382080', 'osm_14046382079', 'osm_13955311332']",130.54631642512075,0.0,0.0,2.0110840881493175e-07,8.402332605045972,False,STU_0001,canonical_nsga3,0,13.414912207983434
"['osm_2272453696', 'osm_2272453698', 'osm_2272453703', 'osm_2272453704', 'osm_2272453699', 'osm_2272453700', 'osm_2272453705', 'osm_2272453706', 'osm_2510316164', 'osm_201420266', 'osm_201420270', 'osm_2510316291', 'osm_2510316263', 'osm_2510316232', 'osm_2510316218', 'osm_2510316206', 'osm_2510316149', 'osm_2510316059', 'osm_2510316052', 'osm_2510316036', 'osm_2510316034', 'osm_2510316021', 'osm_2510315992', 'osm_2510315969', 'osm_2510315940', 'osm_2510315900', 'osm_201420218', 'osm_201420222', 'osm_201420224', 'osm_9937396248', 'osm_9937396249', 'osm_13371731657', 'osm_13371731656', 'osm_13371726892', 'osm_615066658', 'osm_577551052', 'osm_615066654', 'osm_2510314658', 'osm_615066653', 'osm_2510314629', 'osm_577550841', 'osm_614475888', 'osm_6182428406', 'osm_30374611', 'osm_508565156', 'osm_2828409789', 'osm_2828409788', 'osm_503350266', 'osm_10678109173', 'osm_10678109769', 'osm_10678086361', 'osm_13318515908', 'osm_156899755', 'osm_278744370', 'osm_13676286584', 'osm_13676286585', 'osm_13688224012', 'osm_8175185197', 'osm_13688224026', 'osm_8176307124', 'osm_8176307123', 'osm_5882213666', 'osm_8176307721', 'osm_8176307720', 'osm_14020171431', 'osm_13955311343', 'osm_14046382080', 'osm_14046382079', 'osm_13955311332']",130.54631642512075,0.0,0.0,2.0110840881493175e-07,8.402332605045972,False,STU_0001,canonical_nsga3,0,13.414912207983434
"['osm_2272453696', 'osm_2272453698', 'osm_2272453703', 'osm_2272453704', 'osm_2272453699', 'osm_2272453700', 'osm_2272453705', 'osm_2272453706', 'osm_2510316164', 'osm_201420266', 'osm_201420270', 'osm_2510316291', 'osm_2510316263', 'osm_2510316232', 'osm_2510316218', 'osm_2510316206', 'osm_2510316149', 'osm_2510316059', 'osm_2510316052', 'osm_2510316036', 'osm_2510316034', 'osm_2510316021', 'osm_2510315992', 'osm_2510315969', 'osm_2510315940', 'osm_2510315900', 'osm_201420218', 'osm_201420222', 'osm_201420224', 'osm_9937396248', 'osm_9937396249', 'osm_13371731657', 'osm_13371731656', 'osm_13371726892', 'osm_615066658', 'osm_577551052', 'osm_615066654', 'osm_2510314658', 'osm_615066653', 'osm_2510314629', 'osm_577550841', 'osm_614475888', 'osm_6182428406', 'osm_30374611', 'osm_508565156', 'osm_2828409789', 'osm_2828409788', 'osm_503350266', 'osm_10678109173', 'osm_10678109769', 'osm_10678086361', 'osm_13318515908', 'osm_156899755', 'osm_13676286574', 'osm_13676286573', 'osm_13676286584', 'osm_13676286585', 'osm_5264609378', 'osm_8237668183', 'osm_8237668210', 'osm_1639773078', 'osm_156915381', 'osm_560613774', 'osm_8176307724', 'osm_8176307727', 'osm_8176307736', 'osm_13955311336', 'osm_13955311338', 'osm_14046382079', 'osm_13955311332']",130.55369565217393,0.0,0.0,2.0089912022847045e-07,8.40292060458726,False,STU_0001,canonical_nsga3,0,13.414912207983434
"['osm_2272453696', 'osm_2272453698', 'osm_2272453703', 'osm_2272453704', 'osm_2272453699', 'osm_2272453700', 'osm_2272453705', 'osm_2272453706', 'osm_2510316164', 'osm_201420266', 'osm_201420270', 'osm_2510316291', 'osm_2510316263', 'osm_2510316232', 'osm_2510316218', 'osm_2510316206', 'osm_2510316149', 'osm_2510316059', 'osm_2510316052', 'osm_2510316036', 'osm_2510316034', 'osm_2510316021', 'osm_2510315992', 'osm_2510315969', 'osm_2510315940', 'osm_2510315900', 'osm_201420218', 'osm_201420222', 'osm_201420224', 'osm_9937396248', 'osm_9937396249', 'osm_13371731657', 'osm_13371731656', 'osm_13371726892', 'osm_615066658', 'osm_577551052', 'osm_615066654', 'osm_2510314658', 'osm_615066653', 'osm_2510314629', 'osm_577550841', 'osm_6182428405', 'osm_6182428406', 'osm_30374611', 'osm_508565156', 'osm_2828409789', 'osm_2828409788', 'osm_503350266', 'osm_10678109173', 'osm_10678109769', 'osm_10678086361', 'osm_13318515908', 'osm_156899755', 'osm_13676286574', 'osm_13676286573', 'osm_13676286584', 'osm_13676286585', 'osm_5264609378', 'osm_8237668183', 'osm_8237668210', 'osm_1639773078', 'osm_156915381', 'osm_560613774', 'osm_8176307724', 'osm_8176307727', 'osm_8176307736', 'osm_13955311336', 'osm_13955311338', 'osm_14046382079', 'osm_13955311332']",130.55369565217393,0.0,0.0,2.0089912022847045e-07,8.40292060458726,False,STU_0001,canonical_nsga3,0,13.414912207983434
"['osm_2272453696', 'osm_2272453698', 'osm_2272453703', 'osm_2272453704', 'osm_2272453699', 'osm_2272453700', 'osm_2272453705', 'osm_2272453706', 'osm_2510316164', 'osm_201420266', 'osm_201420270', 'osm_2510316291', 'osm_2510316263', 'osm_2510316232', 'osm_2510316218', 'osm_2510316206', 'osm_2510316149', 'osm_2510316059', 'osm_2510316052', 'osm_2510316036', 'osm_2510316034', 'osm_2510316021', 'osm_2510315992', 'osm_2510315969', 'osm_2510315940', 'osm_2510315900', 'osm_201420218', 'osm_201420222', 'osm_201420224', 'osm_9937396248', 'osm_9937396249', 'osm_13371731657', 'osm_13371731656', 'osm_13371726892', 'osm_615066658', 'osm_577551052', 'osm_615066654', 'osm_2510314658', 'osm_615066653', 'osm_2510314629', 'osm_577550841', 'osm_6182428405', 'osm_6182428406', 'osm_30374611', 'osm_508565156', 'osm_2828409789', 'osm_2828409788', 'osm_503350266', 'osm_10678109173', 'osm_10678109769', 'osm_10678086361', 'osm_13318515908', 'osm_156899755', 'osm_13676286574', 'osm_13676286573', 'osm_13676286584', 'osm_13676286585', 'osm_5264609378', 'osm_8237668183', 'osm_156915380', 'osm_1639773078', 'osm_156915381', 'osm_560613774', 'osm_8176307724', 'osm_8176307727', 'osm_8176307736', 'osm_13955311336', 'osm_13955311338', 'osm_14046382079', 'osm_13955311332']",130.5918236714976,0.0,0.0,1.9982120424977268e-07,8.405958762609927,False,STU_0001,canonical_nsga3,0,13.414912207983434
"['osm_2272453696', 'osm_2272453698', 'osm_2272453703', 'osm_2272453704', 'osm_2272453699', 'osm_2272453700', 'osm_2272453705', 'osm_2272453706', 'osm_2510316164', 'osm_201420266', 'osm_201420270', 'osm_2510316291', 'osm_2510316263', 'osm_2510316232', 'osm_2510316218', 'osm_2510316206', 'osm_2510316149', 'osm_2510316059', 'osm_2510316052', 'osm_2510316036', 'osm_2510316034', 'osm_2510316021', 'osm_2510315992', 'osm_2510315969', 'osm_2510315940', 'osm_2510315900', 'osm_201420218', 'osm_201420222', 'osm_201420224', 'osm_9937396248', 'osm_9937396249', 'osm_13371731657', 'osm_13371731656', 'osm_13371726892', 'osm_615066658', 'osm_577551052', 'osm_615066654', 'osm_2510314658', 'osm_615066653', 'osm_2510314629', 'osm_577550841', 'osm_6182428405', 'osm_6182428406', 'osm_30374611', 'osm_508565156', 'osm_2828409789', 'osm_2828409788', 'osm_503350266', 'osm_10678109173', 'osm_10678109769', 'osm_10678086361', 'osm_13318515908', 'osm_156899755', 'osm_13676286574', 'osm_13676286573', 'osm_13676286584', 'osm_13676286585', 'osm_13688224012', 'osm_8237668210', 'osm_1639773078', 'osm_156915381', 'osm_560613774', 'osm_8176307724', 'osm_8176307727', 'osm_8176307736', 'osm_13955311336', 'osm_13955311338', 'osm_14046382079', 'osm_13955311332']",130.59621980676332,0.0,0.0,1.996972939233288e-07,8.406309060208992,False,STU_0001,canonical_nsga3,0,13.414912207983434
"['osm_2272453696', 'osm_2272453698', 'osm_2272453703', 'osm_2272453704', 'osm_2272453699', 'osm_2272453700', 'osm_2272453705', 'osm_2272453706', 'osm_2510316164', 'osm_201420266', 'osm_201420270', 'osm_2510316291', 'osm_2510316263', 'osm_2510316232', 'osm_2510316218', 'osm_2510316206', 'osm_2510316149', 'osm_2510316059', 'osm_2510316052', 'osm_2510316036', 'osm_2510316034', 'osm_2510316021', 'osm_2510315992', 'osm_2510315969', 'osm_2510315940', 'osm_2510315900', 'osm_201420218', 'osm_201420222', 'osm_201420224', 'osm_9937396248', 'osm_9937396249', 'osm_13371731657', 'osm_13371731656', 'osm_13371726892', 'osm_615066658', 'osm_577551052', 'osm_615066654', 'osm_2510314658', 'osm_615066653', 'osm_2510314629', 'osm_577550841', 'osm_614475888', 'osm_6182428406', 'osm_30374611', 'osm_508565156', 'osm_2828409789', 'osm_2828409788', 'osm_503350266', 'osm_10678109173', 'osm_10678109769', 'osm_10678086361', 'osm_13318515908', 'osm_156899755', 'osm_13676286574', 'osm_13676286573', 'osm_13676286584', 'osm_13676286585', 'osm_13688224012', 'osm_8237668210', 'osm_1639773078', 'osm_156915381', 'osm_560613774', 'osm_8176307724', 'osm_8176307727', 'osm_8176307736', 'osm_13955311336', 'osm_13955311338', 'osm_14046382079', 'osm_13955311332']",130.59621980676332,0.0,0.0,1.996972939233288e-07,8.406309060208992,False,STU_0001,canonical_nsga3,0,13.414912207983434
"['osm_2272453696', 'osm_2272453698', 'osm_2272453703', 'osm_2272453704', 'osm_2272453699', 'osm_2272453700', 'osm_2272453705', 'osm_2272453706', 'osm_2510316164', 'osm_201420266', 'osm_201420270', 'osm_2510316291', 'osm_2510316263', 'osm_2510316232', 'osm_2510316218', 'osm_2510316206', 'osm_2510316149', 'osm_2510316059', 'osm_2510316052', 'osm_2510316036', 'osm_2510316034', 'osm_2510316021', 'osm_2510315992', 'osm_2510315969', 'osm_2510315940', 'osm_2510315900', 'osm_201420218', 'osm_201420222', 'osm_201420224', 'osm_9937396248', 'osm_9937396249', 'osm_13371731657', 'osm_13371731656', 'osm_13371726892', 'osm_615066658', 'osm_577551052', 'osm_615066654', 'osm_2510314658', 'osm_615066653', 'osm_2510314629', 'osm_577550841', 'osm_614475888', 'osm_6182428406', 'osm_30374611', 'osm_508565156', 'osm_2828409789', 'osm_2828409788', 'osm_503350266', 'osm_10678109173', 'osm_10678109769', 'osm_10678086361', 'osm_13318515908', 'osm_156899755', 'osm_278744370', 'osm_13676286584', 'osm_13676286585', 'osm_5264609378', 'osm_8237668183', 'osm_8237668210', 'osm_1639773078', 'osm_156915381', 'osm_560613774', 'osm_8176307724', 'osm_8176307727', 'osm_8176307736', 'osm_13955311336', 'osm_13955311338', 'osm_14046382079', 'osm_13955311332']",130.62891304347826,0.0,0.0,1.987782016765749e-07,8.408914158013033,False,STU_0001,canonical_nsga3,0,13.414912207983434
"['osm_2272453696', 'osm_2272453698', 'osm_2272453703', 'osm_2272453704', 'osm_2272453699', 'osm_2272453700', 'osm_2272453705', 'osm_2272453706', 'osm_2510316164', 'osm_201420266', 'osm_201420270', 'osm_2510316291', 'osm_2510316263', 'osm_2510316232', 'osm_2510316218', 'osm_2510316206', 'osm_2510316149', 'osm_2510316059', 'osm_2510316052', 'osm_2510316036', 'osm_2510316034', 'osm_2510316021', 'osm_2510315992', 'osm_2510315969', 'osm_2510315940', 'osm_2510315900', 'osm_201420218', 'osm_201420222', 'osm_201420224', 'osm_9937396248', 'osm_9937396249', 'osm_13371731657', 'osm_13371731656', 'osm_13371726892', 'osm_615066658', 'osm_577551052', 'osm_615066654', 'osm_2510314658', 'osm_615066653', 'osm_2510314629', 'osm_577550841', 'osm_6182428405', 'osm_6182428406', 'osm_30374611', 'osm_508565156', 'osm_2828409789', 'osm_2828409788', 'osm_503350266', 'osm_10678109173', 'osm_10678109769', 'osm_10678086361', 'osm_13318515908', 'osm_156899755', 'osm_278744370', 'osm_13676286584', 'osm_13676286585', 'osm_5264609378', 'osm_8237668183', 'osm_8237668210', 'osm_1639773078', 'osm_156915381', 'osm_560613774', 'osm_8176307724', 'osm_8176307727', 'osm_8176307736', 'osm_13955311336', 'osm_13955311338', 'osm_14046382079', 'osm_13955311332']",130.62891304347826,0.0,0.0,1.987782016765749e-07,8.408914158013033,False,STU_0001,canonical_nsga3,0,13.414912207983434
"['osm_2272453696', 'osm_2272453698', 'osm_2272453703', 'osm_2272453704', 'osm_2272453699', 'osm_2272453700', 'osm_2272453705', 'osm_2272453706', 'osm_2510316164', 'osm_201420266', 'osm_201420270', 'osm_2510316291', 'osm_2510316263', 'osm_2510316232', 'osm_2510316218', 'osm_2510316206', 'osm_2510316149', 'osm_2510316059', 'osm_2510316052', 'osm_2510316036', 'osm_2510316034', 'osm_2510316021', 'osm_2510315992', 'osm_2510315969', 'osm_2510315940', 'osm_2510315900', 'osm_201420218', 'osm_201420222', 'osm_201420224', 'osm_9937396248', 'osm_9937396249', 'osm_13371731657', 'osm_13371731656', 'osm_13371726892', 'osm_615066658', 'osm_577551052', 'osm_615066654', 'osm_2510314658', 'osm_615066653', 'osm_2510314629', 'osm_577550841', 'osm_6182428405', 'osm_6182428406', 'osm_30374611', 'osm_508565156', 'osm_2828409789', 'osm_2828409788', 'osm_503350266', 'osm_10678109173', 'osm_10678109769', 'osm_10678086361', 'osm_13318515908', 'osm_156899755', 'osm_13676286574', 'osm_13676286573', 'osm_13676286584', 'osm_13676286585', 'osm_5264609378', 'osm_8237668183', 'osm_8237668210', 'osm_1639773078', 'osm_156915381', 'osm_560613774', 'osm_266572342', 'osm_1639773111', 'osm_1639773114', 'osm_8176307736', 'osm_13955311336', 'osm_13955311338', 'osm_14046382079', 'osm_13955311332']",130.6563526570049,0.0,0.0,1.980100682308361e-07,8.411100630939071,False,STU_0001,canonical_nsga3,0,13.414912207983434
"['osm_2272453696', 'osm_2272453698', 'osm_2272453703', 'osm_2272453704', 'osm_2272453699', 'osm_2272453700', 'osm_2272453705', 'osm_2272453706', 'osm_2510316164', 'osm_201420266', 'osm_201420270', 'osm_2510316291', 'osm_2510316263', 'osm_2510316232', 'osm_2510316218', 'osm_2510316206', 'osm_2510316149', 'osm_2510316059', 'osm_2510316052', 'osm_2510316036', 'osm_2510316034', 'osm_2510316021', 'osm_2510315992', 'osm_2510315969', 'osm_2510315940', 'osm_2510315900', 'osm_201420218', 'osm_201420222', 'osm_201420224', 'osm_9937396248', 'osm_9937396249', 'osm_13371731657', 'osm_13371731656', 'osm_13371726892', 'osm_615066658', 'osm_577551052', 'osm_615066654', 'osm_2510314658', 'osm_615066653', 'osm_2510314629', 'osm_577550841', 'osm_6182428405', 'osm_6182428406', 'osm_30374611', 'osm_508565156', 'osm_2828409789', 'osm_2828409788', 'osm_503350266', 'osm_10678109173', 'osm_10678109769', 'osm_10678086361', 'osm_13318515908', 'osm_156899755', 'osm_278744370', 'osm_13676286584', 'osm_13676286585', 'osm_5264609378', 'osm_8237668183', 'osm_156915380', 'osm_1639773078', 'osm_156915381', 'osm_560613774', 'osm_8176307724', 'osm_8176307727', 'osm_8176307736', 'osm_13955311336', 'osm_13955311338', 'osm_14046382079', 'osm_13955311332']",130.66704106280193,0.0,0.0,1.9771166526183492e-07,8.411952316035697,False,STU_0001,canonical_nsga3,0,13.414912207983434
"['osm_2272453696', 'osm_2272453698', 'osm_2272453703', 'osm_2272453704', 'osm_2272453699', 'osm_2272453700', 'osm_2272453705', 'osm_2272453706', 'osm_2510316164', 'osm_201420266', 'osm_201420270', 'osm_2510316291', 'osm_2510316263', 'osm_2510316232', 'osm_2510316218', 'osm_2510316206', 'osm_2510316149', 'osm_2510316059', 'osm_2510316052', 'osm_2510316036', 'osm_2510316034', 'osm_2510316021', 'osm_2510315992', 'osm_2510315969', 'osm_2510315940', 'osm_2510315900', 'osm_201420218', 'osm_201420222', 'osm_201420224', 'osm_9937396248', 'osm_9937396249', 'osm_13371731657', 'osm_13371731656', 'osm_13371726892', 'osm_615066658', 'osm_577551052', 'osm_615066654', 'osm_2510314658', 'osm_615066653', 'osm_2510314629', 'osm_577550841', 'osm_614475888', 'osm_6182428406', 'osm_30374611', 'osm_508565156', 'osm_2828409789', 'osm_2828409788', 'osm_503350266', 'osm_10678109173', 'osm_10678109769', 'osm_10678086361', 'osm_13318515908', 'osm_156899755', 'osm_278744370', 'osm_13676286584', 'osm_13676286585', 'osm_5264609378', 'osm_8237668183', 'osm_156915380', 'osm_1639773078', 'osm_156915381', 'osm_560613774', 'osm_8176307724', 'osm_8176307727', 'osm_8176307736', 'osm_13955311336', 'osm_13955311338', 'osm_14046382079', 'osm_13955311332']",130.66704106280193,0.0,0.0,1.9771166526183492e-07,8.411952316035697,False,STU_0001,canonical_nsga3,0,13.414912207983434
"['osm_2272453696', 'osm_2272453698', 'osm_2272453703', 'osm_2272453704', 'osm_2272453699', 'osm_2272453700', 'osm_2272453705', 'osm_2272453706', 'osm_2510316164', 'osm_201420266', 'osm_201420270', 'osm_2510316291', 'osm_2510316263', 'osm_2510316232', 'osm_2510316218', 'osm_2510316206', 'osm_2510316149', 'osm_2510316059', 'osm_2510316052', 'osm_2510316036', 'osm_2510316034', 'osm_2510316021', 'osm_2510315992', 'osm_2510315969', 'osm_2510315940', 'osm_2510315900', 'osm_201420218', 'osm_201420222', 'osm_201420224', 'osm_9937396248', 'osm_9937396249', 'osm_13371731657', 'osm_13371731656', 'osm_13371726892', 'osm_615066658', 'osm_577551052', 'osm_615066654', 'osm_2510314658', 'osm_615066653', 'osm_2510314629', 'osm_577550841', 'osm_6182428405', 'osm_6182428406', 'osm_30374611', 'osm_508565156', 'osm_2828409789', 'osm_2828409788', 'osm_503350266', 'osm_10678109173', 'osm_10678109769', 'osm_10678086361', 'osm_13318515908', 'osm_156899755', 'osm_278744370', 'osm_13676286584', 'osm_13676286585', 'osm_13688224012', 'osm_8237668210', 'osm_1639773078', 'osm_156915381', 'osm_560613774', 'osm_8176307724', 'osm_8176307727', 'osm_8176307736', 'osm_13955311336', 'osm_13955311338', 'osm_14046382079', 'osm_13955311332']",130.67143719806765,0.0,0.0,1.9758906288913636e-07,8.412302613634761,False,STU_0001,canonical_nsga3,0,13.414912207983434
"['osm_2272453696', 'osm_2272453698', 'osm_2272453703', 'osm_2272453704', 'osm_2272453699', 'osm_2272453700', 'osm_2272453705', 'osm_2272453706', 'osm_2510316164', 'osm_201420266', 'osm_201420270', 'osm_2510316291', 'osm_2510316263', 'osm_2510316232', 'osm_2510316218', 'osm_2510316206', 'osm_2510316149', 'osm_2510316059', 'osm_2510316052', 'osm_2510316036', 'osm_2510316034', 'osm_2510316021', 'osm_2510315992', 'osm_2510315969', 'osm_2510315940', 'osm_2510315900', 'osm_201420218', 'osm_201420222', 'osm_201420224', 'osm_9937396248', 'osm_9937396249', 'osm_13371731657', 'osm_13371731656', 'osm_13371726892', 'osm_615066658', 'osm_577551052', 'osm_615066654', 'osm_2510314658', 'osm_615066653', 'osm_2510314629', 'osm_577550841', 'osm_614475888', 'osm_6182428406', 'osm_30374611', 'osm_508565156', 'osm_2828409789', 'osm_2828409788', 'osm_503350266', 'osm_10678109173', 'osm_10678109769', 'osm_10678086361', 'osm_13318515908', 'osm_156899755', 'osm_278744370', 'osm_13676286584', 'osm_13676286585', 'osm_13688224012', 'osm_8237668210', 'osm_1639773078', 'osm_156915381', 'osm_560613774', 'osm_8176307724', 'osm_8176307727', 'osm_8176307736', 'osm_13955311336', 'osm_13955311338', 'osm_14046382079', 'osm_13955311332']",130.67143719806765,0.0,0.0,1.9758906288913636e-07,8.412302613634761,False,STU_0001,canonical_nsga3,0,13.414912207983434
"['osm_2272453696', 'osm_2272453698', 'osm_2272453703', 'osm_2272453704', 'osm_2272453699', 'osm_2272453700', 'osm_2272453705', 'osm_2272453706', 'osm_2510316164', 'osm_201420266', 'osm_201420270', 'osm_2510316291', 'osm_2510316263', 'osm_2510316232', 'osm_2510316218', 'osm_2510316206', 'osm_2510316149', 'osm_2510316059', 'osm_2510316052', 'osm_2510316036', 'osm_2510316034', 'osm_2510316021', 'osm_2510315992', 'osm_2510315969', 'osm_2510315940', 'osm_2510315900', 'osm_201420218', 'osm_201420222', 'osm_201420224', 'osm_9937396248', 'osm_9937396249', 'osm_13371731657', 'osm_13371731656', 'osm_13371726892', 'osm_615066658', 'osm_577551052', 'osm_615066654', 'osm_2510314658', 'osm_615066653', 'osm_2510314629', 'osm_577550841', 'osm_6182428405', 'osm_6182428406', 'osm_30374611', 'osm_508565156', 'osm_2828409789', 'osm_2828409788', 'osm_503350266', 'osm_10678109173', 'osm_10678109769', 'osm_10678086361', 'osm_13318515908', 'osm_156899755', 'osm_13676286574', 'osm_13676286573', 'osm_13676286584', 'osm_13676286585', 'osm_13688224012', 'osm_8237668210', 'osm_1639773078', 'osm_156915381', 'osm_560613774', 'osm_266572342', 'osm_1639773111', 'osm_1639773114', 'osm_8176307736', 'osm_13955311336', 'osm_13955311338', 'osm_14046382079', 'osm_13955311332']",130.6988768115943,0.0,0.0,1.968255246564965e-07,8.414489086560799,False,STU_0001,canonical_nsga3,0,13.414912207983434
"['osm_2272453696', 'osm_2272453698', 'osm_2272453703', 'osm_2272453704', 'osm_2272453699', 'osm_2272453700', 'osm_2272453705', 'osm_2272453706', 'osm_2510316164', 'osm_201420266', 'osm_201420270', 'osm_2510316291', 'osm_2510316263', 'osm_2510316232', 'osm_2510316218', 'osm_2510316206', 'osm_2510316149', 'osm_2510316059', 'osm_2510316052', 'osm_2510316036', 'osm_2510316034', 'osm_2510316021', 'osm_2510315992', 'osm_2510315969', 'osm_2510315940', 'osm_2510315900', 'osm_201420218', 'osm_201420222', 'osm_201420224', 'osm_9937396248', 'osm_9937396249', 'osm_13371731657', 'osm_13371731656', 'osm_13371726892', 'osm_615066658', 'osm_577551052', 'osm_615066654', 'osm_2510314658', 'osm_615066653', 'osm_2510314629', 'osm_577550841', 'osm_6182428405', 'osm_6182428406', 'osm_30374611', 'osm_508565156', 'osm_2828409789', 'osm_2828409788', 'osm_503350266', 'osm_10678109173', 'osm_10678109769', 'osm_10678086361', 'osm_13318515908', 'osm_156899755', 'osm_278744370', 'osm_13676286584', 'osm_13676286585', 'osm_13688224012', 'osm_8237668210', 'osm_1639773078', 'osm_8237668174', 'osm_12441875759', 'osm_560613774', 'osm_8176307724', 'osm_8176307727', 'osm_8176307736', 'osm_13955311336', 'osm_13955311338', 'osm_14046382079', 'osm_13955311332']",130.700615942029,0.0,0.0,1.9677723106514833e-07,8.41462766583076,False,STU_0001,canonical_nsga3,0,13.414912207983434
"['osm_2272453696', 'osm_2272453698', 'osm_2272453703', 'osm_2272453704', 'osm_2272453699', 'osm_2272453700', 'osm_2272453705', 'osm_2272453706', 'osm_2510316164', 'osm_201420266', 'osm_201420270', 'osm_2510316291', 'osm_2510316263', 'osm_2510316232', 'osm_2510316218', 'osm_2510316206', 'osm_2510316149', 'osm_2510316059', 'osm_2510316052', 'osm_2510316036', 'osm_2510316034', 'osm_2510316021', 'osm_2510315992', 'osm_2510315969', 'osm_2510315940', 'osm_2510315900', 'osm_201420218', 'osm_201420222', 'osm_201420224', 'osm_9937396248', 'osm_9937396249', 'osm_13371731657', 'osm_13371731656', 'osm_13371726892', 'osm_615066658', 'osm_577551052', 'osm_615066654', 'osm_2510314658', 'osm_615066653', 'osm_2510314629', 'osm_577550841', 'osm_614475888', 'osm_6182428406', 'osm_30374611', 'osm_508565156', 'osm_2828409789', 'osm_2828409788', 'osm_503350266', 'osm_10678109173', 'osm_10678109769', 'osm_10678086361', 'osm_13318515908', 'osm_156899755', 'osm_278744370', 'osm_13676286584', 'osm_13676286585', 'osm_13688224012', 'osm_8237668210', 'osm_1639773078', 'osm_8237668174', 'osm_12441875759', 'osm_560613774', 'osm_8176307724', 'osm_8176307727', 'osm_8176307736', 'osm_13955311336', 'osm_13955311338', 'osm_14046382079', 'osm_13955311332']",130.700615942029,0.0,0.0,1.9677723106514833e-07,8.41462766583076,False,STU_0001,canonical_nsga3,0,13.414912207983434
"['osm_2272453696', 'osm_2272453698', 'osm_2272453703', 'osm_2272453704', 'osm_2272453699', 'osm_2272453700', 'osm_2272453705', 'osm_2272453706', 'osm_2510316164', 'osm_201420266', 'osm_201420270', 'osm_2510316291', 'osm_2510316263', 'osm_2510316232', 'osm_2510316218', 'osm_2510316206', 'osm_2510316149', 'osm_2510316059', 'osm_2510316052', 'osm_2510316036', 'osm_2510316034', 'osm_2510316021', 'osm_2510315992', 'osm_2510315969', 'osm_2510315940', 'osm_2510315900', 'osm_201420218', 'osm_201420222', 'osm_201420224', 'osm_9937396248', 'osm_9937396249', 'osm_13371731657', 'osm_13371731656', 'osm_13371726892', 'osm_615066658', 'osm_577551052', 'osm_615066654', 'osm_2510314658', 'osm_615066653', 'osm_2510314629', 'osm_577550841', 'osm_6182428405', 'osm_6182428406', 'osm_30374611', 'osm_508565156', 'osm_2828409789', 'osm_2828409788', 'osm_503350266', 'osm_10678109173', 'osm_10678109769', 'osm_10678086361', 'osm_13318515908', 'osm_156899755', 'osm_278744370', 'osm_13676286584', 'osm_13676286585', 'osm_5264609378', 'osm_8237668183', 'osm_8237668210', 'osm_1639773078', 'osm_156915381', 'osm_560613774', 'osm_266572342', 'osm_1639773111', 'osm_1639773114', 'osm_8176307736', 'osm_13955311336', 'osm_13955311338', 'osm_14046382079', 'osm_13955311332']",130.73157004830924,0.0,0.0,1.9591964961485075e-07,8.41709418436484,False,STU_0001,canonical_nsga3,0,13.414912207983434
"['osm_2272453696', 'osm_2272453698', 'osm_2272453703', 'osm_2272453704', 'osm_2272453699', 'osm_2272453700', 'osm_2272453705', 'osm_2272453706', 'osm_2510316164', 'osm_201420266', 'osm_201420270', 'osm_2510316291', 'osm_2510316263', 'osm_2510316232', 'osm_2510316218', 'osm_2510316206', 'osm_2510316149', 'osm_2510316059', 'osm_2510316052', 'osm_2510316036', 'osm_2510316034', 'osm_2510316021', 'osm_2510315992', 'osm_2510315969', 'osm_2510315940', 'osm_2510315900', 'osm_201420218', 'osm_201420222', 'osm_201420224', 'osm_9937396248', 'osm_9937396249', 'osm_13371731657', 'osm_13371731656', 'osm_13371726892', 'osm_615066658', 'osm_577551052', 'osm_615066654', 'osm_2510314658', 'osm_615066653', 'osm_2510314629', 'osm_577550841', 'osm_614475888', 'osm_6182428406', 'osm_30374611', 'osm_508565156', 'osm_2828409789', 'osm_2828409788', 'osm_503350266', 'osm_10678109173', 'osm_10678109769', 'osm_10678086361', 'osm_13318515908', 'osm_156899755', 'osm_278744370', 'osm_13676286584', 'osm_13676286585', 'osm_5264609378', 'osm_8237668183', 'osm_8237668210', 'osm_1639773078', 'osm_156915381', 'osm_560613774', 'osm_266572342', 'osm_1639773111', 'osm_1639773114', 'osm_8176307736', 'osm_13955311336', 'osm_13955311338', 'osm_14046382079', 'osm_13955311332']",130.73157004830924,0.0,0.0,1.9591964961485075e-07,8.41709418436484,False,STU_0001,canonical_nsga3,0,13.414912207983434
"['osm_2272453696', 'osm_2272453698', 'osm_2272453703', 'osm_2272453704', 'osm_2272453699', 'osm_2272453700', 'osm_2272453705', 'osm_2272453706', 'osm_2510316164', 'osm_201420266', 'osm_201420270', 'osm_2510316291', 'osm_2510316263', 'osm_2510316232', 'osm_2510316218', 'osm_2510316206', 'osm_2510316149', 'osm_2510316059', 'osm_2510316052', 'osm_2510316036', 'osm_2510316034', 'osm_2510316021', 'osm_2510315992', 'osm_2510315969', 'osm_2510315940', 'osm_2510315900', 'osm_201420218', 'osm_201420222', 'osm_201420224', 'osm_9937396248', 'osm_9937396249', 'osm_13371731657', 'osm_13371731656', 'osm_13371726892', 'osm_615066658', 'osm_577551052', 'osm_615066654', 'osm_2510314658', 'osm_615066653', 'osm_2510314629', 'osm_577550841', 'osm_614475888', 'osm_6182428406', 'osm_30374611', 'osm_508565156', 'osm_2828409789', 'osm_2828409788', 'osm_503350266', 'osm_10678109173', 'osm_10678109769', 'osm_10678086361', 'osm_13318515908', 'osm_156899755', 'osm_278744370', 'osm_13676286584', 'osm_13676286585', 'osm_5264609378', 'osm_8237668183', 'osm_8237668210', 'osm_1639773078', 'osm_156915381', 'osm_560613774', 'osm_266572342', 'osm_1639773111', 'osm_8176307727', 'osm_8176307736', 'osm_13955311336', 'osm_13955311338', 'osm_14046382079', 'osm_13955311332']",130.73423913043482,0.0,0.0,1.9584587829246658e-07,8.417306865049989,False,STU_0001,canonical_nsga3,0,13.414912207983434
"['osm_2272453696', 'osm_2272453698', 'osm_2272453703', 'osm_2272453704', 'osm_2272453699', 'osm_2272453700', 'osm_2272453705', 'osm_2272453706', 'osm_2510316164', 'osm_201420266', 'osm_201420270', 'osm_2510316291', 'osm_2510316263', 'osm_2510316232', 'osm_2510316218', 'osm_2510316206', 'osm_2510316149', 'osm_2510316059', 'osm_2510316052', 'osm_2510316036', 'osm_2510316034', 'osm_2510316021', 'osm_2510315992', 'osm_2510315969', 'osm_2510315940', 'osm_2510315900', 'osm_201420218', 'osm_201420222', 'osm_201420224', 'osm_9937396248', 'osm_9937396249', 'osm_13371731657', 'osm_13371731656', 'osm_13371726892', 'osm_615066658', 'osm_577551052', 'osm_615066654', 'osm_2510314658', 'osm_615066653', 'osm_2510314629', 'osm_577550841', 'osm_6182428405', 'osm_6182428406', 'osm_30374611', 'osm_508565156', 'osm_2828409789', 'osm_2828409788', 'osm_503350266', 'osm_10678109173', 'osm_10678109769', 'osm_10678086361', 'osm_13318515908', 'osm_156899755', 'osm_278744370', 'osm_13676286584', 'osm_13676286585', 'osm_5264609378', 'osm_8237668183', 'osm_8237668210', 'osm_1639773078', 'osm_8237668174', 'osm_12441875759', 'osm_560613774', 'osm_266572342', 'osm_1639773111', 'osm_1639773114', 'osm_8176307736', 'osm_13955311336', 'osm_13955311338', 'osm_14046382079', 'osm_13955311332']",130.7607487922706,0.0,0.0,1.9511467674870886e-07,8.41941923656084,False,STU_0001,canonical_nsga3,0,13.414912207983434
"['osm_2272453696', 'osm_2272453698', 'osm_2272453703', 'osm_2272453704', 'osm_2272453699', 'osm_2272453700', 'osm_2272453705', 'osm_2272453706', 'osm_2510316164', 'osm_201420266', 'osm_201420270', 'osm_2510316291', 'osm_2510316263', 'osm_2510316232', 'osm_2510316218', 'osm_2510316206', 'osm_2510316149', 'osm_2510316059', 'osm_2510316052', 'osm_2510316036', 'osm_2510316034', 'osm_2510316021', 'osm_2510315992', 'osm_2510315969', 'osm_2510315940', 'osm_2510315900', 'osm_201420218', 'osm_201420222', 'osm_201420224', 'osm_9937396248', 'osm_9937396249', 'osm_13371731657', 'osm_13371731656', 'osm_13371726892', 'osm_615066658', 'osm_577551052', 'osm_615066654', 'osm_2510314658', 'osm_615066653', 'osm_2510314629', 'osm_577550841', 'osm_614475888', 'osm_6182428406', 'osm_30374611', 'osm_508565156', 'osm_2828409789', 'osm_2828409788', 'osm_503350266', 'osm_10678109173', 'osm_10678109769', 'osm_10678086361', 'osm_13318515908', 'osm_156899755', 'osm_278744370', 'osm_13676286584', 'osm_13676286585', 'osm_13688224012', 'osm_8237668210', 'osm_1639773078', 'osm_156915381', 'osm_560613774', 'osm_266572342', 'osm_1639773111', 'osm_1639773114', 'osm_8176307736', 'osm_13955311336', 'osm_13955311338', 'osm_14046382079', 'osm_13955311332']",130.77409420289862,0.0,0.0,1.9474761137061591e-07,8.420482639986572,False,STU_0001,canonical_nsga3,0,13.414912207983434
"['osm_2272453696', 'osm_2272453698', 'osm_2272453703', 'osm_2272453704', 'osm_2272453699', 'osm_2272453700', 'osm_2272453705', 'osm_2272453706', 'osm_2510316164', 'osm_201420266', 'osm_201420270', 'osm_2510316291', 'osm_2510316263', 'osm_2510316232', 'osm_2510316218', 'osm_2510316206', 'osm_2510316149', 'osm_2510316059', 'osm_2510316052', 'osm_2510316036', 'osm_2510316034', 'osm_2510316021', 'osm_2510315992', 'osm_2510315969', 'osm_2510315940', 'osm_2510315900', 'osm_201420218', 'osm_201420222', 'osm_201420224', 'osm_9937396248', 'osm_9937396249', 'osm_13371731657', 'osm_13371731656', 'osm_13371726892', 'osm_615066658', 'osm_577551052', 'osm_615066654', 'osm_2510314658', 'osm_615066653', 'osm_2510314629', 'osm_577550841', 'osm_6182428405', 'osm_6182428406', 'osm_30374611', 'osm_508565156', 'osm_2828409789', 'osm_2828409788', 'osm_503350266', 'osm_10678109173', 'osm_10678109769', 'osm_10678086361', 'osm_13318515908', 'osm_156899755', 'osm_278744370', 'osm_13676286584', 'osm_13676286585', 'osm_13688224012', 'osm_8237668210', 'osm_1639773078', 'osm_156915381', 'osm_560613774', 'osm_266572342', 'osm_1639773111', 'osm_1639773114', 'osm_8176307736', 'osm_13955311336', 'osm_13955311338', 'osm_14046382079', 'osm_13955311332']",130.77409420289862,0.0,0.0,1.9474761137061591e-07,8.420482639986572,False,STU_0001,canonical_nsga3,0,13.414912207983434
"['osm_2272453696', 'osm_2272453698', 'osm_2272453703', 'osm_2272453704', 'osm_2272453699', 'osm_2272453700', 'osm_2272453705', 'osm_2272453706', 'osm_2510316164', 'osm_201420266', 'osm_201420270', 'osm_2510316291', 'osm_2510316263', 'osm_2510316232', 'osm_2510316218', 'osm_2510316206', 'osm_2510316149', 'osm_2510316059', 'osm_2510316052', 'osm_2510316036', 'osm_2510316034', 'osm_2510316021', 'osm_2510315992', 'osm_2510315969', 'osm_2510315940', 'osm_2510315900', 'osm_201420218', 'osm_201420222', 'osm_201420224', 'osm_9937396248', 'osm_9937396249', 'osm_13371731657', 'osm_13371731656', 'osm_13371726892', 'osm_615066658', 'osm_577551052', 'osm_615066654', 'osm_2510314658', 'osm_615066653', 'osm_2510314629', 'osm_577550841', 'osm_6182428405', 'osm_6182428406', 'osm_30374611', 'osm_508565156', 'osm_2828409789', 'osm_2828409788', 'osm_503350266', 'osm_10678109173', 'osm_10678109769', 'osm_10678086361', 'osm_13318515908', 'osm_156899755', 'osm_278744370', 'osm_13676286584', 'osm_13676286585', 'osm_13688224012', 'osm_8237668210', 'osm_1639773078', 'osm_156915381', 'osm_560613774', 'osm_266572342', 'osm_1639773111', 'osm_8176307727', 'osm_8176307736', 'osm_13955311336', 'osm_13955311338', 'osm_14046382079', 'osm_13955311332']",130.7767632850242,0.0,0.0,1.9467428147290633e-07,8.420695320671717,False,STU_0001,canonical_nsga3,0,13.414912207983434
"['osm_2272453696', 'osm_2272453698', 'osm_2272453703', 'osm_2272453704', 'osm_2272453699', 'osm_2272453700', 'osm_2272453705', 'osm_2272453706', 'osm_2510316164', 'osm_201420266', 'osm_201420270', 'osm_2510316291', 'osm_2510316263', 'osm_2510316232', 'osm_2510316218', 'osm_2510316206', 'osm_2510316149', 'osm_2510316059', 'osm_2510316052', 'osm_2510316036', 'osm_2510316034', 'osm_2510316021', 'osm_2510315992', 'osm_2510315969', 'osm_2510315940', 'osm_2510315900', 'osm_201420218', 'osm_201420222', 'osm_201420224', 'osm_9937396248', 'osm_9937396249', 'osm_13371731657', 'osm_13371731656', 'osm_13371726892', 'osm_615066658', 'osm_577551052', 'osm_615066654', 'osm_2510314658', 'osm_615066653', 'osm_2510314629', 'osm_577550841', 'osm_614475888', 'osm_6182428406', 'osm_30374611', 'osm_508565156', 'osm_2828409789', 'osm_2828409788', 'osm_503350266', 'osm_10678109173', 'osm_10678109769', 'osm_10678086361', 'osm_13318515908', 'osm_156899755', 'osm_278744370', 'osm_13676286584', 'osm_13676286585', 'osm_13688224012', 'osm_8237668210', 'osm_1639773078', 'osm_156915381', 'osm_560613774', 'osm_266572342', 'osm_1639773111', 'osm_8176307727', 'osm_8176307736', 'osm_13955311336', 'osm_13955311338', 'osm_14046382079', 'osm_13955311332']",130.7767632850242,0.0,0.0,1.9467428147290633e-07,8.420695320671717,False,STU_0001,canonical_nsga3,0,13.414912207983434
"['osm_2272453696', 'osm_2272453698', 'osm_2272453703', 'osm_2272453704', 'osm_2272453699', 'osm_2272453700', 'osm_2272453705', 'osm_2272453706', 'osm_2510316164', 'osm_201420266', 'osm_201420270', 'osm_2510316291', 'osm_2510316263', 'osm_2510316232', 'osm_2510316218', 'osm_2510316206', 'osm_2510316149', 'osm_2510316059', 'osm_2510316052', 'osm_2510316036', 'osm_2510316034', 'osm_2510316021', 'osm_2510315992', 'osm_2510315969', 'osm_2510315940', 'osm_2510315900', 'osm_201420218', 'osm_201420222', 'osm_201420224', 'osm_9937396248', 'osm_9937396249', 'osm_13371731657', 'osm_13371731656', 'osm_13371726892', 'osm_615066658', 'osm_577551052', 'osm_615066654', 'osm_2510314658', 'osm_615066653', 'osm_2510314629', 'osm_577550841', 'osm_6182428405', 'osm_6182428406', 'osm_30374611', 'osm_508565156', 'osm_2828409789', 'osm_2828409788', 'osm_503350266', 'osm_10678109173', 'osm_10678109769', 'osm_10678086361', 'osm_13318515908', 'osm_156899755', 'osm_278744370', 'osm_13676286584', 'osm_13676286585', 'osm_13688224012', 'osm_8237668210', 'osm_1639773078', 'osm_8237668174', 'osm_12441875759', 'osm_560613774', 'osm_266572342', 'osm_1639773111', 'osm_1639773114', 'osm_8176307736', 'osm_13955311336', 'osm_13955311338', 'osm_14046382079', 'osm_13955311332']",130.80327294685998,0.0,0.0,1.9394745420786563e-07,8.42280769218257,False,STU_0001,canonical_nsga3,0,13.414912207983434
"['osm_2272453696', 'osm_2272453698', 'osm_2272453703', 'osm_2272453704', 'osm_2272453699', 'osm_2272453700', 'osm_2272453705', 'osm_2272453706', 'osm_2510316164', 'osm_201420266', 'osm_201420270', 'osm_2510316291', 'osm_2510316263', 'osm_2510316232', 'osm_2510316218', 'osm_2510316206', 'osm_2510316149', 'osm_2510316059', 'osm_2510316052', 'osm_2510316036', 'osm_2510316034', 'osm_2510316021', 'osm_2510315992', 'osm_2510315969', 'osm_2510315940', 'osm_2510315900', 'osm_201420218', 'osm_201420222', 'osm_201420224', 'osm_9937396248', 'osm_9937396249', 'osm_13371731657', 'osm_13371731656', 'osm_13371726892', 'osm_615066658', 'osm_577551052', 'osm_615066654', 'osm_2510314658', 'osm_615066653', 'osm_2510314629', 'osm_577550841', 'osm_614475888', 'osm_6182428406', 'osm_30374611', 'osm_508565156', 'osm_2828409789', 'osm_2828409788', 'osm_503350266', 'osm_10678109173', 'osm_10678109769', 'osm_10678086361', 'osm_13318515908', 'osm_156899755', 'osm_278744370', 'osm_13676286584', 'osm_13676286585', 'osm_13688224012', 'osm_8237668210', 'osm_1639773078', 'osm_8237668174', 'osm_12441875759', 'osm_560613774', 'osm_266572342', 'osm_1639773111', 'osm_1639773114', 'osm_8176307736', 'osm_13955311336', 'osm_13955311338', 'osm_14046382079', 'osm_13955311332']",130.80327294685998,0.0,0.0,1.9394745420786563e-07,8.42280769218257,False,STU_0001,canonical_nsga3,0,13.414912207983434
"['osm_2272453696', 'osm_2272453698', 'osm_2272453703', 'osm_2272453704', 'osm_2272453699', 'osm_2272453700', 'osm_2272453705', 'osm_2272453706', 'osm_2510316164', 'osm_201420266', 'osm_201420270', 'osm_2510316291', 'osm_2510316263', 'osm_2510316232', 'osm_2510316218', 'osm_2510316206', 'osm_2510316149', 'osm_2510316059', 'osm_2510316052', 'osm_2510316036', 'osm_2510316034', 'osm_2510316021', 'osm_2510315992', 'osm_2510315969', 'osm_2510315940', 'osm_2510315900', 'osm_201420218', 'osm_201420222', 'osm_201420224', 'osm_9937396248', 'osm_9937396249', 'osm_13371731657', 'osm_13371731656', 'osm_13371726892', 'osm_615066658', 'osm_577551052', 'osm_615066654', 'osm_2510314658', 'osm_615066653', 'osm_2510314629', 'osm_577550841', 'osm_6182428405', 'osm_6182428406', 'osm_30374611', 'osm_508565156', 'osm_2828409789', 'osm_2828409788', 'osm_503350266', 'osm_10678109173', 'osm_10678109769', 'osm_10678086361', 'osm_13318515908', 'osm_156899755', 'osm_278744370', 'osm_13676286584', 'osm_13676286585', 'osm_13688224012', 'osm_8237668210', 'osm_1639773078', 'osm_8237668174', 'osm_12441875759', 'osm_560613774', 'osm_266572342', 'osm_1639773111', 'osm_8176307727', 'osm_8176307736', 'osm_13955311336', 'osm_13955311338', 'osm_14046382079', 'osm_13955311332']",130.80594202898556,0.0,0.0,1.9387442529161802e-07,8.423020372867715,False,STU_0001,canonical_nsga3,0,13.414912207983434
"['osm_2272453696', 'osm_2272453698', 'osm_2272453703', 'osm_2272453704', 'osm_2272453699', 'osm_2272453700', 'osm_2272453705', 'osm_2272453706', 'osm_2510316164', 'osm_201420266', 'osm_201420270', 'osm_2510316291', 'osm_2510316263', 'osm_2510316232', 'osm_2510316218', 'osm_2510316206', 'osm_2510316149', 'osm_2510316059', 'osm_2510316052', 'osm_2510316036', 'osm_2510316034', 'osm_2510316021', 'osm_2510315992', 'osm_2510315969', 'osm_2510315940', 'osm_2510315900', 'osm_201420218', 'osm_201420222', 'osm_201420224', 'osm_9937396248', 'osm_9937396249', 'osm_13371731657', 'osm_13371731656', 'osm_13371726892', 'osm_615066658', 'osm_577551052', 'osm_615066654', 'osm_2510314658', 'osm_615066653', 'osm_2510314629', 'osm_577550841', 'osm_6182428405', 'osm_6182428406', 'osm_30374611', 'osm_508565156', 'osm_2828409789', 'osm_2828409788', 'osm_503350266', 'osm_10678109173', 'osm_10678109769', 'osm_10678086361', 'osm_13318515908', 'osm_156899755', 'osm_13676286574', 'osm_13676286573', 'osm_13676286584', 'osm_13676286585', 'osm_13688224012', 'osm_8237668210', 'osm_1639773078', 'osm_8237668174', 'osm_12441875759', 'osm_560613774', 'osm_266572342', 'osm_1639773111', 'osm_1639773114', 'osm_266572344', 'osm_8176307728', 'osm_13953906788', 'osm_13955311338', 'osm_14046382079', 'osm_13955311332']",130.80678743961357,0.0,0.0,1.938512999011266e-07,8.423087737790613,False,STU_0001,canonical_nsga3,0,13.414912207983434
"['osm_2272453696', 'osm_2272453698', 'osm_2272453703', 'osm_2272453704', 'osm_2272453699', 'osm_2272453700', 'osm_2272453705', 'osm_2272453706', 'osm_2510316164', 'osm_201420266', 'osm_201420270', 'osm_2510316291', 'osm_2510316263', 'osm_2510316232', 'osm_2510316218', 'osm_2510316206', 'osm_2510316149', 'osm_2510316059', 'osm_2510316052', 'osm_2510316036', 'osm_2510316034', 'osm_2510316021', 'osm_2510315992', 'osm_2510315969', 'osm_2510315940', 'osm_2510315900', 'osm_201420218', 'osm_201420222', 'osm_201420224', 'osm_9937396248', 'osm_9937396249', 'osm_13371731657', 'osm_13371731656', 'osm_13371726892', 'osm_615066658', 'osm_577551052', 'osm_615066654', 'osm_2510314658', 'osm_615066653', 'osm_2510314629', 'osm_577550841', 'osm_6182428405', 'osm_6182428406', 'osm_30374611', 'osm_508565156', 'osm_2828409789', 'osm_2828409788', 'osm_503350266', 'osm_10678109173', 'osm_10678109769', 'osm_10678086361', 'osm_13318515908', 'osm_156899755', 'osm_8734471586', 'osm_8734471585', 'osm_278744370', 'osm_13676286584', 'osm_13676286585', 'osm_156915419', 'osm_8175990770', 'osm_13688224022', 'osm_5882213666', 'osm_8176307721', 'osm_8176307720', 'osm_14020171431', 'osm_13955311343', 'osm_14046382080', 'osm_14046382079', 'osm_13955311332']",130.81760869565215,0.0,0.0,1.9355553593225494e-07,8.423950008803695,False,STU_0001,canonical_nsga3,0,13.414912207983434
"['osm_2272453696', 'osm_2272453698', 'osm_2272453703', 'osm_2272453704', 'osm_2272453699', 'osm_2272453700', 'osm_2272453705', 'osm_2272453706', 'osm_2510316164', 'osm_201420266', 'osm_201420270', 'osm_2510316291', 'osm_2510316263', 'osm_2510316232', 'osm_2510316218', 'osm_2510316206', 'osm_2510316149', 'osm_2510316059', 'osm_2510316052', 'osm_2510316036', 'osm_2510316034', 'osm_2510316021', 'osm_2510315992', 'osm_2510315969', 'osm_2510315940', 'osm_2510315900', 'osm_201420218', 'osm_201420222', 'osm_201420224', 'osm_9937396248', 'osm_9937396249', 'osm_13371731657', 'osm_13371731656', 'osm_13371726892', 'osm_615066658', 'osm_577551052', 'osm_615066654', 'osm_2510314658', 'osm_615066653', 'osm_2510314629', 'osm_577550841', 'osm_614475888', 'osm_6182428406', 'osm_30374611', 'osm_508565156', 'osm_2828409789', 'osm_2828409788', 'osm_503350266', 'osm_10678109173', 'osm_10678109769', 'osm_10678086361', 'osm_13318515908', 'osm_156899755', 'osm_8734471586', 'osm_8734471585', 'osm_278744370', 'osm_13676286584', 'osm_13676286585', 'osm_156915419', 'osm_8175990770', 'osm_13688224022', 'osm_5882213666', 'osm_8176307721', 'osm_8176307720', 'osm_14020171431', 'osm_13955311343', 'osm_14046382080', 'osm_14046382079', 'osm_13955311332']",130.81760869565215,0.0,0.0,1.9355553593225494e-07,8.423950008803695,False,STU_0001,canonical_nsga3,0,13.414912207983434
"['osm_2272453696', 'osm_2272453698', 'osm_2272453703', 'osm_2272453704', 'osm_2272453699', 'osm_2272453700', 'osm_2272453705', 'osm_2272453706', 'osm_2510316164', 'osm_201420266', 'osm_201420270', 'osm_2510316291', 'osm_2510316263', 'osm_2510316232', 'osm_2510316218', 'osm_2510316206', 'osm_2510316149', 'osm_2510316059', 'osm_2510316052', 'osm_2510316036', 'osm_2510316034', 'osm_2510316021', 'osm_2510315992', 'osm_2510315969', 'osm_2510315940', 'osm_2510315900', 'osm_201420218', 'osm_201420222', 'osm_201420224', 'osm_9937396248', 'osm_9937396249', 'osm_13371731657', 'osm_13371731656', 'osm_13371726892', 'osm_615066658', 'osm_577551052', 'osm_615066654', 'osm_2510314658', 'osm_615066653', 'osm_2510314629', 'osm_577550841', 'osm_614475888', 'osm_6182428406', 'osm_30374611', 'osm_508565156', 'osm_2828409789', 'osm_2828409788', 'osm_503350266', 'osm_10678109173', 'osm_10678109769', 'osm_10678086361', 'osm_13318515908', 'osm_156899755', 'osm_278744370', 'osm_13676286584', 'osm_13676286585', 'osm_13688224012', 'osm_8237668210', 'osm_1639773078', 'osm_156915381', 'osm_14026668933', 'osm_14026668936', 'osm_8176307724', 'osm_8176307727', 'osm_8176307736', 'osm_13955311336', 'osm_13955311338', 'osm_14046382079', 'osm_13955311332']",130.84618357487926,0.0,0.0,1.927767013798487e-07,8.426226943197621,False,STU_0001,canonical_nsga3,0,13.414912207983434
"['osm_2272453696', 'osm_2272453698', 'osm_2272453703', 'osm_2272453704', 'osm_2272453699', 'osm_2272453700', 'osm_2272453705', 'osm_2272453706', 'osm_2510316164', 'osm_201420266', 'osm_201420270', 'osm_2510316291', 'osm_2510316263', 'osm_2510316232', 'osm_2510316218', 'osm_2510316206', 'osm_2510316149', 'osm_2510316059', 'osm_2510316052', 'osm_2510316036', 'osm_2510316034', 'osm_2510316021', 'osm_2510315992', 'osm_2510315969', 'osm_2510315940', 'osm_2510315900', 'osm_201420218', 'osm_201420222', 'osm_201420224', 'osm_9937396248', 'osm_9937396249', 'osm_13371731657', 'osm_13371731656', 'osm_13371726892', 'osm_615066658', 'osm_577551052', 'osm_615066654', 'osm_2510314658', 'osm_615066653', 'osm_2510314629', 'osm_577550841', 'osm_6182428405', 'osm_6182428406', 'osm_30374611', 'osm_508565156', 'osm_2828409789', 'osm_2828409788', 'osm_503350266', 'osm_10678109173', 'osm_10678109769', 'osm_10678086361', 'osm_13318515908', 'osm_156899755', 'osm_278744370', 'osm_13676286584', 'osm_13676286585', 'osm_13688224012', 'osm_8237668210', 'osm_1639773078', 'osm_156915381', 'osm_14026668933', 'osm_14026668936', 'osm_8176307724', 'osm_8176307727', 'osm_8176307736', 'osm_13955311336', 'osm_13955311338', 'osm_14046382079', 'osm_13955311332']",130.84618357487926,0.0,0.0,1.927767013798487e-07,8.426226943197621,False,STU_0001,canonical_nsga3,0,13.414912207983434
"['osm_2272453696', 'osm_2272453698', 'osm_2272453703', 'osm_2272453704', 'osm_2272453699', 'osm_2272453700', 'osm_2272453705', 'osm_2272453706', 'osm_2510316164', 'osm_201420266', 'osm_201420270', 'osm_2510316291', 'osm_2510316263', 'osm_2510316232', 'osm_2510316218', 'osm_2510316206', 'osm_2510316149', 'osm_2510316059', 'osm_2510316052', 'osm_2510316036', 'osm_2510316034', 'osm_2510316021', 'osm_2510315992', 'osm_2510315969', 'osm_2510315940', 'osm_2510315900', 'osm_201420218', 'osm_201420222', 'osm_201420224', 'osm_9937396248', 'osm_9937396249', 'osm_13371731657', 'osm_13371731656', 'osm_13371726892', 'osm_615066658', 'osm_577551052', 'osm_615066654', 'osm_2510314658', 'osm_615066653', 'osm_2510314629', 'osm_577550841', 'osm_614475888', 'osm_6182428406', 'osm_30374611', 'osm_508565156', 'osm_2828409789', 'osm_2828409788', 'osm_503350266', 'osm_10678109173', 'osm_10678109769', 'osm_10678086361', 'osm_13318515908', 'osm_156899755', 'osm_278744370', 'osm_13676286584', 'osm_13676286585', 'osm_5264609378', 'osm_8237668183', 'osm_156915380', 'osm_1639773078', 'osm_8237668174', 'osm_12441875759', 'osm_560613774', 'osm_266572342', 'osm_1639773111', 'osm_1639773114', 'osm_266572344', 'osm_8176307728', 'osm_13953906788', 'osm_13955311338', 'osm_14046382079', 'osm_13955311332']",130.87760869565219,0.0,0.0,1.9192379907551071e-07,8.428730993617318,False,STU_0001,canonical_nsga3,0,13.414912207983434
"['osm_2272453696', 'osm_2272453698', 'osm_2272453703', 'osm_2272453704', 'osm_2272453699', 'osm_2272453700', 'osm_2272453705', 'osm_2272453706', 'osm_2510316164', 'osm_201420266', 'osm_201420270', 'osm_2510316291', 'osm_2510316263', 'osm_2510316232', 'osm_2510316218', 'osm_2510316206', 'osm_2510316149', 'osm_2510316059', 'osm_2510316052', 'osm_2510316036', 'osm_2510316034', 'osm_2510316021', 'osm_2510315992', 'osm_2510315969', 'osm_2510315940', 'osm_2510315900', 'osm_201420218', 'osm_201420222', 'osm_201420224', 'osm_9937396248', 'osm_9937396249', 'osm_13371731657', 'osm_13371731656', 'osm_13371726892', 'osm_615066658', 'osm_577551052', 'osm_615066654', 'osm_2510314658', 'osm_615066653', 'osm_2510314629', 'osm_577550841', 'osm_6182428405', 'osm_6182428406', 'osm_30374611', 'osm_508565156', 'osm_2828409789', 'osm_2828409788', 'osm_503350266', 'osm_10678109173', 'osm_10678109769', 'osm_10678086361', 'osm_13318515908', 'osm_156899755', 'osm_278744370', 'osm_13676286584', 'osm_13676286585', 'osm_13688224012', 'osm_8237668210', 'osm_1639773078', 'osm_8237668174', 'osm_12441875759', 'osm_560613774', 'osm_266572342', 'osm_1639773111', 'osm_1639773114', 'osm_266572344', 'osm_8176307728', 'osm_13953906788', 'osm_13955311338', 'osm_14046382079', 'osm_13955311332']",130.8820048309179,0.0,0.0,1.9180478594282846e-07,8.429081291216383,False,STU_0001,canonical_nsga3,0,13.414912207983434
"['osm_2272453696', 'osm_2272453698', 'osm_2272453703', 'osm_2272453704', 'osm_2272453699', 'osm_2272453700', 'osm_2272453705', 'osm_2272453706', 'osm_2510316164', 'osm_201420266', 'osm_201420270', 'osm_2510316291', 'osm_2510316263', 'osm_2510316232', 'osm_2510316218', 'osm_2510316206', 'osm_2510316149', 'osm_2510316059', 'osm_2510316052', 'osm_2510316036', 'osm_2510316034', 'osm_2510316021', 'osm_2510315992', 'osm_2510315969', 'osm_2510315940', 'osm_2510315900', 'osm_201420218', 'osm_201420222', 'osm_201420224', 'osm_9937396248', 'osm_9937396249', 'osm_13371731657', 'osm_13371731656', 'osm_13371726892', 'osm_615066658', 'osm_577551052', 'osm_615066654', 'osm_2510314658', 'osm_615066653', 'osm_2510314629', 'osm_577550841', 'osm_614475888', 'osm_6182428406', 'osm_30374611', 'osm_508565156', 'osm_2828409789', 'osm_2828409788', 'osm_503350266', 'osm_10678109173', 'osm_10678109769', 'osm_10678086361', 'osm_13318515908', 'osm_156899755', 'osm_278744370', 'osm_13676286584', 'osm_13676286585', 'osm_13688224012', 'osm_8237668210', 'osm_1639773078', 'osm_8237668174', 'osm_12441875759', 'osm_560613774', 'osm_266572342', 'osm_1639773111', 'osm_1639773114', 'osm_266572344', 'osm_8176307728', 'osm_13953906788', 'osm_13955311338', 'osm_14046382079', 'osm_13955311332']",130.8820048309179,0.0,0.0,1.9180478594282846e-07,8.429081291216383,False,STU_0001,canonical_nsga3,0,13.414912207983434
"['osm_2272453696', 'osm_2272453698', 'osm_2272453703', 'osm_2272453704', 'osm_2272453699', 'osm_2272453700', 'osm_2272453705', 'osm_2272453706', 'osm_2510316164', 'osm_201420266', 'osm_201420270', 'osm_2510316291', 'osm_213703620', 'osm_2510316715', 'osm_2510316263', 'osm_2510316232', 'osm_2510316218', 'osm_2510316206', 'osm_2510316149', 'osm_2510316059', 'osm_2510316052', 'osm_2510316036', 'osm_2510316034', 'osm_2510316021', 'osm_2510315992', 'osm_2510315969', 'osm_2510315940', 'osm_2510315900', 'osm_201420218', 'osm_201420222', 'osm_201420224', 'osm_9937396248', 'osm_9937396249', 'osm_13371731657', 'osm_13371731656', 'osm_13371726892', 'osm_615066658', 'osm_577551052', 'osm_615066654', 'osm_2510314658', 'osm_615066653', 'osm_2510314629', 'osm_577550841', 'osm_614475888', 'osm_6182428406', 'osm_30374611', 'osm_508565156', 'osm_2828409789', 'osm_2828409788', 'osm_503350266', 'osm_10678109173', 'osm_10678109769', 'osm_10678086361', 'osm_13318515908', 'osm_156899755', 'osm_13676286574', 'osm_13676286573', 'osm_13676286584', 'osm_13676286585', 'osm_156915419', 'osm_8175990770', 'osm_13688224022', 'osm_8176307123', 'osm_5882213666', 'osm_8176307721', 'osm_8176307720', 'osm_14020171431', 'osm_13955311343', 'osm_14046382080', 'osm_14046382079', 'osm_13955311332']",131.09968599033817,0.0,0.0,1.860030491851461e-07,8.446426796506383,False,STU_0001,canonical_nsga3,0,13.414912207983434
"['osm_2272453696', 'osm_2272453698', 'osm_2272453703', 'osm_2272453704', 'osm_2272453699', 'osm_2272453700', 'osm_2272453705', 'osm_2272453706', 'osm_2510316164', 'osm_201420266', 'osm_201420270', 'osm_2510316291', 'osm_213703620', 'osm_2510316715', 'osm_2510316263', 'osm_2510316232', 'osm_2510316218', 'osm_2510316206', 'osm_2510316149', 'osm_2510316059', 'osm_2510316052', 'osm_2510316036', 'osm_2510316034', 'osm_2510316021', 'osm_2510315992', 'osm_2510315969', 'osm_2510315940', 'osm_2510315900', 'osm_201420218', 'osm_201420222', 'osm_201420224', 'osm_9937396248', 'osm_9937396249', 'osm_13371731657', 'osm_13371731656', 'osm_13371726892', 'osm_615066658', 'osm_577551052', 'osm_615066654', 'osm_2510314658', 'osm_615066653', 'osm_2510314629', 'osm_577550841', 'osm_6182428405', 'osm_6182428406', 'osm_30374611', 'osm_508565156', 'osm_2828409789', 'osm_2828409788', 'osm_503350266', 'osm_10678109173', 'osm_10678109769', 'osm_10678086361', 'osm_13318515908', 'osm_156899755', 'osm_13676286574', 'osm_13676286573', 'osm_13676286584', 'osm_13676286585', 'osm_156915419', 'osm_8175990770', 'osm_13688224022', 'osm_8176307123', 'osm_5882213666', 'osm_8176307721', 'osm_8176307720', 'osm_14020171431', 'osm_13955311343', 'osm_14046382080', 'osm_14046382079', 'osm_13955311332']",131.09968599033817,0.0,0.0,1.860030491851461e-07,8.446426796506383,False,STU_0001,canonical_nsga3,0,13.414912207983434
"['osm_2272453696', 'osm_2272453698', 'osm_2272453703', 'osm_2272453704', 'osm_2272453699', 'osm_2272453700', 'osm_2272453705', 'osm_2272453706', 'osm_2510316164', 'osm_201420266', 'osm_201420270', 'osm_2510316291', 'osm_213703620', 'osm_2510316715', 'osm_2510316263', 'osm_2510316232', 'osm_2510316218', 'osm_2510316206', 'osm_2510316149', 'osm_2510316059', 'osm_2510316052', 'osm_2510316036', 'osm_2510316034', 'osm_2510316021', 'osm_2510315992', 'osm_2510315969', 'osm_2510315940', 'osm_2510315900', 'osm_201420218', 'osm_201420222', 'osm_201420224', 'osm_9937396248', 'osm_9937396249', 'osm_13371731657', 'osm_13371731656', 'osm_13371726892', 'osm_615066658', 'osm_577551052', 'osm_615066654', 'osm_2510314658', 'osm_615066653', 'osm_2510314629', 'osm_577550841', 'osm_6182428405', 'osm_6182428406', 'osm_30374611', 'osm_508565156', 'osm_2828409789', 'osm_2828409788', 'osm_503350266', 'osm_10678109173', 'osm_10678109769', 'osm_10678086361', 'osm_13318515908', 'osm_156899755', 'osm_13676286574', 'osm_13676286573', 'osm_13676286584', 'osm_13676286585', 'osm_13688224012', 'osm_8175185197', 'osm_13688224022', 'osm_5882213666', 'osm_8176307721', 'osm_8176307720', 'osm_14020171431', 'osm_13955311343', 'osm_14046382080', 'osm_14046382079', 'osm_13955311332']",131.10762077294686,0.0,0.0,1.8579491556369732e-07,8.447059064425577,False,STU_0001,canonical_nsga3,0,13.414912207983434
"['osm_2272453696', 'osm_2272453698', 'osm_2272453703', 'osm_2272453704', 'osm_2272453699', 'osm_2272453700', 'osm_2272453705', 'osm_2272453706', 'osm_2510316164', 'osm_201420266', 'osm_201420270', 'osm_2510316291', 'osm_213703620', 'osm_2510316715', 'osm_2510316263', 'osm_2510316232', 'osm_2510316218', 'osm_2510316206', 'osm_2510316149', 'osm_2510316059', 'osm_2510316052', 'osm_2510316036', 'osm_2510316034', 'osm_2510316021', 'osm_2510315992', 'osm_2510315969', 'osm_2510315940', 'osm_2510315900', 'osm_201420218', 'osm_201420222', 'osm_201420224', 'osm_9937396248', 'osm_9937396249', 'osm_13371731657', 'osm_13371731656', 'osm_13371726892', 'osm_615066658', 'osm_577551052', 'osm_615066654', 'osm_2510314658', 'osm_615066653', 'osm_2510314629', 'osm_577550841', 'osm_6182428405', 'osm_6182428406', 'osm_30374611', 'osm_508565156', 'osm_2828409789', 'osm_2828409788', 'osm_503350266', 'osm_10678109173', 'osm_10678109769', 'osm_10678086361', 'osm_13318515908', 'osm_156899755', 'osm_278744370', 'osm_13676286584', 'osm_13676286585', 'osm_13688224012', 'osm_8175185197', 'osm_13688224022', 'osm_5882213666', 'osm_8176307721', 'osm_8176307720', 'osm_14020171431', 'osm_13955311342', 'osm_13955311331', 'osm_14046382081', 'osm_13955311333', 'osm_14046382092', 'osm_14046382089', 'osm_13955311332']",131.1361594202898,0.0,0.0,1.850482547194332e-07,8.449333111751375,False,STU_0001,canonical_nsga3,0,13.414912207983434
"['osm_2272453696', 'osm_2272453698', 'osm_2272453703', 'osm_2272453704', 'osm_2272453699', 'osm_2272453700', 'osm_2272453705', 'osm_2272453706', 'osm_2510316164', 'osm_201420266', 'osm_201420270', 'osm_2510316291', 'osm_213703620', 'osm_2510316715', 'osm_2510316263', 'osm_2510316232', 'osm_2510316218', 'osm_2510316206', 'osm_2510316149', 'osm_2510316059', 'osm_2510316052', 'osm_2510316036', 'osm_2510316034', 'osm_2510316021', 'osm_2510315992', 'osm_2510315969', 'osm_2510315940', 'osm_2510315900', 'osm_201420218', 'osm_201420222', 'osm_201420224', 'osm_9937396248', 'osm_9937396249', 'osm_13371731657', 'osm_13371731656', 'osm_13371726892', 'osm_615066658', 'osm_577551052', 'osm_615066654', 'osm_2510314658', 'osm_615066653', 'osm_2510314629', 'osm_577550841', 'osm_614475888', 'osm_6182428406', 'osm_30374611', 'osm_508565156', 'osm_2828409789', 'osm_2828409788', 'osm_503350266', 'osm_10678109173', 'osm_10678109769', 'osm_10678086361', 'osm_13318515908', 'osm_156899755', 'osm_278744370', 'osm_13676286584', 'osm_13676286585', 'osm_13688224012', 'osm_8175185197', 'osm_13688224022', 'osm_5882213666', 'osm_8176307721', 'osm_8176307720', 'osm_14020171431', 'osm_13955311342', 'osm_13955311331', 'osm_14046382081', 'osm_13955311333', 'osm_14046382092', 'osm_14046382089', 'osm_13955311332']",131.1361594202898,0.0,0.0,1.850482547194332e-07,8.449333111751375,False,STU_0001,canonical_nsga3,0,13.414912207983434
"['osm_2272453696', 'osm_2272453698', 'osm_2272453703', 'osm_2272453704', 'osm_2272453699', 'osm_2272453700', 'osm_2272453705', 'osm_2272453706', 'osm_2510316164', 'osm_201420266', 'osm_201420270', 'osm_2510316291', 'osm_213703620', 'osm_2510316715', 'osm_2510316263', 'osm_2510316232', 'osm_2510316218', 'osm_2510316206', 'osm_2510316149', 'osm_2510316059', 'osm_2510316052', 'osm_2510316036', 'osm_2510316034', 'osm_2510316021', 'osm_2510315992', 'osm_2510315969', 'osm_2510315940', 'osm_2510315900', 'osm_201420218', 'osm_201420222', 'osm_201420224', 'osm_9937396248', 'osm_9937396249', 'osm_13371731657', 'osm_13371731656', 'osm_13371726892', 'osm_615066658', 'osm_577551052', 'osm_615066654', 'osm_2510314658', 'osm_615066653', 'osm_2510314629', 'osm_577550841', 'osm_614475888', 'osm_6182428406', 'osm_30374611', 'osm_508565156', 'osm_2828409789', 'osm_2828409788', 'osm_503350266', 'osm_10678109173', 'osm_10678109769', 'osm_10678086361', 'osm_13318515908', 'osm_156899755', 'osm_278744370', 'osm_13676286584', 'osm_13676286585', 'osm_156915419', 'osm_8175990770', 'osm_13688224022', 'osm_5882213666', 'osm_8176307721', 'osm_8176307720', 'osm_14020171431', 'osm_13955311342', 'osm_13955311331', 'osm_14046382081', 'osm_13955311333', 'osm_14046382092', 'osm_14046382089', 'osm_13955311332']",131.1365096618357,0.0,0.0,1.8503911003442397e-07,8.449361020076577,False,STU_0001,canonical_nsga3,0,13.414912207983434
"['osm_2272453696', 'osm_2272453698', 'osm_2272453703', 'osm_2272453704', 'osm_2272453699', 'osm_2272453700', 'osm_2272453705', 'osm_2272453706', 'osm_2510316164', 'osm_201420266', 'osm_201420270', 'osm_2510316291', 'osm_213703620', 'osm_2510316715', 'osm_2510316263', 'osm_2510316232', 'osm_2510316218', 'osm_2510316206', 'osm_2510316149', 'osm_2510316059', 'osm_2510316052', 'osm_2510316036', 'osm_2510316034', 'osm_2510316021', 'osm_2510315992', 'osm_2510315969', 'osm_2510315940', 'osm_2510315900', 'osm_201420218', 'osm_201420222', 'osm_201420224', 'osm_9937396248', 'osm_9937396249', 'osm_13371731657', 'osm_13371731656', 'osm_13371726892', 'osm_615066658', 'osm_577551052', 'osm_615066654', 'osm_2510314658', 'osm_615066653', 'osm_2510314629', 'osm_577550841', 'osm_6182428405', 'osm_6182428406', 'osm_30374611', 'osm_508565156', 'osm_2828409789', 'osm_2828409788', 'osm_503350266', 'osm_10678109173', 'osm_10678109769', 'osm_10678086361', 'osm_13318515908', 'osm_156899755', 'osm_278744370', 'osm_13676286584', 'osm_13676286585', 'osm_156915419', 'osm_8175990770', 'osm_13688224022', 'osm_8176307123', 'osm_5882213666', 'osm_8176307721', 'osm_8176307720', 'osm_14020171431', 'osm_13955311343', 'osm_14046382080', 'osm_14046382079', 'osm_13955311332']",131.17490338164248,0.0,0.0,1.8403939028299732e-07,8.452420349932153,False,STU_0001,canonical_nsga3,0,13.414912207983434
"['osm_2272453696', 'osm_2272453698', 'osm_2272453703', 'osm_2272453704', 'osm_2272453699', 'osm_2272453700', 'osm_2272453705', 'osm_2272453706', 'osm_2510316164', 'osm_201420266', 'osm_201420270', 'osm_2510316291', 'osm_213703620', 'osm_2510316715', 'osm_2510316263', 'osm_2510316232', 'osm_2510316218', 'osm_2510316206', 'osm_2510316149', 'osm_2510316059', 'osm_2510316052', 'osm_2510316036', 'osm_2510316034', 'osm_2510316021', 'osm_2510315992', 'osm_2510315969', 'osm_2510315940', 'osm_2510315900', 'osm_201420218', 'osm_201420222', 'osm_201420224', 'osm_9937396248', 'osm_9937396249', 'osm_13371731657', 'osm_13371731656', 'osm_13371726892', 'osm_615066658', 'osm_577551052', 'osm_615066654', 'osm_2510314658', 'osm_615066653', 'osm_2510314629', 'osm_577550841', 'osm_614475888', 'osm_6182428406', 'osm_30374611', 'osm_508565156', 'osm_2828409789', 'osm_2828409788', 'osm_503350266', 'osm_10678109173', 'osm_10678109769', 'osm_10678086361', 'osm_13318515908', 'osm_156899755', 'osm_278744370', 'osm_13676286584', 'osm_13676286585', 'osm_156915419', 'osm_8175990770', 'osm_13688224022', 'osm_8176307123', 'osm_5882213666', 'osm_8176307721', 'osm_8176307720', 'osm_14020171431', 'osm_13955311343', 'osm_14046382080', 'osm_14046382079', 'osm_13955311332']",131.17490338164248,0.0,0.0,1.8403939028299732e-07,8.452420349932153,False,STU_0001,canonical_nsga3,0,13.414912207983434
"['osm_2272453696', 'osm_2272453698', 'osm_2272453703', 'osm_2272453704', 'osm_2272453699', 'osm_2272453700', 'osm_2272453705', 'osm_2272453706', 'osm_2510316164', 'osm_201420266', 'osm_201420270', 'osm_2510316291', 'osm_213703620', 'osm_2510316715', 'osm_2510316263', 'osm_2510316232', 'osm_2510316218', 'osm_2510316206', 'osm_2510316149', 'osm_2510316059', 'osm_2510316052', 'osm_2510316036', 'osm_2510316034', 'osm_2510316021', 'osm_2510315992', 'osm_2510315969', 'osm_2510315940', 'osm_2510315900', 'osm_201420218', 'osm_201420222', 'osm_201420224', 'osm_9937396248', 'osm_9937396249', 'osm_13371731657', 'osm_13371731656', 'osm_13371726892', 'osm_615066658', 'osm_577551052', 'osm_615066654', 'osm_2510314658', 'osm_615066653', 'osm_2510314629', 'osm_577550841', 'osm_6182428405', 'osm_6182428406', 'osm_30374611', 'osm_508565156', 'osm_2828409789', 'osm_2828409788', 'osm_503350266', 'osm_10678109173', 'osm_10678109769', 'osm_10678086361', 'osm_13318515908', 'osm_156899755', 'osm_278744370', 'osm_13676286584', 'osm_13676286585', 'osm_13688224012', 'osm_8175185197', 'osm_13688224022', 'osm_5882213666', 'osm_8176307721', 'osm_8176307720', 'osm_14020171431', 'osm_13955311343', 'osm_14046382080', 'osm_14046382079', 'osm_13955311332']",131.18283816425117,0.0,0.0,1.8383345401495887e-07,8.453052617851348,False,STU_0001,canonical_nsga3,0,13.414912207983434
"['osm_2272453696', 'osm_2272453698', 'osm_2272453703', 'osm_2272453704', 'osm_2272453699', 'osm_2272453700', 'osm_2272453705', 'osm_2272453706', 'osm_2510316164', 'osm_201420266', 'osm_201420270', 'osm_2510316291', 'osm_213703620', 'osm_2510316715', 'osm_2510316263', 'osm_2510316232', 'osm_2510316218', 'osm_2510316206', 'osm_2510316149', 'osm_2510316059', 'osm_2510316052', 'osm_2510316036', 'osm_2510316034', 'osm_2510316021', 'osm_2510315992', 'osm_2510315969', 'osm_2510315940', 'osm_2510315900', 'osm_201420218', 'osm_201420222', 'osm_201420224', 'osm_9937396248', 'osm_9937396249', 'osm_13371731657', 'osm_13371731656', 'osm_13371726892', 'osm_615066658', 'osm_577551052', 'osm_615066654', 'osm_2510314658', 'osm_615066653', 'osm_2510314629', 'osm_577550841', 'osm_614475888', 'osm_6182428406', 'osm_30374611', 'osm_508565156', 'osm_2828409789', 'osm_2828409788', 'osm_503350266', 'osm_10678109173', 'osm_10678109769', 'osm_10678086361', 'osm_13318515908', 'osm_156899755', 'osm_278744370', 'osm_13676286584', 'osm_13676286585', 'osm_13688224012', 'osm_8175185197', 'osm_13688224022', 'osm_5882213666', 'osm_8176307721', 'osm_8176307720', 'osm_14020171431', 'osm_13955311343', 'osm_14046382080', 'osm_14046382079', 'osm_13955311332']",131.18283816425117,0.0,0.0,1.8383345401495887e-07,8.453052617851348,False,STU_0001,canonical_nsga3,0,13.414912207983434
"['osm_2272453696', 'osm_2272453698', 'osm_2272453703', 'osm_2272453704', 'osm_2272453699', 'osm_2272453700', 'osm_2272453705', 'osm_2272453706', 'osm_2510316164', 'osm_201420266', 'osm_201420270', 'osm_2510316291', 'osm_213703620', 'osm_2510316715', 'osm_2510316263', 'osm_2510316232', 'osm_2510316218', 'osm_2510316206', 'osm_2510316149', 'osm_2510316059', 'osm_2510316052', 'osm_2510316036', 'osm_2510316034', 'osm_2510316021', 'osm_2510315992', 'osm_2510315969', 'osm_2510315940', 'osm_2510315900', 'osm_201420218', 'osm_201420222', 'osm_201420224', 'osm_9937396248', 'osm_9937396249', 'osm_13371731657', 'osm_13371731656', 'osm_13371726892', 'osm_615066658', 'osm_577551052', 'osm_615066654', 'osm_2510314658', 'osm_615066653', 'osm_2510314629', 'osm_577550841', 'osm_6182428405', 'osm_6182428406', 'osm_30374611', 'osm_508565156', 'osm_2828409789', 'osm_2828409788', 'osm_503350266', 'osm_10678109173', 'osm_10678109769', 'osm_10678086361', 'osm_13318515908', 'osm_156899755', 'osm_278744370', 'osm_13676286584', 'osm_13676286585', 'osm_156915419', 'osm_8175990770', 'osm_13688224022', 'osm_5882213666', 'osm_8176307721', 'osm_8176307720', 'osm_14020171431', 'osm_13955311343', 'osm_14046382080', 'osm_14046382079', 'osm_13955311332']",131.18318840579707,0.0,0.0,1.8382436928199297e-07,8.453080526176548,False,STU_0001,canonical_nsga3,0,13.414912207983434
"['osm_2272453696', 'osm_2272453698', 'osm_2272453703', 'osm_2272453704', 'osm_2272453699', 'osm_2272453700', 'osm_2272453705', 'osm_2272453706', 'osm_2510316164', 'osm_201420266', 'osm_201420270', 'osm_2510316291', 'osm_213703620', 'osm_2510316715', 'osm_2510316263', 'osm_2510316232', 'osm_2510316218', 'osm_2510316206', 'osm_2510316149', 'osm_2510316059', 'osm_2510316052', 'osm_2510316036', 'osm_2510316034', 'osm_2510316021', 'osm_2510315992', 'osm_2510315969', 'osm_2510315940', 'osm_2510315900', 'osm_201420218', 'osm_201420222', 'osm_201420224', 'osm_9937396248', 'osm_9937396249', 'osm_13371731657', 'osm_13371731656', 'osm_13371726892', 'osm_615066658', 'osm_577551052', 'osm_615066654', 'osm_2510314658', 'osm_615066653', 'osm_2510314629', 'osm_577550841', 'osm_614475888', 'osm_6182428406', 'osm_30374611', 'osm_508565156', 'osm_2828409789', 'osm_2828409788', 'osm_503350266', 'osm_10678109173', 'osm_10678109769', 'osm_10678086361', 'osm_13318515908', 'osm_156899755', 'osm_278744370', 'osm_13676286584', 'osm_13676286585', 'osm_156915419', 'osm_8175990770', 'osm_13688224022', 'osm_5882213666', 'osm_8176307721', 'osm_8176307720', 'osm_14020171431', 'osm_13955311343', 'osm_14046382080', 'osm_14046382079', 'osm_13955311332']",131.18318840579707,0.0,0.0,1.8382436928199297e-07,8.453080526176548,False,STU_0001,canonical_nsga3,0,13.414912207983434
"['osm_2272453696', 'osm_2272453698', 'osm_2272453703', 'osm_2272453704', 'osm_2272453699', 'osm_2272453700', 'osm_2272453705', 'osm_2272453706', 'osm_2510316164', 'osm_201420266', 'osm_201420270', 'osm_2510316291', 'osm_213703620', 'osm_2510316715', 'osm_2510316263', 'osm_2510316232', 'osm_2510316218', 'osm_2510316206', 'osm_2510316149', 'osm_2510316059', 'osm_2510316052', 'osm_2510316036', 'osm_2510316034', 'osm_2510316021', 'osm_2510315992', 'osm_2510315969', 'osm_2510315940', 'osm_2510315900', 'osm_201420218', 'osm_201420222', 'osm_201420224', 'osm_9937396248', 'osm_9937396249', 'osm_13371731657', 'osm_13371731656', 'osm_13371726892', 'osm_615066658', 'osm_577551052', 'osm_615066654', 'osm_2510314658', 'osm_615066653', 'osm_2510314629', 'osm_577550841', 'osm_6182428405', 'osm_6182428406', 'osm_30374611', 'osm_508565156', 'osm_2828409789', 'osm_2828409788', 'osm_503350266', 'osm_10678109173', 'osm_10678109769', 'osm_10678086361', 'osm_13318515908', 'osm_156899755', 'osm_13676286574', 'osm_13676286573', 'osm_13676286584', 'osm_13676286585', 'osm_5264609378', 'osm_8237668183', 'osm_8237668210', 'osm_1639773078', 'osm_156915381', 'osm_560613774', 'osm_8176307724', 'osm_8176307727', 'osm_8176307736', 'osm_13955311336', 'osm_13955311338', 'osm_14046382079', 'osm_13955311332']",131.8869565217392,0.0,0.0,1.664472337736811e-07,8.509158937420386,False,STU_0001,canonical_nsga3,0,13.414912207983434
"['osm_2272453696', 'osm_2272453698', 'osm_2272453703', 'osm_2272453704', 'osm_2272453699', 'osm_2272453700', 'osm_2272453705', 'osm_2272453706', 'osm_2510316164', 'osm_201420266', 'osm_201420270', 'osm_2510316291', 'osm_213703620', 'osm_2510316715', 'osm_2510316263', 'osm_2510316232', 'osm_2510316218', 'osm_2510316206', 'osm_2510316149', 'osm_2510316059', 'osm_2510316052', 'osm_2510316036', 'osm_2510316034', 'osm_2510316021', 'osm_2510315992', 'osm_2510315969', 'osm_2510315940', 'osm_2510315900', 'osm_201420218', 'osm_201420222', 'osm_201420224', 'osm_9937396248', 'osm_9937396249', 'osm_13371731657', 'osm_13371731656', 'osm_13371726892', 'osm_615066658', 'osm_577551052', 'osm_615066654', 'osm_2510314658', 'osm_615066653', 'osm_2510314629', 'osm_577550841', 'osm_614475888', 'osm_6182428406', 'osm_30374611', 'osm_508565156', 'osm_2828409789', 'osm_2828409788', 'osm_503350266', 'osm_10678109173', 'osm_10678109769', 'osm_10678086361', 'osm_13318515908', 'osm_156899755', 'osm_13676286574', 'osm_13676286573', 'osm_13676286584', 'osm_13676286585', 'osm_13688224012', 'osm_8237668210', 'osm_1639773078', 'osm_156915381', 'osm_560613774', 'osm_8176307724', 'osm_8176307727', 'osm_8176307736', 'osm_13955311336', 'osm_13955311338', 'osm_14046382079', 'osm_13955311332']",131.92948067632855,0.0,0.0,1.654515066062956e-07,8.512547393042114,False,STU_0001,canonical_nsga3,0,13.414912207983434
"['osm_2272453696', 'osm_2272453698', 'osm_2272453703', 'osm_2272453704', 'osm_2272453699', 'osm_2272453700', 'osm_2272453705', 'osm_2272453706', 'osm_2510316164', 'osm_201420266', 'osm_201420270', 'osm_2510316291', 'osm_213703620', 'osm_2510316715', 'osm_2510316263', 'osm_2510316232', 'osm_2510316218', 'osm_2510316206', 'osm_2510316149', 'osm_2510316059', 'osm_2510316052', 'osm_2510316036', 'osm_2510316034', 'osm_2510316021', 'osm_2510315992', 'osm_2510315969', 'osm_2510315940', 'osm_2510315900', 'osm_201420218', 'osm_201420222', 'osm_201420224', 'osm_9937396248', 'osm_9937396249', 'osm_13371731657', 'osm_13371731656', 'osm_13371726892', 'osm_615066658', 'osm_577551052', 'osm_615066654', 'osm_2510314658', 'osm_615066653', 'osm_2510314629', 'osm_577550841', 'osm_6182428405', 'osm_6182428406', 'osm_30374611', 'osm_508565156', 'osm_2828409789', 'osm_2828409788', 'osm_503350266', 'osm_10678109173', 'osm_10678109769', 'osm_10678086361', 'osm_13318515908', 'osm_156899755', 'osm_278744370', 'osm_13676286584', 'osm_13676286585', 'osm_5264609378', 'osm_8237668183', 'osm_8237668210', 'osm_1639773078', 'osm_156915381', 'osm_560613774', 'osm_8176307724', 'osm_8176307727', 'osm_8176307736', 'osm_13955311336', 'osm_13955311338', 'osm_14046382079', 'osm_13955311332']",131.9621739130435,0.0,0.0,1.6469002805941102e-07,8.515152490846155,False,STU_0001,canonical_nsga3,0,13.414912207983434
"['osm_2272453696', 'osm_2272453698', 'osm_2272453703', 'osm_2272453704', 'osm_2272453699', 'osm_2272453700', 'osm_2272453705', 'osm_2272453706', 'osm_2510316164', 'osm_201420266', 'osm_201420270', 'osm_2510316291', 'osm_213703620', 'osm_2510316715', 'osm_2510316263', 'osm_2510316232', 'osm_2510316218', 'osm_2510316206', 'osm_2510316149', 'osm_2510316059', 'osm_2510316052', 'osm_2510316036', 'osm_2510316034', 'osm_2510316021', 'osm_2510315992', 'osm_2510315969', 'osm_2510315940', 'osm_2510315900', 'osm_201420218', 'osm_201420222', 'osm_201420224', 'osm_9937396248', 'osm_9937396249', 'osm_13371731657', 'osm_13371731656', 'osm_13371726892', 'osm_615066658', 'osm_577551052', 'osm_615066654', 'osm_2510314658', 'osm_615066653', 'osm_2510314629', 'osm_577550841', 'osm_614475888', 'osm_6182428406', 'osm_30374611', 'osm_508565156', 'osm_2828409789', 'osm_2828409788', 'osm_503350266', 'osm_10678109173', 'osm_10678109769', 'osm_10678086361', 'osm_13318515908', 'osm_156899755', 'osm_278744370', 'osm_13676286584', 'osm_13676286585', 'osm_5264609378', 'osm_8237668183', 'osm_8237668210', 'osm_1639773078', 'osm_156915381', 'osm_560613774', 'osm_8176307724', 'osm_8176307727', 'osm_8176307736', 'osm_13955311336', 'osm_13955311338', 'osm_14046382079', 'osm_13955311332']",131.9621739130435,0.0,0.0,1.6469002805941102e-07,8.515152490846155,False,STU_0001,canonical_nsga3,0,13.414912207983434
"['osm_2272453696', 'osm_2272453698', 'osm_2272453703', 'osm_2272453704', 'osm_2272453699', 'osm_2272453700', 'osm_2272453705', 'osm_2272453706', 'osm_2510316164', 'osm_201420266', 'osm_201420270', 'osm_2510316291', 'osm_213703620', 'osm_2510316715', 'osm_2510316263', 'osm_2510316232', 'osm_2510316218', 'osm_2510316206', 'osm_2510316149', 'osm_2510316059', 'osm_2510316052', 'osm_2510316036', 'osm_2510316034', 'osm_2510316021', 'osm_2510315992', 'osm_2510315969', 'osm_2510315940', 'osm_2510315900', 'osm_201420218', 'osm_201420222', 'osm_201420224', 'osm_9937396248', 'osm_9937396249', 'osm_13371731657', 'osm_13371731656', 'osm_13371726892', 'osm_615066658', 'osm_577551052', 'osm_615066654', 'osm_2510314658', 'osm_615066653', 'osm_2510314629', 'osm_577550841', 'osm_6182428405', 'osm_6182428406', 'osm_30374611', 'osm_508565156', 'osm_2828409789', 'osm_2828409788', 'osm_503350266', 'osm_10678109173', 'osm_10678109769', 'osm_10678086361', 'osm_13318515908', 'osm_156899755', 'osm_278744370', 'osm_13676286584', 'osm_13676286585', 'osm_13688224012', 'osm_8237668210', 'osm_1639773078', 'osm_156915381', 'osm_560613774', 'osm_8176307724', 'osm_8176307727', 'osm_8176307736', 'osm_13955311336', 'osm_13955311338', 'osm_14046382079', 'osm_13955311332']",132.00469806763286,0.0,0.0,1.637048131497565e-07,8.518540946467883,False,STU_0001,canonical_nsga3,0,13.414912207983434
"['osm_2272453696', 'osm_2272453698', 'osm_2272453703', 'osm_2272453704', 'osm_2272453699', 'osm_2272453700', 'osm_2272453705', 'osm_2272453706', 'osm_2510316164', 'osm_201420266', 'osm_201420270', 'osm_2510316291', 'osm_213703620', 'osm_2510316715', 'osm_2510316263', 'osm_2510316232', 'osm_2510316218', 'osm_2510316206', 'osm_2510316149', 'osm_2510316059', 'osm_2510316052', 'osm_2510316036', 'osm_2510316034', 'osm_2510316021', 'osm_2510315992', 'osm_2510315969', 'osm_2510315940', 'osm_2510315900', 'osm_201420218', 'osm_201420222', 'osm_201420224', 'osm_9937396248', 'osm_9937396249', 'osm_13371731657', 'osm_13371731656', 'osm_13371726892', 'osm_615066658', 'osm_577551052', 'osm_615066654', 'osm_2510314658', 'osm_615066653', 'osm_2510314629', 'osm_577550841', 'osm_614475888', 'osm_6182428406', 'osm_30374611', 'osm_508565156', 'osm_2828409789', 'osm_2828409788', 'osm_503350266', 'osm_10678109173', 'osm_10678109769', 'osm_10678086361', 'osm_13318515908', 'osm_156899755', 'osm_278744370', 'osm_13676286584', 'osm_13676286585', 'osm_13688224012', 'osm_8237668210', 'osm_1639773078', 'osm_156915381', 'osm_560613774', 'osm_8176307724', 'osm_8176307727', 'osm_8176307736', 'osm_13955311336', 'osm_13955311338', 'osm_14046382079', 'osm_13955311332']",132.00469806763286,0.0,0.0,1.637048131497565e-07,8.518540946467883,False,STU_0001,canonical_nsga3,0,13.414912207983434
"['osm_2272453696', 'osm_2272453698', 'osm_2272453703', 'osm_2272453704', 'osm_2272453699', 'osm_2272453700', 'osm_2272453705', 'osm_2272453706', 'osm_2510316164', 'osm_201420266', 'osm_201420270', 'osm_2510316291', 'osm_213703620', 'osm_2510316715', 'osm_2510316263', 'osm_2510316232', 'osm_2510316218', 'osm_2510316206', 'osm_2510316149', 'osm_2510316059', 'osm_2510316052', 'osm_2510316036', 'osm_2510316034', 'osm_2510316021', 'osm_2510315992', 'osm_2510315969', 'osm_2510315940', 'osm_2510315900', 'osm_201420218', 'osm_201420222', 'osm_201420224', 'osm_9937396248', 'osm_9937396249', 'osm_13371731657', 'osm_13371731656', 'osm_13371726892', 'osm_615066658', 'osm_577551052', 'osm_615066654', 'osm_2510314658', 'osm_615066653', 'osm_2510314629', 'osm_577550841', 'osm_6182428405', 'osm_6182428406', 'osm_30374611', 'osm_508565156', 'osm_2828409789', 'osm_2828409788', 'osm_503350266', 'osm_10678109173', 'osm_10678109769', 'osm_10678086361', 'osm_13318515908', 'osm_156899755', 'osm_278744370', 'osm_13676286584', 'osm_13676286585', 'osm_13688224012', 'osm_8237668210', 'osm_1639773078', 'osm_156915381', 'osm_560613774', 'osm_266572342', 'osm_1639773111', 'osm_1639773114', 'osm_8176307736', 'osm_13955311336', 'osm_13955311338', 'osm_14046382079', 'osm_13955311332']",132.10735507246383,0.0,0.0,1.613506377395879e-07,8.526720972819694,False,STU_0001,canonical_nsga3,0,13.414912207983434
"['osm_2272453696', 'osm_2272453698', 'osm_2272453703', 'osm_2272453704', 'osm_2272453699', 'osm_2272453700', 'osm_2272453705', 'osm_2272453706', 'osm_2510316164', 'osm_201420266', 'osm_201420270', 'osm_2510316291', 'osm_213703620', 'osm_2510316715', 'osm_2510316263', 'osm_2510316232', 'osm_2510316218', 'osm_2510316206', 'osm_2510316149', 'osm_2510316059', 'osm_2510316052', 'osm_2510316036', 'osm_2510316034', 'osm_2510316021', 'osm_2510315992', 'osm_2510315969', 'osm_2510315940', 'osm_2510315900', 'osm_201420218', 'osm_201420222', 'osm_201420224', 'osm_9937396248', 'osm_9937396249', 'osm_13371731657', 'osm_13371731656', 'osm_13371726892', 'osm_615066658', 'osm_577551052', 'osm_615066654', 'osm_2510314658', 'osm_615066653', 'osm_2510314629', 'osm_577550841', 'osm_614475888', 'osm_6182428406', 'osm_30374611', 'osm_508565156', 'osm_2828409789', 'osm_2828409788', 'osm_503350266', 'osm_10678109173', 'osm_10678109769', 'osm_10678086361', 'osm_13318515908', 'osm_156899755', 'osm_278744370', 'osm_13676286584', 'osm_13676286585', 'osm_13688224012', 'osm_8237668210', 'osm_1639773078', 'osm_156915381', 'osm_560613774', 'osm_266572342', 'osm_1639773111', 'osm_8176307727', 'osm_8176307736', 'osm_13955311336', 'osm_13955311338', 'osm_14046382079', 'osm_13955311332']",132.1100241545894,0.0,0.0,1.6128988278296674e-07,8.52693365350484,False,STU_0001,canonical_nsga3,0,13.414912207983434
"['osm_2272453696', 'osm_2272453698', 'osm_2272453703', 'osm_2272453704', 'osm_2272453699', 'osm_2272453700', 'osm_2272453705', 'osm_2272453706', 'osm_2510316164', 'osm_201420266', 'osm_201420270', 'osm_2510316291', 'osm_213703620', 'osm_2510316715', 'osm_2510316263', 'osm_2510316232', 'osm_2510316218', 'osm_2510316206', 'osm_2510316149', 'osm_2510316059', 'osm_2510316052', 'osm_2510316036', 'osm_2510316034', 'osm_2510316021', 'osm_2510315992', 'osm_2510315969', 'osm_2510315940', 'osm_2510315900', 'osm_201420218', 'osm_201420222', 'osm_201420224', 'osm_9937396248', 'osm_9937396249', 'osm_13371731657', 'osm_13371731656', 'osm_13371726892', 'osm_615066658', 'osm_577551052', 'osm_615066654', 'osm_2510314658', 'osm_615066653', 'osm_2510314629', 'osm_577550841', 'osm_6182428405', 'osm_6182428406', 'osm_30374611', 'osm_508565156', 'osm_2828409789', 'osm_2828409788', 'osm_503350266', 'osm_10678109173', 'osm_10678109769', 'osm_10678086361', 'osm_13318515908', 'osm_156899755', 'osm_278744370', 'osm_13676286584', 'osm_13676286585', 'osm_13688224012', 'osm_8237668210', 'osm_1639773078', 'osm_8237668174', 'osm_12441875759', 'osm_560613774', 'osm_266572342', 'osm_1639773111', 'osm_1639773114', 'osm_266572344', 'osm_8176307728', 'osm_13953906788', 'osm_13955311338', 'osm_14046382079', 'osm_13955311332']",132.21526570048312,0.0,0.0,1.589124726253388e-07,8.535319624049505,False,STU_0001,canonical_nsga3,0,13.414912207983434
"['osm_2272453696', 'osm_2272453698', 'osm_2272453703', 'osm_2272453704', 'osm_2272453699', 'osm_2272453700', 'osm_2272453705', 'osm_2272453706', 'osm_2510316164', 'osm_201420266', 'osm_201420270', 'osm_2510316291', 'osm_2510316263', 'osm_2510316232', 'osm_2510316218', 'osm_2510316206', 'osm_2510316149', 'osm_2510316059', 'osm_2510316052', 'osm_2510316036', 'osm_2510316034', 'osm_2510316021', 'osm_2510315992', 'osm_2510315969', 'osm_2510315940', 'osm_2510315900', 'osm_201420218', 'osm_2510315904', 'osm_615066697', 'osm_201420208', 'osm_615066700', 'osm_577553852', 'osm_2510316795', 'osm_2510316349', 'osm_201420205', 'osm_7881423693', 'osm_27161180', 'osm_577552463', 'osm_615066692', 'osm_6789341777', 'osm_6789341775', 'osm_7719511463', 'osm_7719511454', 'osm_7719511453', 'osm_1032866487', 'osm_1032866914', 'osm_1032866702', 'osm_1032866361', 'osm_1032023739', 'osm_2077157687', 'osm_2077157681', 'osm_1032022154', 'osm_1032023790', 'osm_4290857260', 'osm_8734471574', 'osm_13318515908', 'osm_156899755', 'osm_278744370', 'osm_13676286584', 'osm_13676286585', 'osm_13688224012', 'osm_8175185197', 'osm_13688224022', 'osm_5882213666', 'osm_8176307721', 'osm_8176307720', 'osm_14020171431', 'osm_13955311343', 'osm_14046382080', 'osm_14046382079', 'osm_13955311332']",165.49004830917866,0.0,0.0,1.3594885217571573e-09,11.186756796195137,False,STU_0001,canonical_nsga3,0,13.414912207983434
"['osm_2272453696', 'osm_2272453698', 'osm_2272453703', 'osm_2272453704', 'osm_2272453699', 'osm_2272453700', 'osm_2272453705', 'osm_2272453706', 'osm_2510316164', 'osm_201420266', 'osm_201420270', 'osm_2510316291', 'osm_2510316263', 'osm_2510316232', 'osm_2510316218', 'osm_2510316206', 'osm_2510316149', 'osm_2510316059', 'osm_2510316052', 'osm_2510316036', 'osm_2510316034', 'osm_2510316021', 'osm_2510315992', 'osm_2510315969', 'osm_2510315940', 'osm_2510315900', 'osm_201420218', 'osm_2510315904', 'osm_615066697', 'osm_201420208', 'osm_615066700', 'osm_577553852', 'osm_2510316795', 'osm_2510316349', 'osm_201420205', 'osm_7881423693', 'osm_27161180', 'osm_577552463', 'osm_615066692', 'osm_6789341777', 'osm_6789341775', 'osm_7719511463', 'osm_7719511454', 'osm_1032866316', 'osm_1032866487', 'osm_1032866914', 'osm_1032866702', 'osm_1032866361', 'osm_1032023739', 'osm_2077157687', 'osm_2077157681', 'osm_1032022154', 'osm_1032023790', 'osm_4290857260', 'osm_8734471574', 'osm_13318515908', 'osm_156899755', 'osm_278744370', 'osm_13676286584', 'osm_13676286585', 'osm_13688224012', 'osm_8175185197', 'osm_13688224022', 'osm_8176307123', 'osm_5882213666', 'osm_8176307721', 'osm_8176307720', 'osm_14020171431', 'osm_13955311343', 'osm_14046382080', 'osm_14046382079', 'osm_13955311332']",165.60248792270525,0.0,0.0,1.337761679209848e-09,11.195716330940472,False,STU_0001,canonical_nsga3,0,13.414912207983434
"['osm_2272453696', 'osm_2272453698', 'osm_2272453703', 'osm_2272453704', 'osm_2272453699', 'osm_2272453700', 'osm_2272453705', 'osm_2272453706', 'osm_2510316164', 'osm_201420266', 'osm_201420270', 'osm_2510316291', 'osm_2510316263', 'osm_2510316232', 'osm_2510316218', 'osm_2510316206', 'osm_2510316149', 'osm_2510316059', 'osm_2510316052', 'osm_2510316036', 'osm_2510316034', 'osm_2510316021', 'osm_2510315992', 'osm_2510315969', 'osm_2510315940', 'osm_2510315900', 'osm_201420218', 'osm_2510315904', 'osm_615066697', 'osm_201420208', 'osm_615066700', 'osm_577553852', 'osm_2510316795', 'osm_2510316349', 'osm_201420205', 'osm_7881423693', 'osm_27161180', 'osm_577552463', 'osm_615066692', 'osm_6789341777', 'osm_6789341775', 'osm_7719511463', 'osm_7719511454', 'osm_1032866316', 'osm_1032866487', 'osm_1032866914', 'osm_1032866702', 'osm_1032866361', 'osm_1032023739', 'osm_2077157687', 'osm_2077157681', 'osm_1032022154', 'osm_1032023790', 'osm_4290857260', 'osm_8734471574', 'osm_13318515908', 'osm_156899755', 'osm_278744370', 'osm_13676286584', 'osm_13676286585', 'osm_156915419', 'osm_8175990770', 'osm_13688224022', 'osm_8176307123', 'osm_5882213666', 'osm_8176307721', 'osm_8176307720', 'osm_14020171431', 'osm_13955311343', 'osm_14046382080', 'osm_14046382079', 'osm_13955311332']",165.60283816425115,0.0,0.0,1.3376946217391605e-09,11.195744239265673,False,STU_0001,canonical_nsga3,0,13.414912207983434
"['osm_2272453696', 'osm_2272453698', 'osm_2272453703', 'osm_2272453704', 'osm_2272453699', 'osm_2272453700', 'osm_2272453705', 'osm_2272453706', 'osm_2510316164', 'osm_201420266', 'osm_201420270', 'osm_2510316291', 'osm_2510316263', 'osm_2510316232', 'osm_2510316218', 'osm_2510316206', 'osm_2510316149', 'osm_2510316059', 'osm_2510316052', 'osm_2510316036', 'osm_2510316034', 'osm_2510316021', 'osm_2510315992', 'osm_2510315969', 'osm_2510315940', 'osm_2510315900', 'osm_201420218', 'osm_2510315904', 'osm_615066697', 'osm_201420208', 'osm_615066700', 'osm_577553852', 'osm_2510316795', 'osm_2510316349', 'osm_201420205', 'osm_7881423693', 'osm_27161180', 'osm_577552463', 'osm_615066692', 'osm_6789341777', 'osm_6789341775', 'osm_7719511463', 'osm_7719511454', 'osm_1032866316', 'osm_1032866487', 'osm_1032866914', 'osm_1032866702', 'osm_1032866361', 'osm_1032023739', 'osm_2077157687', 'osm_2077157681', 'osm_1032022154', 'osm_1032023790', 'osm_4290857260', 'osm_8734471574', 'osm_13318515908', 'osm_156899755', 'osm_278744370', 'osm_13676286584', 'osm_13676286585', 'osm_13688224012', 'osm_8175185197', 'osm_13688224022', 'osm_5882213666', 'osm_8176307721', 'osm_8176307720', 'osm_14020171431', 'osm_13955311343', 'osm_14046382080', 'osm_14046382079', 'osm_13955311332']",165.61077294685984,0.0,0.0,1.3361745043738438e-09,11.196376507184866,False,STU_0001,canonical_nsga3,0,13.414912207983434
"['osm_2272453696', 'osm_2272453698', 'osm_2272453703', 'osm_2272453704', 'osm_2272453699', 'osm_2272453700', 'osm_2272453705', 'osm_2272453706', 'osm_2510316164', 'osm_201420266', 'osm_201420270', 'osm_2510316291', 'osm_2510316263', 'osm_2510316232', 'osm_2510316218', 'osm_2510316206', 'osm_2510316149', 'osm_2510316059', 'osm_2510316052', 'osm_2510316036', 'osm_2510316034', 'osm_2510316021', 'osm_2510315992', 'osm_2510315969', 'osm_2510315940', 'osm_2510315900', 'osm_201420218', 'osm_2510315904', 'osm_615066697', 'osm_201420208', 'osm_615066700', 'osm_577553852', 'osm_2510316795', 'osm_2510316349', 'osm_201420205', 'osm_7881423693', 'osm_27161180', 'osm_577552463', 'osm_615066692', 'osm_6789341777', 'osm_6789341775', 'osm_7719511463', 'osm_7719511454', 'osm_1032866316', 'osm_1032866487', 'osm_1032866914', 'osm_1032866702', 'osm_1032866361', 'osm_1032023739', 'osm_2077157687', 'osm_2077157681', 'osm_1032022154', 'osm_1032023790', 'osm_4290857260', 'osm_8734471574', 'osm_13318515908', 'osm_156899755', 'osm_278744370', 'osm_13676286584', 'osm_13676286585', 'osm_156915419', 'osm_8175990770', 'osm_13688224022', 'osm_5882213666', 'osm_8176307721', 'osm_8176307720', 'osm_14020171431', 'osm_13955311343', 'osm_14046382080', 'osm_14046382079', 'osm_13955311332']",165.61112318840574,0.0,0.0,1.3361074469031564e-09,11.196404415510065,False,STU_0001,canonical_nsga3,0,13.414912207983434
"['osm_2272453696', 'osm_2272453698', 'osm_2272453703', 'osm_2272453704', 'osm_2272453699', 'osm_2272453700', 'osm_2272453705', 'osm_2272453706', 'osm_2510316164', 'osm_201420266', 'osm_201420270', 'osm_2510316291', 'osm_2510316263', 'osm_2510316232', 'osm_2510316218', 'osm_2510316206', 'osm_2510316149', 'osm_2510316059', 'osm_2510316052', 'osm_2510316036', 'osm_2510316034', 'osm_2510316021', 'osm_2510315992', 'osm_2510315969', 'osm_2510315940', 'osm_2510315900', 'osm_201420218', 'osm_2510315904', 'osm_615066697', 'osm_201420208', 'osm_615066700', 'osm_577553852', 'osm_2510316795', 'osm_2510316349', 'osm_201420205', 'osm_7881423693', 'osm_27161180', 'osm_577552463', 'osm_615066692', 'osm_6789341777', 'osm_6789341775', 'osm_7719511463', 'osm_7719511454', 'osm_7719511453', 'osm_1032866487', 'osm_1032866914', 'osm_1032866702', 'osm_1032866361', 'osm_1032023739', 'osm_2077157687', 'osm_2077157681', 'osm_1032022154', 'osm_1032023790', 'osm_4290857260', 'osm_8734471574', 'osm_13318515908', 'osm_156899755', 'osm_278744370', 'osm_13676286584', 'osm_13676286585', 'osm_13688224012', 'osm_8175185197', 'osm_13688224026', 'osm_8176307124', 'osm_8176307123', 'osm_5882213666', 'osm_8176307721', 'osm_8176307720', 'osm_14020171431', 'osm_13955311343', 'osm_14046382080', 'osm_14046382079', 'osm_13955311332']",166.18678743961345,0.0,0.0,1.2303245089384518e-09,11.242275116222883,False,STU_0001,canonical_nsga3,0,13.414912207983434
"['osm_2272453696', 'osm_2272453698', 'osm_2272453703', 'osm_2272453704', 'osm_2272453699', 'osm_2272453700', 'osm_2272453705', 'osm_2272453706', 'osm_2510316164', 'osm_201420266', 'osm_201420270', 'osm_2510316291', 'osm_2510316263', 'osm_2510316232', 'osm_2510316218', 'osm_2510316206', 'osm_2510316149', 'osm_2510316059', 'osm_2510316052', 'osm_2510316036', 'osm_2510316034', 'osm_2510316021', 'osm_2510315992', 'osm_2510315969', 'osm_2510315940', 'osm_2510315900', 'osm_201420218', 'osm_2510315904', 'osm_615066697', 'osm_201420208', 'osm_615066700', 'osm_577553852', 'osm_2510316795', 'osm_2510316349', 'osm_201420205', 'osm_7881423693', 'osm_27161180', 'osm_577552463', 'osm_615066692', 'osm_6789341777', 'osm_6789341775', 'osm_7719511463', 'osm_7719511454', 'osm_7719511453', 'osm_1032866487', 'osm_1032866914', 'osm_1032866702', 'osm_1032866361', 'osm_1032023739', 'osm_2077157687', 'osm_2077157681', 'osm_1032022154', 'osm_1032023790', 'osm_4290857260', 'osm_8734471574', 'osm_13318515908', 'osm_156899755', 'osm_13676286574', 'osm_13676286573', 'osm_13676286584', 'osm_13676286585', 'osm_13688224012', 'osm_8237668210', 'osm_1639773078', 'osm_156915381', 'osm_560613774', 'osm_8176307724', 'osm_8176307727', 'osm_8176307736', 'osm_13955311336', 'osm_13955311338', 'osm_14046382079', 'osm_13955311332']",166.236690821256,0.0,0.0,1.2215588540698263e-09,11.246251571385905,False,STU_0001,canonical_nsga3,0,13.414912207983434
"['osm_2272453696', 'osm_2272453698', 'osm_2272453703', 'osm_2272453704', 'osm_2272453699', 'osm_2272453700', 'osm_2272453705', 'osm_2272453706', 'osm_2510316164', 'osm_201420266', 'osm_201420270', 'osm_2510316291', 'osm_2510316263', 'osm_2510316232', 'osm_2510316218', 'osm_2510316206', 'osm_2510316149', 'osm_2510316059', 'osm_2510316052', 'osm_2510316036', 'osm_2510316034', 'osm_2510316021', 'osm_2510315992', 'osm_2510315969', 'osm_2510315940', 'osm_2510315900', 'osm_201420218', 'osm_2510315904', 'osm_615066697', 'osm_201420208', 'osm_615066700', 'osm_577553852', 'osm_2510316795', 'osm_2510316349', 'osm_201420205', 'osm_7881423693', 'osm_27161180', 'osm_577552463', 'osm_615066692', 'osm_6789341777', 'osm_6789341775', 'osm_7719511463', 'osm_7719511454', 'osm_7719511453', 'osm_1032866487', 'osm_1032866914', 'osm_1032866702', 'osm_1032866361', 'osm_1032023739', 'osm_2077157687', 'osm_2077157681', 'osm_1032022154', 'osm_1032023790', 'osm_4290857260', 'osm_8734471574', 'osm_13318515908', 'osm_156899755', 'osm_278744370', 'osm_13676286584', 'osm_13676286585', 'osm_5264609378', 'osm_8237668183', 'osm_156915380', 'osm_1639773078', 'osm_156915381', 'osm_560613774', 'osm_8176307724', 'osm_8176307727', 'osm_8176307736', 'osm_13955311336', 'osm_13955311338', 'osm_14046382079', 'osm_13955311332']",166.30751207729466,0.0,0.0,1.2092258305784753e-09,11.251894827212611,False,STU_0001,canonical_nsga3,0,13.414912207983434
"['osm_2272453696', 'osm_2272453698', 'osm_2272453703', 'osm_2272453704', 'osm_2272453699', 'osm_2272453700', 'osm_2272453705', 'osm_2272453706', 'osm_2510316164', 'osm_201420266', 'osm_201420270', 'osm_2510316291', 'osm_2510316263', 'osm_2510316232', 'osm_2510316218', 'osm_2510316206', 'osm_2510316149', 'osm_2510316059', 'osm_2510316052', 'osm_2510316036', 'osm_2510316034', 'osm_2510316021', 'osm_2510315992', 'osm_2510315969', 'osm_2510315940', 'osm_2510315900', 'osm_201420218', 'osm_2510315904', 'osm_615066697', 'osm_201420208', 'osm_615066700', 'osm_577553852', 'osm_2510316795', 'osm_2510316349', 'osm_201420205', 'osm_7881423693', 'osm_27161180', 'osm_577552463', 'osm_615066692', 'osm_6789341777', 'osm_6789341775', 'osm_7719511463', 'osm_7719511454', 'osm_7719511453', 'osm_1032866487', 'osm_1032866914', 'osm_1032866702', 'osm_1032866361', 'osm_1032023739', 'osm_2077157687', 'osm_2077157681', 'osm_1032022154', 'osm_1032023790', 'osm_4290857260', 'osm_8734471574', 'osm_13318515908', 'osm_156899755', 'osm_278744370', 'osm_13676286584', 'osm_13676286585', 'osm_13688224012', 'osm_8237668210', 'osm_1639773078', 'osm_156915381', 'osm_560613774', 'osm_8176307724', 'osm_8176307727', 'osm_8176307736', 'osm_13955311336', 'osm_13955311338', 'osm_14046382079', 'osm_13955311332']",166.31190821256035,0.0,0.0,1.2084644396281874e-09,11.252245124811676,False,STU_0001,canonical_nsga3,0,13.414912207983434
"['osm_2272453696', 'osm_2272453698', 'osm_2272453703', 'osm_2272453704', 'osm_2272453699', 'osm_2272453700', 'osm_2272453705', 'osm_2272453706', 'osm_2510316164', 'osm_201420266', 'osm_201420270', 'osm_2510316291', 'osm_2510316263', 'osm_2510316232', 'osm_2510316218', 'osm_2510316206', 'osm_2510316149', 'osm_2510316059', 'osm_2510316052', 'osm_2510316036', 'osm_2510316034', 'osm_2510316021', 'osm_2510315992', 'osm_2510315969', 'osm_2510315940', 'osm_2510315900', 'osm_201420218', 'osm_2510315904', 'osm_615066697', 'osm_201420208', 'osm_615066700', 'osm_577553852', 'osm_2510316795', 'osm_2510316349', 'osm_201420205', 'osm_7881423693', 'osm_27161180', 'osm_577552463', 'osm_615066692', 'osm_6789341777', 'osm_6789341775', 'osm_7719511463', 'osm_7719511454', 'osm_7719511453', 'osm_1032866487', 'osm_1032866914', 'osm_1032866702', 'osm_1032866361', 'osm_1032023739', 'osm_2077157687', 'osm_2077157681', 'osm_1032022154', 'osm_1032023790', 'osm_4290857260', 'osm_8734471574', 'osm_13318515908', 'osm_156899755', 'osm_278744370', 'osm_13676286584', 'osm_13676286585', 'osm_13688224012', 'osm_8237668210', 'osm_1639773078', 'osm_156915381', 'osm_560613774', 'osm_266572342', 'osm_1639773111', 'osm_8176307727', 'osm_8176307736', 'osm_13955311336', 'osm_13955311338', 'osm_14046382079', 'osm_13955311332']",166.4172342995169,0.0,0.0,1.1903638075239087e-09,11.26063783184863,False,STU_0001,canonical_nsga3,0,13.414912207983434
"['osm_2272453696', 'osm_2272453698', 'osm_2272453703', 'osm_2272453704', 'osm_2272453699', 'osm_2272453700', 'osm_2272453705', 'osm_2272453706', 'osm_2510316164', 'osm_201420266', 'osm_201420270', 'osm_2510316291', 'osm_2510316263', 'osm_2510316232', 'osm_2510316218', 'osm_2510316206', 'osm_2510316149', 'osm_2510316059', 'osm_2510316052', 'osm_2510316036', 'osm_2510316034', 'osm_2510316021', 'osm_2510315992', 'osm_2510315969', 'osm_2510315940', 'osm_2510315900', 'osm_201420218', 'osm_2510315904', 'osm_615066697', 'osm_201420208', 'osm_615066700', 'osm_577553852', 'osm_2510316795', 'osm_2510316349', 'osm_201420205', 'osm_7881423693', 'osm_27161180', 'osm_577552463', 'osm_615066692', 'osm_6789341777', 'osm_6789341775', 'osm_7719511463', 'osm_7719511454', 'osm_1032866316', 'osm_1032866487', 'osm_1032866914', 'osm_1032866702', 'osm_1032866361', 'osm_1032023739', 'osm_2077157687', 'osm_2077157681', 'osm_1032022154', 'osm_1032023790', 'osm_4290857260', 'osm_8734471574', 'osm_13318515908', 'osm_156899755', 'osm_278744370', 'osm_13676286584', 'osm_13676286585', 'osm_13688224012', 'osm_8237668210', 'osm_1639773078', 'osm_156915381', 'osm_560613774', 'osm_8176307724', 'osm_8176307727', 'osm_8176307736', 'osm_13955311336', 'osm_13955311338', 'osm_14046382079', 'osm_13955311332']",166.43263285024153,0.0,0.0,1.1877403505167194e-09,11.261864835801404,False,STU_0001,canonical_nsga3,0,13.414912207983434
"['osm_2272453696', 'osm_2272453698', 'osm_2272453703', 'osm_2272453704', 'osm_2272453699', 'osm_2272453700', 'osm_2272453705', 'osm_2272453706', 'osm_2510316164', 'osm_201420266', 'osm_201420270', 'osm_2510316291', 'osm_213703620', 'osm_2510316715', 'osm_2510316263', 'osm_2510316232', 'osm_2510316218', 'osm_2510316206', 'osm_2510316149', 'osm_2510316059', 'osm_2510316052', 'osm_2510316036', 'osm_2510316034', 'osm_2510316021', 'osm_2510315992', 'osm_2510315969', 'osm_2510315940', 'osm_2510315900', 'osm_201420218', 'osm_2510315904', 'osm_615066697', 'osm_201420208', 'osm_615066700', 'osm_577553852', 'osm_2510316795', 'osm_2510316349', 'osm_201420205', 'osm_7881423693', 'osm_27161180', 'osm_577552463', 'osm_615066692', 'osm_6789341777', 'osm_6789341775', 'osm_7719511463', 'osm_7719511454', 'osm_7719511453', 'osm_1032866487', 'osm_1032866914', 'osm_1032866702', 'osm_1032866361', 'osm_1032023739', 'osm_2077157687', 'osm_2077157681', 'osm_1032022154', 'osm_1032023790', 'osm_4290857260', 'osm_8734471574', 'osm_13318515908', 'osm_156899755', 'osm_278744370', 'osm_13676286584', 'osm_13676286585', 'osm_13688224012', 'osm_8175185197', 'osm_13688224022', 'osm_5882213666', 'osm_8176307721', 'osm_8176307720', 'osm_14020171431', 'osm_13955311343', 'osm_14046382080', 'osm_14046382079', 'osm_13955311332']",166.8233091787439,0.0,0.0,1.1230807395179454e-09,11.292995129028261,False,STU_0001,canonical_nsga3,0,13.414912207983434
"['osm_2272453696', 'osm_2272453698', 'osm_2272453703', 'osm_2272453704', 'osm_2272453699', 'osm_2272453700', 'osm_2272453705', 'osm_2272453706', 'osm_2510316164', 'osm_201420266', 'osm_201420270', 'osm_2510316291', 'osm_2510316263', 'osm_2510316232', 'osm_2510316218', 'osm_2510316206', 'osm_2510316149', 'osm_2510316059', 'osm_2510316052', 'osm_2510316036', 'osm_2510316034', 'osm_2510316021', 'osm_2510315992', 'osm_2510315969', 'osm_2510315940', 'osm_2510315900', 'osm_201420218', 'osm_2510315904', 'osm_615066697', 'osm_201420208', 'osm_615066700', 'osm_11522819143', 'osm_3040870613', 'osm_2510316349', 'osm_201420205', 'osm_7881423693', 'osm_27161180', 'osm_577552463', 'osm_615066692', 'osm_6789341777', 'osm_6789341775', 'osm_7719511463', 'osm_7719511454', 'osm_7719511453', 'osm_1032866487', 'osm_1032866914', 'osm_1032866702', 'osm_1032866361', 'osm_1032023739', 'osm_2077157687', 'osm_2077157681', 'osm_1032022154', 'osm_4290857329', 'osm_4290857260', 'osm_8734471574', 'osm_13318515908', 'osm_156899755', 'osm_278744370', 'osm_13676286584', 'osm_13676286585', 'osm_156915419', 'osm_8175990770', 'osm_13688224022', 'osm_8176307123', 'osm_5882213666', 'osm_8176307721', 'osm_8176307720', 'osm_14020171431', 'osm_13955311343', 'osm_14046382080', 'osm_14046382079', 'osm_13955311332']",168.5435507246376,0.0,0.0,8.777401028225995e-10,11.43006927413958,False,STU_0001,canonical_nsga3,0,13.414912207983434
"['osm_2272453696', 'osm_2272453698', 'osm_2272453703', 'osm_2272453704', 'osm_2272453699', 'osm_2272453700', 'osm_2272453705', 'osm_2272453706', 'osm_2510316164', 'osm_201420266', 'osm_201420270', 'osm_2510316291', 'osm_2510316263', 'osm_2510316232', 'osm_2510316218', 'osm_2510316206', 'osm_2510316149', 'osm_2510316059', 'osm_2510316052', 'osm_2510316036', 'osm_2510316034', 'osm_2510316021', 'osm_2510315992', 'osm_2510315969', 'osm_2510315940', 'osm_2510315900', 'osm_201420218', 'osm_2510315904', 'osm_615066697', 'osm_201420208', 'osm_615066700', 'osm_577553852', 'osm_2510316795', 'osm_2510316349', 'osm_201420205', 'osm_7881423693', 'osm_27161180', 'osm_577552463', 'osm_615066692', 'osm_6789341777', 'osm_6789341775', 'osm_7719511463', 'osm_7719511454', 'osm_7719511453', 'osm_1032866487', 'osm_1032866914', 'osm_1032866702', 'osm_1032866361', 'osm_1032023739', 'osm_2077157687', 'osm_2077157681', 'osm_1032022154', 'osm_4290857329', 'osm_4290857260', 'osm_8734471574', 'osm_13318515908', 'osm_156899755', 'osm_278744370', 'osm_13676286584', 'osm_13676286585', 'osm_156915419', 'osm_8175990770', 'osm_13688224022', 'osm_5882213666', 'osm_8176307721', 'osm_8176307720', 'osm_14020171431', 'osm_13955311343', 'osm_14046382080', 'osm_14046382079', 'osm_13955311332']",168.54362318840572,0.0,0.0,8.777309989937976e-10,11.430075048275828,False,STU_0001,canonical_nsga3,0,13.414912207983434
"['osm_2272453696', 'osm_2272453698', 'osm_2272453703', 'osm_2272453704', 'osm_2272453699', 'osm_2272453700', 'osm_2272453705', 'osm_2272453706', 'osm_2510316164', 'osm_201420266', 'osm_201420270', 'osm_2510316291', 'osm_2510316263', 'osm_2510316232', 'osm_2510316218', 'osm_2510316206', 'osm_2510316149', 'osm_2510316059', 'osm_2510316052', 'osm_2510316036', 'osm_2510316034', 'osm_2510316021', 'osm_2510315992', 'osm_2510315969', 'osm_2510315940', 'osm_2510315900', 'osm_201420218', 'osm_2510315904', 'osm_615066697', 'osm_201420208', 'osm_615066700', 'osm_11522819143', 'osm_3040870613', 'osm_2510316349', 'osm_201420205', 'osm_7881423693', 'osm_27161180', 'osm_577552463', 'osm_615066692', 'osm_6789341777', 'osm_6789341775', 'osm_7719511463', 'osm_7719511454', 'osm_7719511453', 'osm_1032866487', 'osm_1032866914', 'osm_1032866702', 'osm_1032866361', 'osm_1032023739', 'osm_2077157687', 'osm_2077157681', 'osm_1032022154', 'osm_4290857329', 'osm_4290857260', 'osm_8734471574', 'osm_13318515908', 'osm_156899755', 'osm_278744370', 'osm_13676286584', 'osm_13676286585', 'osm_13688224012', 'osm_8175185197', 'osm_13688224022', 'osm_5882213666', 'osm_8176307721', 'osm_8176307720', 'osm_14020171431', 'osm_13955311343', 'osm_14046382080', 'osm_14046382079', 'osm_13955311332']",168.5514855072463,0.0,0.0,8.767426784572763e-10,11.430701542058774,False,STU_0001,canonical_nsga3,0,13.414912207983434
"['osm_2272453696', 'osm_2272453698', 'osm_2272453703', 'osm_2272453704', 'osm_2272453699', 'osm_2272453700', 'osm_2272453705', 'osm_2272453706', 'osm_2510316164', 'osm_201420266', 'osm_201420270', 'osm_2510316291', 'osm_2510316263', 'osm_2510316232', 'osm_2510316218', 'osm_2510316206', 'osm_2510316149', 'osm_2510316059', 'osm_2510316052', 'osm_2510316036', 'osm_2510316034', 'osm_2510316021', 'osm_2510315992', 'osm_2510315969', 'osm_2510315940', 'osm_2510315900', 'osm_201420218', 'osm_2510315904', 'osm_615066697', 'osm_201420208', 'osm_615066700', 'osm_11522819143', 'osm_3040870613', 'osm_2510316349', 'osm_201420205', 'osm_7881423693', 'osm_27161180', 'osm_577552463', 'osm_615066692', 'osm_6789341777', 'osm_6789341775', 'osm_7719511463', 'osm_7719511454', 'osm_7719511453', 'osm_1032866487', 'osm_1032866914', 'osm_1032866702', 'osm_1032866361', 'osm_1032023739', 'osm_2077157687', 'osm_2077157681', 'osm_1032022154', 'osm_4290857329', 'osm_4290857260', 'osm_8734471574', 'osm_13318515908', 'osm_156899755', 'osm_278744370', 'osm_13676286584', 'osm_13676286585', 'osm_156915419', 'osm_8175990770', 'osm_13688224022', 'osm_5882213666', 'osm_8176307721', 'osm_8176307720', 'osm_14020171431', 'osm_13955311343', 'osm_14046382080', 'osm_14046382079', 'osm_13955311332']",168.5518357487922,0.0,0.0,8.766987136255011e-10,11.430729450383973,False,STU_0001,canonical_nsga3,0,13.414912207983434
"['osm_2272453696', 'osm_2272453698', 'osm_2272453703', 'osm_2272453704', 'osm_2272453699', 'osm_2272453700', 'osm_2272453705', 'osm_2272453706', 'osm_2510316164', 'osm_201420266', 'osm_201420270', 'osm_2510316291', 'osm_2510316263', 'osm_2510316232', 'osm_2510316218', 'osm_2510316206', 'osm_2510316149', 'osm_2510316059', 'osm_2510316052', 'osm_2510316036', 'osm_2510316034', 'osm_2510316021', 'osm_2510315992', 'osm_2510315969', 'osm_2510315940', 'osm_2510315900', 'osm_201420218', 'osm_2510315904', 'osm_615066697', 'osm_201420208', 'osm_615066700', 'osm_11522819143', 'osm_3040870613', 'osm_2510316349', 'osm_201420205', 'osm_7881423693', 'osm_27161180', 'osm_577552463', 'osm_615066692', 'osm_6789341777', 'osm_6789341775', 'osm_7719511463', 'osm_7719511454', 'osm_7719511453', 'osm_1032866487', 'osm_1032866914', 'osm_1032866702', 'osm_1032866361', 'osm_1032023739', 'osm_2077157687', 'osm_2077157681', 'osm_1032022154', 'osm_4290857329', 'osm_4290857260', 'osm_8734471574', 'osm_13318515908', 'osm_156899755', 'osm_278744370', 'osm_13676286584', 'osm_13676286585', 'osm_13688224012', 'osm_8237668210', 'osm_1639773078', 'osm_156915381', 'osm_560613774', 'osm_8176307724', 'osm_8176307727', 'osm_8176307736', 'osm_13955311336', 'osm_13955311338', 'osm_14046382079', 'osm_13955311332']",169.373345410628,0.0,0.0,7.793463652205901e-10,11.496189870675309,False,STU_0001,canonical_nsga3,0,13.414912207983434
"['osm_2272453696', 'osm_2272453698', 'osm_2272453703', 'osm_2272453704', 'osm_2272453699', 'osm_2272453700', 'osm_2272453705', 'osm_2272453706', 'osm_2510316164', 'osm_201420266', 'osm_201420270', 'osm_2510316291', 'osm_2510316263', 'osm_2510316232', 'osm_2510316218', 'osm_2510316206', 'osm_2510316149', 'osm_2510316059', 'osm_2510316052', 'osm_2510316036', 'osm_2510316034', 'osm_2510316021', 'osm_2510315992', 'osm_2510315969', 'osm_2510315940', 'osm_2510315900', 'osm_201420218', 'osm_2510315904', 'osm_615066697', 'osm_201420208', 'osm_615066700', 'osm_11522819143', 'osm_3040870613', 'osm_2510316349', 'osm_201420205', 'osm_7881423693', 'osm_27161180', 'osm_577552463', 'osm_615066692', 'osm_6789341777', 'osm_6789341775', 'osm_7719511463', 'osm_7719511454', 'osm_7719511453', 'osm_1032866487', 'osm_1032866914', 'osm_1032866702', 'osm_1032866361', 'osm_1032023739', 'osm_2077157687', 'osm_2077157681', 'osm_1032022154', 'osm_4290857329', 'osm_4290857260', 'osm_8734471574', 'osm_13318515908', 'osm_156899755', 'osm_278744370', 'osm_13676286584', 'osm_13676286585', 'osm_13688224012', 'osm_8237668210', 'osm_1639773078', 'osm_156915381', 'osm_560613774', 'osm_266572342', 'osm_1639773111', 'osm_8176307727', 'osm_8176307736', 'osm_13955311336', 'osm_13955311338', 'osm_14046382079', 'osm_13955311332']",169.47867149758454,0.0,0.0,7.676732582950763e-10,11.504582577712265,False,STU_0001,canonical_nsga3,0,13.414912207983434
"['osm_2272453696', 'osm_2272453698', 'osm_2272453703', 'osm_2272453704', 'osm_2272453699', 'osm_2272453700', 'osm_2272453705', 'osm_2272453706', 'osm_2510316164', 'osm_201420266', 'osm_201420270', 'osm_2510316291', 'osm_2510316263', 'osm_2510316232', 'osm_2510316218', 'osm_2510316206', 'osm_2510316149', 'osm_2510316059', 'osm_2510316052', 'osm_2510316036', 'osm_2510316034', 'osm_2510316021', 'osm_2510315992', 'osm_2510315969', 'osm_2510315940', 'osm_2510315900', 'osm_201420218', 'osm_2510315904', 'osm_615066697', 'osm_201420208', 'osm_615066700', 'osm_11522819143', 'osm_3040870613', 'osm_2510316349', 'osm_201420205', 'osm_7881423693', 'osm_27161180', 'osm_577552463', 'osm_615066692', 'osm_6789341777', 'osm_6789341775', 'osm_7719511463', 'osm_7719511454', 'osm_7719511453', 'osm_1032866487', 'osm_1032866914', 'osm_1032866702', 'osm_1032866361', 'osm_1032023739', 'osm_2077157687', 'osm_2077157681', 'osm_1032022154', 'osm_4290857329', 'osm_4290857260', 'osm_8734471574', 'osm_13318515908', 'osm_156899755', 'osm_278744370', 'osm_13676286584', 'osm_13676286585', 'osm_13688224012', 'osm_8237668210', 'osm_1639773078', 'osm_8237668174', 'osm_12441875759', 'osm_560613774', 'osm_266572342', 'osm_1639773111', 'osm_1639773114', 'osm_8176307736', 'osm_13955311336', 'osm_13955311338', 'osm_14046382079', 'osm_13955311332']",169.50518115942032,0.0,0.0,7.647629196583239e-10,11.506694949223117,False,STU_0001,canonical_nsga3,0,13.414912207983434
"['osm_2272453696', 'osm_2272453698', 'osm_2272453703', 'osm_2272453704', 'osm_2272453699', 'osm_2272453700', 'osm_2272453705', 'osm_2272453706', 'osm_2510316164', 'osm_201420266', 'osm_201420270', 'osm_2510316291', 'osm_2510316263', 'osm_2510316232', 'osm_2510316218', 'osm_2510316206', 'osm_2510316149', 'osm_2510316059', 'osm_2510316052', 'osm_2510316036', 'osm_2510316034', 'osm_2510316021', 'osm_2510315992', 'osm_2510315969', 'osm_2510315940', 'osm_2510315900', 'osm_201420218', 'osm_2510315904', 'osm_615066697', 'osm_201420208', 'osm_615066700', 'osm_577553852', 'osm_2510316795', 'osm_2510316349', 'osm_201420205', 'osm_7881423693', 'osm_27161180', 'osm_577552463', 'osm_30373824', 'osm_1581560441', 'osm_8623200418', 'osm_8623200420', 'osm_4512389438', 'osm_89097003', 'osm_2828400253', 'osm_613088608', 'osm_2828400254', 'osm_613088609', 'osm_613088619', 'osm_17767505', 'osm_10678451011', 'osm_10678109769', 'osm_10678086361', 'osm_13318515908', 'osm_156899755', 'osm_13676286574', 'osm_13676286573', 'osm_13676286584', 'osm_13676286585', 'osm_156915419', 'osm_8175990770', 'osm_13688224022', 'osm_8176307123', 'osm_5882213666', 'osm_8176307721', 'osm_8176307720', 'osm_14020171431', 'osm_13955311343', 'osm_14046382080', 'osm_14046382079', 'osm_13955311332']",218.48086956521735,0.0,0.0,6.854516954035716e-13,15.40922865763621,False,STU_0001,canonical_nsga3,0,13.414912207983434
"['osm_2272453696', 'osm_2272453698', 'osm_2272453703', 'osm_2272453704', 'osm_2272453699', 'osm_2272453700', 'osm_2272453705', 'osm_2272453706', 'osm_2510316164', 'osm_201420266', 'osm_201420270', 'osm_2510316291', 'osm_2510316263', 'osm_2510316232', 'osm_2510316218', 'osm_2510316206', 'osm_2510316149', 'osm_2510316059', 'osm_2510316052', 'osm_2510316036', 'osm_2510316034', 'osm_2510316021', 'osm_2510315992', 'osm_2510315969', 'osm_2510315940', 'osm_2510315900', 'osm_201420218', 'osm_2510315904', 'osm_615066697', 'osm_201420208', 'osm_615066700', 'osm_577553852', 'osm_2510316795', 'osm_2510316349', 'osm_201420205', 'osm_7881423693', 'osm_27161180', 'osm_577552463', 'osm_30373824', 'osm_1581560441', 'osm_8623200418', 'osm_8623200420', 'osm_4512389438', 'osm_89097003', 'osm_2828400253', 'osm_613088608', 'osm_2828400254', 'osm_613088609', 'osm_613088619', 'osm_17767505', 'osm_10678451011', 'osm_10678109769', 'osm_10678086361', 'osm_13318515908', 'osm_156899755', 'osm_13676286574', 'osm_13676286573', 'osm_13676286584', 'osm_13676286585', 'osm_13688224012', 'osm_8175185197', 'osm_13688224022', 'osm_5882213666', 'osm_8176307721', 'osm_8176307720', 'osm_14020171431', 'osm_13955311343', 'osm_14046382080', 'osm_14046382079', 'osm_13955311332']",218.48880434782603,0.0,0.0,6.845635169838715e-13,15.409860925555401,False,STU_0001,canonical_nsga3,0,13.414912207983434
"['osm_2272453696', 'osm_2272453698', 'osm_2272453703', 'osm_2272453704', 'osm_2272453699', 'osm_2272453700', 'osm_2272453705', 'osm_2272453706', 'osm_2510316164', 'osm_201420266', 'osm_201420270', 'osm_2510316291', 'osm_2510316263', 'osm_2510316232', 'osm_2510316218', 'osm_2510316206', 'osm_2510316149', 'osm_2510316059', 'osm_2510316052', 'osm_2510316036', 'osm_2510316034', 'osm_2510316021', 'osm_2510315992', 'osm_2510315969', 'osm_2510315940', 'osm_2510315900', 'osm_201420218', 'osm_2510315904', 'osm_615066697', 'osm_201420208', 'osm_615066700', 'osm_577553852', 'osm_2510316795', 'osm_2510316349', 'osm_201420205', 'osm_7881423693', 'osm_27161180', 'osm_577552463', 'osm_30373824', 'osm_1581560441', 'osm_8623200418', 'osm_8623200420', 'osm_4512389438', 'osm_89097003', 'osm_2828400253', 'osm_613088608', 'osm_2828400254', 'osm_613088609', 'osm_613088619', 'osm_17767505', 'osm_10678451011', 'osm_10678109769', 'osm_10678086361', 'osm_13318515908', 'osm_156899755', 'osm_13676286574', 'osm_13676286573', 'osm_13676286584', 'osm_13676286585', 'osm_156915419', 'osm_8175990770', 'osm_13688224022', 'osm_5882213666', 'osm_8176307721', 'osm_8176307720', 'osm_14020171431', 'osm_13955311343', 'osm_14046382080', 'osm_14046382079', 'osm_13955311332']",218.48915458937194,0.0,0.0,6.845635169838715e-13,15.4098888338806,False,STU_0001,canonical_nsga3,0,13.414912207983434
"['osm_2272453696', 'osm_2272453698', 'osm_2272453703', 'osm_2272453704', 'osm_2272453699', 'osm_2272453700', 'osm_2272453705', 'osm_2272453706', 'osm_2510316164', 'osm_201420266', 'osm_201420270', 'osm_2510316291', 'osm_2510316263', 'osm_2510316232', 'osm_2510316218', 'osm_2510316206', 'osm_2510316149', 'osm_2510316059', 'osm_2510316052', 'osm_2510316036', 'osm_2510316034', 'osm_2510316021', 'osm_2510315992', 'osm_2510315969', 'osm_2510315940', 'osm_2510315900', 'osm_201420218', 'osm_2510315904', 'osm_615066697', 'osm_201420208', 'osm_615066700', 'osm_11522819143', 'osm_3040870613', 'osm_2510316349', 'osm_201420205', 'osm_7881423693', 'osm_27161180', 'osm_577552463', 'osm_30373824', 'osm_1581560441', 'osm_8623200418', 'osm_8623200420', 'osm_4512389438', 'osm_89097003', 'osm_2828400253', 'osm_613088608', 'osm_2828400254', 'osm_613088609', 'osm_613088619', 'osm_17767505', 'osm_10678451011', 'osm_10678109769', 'osm_10678086361', 'osm_13318515908', 'osm_156899755', 'osm_13676286574', 'osm_13676286573', 'osm_13676286584', 'osm_13676286585', 'osm_13688224012', 'osm_8175185197', 'osm_13688224022', 'osm_5882213666', 'osm_8176307721', 'osm_8176307720', 'osm_14020171431', 'osm_13955311343', 'osm_14046382080', 'osm_14046382079', 'osm_13955311332']",218.49701690821252,0.0,0.0,6.838973831690964e-13,15.410515327663548,False,STU_0001,canonical_nsga3,0,13.414912207983434
"['osm_2272453696', 'osm_2272453698', 'osm_2272453703', 'osm_2272453704', 'osm_2272453699', 'osm_2272453700', 'osm_2272453705', 'osm_2272453706', 'osm_2510316164', 'osm_201420266', 'osm_201420270', 'osm_2510316291', 'osm_2510316263', 'osm_2510316232', 'osm_2510316218', 'osm_2510316206', 'osm_2510316149', 'osm_2510316059', 'osm_2510316052', 'osm_2510316036', 'osm_2510316034', 'osm_2510316021', 'osm_2510315992', 'osm_2510315969', 'osm_2510315940', 'osm_2510315900', 'osm_201420218', 'osm_2510315904', 'osm_615066697', 'osm_201420208', 'osm_615066700', 'osm_11522819143', 'osm_3040870613', 'osm_2510316349', 'osm_201420205', 'osm_7881423693', 'osm_27161180', 'osm_577552463', 'osm_30373824', 'osm_1581560441', 'osm_8623200418', 'osm_8623200420', 'osm_4512389438', 'osm_89097003', 'osm_2828400253', 'osm_613088608', 'osm_2828400254', 'osm_613088609', 'osm_613088619', 'osm_17767505', 'osm_10678451011', 'osm_10678109769', 'osm_10678086361', 'osm_13318515908', 'osm_156899755', 'osm_13676286574', 'osm_13676286573', 'osm_13676286584', 'osm_13676286585', 'osm_156915419', 'osm_8175990770', 'osm_13688224022', 'osm_5882213666', 'osm_8176307721', 'osm_8176307720', 'osm_14020171431', 'osm_13955311343', 'osm_14046382080', 'osm_14046382079', 'osm_13955311332']",218.49736714975842,0.0,0.0,6.836753385641714e-13,15.410543235988747,False,STU_0001,canonical_nsga3,0,13.414912207983434
"['osm_2272453696', 'osm_2272453698', 'osm_2272453703', 'osm_2272453704', 'osm_2272453699', 'osm_2272453700', 'osm_2272453705', 'osm_2272453706', 'osm_2510316164', 'osm_201420266', 'osm_201420270', 'osm_2510316291', 'osm_2510316263', 'osm_2510316232', 'osm_2510316218', 'osm_2510316206', 'osm_2510316149', 'osm_2510316059', 'osm_2510316052', 'osm_2510316036', 'osm_2510316034', 'osm_2510316021', 'osm_2510315992', 'osm_2510315969', 'osm_2510315940', 'osm_2510315900', 'osm_201420218', 'osm_2510315904', 'osm_615066697', 'osm_201420208', 'osm_615066700', 'osm_577553852', 'osm_2510316795', 'osm_2510316349', 'osm_201420205', 'osm_7881423693', 'osm_27161180', 'osm_577552463', 'osm_30373824', 'osm_1581560441', 'osm_8623200418', 'osm_8623200420', 'osm_4512389438', 'osm_89097003', 'osm_2828400253', 'osm_613088608', 'osm_2828400254', 'osm_613088609', 'osm_613088619', 'osm_17767505', 'osm_10678451011', 'osm_10678109769', 'osm_10678086361', 'osm_13318515908', 'osm_156899755', 'osm_278744370', 'osm_13676286584', 'osm_13676286585', 'osm_13688224012', 'osm_8175185197', 'osm_13688224022', 'osm_5882213666', 'osm_8176307721', 'osm_8176307720', 'osm_14020171431', 'osm_13955311342', 'osm_13955311331', 'osm_14046382081', 'osm_13955311333', 'osm_14046382092', 'osm_14046382089', 'osm_13955311332']",218.51734299516903,0.0,0.0,6.818989817247711e-13,15.412134972881203,False,STU_0001,canonical_nsga3,0,13.414912207983434
"['osm_2272453696', 'osm_2272453698', 'osm_2272453703', 'osm_2272453704', 'osm_2272453699', 'osm_2272453700', 'osm_2272453705', 'osm_2272453706', 'osm_2510316164', 'osm_201420266', 'osm_201420270', 'osm_2510316291', 'osm_2510316263', 'osm_2510316232', 'osm_2510316218', 'osm_2510316206', 'osm_2510316149', 'osm_2510316059', 'osm_2510316052', 'osm_2510316036', 'osm_2510316034', 'osm_2510316021', 'osm_2510315992', 'osm_2510315969', 'osm_2510315940', 'osm_2510315900', 'osm_201420218', 'osm_2510315904', 'osm_615066697', 'osm_201420208', 'osm_615066700', 'osm_11522819143', 'osm_3040870613', 'osm_2510316349', 'osm_201420205', 'osm_7881423693', 'osm_27161180', 'osm_577552463', 'osm_30373824', 'osm_1581560441', 'osm_8623200418', 'osm_8623200420', 'osm_4512389438', 'osm_89097003', 'osm_2828400253', 'osm_613088608', 'osm_2828400254', 'osm_613088609', 'osm_613088619', 'osm_17767505', 'osm_10678451011', 'osm_10678109769', 'osm_10678086361', 'osm_13318515908', 'osm_156899755', 'osm_278744370', 'osm_13676286584', 'osm_13676286585', 'osm_13688224012', 'osm_8175185197', 'osm_13688224022', 'osm_5882213666', 'osm_8176307721', 'osm_8176307720', 'osm_14020171431', 'osm_13955311342', 'osm_13955311331', 'osm_14046382081', 'osm_13955311333', 'osm_14046382092', 'osm_14046382089', 'osm_13955311332']",218.5255555555555,0.0,0.0,6.81010803305071e-13,15.412789374989352,False,STU_0001,canonical_nsga3,0,13.414912207983434
"['osm_2272453696', 'osm_2272453698', 'osm_2272453703', 'osm_2272453704', 'osm_2272453699', 'osm_2272453700', 'osm_2272453705', 'osm_2272453706', 'osm_2510316164', 'osm_201420266', 'osm_201420270', 'osm_2510316291', 'osm_2510316263', 'osm_2510316232', 'osm_2510316218', 'osm_2510316206', 'osm_2510316149', 'osm_2510316059', 'osm_2510316052', 'osm_2510316036', 'osm_2510316034', 'osm_2510316021', 'osm_2510315992', 'osm_2510315969', 'osm_2510315940', 'osm_2510315900', 'osm_201420218', 'osm_2510315904', 'osm_615066697', 'osm_201420208', 'osm_615066700', 'osm_577553852', 'osm_2510316795', 'osm_2510316349', 'osm_201420205', 'osm_7881423693', 'osm_27161180', 'osm_577552463', 'osm_30373824', 'osm_1581560441', 'osm_8623200418', 'osm_8623200420', 'osm_4512389438', 'osm_89097003', 'osm_2828400253', 'osm_613088608', 'osm_2828400254', 'osm_613088609', 'osm_613088619', 'osm_17767505', 'osm_10678451011', 'osm_10678109769', 'osm_10678086361', 'osm_13318515908', 'osm_156899755', 'osm_278744370', 'osm_13676286584', 'osm_13676286585', 'osm_13688224012', 'osm_8175185197', 'osm_13688224022', 'osm_8176307123', 'osm_5882213666', 'osm_8176307721', 'osm_8176307720', 'osm_14020171431', 'osm_13955311343', 'osm_14046382080', 'osm_14046382079', 'osm_13955311332']",218.5557367149758,0.0,0.0,6.781242234410456e-13,15.41519430273678,False,STU_0001,canonical_nsga3,0,13.414912207983434
"['osm_2272453696', 'osm_2272453698', 'osm_2272453703', 'osm_2272453704', 'osm_2272453699', 'osm_2272453700', 'osm_2272453705', 'osm_2272453706', 'osm_2510316164', 'osm_201420266', 'osm_201420270', 'osm_2510316291', 'osm_2510316263', 'osm_2510316232', 'osm_2510316218', 'osm_2510316206', 'osm_2510316149', 'osm_2510316059', 'osm_2510316052', 'osm_2510316036', 'osm_2510316034', 'osm_2510316021', 'osm_2510315992', 'osm_2510315969', 'osm_2510315940', 'osm_2510315900', 'osm_201420218', 'osm_2510315904', 'osm_615066697', 'osm_201420208', 'osm_615066700', 'osm_577553852', 'osm_2510316795', 'osm_2510316349', 'osm_201420205', 'osm_7881423693', 'osm_27161180', 'osm_577552463', 'osm_30373824', 'osm_1581560441', 'osm_8623200418', 'osm_8623200420', 'osm_4512389438', 'osm_89097003', 'osm_2828400253', 'osm_613088608', 'osm_2828400254', 'osm_613088609', 'osm_613088619', 'osm_17767505', 'osm_10678451011', 'osm_10678109769', 'osm_10678086361', 'osm_13318515908', 'osm_156899755', 'osm_278744370', 'osm_13676286584', 'osm_13676286585', 'osm_156915419', 'osm_8175990770', 'osm_13688224022', 'osm_8176307123', 'osm_5882213666', 'osm_8176307721', 'osm_8176307720', 'osm_14020171431', 'osm_13955311343', 'osm_14046382080', 'osm_14046382079', 'osm_13955311332']",218.5560869565217,0.0,0.0,6.781242234410456e-13,15.415222211061977,False,STU_0001,canonical_nsga3,0,13.414912207983434
"['osm_2272453696', 'osm_2272453698', 'osm_2272453703', 'osm_2272453704', 'osm_2272453699', 'osm_2272453700', 'osm_2272453705', 'osm_2272453706', 'osm_2510316164', 'osm_201420266', 'osm_201420270', 'osm_2510316291', 'osm_2510316263', 'osm_2510316232', 'osm_2510316218', 'osm_2510316206', 'osm_2510316149', 'osm_2510316059', 'osm_2510316052', 'osm_2510316036', 'osm_2510316034', 'osm_2510316021', 'osm_2510315992', 'osm_2510315969', 'osm_2510315940', 'osm_2510315900', 'osm_201420218', 'osm_2510315904', 'osm_615066697', 'osm_201420208', 'osm_615066700', 'osm_11522819143', 'osm_3040870613', 'osm_2510316349', 'osm_201420205', 'osm_7881423693', 'osm_27161180', 'osm_577552463', 'osm_30373824', 'osm_1581560441', 'osm_8623200418', 'osm_8623200420', 'osm_4512389438', 'osm_89097003', 'osm_2828400253', 'osm_613088608', 'osm_2828400254', 'osm_613088609', 'osm_613088619', 'osm_17767505', 'osm_10678451011', 'osm_10678109769', 'osm_10678086361', 'osm_13318515908', 'osm_156899755', 'osm_278744370', 'osm_13676286584', 'osm_13676286585', 'osm_13688224012', 'osm_8175185197', 'osm_13688224022', 'osm_8176307123', 'osm_5882213666', 'osm_8176307721', 'osm_8176307720', 'osm_14020171431', 'osm_13955311343', 'osm_14046382080', 'osm_14046382079', 'osm_13955311332']",218.5639492753623,0.0,0.0,6.772360450213455e-13,15.415848704844926,False,STU_0001,canonical_nsga3,0,13.414912207983434
"['osm_2272453696', 'osm_2272453698', 'osm_2272453703', 'osm_2272453704', 'osm_2272453699', 'osm_2272453700', 'osm_2272453705', 'osm_2272453706', 'osm_2510316164', 'osm_201420266', 'osm_201420270', 'osm_2510316291', 'osm_2510316263', 'osm_2510316232', 'osm_2510316218', 'osm_2510316206', 'osm_2510316149', 'osm_2510316059', 'osm_2510316052', 'osm_2510316036', 'osm_2510316034', 'osm_2510316021', 'osm_2510315992', 'osm_2510315969', 'osm_2510315940', 'osm_2510315900', 'osm_201420218', 'osm_2510315904', 'osm_615066697', 'osm_201420208', 'osm_615066700', 'osm_577553852', 'osm_2510316795', 'osm_2510316349', 'osm_201420205', 'osm_7881423693', 'osm_27161180', 'osm_577552463', 'osm_30373824', 'osm_1581560441', 'osm_8623200418', 'osm_8623200420', 'osm_4512389438', 'osm_89097003', 'osm_2828400253', 'osm_613088608', 'osm_2828400254', 'osm_613088609', 'osm_613088619', 'osm_17767505', 'osm_10678451011', 'osm_10678109769', 'osm_10678086361', 'osm_13318515908', 'osm_156899755', 'osm_278744370', 'osm_13676286584', 'osm_13676286585', 'osm_13688224012', 'osm_8175185197', 'osm_13688224022', 'osm_5882213666', 'osm_8176307721', 'osm_8176307720', 'osm_14020171431', 'osm_13955311343', 'osm_14046382080', 'osm_14046382079', 'osm_13955311332']",218.5640217391304,0.0,0.0,6.772360450213455e-13,15.41585447898117,False,STU_0001,canonical_nsga3,0,13.414912207983434
"['osm_2272453696', 'osm_2272453698', 'osm_2272453703', 'osm_2272453704', 'osm_2272453699', 'osm_2272453700', 'osm_2272453705', 'osm_2272453706', 'osm_2510316164', 'osm_201420266', 'osm_201420270', 'osm_2510316291', 'osm_2510316263', 'osm_2510316232', 'osm_2510316218', 'osm_2510316206', 'osm_2510316149', 'osm_2510316059', 'osm_2510316052', 'osm_2510316036', 'osm_2510316034', 'osm_2510316021', 'osm_2510315992', 'osm_2510315969', 'osm_2510315940', 'osm_2510315900', 'osm_201420218', 'osm_2510315904', 'osm_615066697', 'osm_201420208', 'osm_615066700', 'osm_11522819143', 'osm_3040870613', 'osm_2510316349', 'osm_201420205', 'osm_7881423693', 'osm_27161180', 'osm_577552463', 'osm_30373824', 'osm_1581560441', 'osm_8623200418', 'osm_8623200420', 'osm_4512389438', 'osm_89097003', 'osm_2828400253', 'osm_613088608', 'osm_2828400254', 'osm_613088609', 'osm_613088619', 'osm_17767505', 'osm_10678451011', 'osm_10678109769', 'osm_10678086361', 'osm_13318515908', 'osm_156899755', 'osm_278744370', 'osm_13676286584', 'osm_13676286585', 'osm_156915419', 'osm_8175990770', 'osm_13688224022', 'osm_8176307123', 'osm_5882213666', 'osm_8176307721', 'osm_8176307720', 'osm_14020171431', 'osm_13955311343', 'osm_14046382080', 'osm_14046382079', 'osm_13955311332']",218.5642995169082,0.0,0.0,6.772360450213455e-13,15.415876613170125,False,STU_0001,canonical_nsga3,0,13.414912207983434
"['osm_2272453696', 'osm_2272453698', 'osm_2272453703', 'osm_2272453704', 'osm_2272453699', 'osm_2272453700', 'osm_2272453705', 'osm_2272453706', 'osm_2510316164', 'osm_201420266', 'osm_201420270', 'osm_2510316291', 'osm_2510316263', 'osm_2510316232', 'osm_2510316218', 'osm_2510316206', 'osm_2510316149', 'osm_2510316059', 'osm_2510316052', 'osm_2510316036', 'osm_2510316034', 'osm_2510316021', 'osm_2510315992', 'osm_2510315969', 'osm_2510315940', 'osm_2510315900', 'osm_201420218', 'osm_2510315904', 'osm_615066697', 'osm_201420208', 'osm_615066700', 'osm_577553852', 'osm_2510316795', 'osm_2510316349', 'osm_201420205', 'osm_7881423693', 'osm_27161180', 'osm_577552463', 'osm_30373824', 'osm_1581560441', 'osm_8623200418', 'osm_8623200420', 'osm_4512389438', 'osm_89097003', 'osm_2828400253', 'osm_613088608', 'osm_2828400254', 'osm_613088609', 'osm_613088619', 'osm_17767505', 'osm_10678451011', 'osm_10678109769', 'osm_10678086361', 'osm_13318515908', 'osm_156899755', 'osm_278744370', 'osm_13676286584', 'osm_13676286585', 'osm_156915419', 'osm_8175990770', 'osm_13688224022', 'osm_5882213666', 'osm_8176307721', 'osm_8176307720', 'osm_14020171431', 'osm_13955311343', 'osm_14046382080', 'osm_14046382079', 'osm_13955311332']",218.5643719806763,0.0,0.0,6.772360450213455e-13,15.41588238730637,False,STU_0001,canonical_nsga3,0,13.414912207983434
"['osm_2272453696', 'osm_2272453698', 'osm_2272453703', 'osm_2272453704', 'osm_2272453699', 'osm_2272453700', 'osm_2272453705', 'osm_2272453706', 'osm_2510316164', 'osm_201420266', 'osm_201420270', 'osm_2510316291', 'osm_2510316263', 'osm_2510316232', 'osm_2510316218', 'osm_2510316206', 'osm_2510316149', 'osm_2510316059', 'osm_2510316052', 'osm_2510316036', 'osm_2510316034', 'osm_2510316021', 'osm_2510315992', 'osm_2510315969', 'osm_2510315940', 'osm_2510315900', 'osm_201420218', 'osm_2510315904', 'osm_615066697', 'osm_201420208', 'osm_615066700', 'osm_11522819143', 'osm_3040870613', 'osm_2510316349', 'osm_201420205', 'osm_7881423693', 'osm_27161180', 'osm_577552463', 'osm_30373824', 'osm_1581560441', 'osm_8623200418', 'osm_8623200420', 'osm_4512389438', 'osm_89097003', 'osm_2828400253', 'osm_613088608', 'osm_2828400254', 'osm_613088609', 'osm_613088619', 'osm_17767505', 'osm_10678451011', 'osm_10678109769', 'osm_10678086361', 'osm_13318515908', 'osm_156899755', 'osm_278744370', 'osm_13676286584', 'osm_13676286585', 'osm_13688224012', 'osm_8175185197', 'osm_13688224022', 'osm_5882213666', 'osm_8176307721', 'osm_8176307720', 'osm_14020171431', 'osm_13955311343', 'osm_14046382080', 'osm_14046382079', 'osm_13955311332']",218.57223429951688,0.0,0.0,6.765699112065704e-13,15.41650888108932,False,STU_0001,canonical_nsga3,0,13.414912207983434
"['osm_2272453696', 'osm_2272453698', 'osm_2272453703', 'osm_2272453704', 'osm_2272453699', 'osm_2272453700', 'osm_2272453705', 'osm_2272453706', 'osm_2510316164', 'osm_201420266', 'osm_201420270', 'osm_2510316291', 'osm_2510316263', 'osm_2510316232', 'osm_2510316218', 'osm_2510316206', 'osm_2510316149', 'osm_2510316059', 'osm_2510316052', 'osm_2510316036', 'osm_2510316034', 'osm_2510316021', 'osm_2510315992', 'osm_2510315969', 'osm_2510315940', 'osm_2510315900', 'osm_201420218', 'osm_2510315904', 'osm_615066697', 'osm_201420208', 'osm_615066700', 'osm_11522819143', 'osm_3040870613', 'osm_2510316349', 'osm_201420205', 'osm_7881423693', 'osm_27161180', 'osm_577552463', 'osm_30373824', 'osm_1581560441', 'osm_8623200418', 'osm_8623200420', 'osm_4512389438', 'osm_89097003', 'osm_2828400253', 'osm_613088608', 'osm_2828400254', 'osm_613088609', 'osm_613088619', 'osm_17767505', 'osm_10678451011', 'osm_10678109769', 'osm_10678086361', 'osm_13318515908', 'osm_156899755', 'osm_278744370', 'osm_13676286584', 'osm_13676286585', 'osm_156915419', 'osm_8175990770', 'osm_13688224022', 'osm_5882213666', 'osm_8176307721', 'osm_8176307720', 'osm_14020171431', 'osm_13955311343', 'osm_14046382080', 'osm_14046382079', 'osm_13955311332']",218.57258454106278,0.0,0.0,6.763478666016454e-13,15.416536789414517,False,STU_0001,canonical_nsga3,0,13.414912207983434
"['osm_2272453696', 'osm_2272453698', 'osm_2272453703', 'osm_2272453704', 'osm_2272453699', 'osm_2272453700', 'osm_2272453705', 'osm_2272453706', 'osm_2510316164', 'osm_201420266', 'osm_201420270', 'osm_2510316291', 'osm_2510316263', 'osm_2510316232', 'osm_2510316218', 'osm_2510316206', 'osm_2510316149', 'osm_2510316059', 'osm_2510316052', 'osm_2510316036', 'osm_2510316034', 'osm_2510316021', 'osm_2510315992', 'osm_2510315969', 'osm_2510315940', 'osm_2510315900', 'osm_201420218', 'osm_2510315904', 'osm_615066697', 'osm_201420208', 'osm_615066700', 'osm_577553852', 'osm_2510316795', 'osm_2510316349', 'osm_201420205', 'osm_7881423693', 'osm_27161180', 'osm_577552463', 'osm_30373824', 'osm_1581560441', 'osm_8623200418', 'osm_8623200420', 'osm_4512389438', 'osm_89097003', 'osm_2828400253', 'osm_613088608', 'osm_2828400254', 'osm_613088609', 'osm_613088619', 'osm_17767505', 'osm_10678451011', 'osm_10678109769', 'osm_10678086361', 'osm_13318515908', 'osm_156899755', 'osm_13676286574', 'osm_13676286573', 'osm_13676286584', 'osm_13676286585', 'osm_13688224012', 'osm_8237668210', 'osm_1639773078', 'osm_156915381', 'osm_560613774', 'osm_8176307724', 'osm_8176307727', 'osm_8176307736', 'osm_13955311336', 'osm_13955311338', 'osm_14046382079', 'osm_13955311332']",219.31066425120773,0.0,0.0,6.086242620995108e-13,15.47534925417194,False,STU_0001,canonical_nsga3,0,13.414912207983434
"['osm_2272453696', 'osm_2272453698', 'osm_2272453703', 'osm_2272453704', 'osm_2272453699', 'osm_2272453700', 'osm_2272453705', 'osm_2272453706', 'osm_2510316164', 'osm_201420266', 'osm_201420270', 'osm_2510316291', 'osm_2510316263', 'osm_2510316232', 'osm_2510316218', 'osm_2510316206', 'osm_2510316149', 'osm_2510316059', 'osm_2510316052', 'osm_2510316036', 'osm_2510316034', 'osm_2510316021', 'osm_2510315992', 'osm_2510315969', 'osm_2510315940', 'osm_2510315900', 'osm_201420218', 'osm_2510315904', 'osm_615066697', 'osm_201420208', 'osm_615066700', 'osm_11522819143', 'osm_3040870613', 'osm_2510316349', 'osm_201420205', 'osm_7881423693', 'osm_27161180', 'osm_577552463', 'osm_30373824', 'osm_1581560441', 'osm_8623200418', 'osm_8623200420', 'osm_4512389438', 'osm_89097003', 'osm_2828400253', 'osm_613088608', 'osm_2828400254', 'osm_613088609', 'osm_613088619', 'osm_17767505', 'osm_10678451011', 'osm_10678109769', 'osm_10678086361', 'osm_13318515908', 'osm_156899755', 'osm_13676286574', 'osm_13676286573', 'osm_13676286584', 'osm_13676286585', 'osm_13688224012', 'osm_8237668210', 'osm_1639773078', 'osm_156915381', 'osm_560613774', 'osm_8176307724', 'osm_8176307727', 'osm_8176307736', 'osm_13955311336', 'osm_13955311338', 'osm_14046382079', 'osm_13955311332']",219.3188768115942,0.0,0.0,6.077360836798107e-13,15.476003656280087,False,STU_0001,canonical_nsga3,0,13.414912207983434
"['osm_2272453696', 'osm_2272453698', 'osm_2272453703', 'osm_2272453704', 'osm_2272453699', 'osm_2272453700', 'osm_2272453705', 'osm_2272453706', 'osm_2510316164', 'osm_201420266', 'osm_201420270', 'osm_2510316291', 'osm_2510316263', 'osm_2510316232', 'osm_2510316218', 'osm_2510316206', 'osm_2510316149', 'osm_2510316059', 'osm_2510316052', 'osm_2510316036', 'osm_2510316034', 'osm_2510316021', 'osm_2510315992', 'osm_2510315969', 'osm_2510315940', 'osm_2510315900', 'osm_201420218', 'osm_2510315904', 'osm_615066697', 'osm_201420208', 'osm_615066700', 'osm_577553852', 'osm_2510316795', 'osm_2510316349', 'osm_201420205', 'osm_7881423693', 'osm_27161180', 'osm_577552463', 'osm_30373824', 'osm_1581560441', 'osm_8623200418', 'osm_8623200420', 'osm_4512389438', 'osm_89097003', 'osm_2828400253', 'osm_613088608', 'osm_2828400254', 'osm_613088609', 'osm_613088619', 'osm_17767505', 'osm_10678451011', 'osm_10678109769', 'osm_10678086361', 'osm_13318515908', 'osm_156899755', 'osm_278744370', 'osm_13676286584', 'osm_13676286585', 'osm_5264609378', 'osm_8237668183', 'osm_8237668210', 'osm_1639773078', 'osm_156915381', 'osm_560613774', 'osm_8176307724', 'osm_8176307727', 'osm_8176307736', 'osm_13955311336', 'osm_13955311338', 'osm_14046382079', 'osm_13955311332']",219.34335748792273,0.0,0.0,6.057376822354854e-13,15.477954351975978,False,STU_0001,canonical_nsga3,0,13.414912207983434
"['osm_2272453696', 'osm_2272453698', 'osm_2272453703', 'osm_2272453704', 'osm_2272453699', 'osm_2272453700', 'osm_2272453705', 'osm_2272453706', 'osm_2510316164', 'osm_201420266', 'osm_201420270', 'osm_2510316291', 'osm_2510316263', 'osm_2510316232', 'osm_2510316218', 'osm_2510316206', 'osm_2510316149', 'osm_2510316059', 'osm_2510316052', 'osm_2510316036', 'osm_2510316034', 'osm_2510316021', 'osm_2510315992', 'osm_2510315969', 'osm_2510315940', 'osm_2510315900', 'osm_201420218', 'osm_2510315904', 'osm_615066697', 'osm_201420208', 'osm_615066700', 'osm_11522819143', 'osm_3040870613', 'osm_2510316349', 'osm_201420205', 'osm_7881423693', 'osm_27161180', 'osm_577552463', 'osm_30373824', 'osm_1581560441', 'osm_8623200418', 'osm_8623200420', 'osm_4512389438', 'osm_89097003', 'osm_2828400253', 'osm_613088608', 'osm_2828400254', 'osm_613088609', 'osm_613088619', 'osm_17767505', 'osm_10678451011', 'osm_10678109769', 'osm_10678086361', 'osm_13318515908', 'osm_156899755', 'osm_278744370', 'osm_13676286584', 'osm_13676286585', 'osm_5264609378', 'osm_8237668183', 'osm_8237668210', 'osm_1639773078', 'osm_156915381', 'osm_560613774', 'osm_8176307724', 'osm_8176307727', 'osm_8176307736', 'osm_13955311336', 'osm_13955311338', 'osm_14046382079', 'osm_13955311332']",219.3515700483092,0.0,0.0,6.050715484207103e-13,15.478608754084124,False,STU_0001,canonical_nsga3,0,13.414912207983434
"['osm_2272453696', 'osm_2272453698', 'osm_2272453703', 'osm_2272453704', 'osm_2272453699', 'osm_2272453700', 'osm_2272453705', 'osm_2272453706', 'osm_2510316164', 'osm_201420266', 'osm_201420270', 'osm_2510316291', 'osm_2510316263', 'osm_2510316232', 'osm_2510316218', 'osm_2510316206', 'osm_2510316149', 'osm_2510316059', 'osm_2510316052', 'osm_2510316036', 'osm_2510316034', 'osm_2510316021', 'osm_2510315992', 'osm_2510315969', 'osm_2510315940', 'osm_2510315900', 'osm_201420218', 'osm_2510315904', 'osm_615066697', 'osm_201420208', 'osm_615066700', 'osm_577553852', 'osm_2510316795', 'osm_2510316349', 'osm_201420205', 'osm_7881423693', 'osm_27161180', 'osm_577552463', 'osm_30373824', 'osm_1581560441', 'osm_8623200418', 'osm_8623200420', 'osm_4512389438', 'osm_89097003', 'osm_2828400253', 'osm_613088608', 'osm_2828400254', 'osm_613088609', 'osm_613088619', 'osm_17767505', 'osm_10678451011', 'osm_10678109769', 'osm_10678086361', 'osm_13318515908', 'osm_156899755', 'osm_278744370', 'osm_13676286584', 'osm_13676286585', 'osm_5264609378', 'osm_8237668183', 'osm_156915380', 'osm_1639773078', 'osm_156915381', 'osm_560613774', 'osm_8176307724', 'osm_8176307727', 'osm_8176307736', 'osm_13955311336', 'osm_13955311338', 'osm_14046382079', 'osm_13955311332']",219.3814855072464,0.0,0.0,6.024070131616099e-13,15.480992509998645,False,STU_0001,canonical_nsga3,0,13.414912207983434
"['osm_2272453696', 'osm_2272453698', 'osm_2272453703', 'osm_2272453704', 'osm_2272453699', 'osm_2272453700', 'osm_2272453705', 'osm_2272453706', 'osm_2510316164', 'osm_201420266', 'osm_201420270', 'osm_2510316291', 'osm_2510316263', 'osm_2510316232', 'osm_2510316218', 'osm_2510316206', 'osm_2510316149', 'osm_2510316059', 'osm_2510316052', 'osm_2510316036', 'osm_2510316034', 'osm_2510316021', 'osm_2510315992', 'osm_2510315969', 'osm_2510315940', 'osm_2510315900', 'osm_201420218', 'osm_2510315904', 'osm_615066697', 'osm_201420208', 'osm_615066700', 'osm_577553852', 'osm_2510316795', 'osm_2510316349', 'osm_201420205', 'osm_7881423693', 'osm_27161180', 'osm_577552463', 'osm_30373824', 'osm_1581560441', 'osm_8623200418', 'osm_8623200420', 'osm_4512389438', 'osm_89097003', 'osm_2828400253', 'osm_613088608', 'osm_2828400254', 'osm_613088609', 'osm_613088619', 'osm_17767505', 'osm_10678451011', 'osm_10678109769', 'osm_10678086361', 'osm_13318515908', 'osm_156899755', 'osm_278744370', 'osm_13676286584', 'osm_13676286585', 'osm_13688224012', 'osm_8237668210', 'osm_1639773078', 'osm_156915381', 'osm_560613774', 'osm_8176307724', 'osm_8176307727', 'osm_8176307736', 'osm_13955311336', 'osm_13955311338', 'osm_14046382079', 'osm_13955311332']",219.3858816425121,0.0,0.0,6.019629239517599e-13,15.481342807597708,False,STU_0001,canonical_nsga3,0,13.414912207983434
"['osm_2272453696', 'osm_2272453698', 'osm_2272453703', 'osm_2272453704', 'osm_2272453699', 'osm_2272453700', 'osm_2272453705', 'osm_2272453706', 'osm_2510316164', 'osm_201420266', 'osm_201420270', 'osm_2510316291', 'osm_2510316263', 'osm_2510316232', 'osm_2510316218', 'osm_2510316206', 'osm_2510316149', 'osm_2510316059', 'osm_2510316052', 'osm_2510316036', 'osm_2510316034', 'osm_2510316021', 'osm_2510315992', 'osm_2510315969', 'osm_2510315940', 'osm_2510315900', 'osm_201420218', 'osm_2510315904', 'osm_615066697', 'osm_201420208', 'osm_615066700', 'osm_11522819143', 'osm_3040870613', 'osm_2510316349', 'osm_201420205', 'osm_7881423693', 'osm_27161180', 'osm_577552463', 'osm_30373824', 'osm_1581560441', 'osm_8623200418', 'osm_8623200420', 'osm_4512389438', 'osm_89097003', 'osm_2828400253', 'osm_613088608', 'osm_2828400254', 'osm_613088609', 'osm_613088619', 'osm_17767505', 'osm_10678451011', 'osm_10678109769', 'osm_10678086361', 'osm_13318515908', 'osm_156899755', 'osm_278744370', 'osm_13676286584', 'osm_13676286585', 'osm_5264609378', 'osm_8237668183', 'osm_156915380', 'osm_1639773078', 'osm_156915381', 'osm_560613774', 'osm_8176307724', 'osm_8176307727', 'osm_8176307736', 'osm_13955311336', 'osm_13955311338', 'osm_14046382079', 'osm_13955311332']",219.38969806763288,0.0,0.0,6.017408793468348e-13,15.481646912106793,False,STU_0001,canonical_nsga3,0,13.414912207983434
"['osm_2272453696', 'osm_2272453698', 'osm_2272453703', 'osm_2272453704', 'osm_2272453699', 'osm_2272453700', 'osm_2272453705', 'osm_2272453706', 'osm_2510316164', 'osm_201420266', 'osm_201420270', 'osm_2510316291', 'osm_2510316263', 'osm_2510316232', 'osm_2510316218', 'osm_2510316206', 'osm_2510316149', 'osm_2510316059', 'osm_2510316052', 'osm_2510316036', 'osm_2510316034', 'osm_2510316021', 'osm_2510315992', 'osm_2510315969', 'osm_2510315940', 'osm_2510315900', 'osm_201420218', 'osm_2510315904', 'osm_615066697', 'osm_201420208', 'osm_615066700', 'osm_11522819143', 'osm_3040870613', 'osm_2510316349', 'osm_201420205', 'osm_7881423693', 'osm_27161180', 'osm_577552463', 'osm_30373824', 'osm_1581560441', 'osm_8623200418', 'osm_8623200420', 'osm_4512389438', 'osm_89097003', 'osm_2828400253', 'osm_613088608', 'osm_2828400254', 'osm_613088609', 'osm_613088619', 'osm_17767505', 'osm_10678451011', 'osm_10678109769', 'osm_10678086361', 'osm_13318515908', 'osm_156899755', 'osm_278744370', 'osm_13676286584', 'osm_13676286585', 'osm_13688224012', 'osm_8237668210', 'osm_1639773078', 'osm_156915381', 'osm_560613774', 'osm_8176307724', 'osm_8176307727', 'osm_8176307736', 'osm_13955311336', 'osm_13955311338', 'osm_14046382079', 'osm_13955311332']",219.39409420289857,0.0,0.0,6.012967901369848e-13,15.481997209705854,False,STU_0001,canonical_nsga3,0,13.414912207983434
