profile_id,algorithm,seed,hypervolume,igd,n_feasible_run,n_nondom_union,ref_point_obj1,ref_point_obj2,ref_point_obj3,ref_point_obj4,max_hv_profile,normalized_hv,normalization_scheme,plan_name
STU_0023,moead,0,1.2661475491639944,1.552174809356039,125,2617,21.9494796418966,4.8398312225443965,0.622500999854129,0.5194390507732285,9.100362675499648,0.1391315483033183,union_observed_max_per_profile,extended_benchmark_30profiles
STU_0023,moead,1,0.9367932319154215,1.8278058416407228,125,2617,21.9494796418966,4.8398312225443965,0.622500999854129,0.5194390507732285,9.100362675499648,0.10294020857404869,union_observed_max_per_profile,extended_benchmark_30profiles
STU_0023,moead,2,1.3213677229282839,1.513485460034471,125,2617,21.9494796418966,4.8398312225443965,0.622500999854129,0.5194390507732285,9.100362675499648,0.14519945743324292,union_observed_max_per_profile,extended_benchmark_30profiles
STU_0023,moead,3,3.711126776756543,3.00681296170255,125,2617,21.9494796418966,4.8398312225443965,0.622500999854129,0.5194390507732285,9.100362675499648,0.4077998766739026,union_observed_max_per_profile,extended_benchmark_30profiles
STU_0023,moead,4,3.912492415594437,2.885534201832504,125,2617,21.9494796418966,4.8398312225443965,0.622500999854129,0.5194390507732285,9.100362675499648,0.4299270869860827,union_observed_max_per_profile,extended_benchmark_30profiles
STU_0023,moead,5,1.1951148462201062,1.6513639224766545,125,2617,21.9494796418966,4.8398312225443965,0.622500999854129,0.5194390507732285,9.100362675499648,0.13132606785415718,union_observed_max_per_profile,extended_benchmark_30profiles
STU_0023,moead,6,0.975672236483184,1.8183552170059183,125,2617,21.9494796418966,4.8398312225443965,0.622500999854129,0.5194390507732285,9.100362675499648,0.10721245639032903,union_observed_max_per_profile,extended_benchmark_30profiles
STU_0023,moead,7,1.1627736706806238,1.6286470833799946,125,2617,21.9494796418966,4.8398312225443965,0.622500999854129,0.5194390507732285,9.100362675499648,0.12777223415623737,union_observed_max_per_profile,extended_benchmark_30profiles
STU_0023,moead,8,1.1172385474820676,1.708960856593361,125,2617,21.9494796418966,4.8398312225443965,0.622500999854129,0.5194390507732285,9.100362675499648,0.12276857388221911,union_observed_max_per_profile,extended_benchmark_30profiles
STU_0023,moead,9,1.1243901483841616,1.7336953733529983,125,2617,21.9494796418966,4.8398312225443965,0.622500999854129,0.5194390507732285,9.100362675499648,0.12355443277126622,union_observed_max_per_profile,extended_benchmark_30profiles
STU_0023,nsga2,0,8.612532072705747,0.1750072826987866,128,2617,21.9494796418966,4.8398312225443965,0.622500999854129,0.5194390507732285,9.100362675499648,0.9463943778738338,union_observed_max_per_profile,extended_benchmark_30profiles
STU_0023,nsga2,1,8.7395634031756,0.18914166577010685,128,2617,21.9494796418966,4.8398312225443965,0.622500999854129,0.5194390507732285,9.100362675499648,0.9603533084131465,union_observed_max_per_profile,extended_benchmark_30profiles
STU_0023,nsga2,2,8.644984520395855,0.1795232354443336,128,2617,21.9494796418966,4.8398312225443965,0.622500999854129,0.5194390507732285,9.100362675499648,0.9499604387933044,union_observed_max_per_profile,extended_benchmark_30profiles
STU_0023,nsga2,3,8.600682363590712,0.18917738655501493,128,2617,21.9494796418966,4.8398312225443965,0.622500999854129,0.5194390507732285,9.100362675499648,0.9450922639320525,union_observed_max_per_profile,extended_benchmark_30profiles
STU_0023,nsga2,4,8.764700684722396,0.18413176058777125,128,2617,21.9494796418966,4.8398312225443965,0.622500999854129,0.5194390507732285,9.100362675499648,0.9631155369575617,union_observed_max_per_profile,extended_benchmark_30profiles
STU_0023,nsga2,5,8.868658763262614,0.15791873815811103,128,2617,21.9494796418966,4.8398312225443965,0.622500999854129,0.5194390507732285,9.100362675499648,0.974539046354621,union_observed_max_per_profile,extended_benchmark_30profiles
STU_0023,nsga2,6,8.738491208741827,0.1707494412142569,128,2617,21.9494796418966,4.8398312225443965,0.622500999854129,0.5194390507732285,9.100362675499648,0.9602354895446019,union_observed_max_per_profile,extended_benchmark_30profiles
STU_0023,nsga2,7,8.543433417763895,0.19953824526137776,128,2617,21.9494796418966,4.8398312225443965,0.622500999854129,0.5194390507732285,9.100362675499648,0.9388014217021109,union_observed_max_per_profile,extended_benchmark_30profiles
STU_0023,nsga2,8,8.587443237318297,0.18373507540008036,128,2617,21.9494796418966,4.8398312225443965,0.622500999854129,0.5194390507732285,9.100362675499648,0.9436374728710261,union_observed_max_per_profile,extended_benchmark_30profiles
STU_0023,nsga2,9,8.786738329387369,0.17275553630026144,128,2617,21.9494796418966,4.8398312225443965,0.622500999854129,0.5194390507732285,9.100362675499648,0.9655371596390734,union_observed_max_per_profile,extended_benchmark_30profiles
STU_0023,nsga3,0,9.023450264407327,0.18342886467203715,128,2617,21.9494796418966,4.8398312225443965,0.622500999854129,0.5194390507732285,9.100362675499648,0.9915484235260879,union_observed_max_per_profile,extended_benchmark_30profiles
STU_0023,nsga3,1,8.925034412100825,0.20306689686702034,128,2617,21.9494796418966,4.8398312225443965,0.622500999854129,0.5194390507732285,9.100362675499648,0.9807339257070656,union_observed_max_per_profile,extended_benchmark_30profiles
STU_0023,nsga3,2,8.836722554638266,0.23138345258550658,128,2617,21.9494796418966,4.8398312225443965,0.622500999854129,0.5194390507732285,9.100362675499648,0.9710297127419807,union_observed_max_per_profile,extended_benchmark_30profiles
STU_0023,nsga3,3,9.009359695881264,0.20816699572148675,128,2617,21.9494796418966,4.8398312225443965,0.622500999854129,0.5194390507732285,9.100362675499648,0.9900000711110793,union_observed_max_per_profile,extended_benchmark_30profiles
STU_0023,nsga3,4,8.854564742207666,0.1983937576471172,128,2617,21.9494796418966,4.8398312225443965,0.622500999854129,0.5194390507732285,9.100362675499648,0.9729903145559541,union_observed_max_per_profile,extended_benchmark_30profiles
STU_0023,nsga3,5,8.953544623732087,0.21739937511386379,128,2617,21.9494796418966,4.8398312225443965,0.622500999854129,0.5194390507732285,9.100362675499648,0.9838667911375851,union_observed_max_per_profile,extended_benchmark_30profiles
STU_0023,nsga3,6,9.100362675499648,0.20269970041992383,128,2617,21.9494796418966,4.8398312225443965,0.622500999854129,0.5194390507732285,9.100362675499648,1.0,union_observed_max_per_profile,extended_benchmark_30profiles
STU_0023,nsga3,7,9.046313966480488,0.18019146871620115,128,2617,21.9494796418966,4.8398312225443965,0.622500999854129,0.5194390507732285,9.100362675499648,0.9940608181292959,union_observed_max_per_profile,extended_benchmark_30profiles
STU_0023,nsga3,8,9.053641431311277,0.20198628598576973,128,2617,21.9494796418966,4.8398312225443965,0.622500999854129,0.5194390507732285,9.100362675499648,0.9948660019546083,union_observed_max_per_profile,extended_benchmark_30profiles
STU_0023,nsga3,9,8.974522047652208,0.1987827785087835,128,2617,21.9494796418966,4.8398312225443965,0.622500999854129,0.5194390507732285,9.100362675499648,0.9861719106881055,union_observed_max_per_profile,extended_benchmark_30profiles
STU_0023,smsemoa,0,8.711876409751945,0.30882928000757615,128,2617,21.9494796418966,4.8398312225443965,0.622500999854129,0.5194390507732285,9.100362675499648,0.9573109029166935,union_observed_max_per_profile,extended_benchmark_30profiles
STU_0023,smsemoa,1,8.70498189691532,0.3003630578574351,128,2617,21.9494796418966,4.8398312225443965,0.622500999854129,0.5194390507732285,9.100362675499648,0.9565532943375118,union_observed_max_per_profile,extended_benchmark_30profiles
STU_0023,smsemoa,2,8.507340520449882,0.32719896413060306,128,2617,21.9494796418966,4.8398312225443965,0.622500999854129,0.5194390507732285,9.100362675499648,0.934835327316534,union_observed_max_per_profile,extended_benchmark_30profiles
STU_0023,smsemoa,3,8.756765753963773,0.4052224794506963,128,2617,21.9494796418966,4.8398312225443965,0.622500999854129,0.5194390507732285,9.100362675499648,0.9622436012950429,union_observed_max_per_profile,extended_benchmark_30profiles
STU_0023,smsemoa,4,8.522970050539847,0.4314571112611316,128,2617,21.9494796418966,4.8398312225443965,0.622500999854129,0.5194390507732285,9.100362675499648,0.9365527896471335,union_observed_max_per_profile,extended_benchmark_30profiles
STU_0027,moead,0,0.030364201632124076,1.327388297981066,125,3732,13.528779538278087,0.8057680225564395,0.1125007903566401,0.4542401387425364,0.24498556077757427,0.12394282151057934,union_observed_max_per_profile,extended_benchmark_30profiles
STU_0027,moead,1,0.029816233653890804,1.335289312438527,125,3732,13.528779538278087,0.8057680225564395,0.1125007903566401,0.4542401387425364,0.24498556077757427,0.12170608569441922,union_observed_max_per_profile,extended_benchmark_30profiles
STU_0027,moead,2,0.03321040631949888,1.2957509654200743,125,3732,13.528779538278087,0.8057680225564395,0.1125007903566401,0.4542401387425364,0.24498556077757427,0.13556066820465004,union_observed_max_per_profile,extended_benchmark_30profiles
STU_0027,moead,3,0.0375256991984324,1.2879615527503574,125,3732,13.528779538278087,0.8057680225564395,0.1125007903566401,0.4542401387425364,0.24498556077757427,0.15317514664671397,union_observed_max_per_profile,extended_benchmark_30profiles
STU_0027,moead,4,0.036026255975660615,1.282141021476126,125,3732,13.528779538278087,0.8057680225564395,0.1125007903566401,0.4542401387425364,0.24498556077757427,0.14705460950969818,union_observed_max_per_profile,extended_benchmark_30profiles
STU_0027,moead,5,0.028754147731332558,1.3399939103545484,125,3732,13.528779538278087,0.8057680225564395,0.1125007903566401,0.4542401387425364,0.24498556077757427,0.11737078560902958,union_observed_max_per_profile,extended_benchmark_30profiles
STU_0027,moead,6,0.04863457069421223,1.2376483528435243,125,3732,13.528779538278087,0.8057680225564395,0.1125007903566401,0.4542401387425364,0.24498556077757427,0.19852015171770968,union_observed_max_per_profile,extended_benchmark_30profiles
STU_0027,moead,7,0.0318683683301103,1.3218961726200762,125,3732,13.528779538278087,0.8057680225564395,0.1125007903566401,0.4542401387425364,0.24498556077757427,0.1300826392745817,union_observed_max_per_profile,extended_benchmark_30profiles
STU_0027,moead,8,0.031047939205555916,1.32608521226402,125,3732,13.528779538278087,0.8057680225564395,0.1125007903566401,0.4542401387425364,0.24498556077757427,0.1267337516015679,union_observed_max_per_profile,extended_benchmark_30profiles
STU_0027,moead,9,0.03258709334935927,1.315425540500277,125,3732,13.528779538278087,0.8057680225564395,0.1125007903566401,0.4542401387425364,0.24498556077757427,0.1330163836837124,union_observed_max_per_profile,extended_benchmark_30profiles
STU_0027,nsga2,0,0.24271594036882427,0.056527278640557885,128,3732,13.528779538278087,0.8057680225564395,0.1125007903566401,0.4542401387425364,0.24498556077757427,0.9907356972323336,union_observed_max_per_profile,extended_benchmark_30profiles
STU_0027,nsga2,1,0.24353971405401478,0.06288596224028299,128,3732,13.528779538278087,0.8057680225564395,0.1125007903566401,0.4542401387425364,0.24498556077757427,0.9940982369778429,union_observed_max_per_profile,extended_benchmark_30profiles
STU_0027,nsga2,2,0.24290675589736385,0.0549531120010173,128,3732,13.528779538278087,0.8057680225564395,0.1125007903566401,0.4542401387425364,0.24498556077757427,0.991514582028376,union_observed_max_per_profile,extended_benchmark_30profiles
STU_0027,nsga2,3,0.24309836157406853,0.054525617186650076,128,3732,13.528779538278087,0.8057680225564395,0.1125007903566401,0.4542401387425364,0.24498556077757427,0.9922966921090539,union_observed_max_per_profile,extended_benchmark_30profiles
STU_0027,nsga2,4,0.24498556077757427,0.05703804479185323,128,3732,13.528779538278087,0.8057680225564395,0.1125007903566401,0.4542401387425364,0.24498556077757427,1.0,union_observed_max_per_profile,extended_benchmark_30profiles
STU_0027,nsga2,5,0.2446194625571275,0.09400780405862928,128,3732,13.528779538278087,0.8057680225564395,0.1125007903566401,0.4542401387425364,0.24498556077757427,0.9985056334778066,union_observed_max_per_profile,extended_benchmark_30profiles
STU_0027,nsga2,6,0.244705330382489,0.07008588070966253,128,3732,13.528779538278087,0.8057680225564395,0.1125007903566401,0.4542401387425364,0.24498556077757427,0.9988561350546709,union_observed_max_per_profile,extended_benchmark_30profiles
STU_0027,nsga2,7,0.24108019719474647,0.055800115436502165,128,3732,13.528779538278087,0.8057680225564395,0.1125007903566401,0.4542401387425364,0.24498556077757427,0.9840588009740968,union_observed_max_per_profile,extended_benchmark_30profiles
STU_0027,nsga2,8,0.24319178937559013,0.06107444976430704,128,3732,13.528779538278087,0.8057680225564395,0.1125007903566401,0.4542401387425364,0.24498556077757427,0.9926780525501553,union_observed_max_per_profile,extended_benchmark_30profiles
STU_0027,nsga2,9,0.2425129187664088,0.05824602131857738,128,3732,13.528779538278087,0.8057680225564395,0.1125007903566401,0.4542401387425364,0.24498556077757427,0.989906988790207,union_observed_max_per_profile,extended_benchmark_30profiles
STU_0027,nsga3,0,0.2398930477151553,0.07423926341584919,128,3732,13.528779538278087,0.8057680225564395,0.1125007903566401,0.4542401387425364,0.24498556077757427,0.979213007304367,union_observed_max_per_profile,extended_benchmark_30profiles
STU_0027,nsga3,1,0.24274102019801877,0.15051119008004624,128,3732,13.528779538278087,0.8057680225564395,0.1125007903566401,0.4542401387425364,0.24498556077757427,0.9908380699155027,union_observed_max_per_profile,extended_benchmark_30profiles
STU_0027,nsga3,2,0.24324013115450516,0.20396962623053683,128,3732,13.528779538278087,0.8057680225564395,0.1125007903566401,0.4542401387425364,0.24498556077757427,0.9928753775629503,union_observed_max_per_profile,extended_benchmark_30profiles
STU_0027,nsga3,3,0.2413935848991027,0.14314124511103454,128,3732,13.528779538278087,0.8057680225564395,0.1125007903566401,0.4542401387425364,0.24498556077757427,0.9853380098522101,union_observed_max_per_profile,extended_benchmark_30profiles
STU_0027,nsga3,4,0.24422455152506356,0.10081155360054801,128,3732,13.528779538278087,0.8057680225564395,0.1125007903566401,0.4542401387425364,0.24498556077757427,0.9968936567114597,union_observed_max_per_profile,extended_benchmark_30profiles
STU_0027,nsga3,5,0.2441752199175795,0.06317853552607537,128,3732,13.528779538278087,0.8057680225564395,0.1125007903566401,0.4542401387425364,0.24498556077757427,0.9966922913439357,union_observed_max_per_profile,extended_benchmark_30profiles
STU_0027,nsga3,6,0.23982452568976717,0.10737351463734547,128,3732,13.528779538278087,0.8057680225564395,0.1125007903566401,0.4542401387425364,0.24498556077757427,0.9789333090839061,union_observed_max_per_profile,extended_benchmark_30profiles
STU_0027,nsga3,7,0.24187959171124082,0.07674763043759535,128,3732,13.528779538278087,0.8057680225564395,0.1125007903566401,0.4542401387425364,0.24498556077757427,0.9873218280437621,union_observed_max_per_profile,extended_benchmark_30profiles
STU_0027,nsga3,8,0.24336703672211019,0.11634233543287759,128,3732,13.528779538278087,0.8057680225564395,0.1125007903566401,0.4542401387425364,0.24498556077757427,0.993393390000917,union_observed_max_per_profile,extended_benchmark_30profiles
STU_0027,nsga3,9,0.24346328697437628,0.08492254593744063,128,3732,13.528779538278087,0.8057680225564395,0.1125007903566401,0.4542401387425364,0.24498556077757427,0.993786271328129,union_observed_max_per_profile,extended_benchmark_30profiles
STU_0027,smsemoa,0,0.2410208831835136,0.10550602546473542,128,3732,13.528779538278087,0.8057680225564395,0.1125007903566401,0.4542401387425364,0.24498556077757427,0.9838166887000322,union_observed_max_per_profile,extended_benchmark_30profiles
STU_0027,smsemoa,1,0.23914927514842396,0.12086410015461412,128,3732,13.528779538278087,0.8057680225564395,0.1125007903566401,0.4542401387425364,0.24498556077757427,0.9761770219819235,union_observed_max_per_profile,extended_benchmark_30profiles
STU_0027,smsemoa,2,0.2412594780162787,0.15296332196556492,128,3732,13.528779538278087,0.8057680225564395,0.1125007903566401,0.4542401387425364,0.24498556077757427,0.9847906025584972,union_observed_max_per_profile,extended_benchmark_30profiles
STU_0027,smsemoa,3,0.24348287866915658,0.11644855575766735,128,3732,13.528779538278087,0.8057680225564395,0.1125007903566401,0.4542401387425364,0.24498556077757427,0.9938662421424012,union_observed_max_per_profile,extended_benchmark_30profiles
STU_0027,smsemoa,4,0.23936729662993492,0.14259157681108287,128,3732,13.528779538278087,0.8057680225564395,0.1125007903566401,0.4542401387425364,0.24498556077757427,0.9770669580288438,union_observed_max_per_profile,extended_benchmark_30profiles
STU_0030,moead,0,0.012528037720649764,1.6850678652074214,125,3733,13.520292781074124,0.8793172340474539,0.1230009945743752,0.1098514926593354,0.07469203502509618,0.1677292326610247,union_observed_max_per_profile,extended_benchmark_30profiles
STU_0030,moead,1,0.012816770153792997,1.7678891497594118,125,3733,13.520292781074124,0.8793172340474539,0.1230009945743752,0.1098514926593354,0.07469203502509618,0.17159487152126224,union_observed_max_per_profile,extended_benchmark_30profiles
STU_0030,moead,2,0.010582014599196388,1.7999148956256223,125,3733,13.520292781074124,0.8793172340474539,0.1230009945743752,0.1098514926593354,0.07469203502509618,0.14167527495590232,union_observed_max_per_profile,extended_benchmark_30profiles
STU_0030,moead,3,0.013092177967685893,1.7714802154887366,125,3733,13.520292781074124,0.8793172340474539,0.1230009945743752,0.1098514926593354,0.07469203502509618,0.17528211626965287,union_observed_max_per_profile,extended_benchmark_30profiles
STU_0030,moead,4,0.015200583170676636,1.7241714610941425,125,3733,13.520292781074124,0.8793172340474539,0.1230009945743752,0.1098514926593354,0.07469203502509618,0.20351009536116282,union_observed_max_per_profile,extended_benchmark_30profiles
STU_0030,moead,5,0.013515773867642683,1.71178010819214,125,3733,13.520292781074124,0.8793172340474539,0.1230009945743752,0.1098514926593354,0.07469203502509618,0.18095334881559252,union_observed_max_per_profile,extended_benchmark_30profiles
STU_0030,moead,6,0.012351646748809297,1.7369644135299813,125,3733,13.520292781074124,0.8793172340474539,0.1230009945743752,0.1098514926593354,0.07469203502509618,0.16536765593090616,union_observed_max_per_profile,extended_benchmark_30profiles
STU_0030,moead,7,0.013054183619011906,1.7312585302727173,125,3733,13.520292781074124,0.8793172340474539,0.1230009945743752,0.1098514926593354,0.07469203502509618,0.1747734362121177,union_observed_max_per_profile,extended_benchmark_30profiles
STU_0030,moead,8,0.013234825456245622,1.7263563013252798,125,3733,13.520292781074124,0.8793172340474539,0.1230009945743752,0.1098514926593354,0.07469203502509618,0.17719192483909135,union_observed_max_per_profile,extended_benchmark_30profiles
STU_0030,moead,9,0.010523189992051672,1.7278669698689781,125,3733,13.520292781074124,0.8793172340474539,0.1230009945743752,0.1098514926593354,0.07469203502509618,0.14088771297389244,union_observed_max_per_profile,extended_benchmark_30profiles
STU_0030,nsga2,0,0.06799937013732525,0.05165789032880916,128,3733,13.520292781074124,0.8793172340474539,0.1230009945743752,0.1098514926593354,0.07469203502509618,0.9103965384592584,union_observed_max_per_profile,extended_benchmark_30profiles
STU_0030,nsga2,1,0.07191858902896849,0.05663137771605111,128,3733,13.520292781074124,0.8793172340474539,0.1230009945743752,0.1098514926593354,0.07469203502509618,0.962868249670854,union_observed_max_per_profile,extended_benchmark_30profiles
STU_0030,nsga2,2,0.06688200564592686,0.04985994363209973,128,3733,13.520292781074124,0.8793172340474539,0.1230009945743752,0.1098514926593354,0.07469203502509618,0.895436918052304,union_observed_max_per_profile,extended_benchmark_30profiles
STU_0030,nsga2,3,0.06858200012689313,0.05167220596284243,128,3733,13.520292781074124,0.8793172340474539,0.1230009945743752,0.1098514926593354,0.07469203502509618,0.9181969684431531,union_observed_max_per_profile,extended_benchmark_30profiles
STU_0030,nsga2,4,0.06937626123991772,0.04516818329195089,128,3733,13.520292781074124,0.8793172340474539,0.1230009945743752,0.1098514926593354,0.07469203502509618,0.9288307811750961,union_observed_max_per_profile,extended_benchmark_30profiles
STU_0030,nsga2,5,0.0683350952985173,0.04988039367064944,128,3733,13.520292781074124,0.8793172340474539,0.1230009945743752,0.1098514926593354,0.07469203502509618,0.9148913304552089,union_observed_max_per_profile,extended_benchmark_30profiles
STU_0030,nsga2,6,0.06931114857572471,0.051132766691065264,128,3733,13.520292781074124,0.8793172340474539,0.1230009945743752,0.1098514926593354,0.07469203502509618,0.9279590327460817,union_observed_max_per_profile,extended_benchmark_30profiles
STU_0030,nsga2,7,0.0645720887953926,0.05269250660238459,128,3733,13.520292781074124,0.8793172340474539,0.1230009945743752,0.1098514926593354,0.07469203502509618,0.8645110388771262,union_observed_max_per_profile,extended_benchmark_30profiles
STU_0030,nsga2,8,0.07114502950305138,0.04923210360124222,128,3733,13.520292781074124,0.8793172340474539,0.1230009945743752,0.1098514926593354,0.07469203502509618,0.9525115961714924,union_observed_max_per_profile,extended_benchmark_30profiles
STU_0030,nsga2,9,0.06982368171050221,0.05085304518761303,128,3733,13.520292781074124,0.8793172340474539,0.1230009945743752,0.1098514926593354,0.07469203502509618,0.9348209844201162,union_observed_max_per_profile,extended_benchmark_30profiles
STU_0030,nsga3,0,0.07454912223371335,0.06591853512311409,128,3733,13.520292781074124,0.8793172340474539,0.1230009945743752,0.1098514926593354,0.07469203502509618,0.9980866394745462,union_observed_max_per_profile,extended_benchmark_30profiles
STU_0030,nsga3,1,0.07446059113280215,0.08435801550028756,128,3733,13.520292781074124,0.8793172340474539,0.1230009945743752,0.1098514926593354,0.07469203502509618,0.996901357792484,union_observed_max_per_profile,extended_benchmark_30profiles
STU_0030,nsga3,2,0.07414693752437669,0.05701419400608548,128,3733,13.520292781074124,0.8793172340474539,0.1230009945743752,0.1098514926593354,0.07469203502509618,0.9927020665518574,union_observed_max_per_profile,extended_benchmark_30profiles
STU_0030,nsga3,3,0.07376902712767038,0.10074326461392645,128,3733,13.520292781074124,0.8793172340474539,0.1230009945743752,0.1098514926593354,0.07469203502509618,0.9876424856128813,union_observed_max_per_profile,extended_benchmark_30profiles
STU_0030,nsga3,4,0.07442167977158415,0.08302985705536278,128,3733,13.520292781074124,0.8793172340474539,0.1230009945743752,0.1098514926593354,0.07469203502509618,0.9963804004882021,union_observed_max_per_profile,extended_benchmark_30profiles
STU_0030,nsga3,5,0.07440402009842939,0.07317804519535465,128,3733,13.520292781074124,0.8793172340474539,0.1230009945743752,0.1098514926593354,0.07469203502509618,0.9961439673377487,union_observed_max_per_profile,extended_benchmark_30profiles
STU_0030,nsga3,6,0.0738960409090319,0.05987338348059399,128,3733,13.520292781074124,0.8793172340474539,0.1230009945743752,0.1098514926593354,0.07469203502509618,0.9893429852889023,union_observed_max_per_profile,extended_benchmark_30profiles
STU_0030,nsga3,7,0.07428497081850928,0.11274838594932846,128,3733,13.520292781074124,0.8793172340474539,0.1230009945743752,0.1098514926593354,0.07469203502509618,0.994550098863284,union_observed_max_per_profile,extended_benchmark_30profiles
STU_0030,nsga3,8,0.07469203502509618,0.0718804378601178,128,3733,13.520292781074124,0.8793172340474539,0.1230009945743752,0.1098514926593354,0.07469203502509618,1.0,union_observed_max_per_profile,extended_benchmark_30profiles
STU_0030,nsga3,9,0.07444735183604823,0.09522714534657509,128,3733,13.520292781074124,0.8793172340474539,0.1230009945743752,0.1098514926593354,0.07469203502509618,0.9967241060045327,union_observed_max_per_profile,extended_benchmark_30profiles
STU_0030,smsemoa,0,0.07228529271433995,0.1321759474640643,128,3733,13.520292781074124,0.8793172340474539,0.1230009945743752,0.1098514926593354,0.07469203502509618,0.9677777917023204,union_observed_max_per_profile,extended_benchmark_30profiles
STU_0030,smsemoa,1,0.07357139285969788,0.09836374423738947,128,3733,13.520292781074124,0.8793172340474539,0.1230009945743752,0.1098514926593354,0.07469203502509618,0.9849964970826974,union_observed_max_per_profile,extended_benchmark_30profiles
STU_0030,smsemoa,2,0.073032104602326,0.09872077379851057,128,3733,13.520292781074124,0.8793172340474539,0.1230009945743752,0.1098514926593354,0.07469203502509618,0.9777763395760678,union_observed_max_per_profile,extended_benchmark_30profiles
STU_0030,smsemoa,3,0.07236456015931167,0.15410103656203958,128,3733,13.520292781074124,0.8793172340474539,0.1230009945743752,0.1098514926593354,0.07469203502509618,0.968839048701746,union_observed_max_per_profile,extended_benchmark_30profiles
STU_0030,smsemoa,4,0.07209386921538224,0.10768326090889682,128,3733,13.520292781074124,0.8793172340474539,0.1230009945743752,0.1098514926593354,0.07469203502509618,0.9652149548631127,union_observed_max_per_profile,extended_benchmark_30profiles
STU_0036,moead,0,5.614012105650897,1.958611332111065,125,3387,39.374921545162906,8.899366802602945,1.2480009177958586,0.1709492159588669,20.35825055185199,0.2757610282549642,union_observed_max_per_profile,extended_benchmark_30profiles
STU_0036,moead,1,6.820364580951894,1.750429226992976,125,3387,39.374921545162906,8.899366802602945,1.2480009177958586,0.1709492159588669,20.35825055185199,0.3350172237825929,union_observed_max_per_profile,extended_benchmark_30profiles
STU_0036,moead,2,12.237198110962332,1.9721249415182296,125,3387,39.374921545162906,8.899366802602945,1.2480009177958586,0.1709492159588669,20.35825055185199,0.6010928139328314,union_observed_max_per_profile,extended_benchmark_30profiles
STU_0036,moead,3,6.2459824474812855,1.838450091910022,125,3387,39.374921545162906,8.899366802602945,1.2480009177958586,0.1709492159588669,20.35825055185199,0.30680349628141734,union_observed_max_per_profile,extended_benchmark_30profiles
STU_0036,moead,4,6.452626831022804,1.8209492457659557,125,3387,39.374921545162906,8.899366802602945,1.2480009177958586,0.1709492159588669,20.35825055185199,0.3169538961409338,union_observed_max_per_profile,extended_benchmark_30profiles
STU_0036,moead,5,7.002756285476602,1.6739042608145438,125,3387,39.374921545162906,8.899366802602945,1.2480009177958586,0.1709492159588669,20.35825055185199,0.3439763287931222,union_observed_max_per_profile,extended_benchmark_30profiles
STU_0036,moead,6,6.740531024588728,1.7526672054819499,125,3387,39.374921545162906,8.899366802602945,1.2480009177958586,0.1709492159588669,20.35825055185199,0.3310957887771718,union_observed_max_per_profile,extended_benchmark_30profiles
STU_0036,moead,7,6.629955260579008,1.7750682827662827,125,3387,39.374921545162906,8.899366802602945,1.2480009177958586,0.1709492159588669,20.35825055185199,0.32566429240531575,union_observed_max_per_profile,extended_benchmark_30profiles
STU_0036,moead,8,6.206710485439297,1.8968597317800797,125,3387,39.374921545162906,8.899366802602945,1.2480009177958586,0.1709492159588669,20.35825055185199,0.30487445223404386,union_observed_max_per_profile,extended_benchmark_30profiles
STU_0036,moead,9,6.036568765682582,1.8379399316118563,125,3387,39.374921545162906,8.899366802602945,1.2480009177958586,0.1709492159588669,20.35825055185199,0.29651706811975725,union_observed_max_per_profile,extended_benchmark_30profiles
STU_0036,nsga2,0,19.882168727559716,0.22250013987461068,128,3387,39.374921545162906,8.899366802602945,1.2480009177958586,0.1709492159588669,20.35825055185199,0.9766147968815048,union_observed_max_per_profile,extended_benchmark_30profiles
STU_0036,nsga2,1,19.654944560999954,0.23034989223522156,128,3387,39.374921545162906,8.899366802602945,1.2480009177958586,0.1709492159588669,20.35825055185199,0.9654535153175007,union_observed_max_per_profile,extended_benchmark_30profiles
STU_0036,nsga2,2,19.904475776826736,0.21604174828641773,128,3387,39.374921545162906,8.899366802602945,1.2480009177958586,0.1709492159588669,20.35825055185199,0.9777105221360007,union_observed_max_per_profile,extended_benchmark_30profiles
STU_0036,nsga2,3,19.850993499435333,0.22305835724780737,128,3387,39.374921545162906,8.899366802602945,1.2480009177958586,0.1709492159588669,20.35825055185199,0.9750834654910703,union_observed_max_per_profile,extended_benchmark_30profiles
STU_0036,nsga2,4,19.822798940446106,0.21594657600182987,128,3387,39.374921545162906,8.899366802602945,1.2480009177958586,0.1709492159588669,20.35825055185199,0.9736985449686797,union_observed_max_per_profile,extended_benchmark_30profiles
STU_0036,nsga2,5,20.05006411545052,0.1909655733881033,128,3387,39.374921545162906,8.899366802602945,1.2480009177958586,0.1709492159588669,20.35825055185199,0.9848618408729902,union_observed_max_per_profile,extended_benchmark_30profiles
STU_0036,nsga2,6,20.096596124611246,0.22428225579091773,128,3387,39.374921545162906,8.899366802602945,1.2480009177958586,0.1709492159588669,20.35825055185199,0.9871474994094253,union_observed_max_per_profile,extended_benchmark_30profiles
STU_0036,nsga2,7,19.73742391534929,0.22888927740705747,128,3387,39.374921545162906,8.899366802602945,1.2480009177958586,0.1709492159588669,20.35825055185199,0.9695049122751745,union_observed_max_per_profile,extended_benchmark_30profiles
STU_0036,nsga2,8,20.0163186404667,0.20403188657765417,128,3387,39.374921545162906,8.899366802602945,1.2480009177958586,0.1709492159588669,20.35825055185199,0.98320425861179,union_observed_max_per_profile,extended_benchmark_30profiles
STU_0036,nsga2,9,19.975384181520482,0.22991806641205795,128,3387,39.374921545162906,8.899366802602945,1.2480009177958586,0.1709492159588669,20.35825055185199,0.981193552493307,union_observed_max_per_profile,extended_benchmark_30profiles
STU_0036,nsga3,0,20.35825055185199,0.19398481278911983,128,3387,39.374921545162906,8.899366802602945,1.2480009177958586,0.1709492159588669,20.35825055185199,1.0,union_observed_max_per_profile,extended_benchmark_30profiles
STU_0036,nsga3,1,20.230719957401696,0.21095628206609554,128,3387,39.374921545162906,8.899366802602945,1.2480009177958586,0.1709492159588669,20.35825055185199,0.9937356800808852,union_observed_max_per_profile,extended_benchmark_30profiles
STU_0036,nsga3,2,20.292600508840554,0.21109898937729113,128,3387,39.374921545162906,8.899366802602945,1.2480009177958586,0.1709492159588669,20.35825055185199,0.9967752610744116,union_observed_max_per_profile,extended_benchmark_30profiles
STU_0036,nsga3,3,20.167744860418445,0.19982779352352883,128,3387,39.374921545162906,8.899366802602945,1.2480009177958586,0.1709492159588669,20.35825055185199,0.9906423348632863,union_observed_max_per_profile,extended_benchmark_30profiles
STU_0036,nsga3,4,20.2717931166912,0.2003618190407953,128,3387,39.374921545162906,8.899366802602945,1.2480009177958586,0.1709492159588669,20.35825055185199,0.9957531991788495,union_observed_max_per_profile,extended_benchmark_30profiles
STU_0036,nsga3,5,20.214372661680997,0.21949599911881715,128,3387,39.374921545162906,8.899366802602945,1.2480009177958586,0.1709492159588669,20.35825055185199,0.9929326987206223,union_observed_max_per_profile,extended_benchmark_30profiles
STU_0036,nsga3,6,20.34076819716824,0.1970161301911642,128,3387,39.374921545162906,8.899366802602945,1.2480009177958586,0.1709492159588669,20.35825055185199,0.9991412643911016,union_observed_max_per_profile,extended_benchmark_30profiles
STU_0036,nsga3,7,20.294083419863888,0.21464437399127215,128,3387,39.374921545162906,8.899366802602945,1.2480009177958586,0.1709492159588669,20.35825055185199,0.9968481018629439,union_observed_max_per_profile,extended_benchmark_30profiles
STU_0036,nsga3,8,20.310945877179037,0.21269838210683023,128,3387,39.374921545162906,8.899366802602945,1.2480009177958586,0.1709492159588669,20.35825055185199,0.9976763880298816,union_observed_max_per_profile,extended_benchmark_30profiles
STU_0036,nsga3,9,20.211724295386976,0.2215619231644215,128,3387,39.374921545162906,8.899366802602945,1.2480009177958586,0.1709492159588669,20.35825055185199,0.9928026106127431,union_observed_max_per_profile,extended_benchmark_30profiles
STU_0036,smsemoa,0,18.7171368118973,0.37070170270433905,128,3387,39.374921545162906,8.899366802602945,1.2480009177958586,0.1709492159588669,20.35825055185199,0.9193882727901982,union_observed_max_per_profile,extended_benchmark_30profiles
STU_0036,smsemoa,1,16.47748089549973,0.7423076753061226,128,3387,39.374921545162906,8.899366802602945,1.2480009177958586,0.1709492159588669,20.35825055185199,0.8093760735251769,union_observed_max_per_profile,extended_benchmark_30profiles
STU_0036,smsemoa,2,17.1778698088659,0.4802156388122169,128,3387,39.374921545162906,8.899366802602945,1.2480009177958586,0.1709492159588669,20.35825055185199,0.8437792709699816,union_observed_max_per_profile,extended_benchmark_30profiles
STU_0036,smsemoa,3,19.873787657859346,0.41655414226780074,128,3387,39.374921545162906,8.899366802602945,1.2480009177958586,0.1709492159588669,20.35825055185199,0.9762031176127473,union_observed_max_per_profile,extended_benchmark_30profiles
STU_0036,smsemoa,4,18.847496574501058,0.3424222585501545,128,3387,39.374921545162906,8.899366802602945,1.2480009177958586,0.1709492159588669,20.35825055185199,0.9257915618287986,union_observed_max_per_profile,extended_benchmark_30profiles
STU_0076,moead,0,14.087740226384227,2.639794162368683,125,3001,30.89698603070568,7.549922976112973,0.9465001146259169,0.4236047944894798,26.70134382742066,0.5276041654471701,union_observed_max_per_profile,extended_benchmark_30profiles
STU_0076,moead,1,5.004655454087849,1.824942092532147,125,3001,30.89698603070568,7.549922976112973,0.9465001146259169,0.4236047944894798,26.70134382742066,0.18743084566958654,union_observed_max_per_profile,extended_benchmark_30profiles
STU_0076,moead,2,4.8404807716930005,1.8505913251318424,125,3001,30.89698603070568,7.549922976112973,0.9465001146259169,0.4236047944894798,26.70134382742066,0.18128229062097317,union_observed_max_per_profile,extended_benchmark_30profiles
STU_0076,moead,3,4.623635272474452,1.8771466354174013,125,3001,30.89698603070568,7.549922976112973,0.9465001146259169,0.4236047944894798,26.70134382742066,0.17316114508537428,union_observed_max_per_profile,extended_benchmark_30profiles
STU_0076,moead,4,4.085239789226929,1.9266947459032637,125,3001,30.89698603070568,7.549922976112973,0.9465001146259169,0.4236047944894798,26.70134382742066,0.1529975350915348,union_observed_max_per_profile,extended_benchmark_30profiles
STU_0076,moead,5,4.88853748739203,1.8314249943238565,125,3001,30.89698603070568,7.549922976112973,0.9465001146259169,0.4236047944894798,26.70134382742066,0.1830820770290894,union_observed_max_per_profile,extended_benchmark_30profiles
STU_0076,moead,6,4.848999212921668,1.8338361959236038,125,3001,30.89698603070568,7.549922976112973,0.9465001146259169,0.4236047944894798,26.70134382742066,0.1816013173068106,union_observed_max_per_profile,extended_benchmark_30profiles
STU_0076,moead,7,4.774987341464606,1.847830517385554,125,3001,30.89698603070568,7.549922976112973,0.9465001146259169,0.4236047944894798,26.70134382742066,0.17882947661087317,union_observed_max_per_profile,extended_benchmark_30profiles
STU_0076,moead,8,4.760498898104015,1.862938546304607,125,3001,30.89698603070568,7.549922976112973,0.9465001146259169,0.4236047944894798,26.70134382742066,0.17828686559270743,union_observed_max_per_profile,extended_benchmark_30profiles
STU_0076,moead,9,4.570703016859713,1.8750942033475015,125,3001,30.89698603070568,7.549922976112973,0.9465001146259169,0.4236047944894798,26.70134382742066,0.17117876337616678,union_observed_max_per_profile,extended_benchmark_30profiles
STU_0076,nsga2,0,25.477567472455135,0.213971132788224,128,3001,30.89698603070568,7.549922976112973,0.9465001146259169,0.4236047944894798,26.70134382742066,0.9541679863427405,union_observed_max_per_profile,extended_benchmark_30profiles
STU_0076,nsga2,1,25.073848170799863,0.21595835812480296,128,3001,30.89698603070568,7.549922976112973,0.9465001146259169,0.4236047944894798,26.70134382742066,0.9390481742364795,union_observed_max_per_profile,extended_benchmark_30profiles
STU_0076,nsga2,2,25.992317794223343,0.21809280378827461,128,3001,30.89698603070568,7.549922976112973,0.9465001146259169,0.4236047944894798,26.70134382742066,0.9734460543341945,union_observed_max_per_profile,extended_benchmark_30profiles
STU_0076,nsga2,3,25.80509765424582,0.20530544839773854,128,3001,30.89698603070568,7.549922976112973,0.9465001146259169,0.4236047944894798,26.70134382742066,0.9664344169728847,union_observed_max_per_profile,extended_benchmark_30profiles
STU_0076,nsga2,4,25.999335048267465,0.20858395081531975,128,3001,30.89698603070568,7.549922976112973,0.9465001146259169,0.4236047944894798,26.70134382742066,0.9737088596105685,union_observed_max_per_profile,extended_benchmark_30profiles
STU_0076,nsga2,5,25.642054516805846,0.19991751336413496,128,3001,30.89698603070568,7.549922976112973,0.9465001146259169,0.4236047944894798,26.70134382742066,0.9603282397522259,union_observed_max_per_profile,extended_benchmark_30profiles
STU_0076,nsga2,6,25.68511291335438,0.20096322520591026,128,3001,30.89698603070568,7.549922976112973,0.9465001146259169,0.4236047944894798,26.70134382742066,0.9619408326174702,union_observed_max_per_profile,extended_benchmark_30profiles
STU_0076,nsga2,7,25.66947582889018,0.19520851957140786,128,3001,30.89698603070568,7.549922976112973,0.9465001146259169,0.4236047944894798,26.70134382742066,0.9613552034983792,union_observed_max_per_profile,extended_benchmark_30profiles
STU_0076,nsga2,8,25.745015614066855,0.20765622919229906,128,3001,30.89698603070568,7.549922976112973,0.9465001146259169,0.4236047944894798,26.70134382742066,0.9641842665472247,union_observed_max_per_profile,extended_benchmark_30profiles
STU_0076,nsga2,9,25.493452489085673,0.20655504890780269,128,3001,30.89698603070568,7.549922976112973,0.9465001146259169,0.4236047944894798,26.70134382742066,0.9547629008434191,union_observed_max_per_profile,extended_benchmark_30profiles
STU_0076,nsga3,0,26.535708862755854,0.2214168175529602,128,3001,30.89698603070568,7.549922976112973,0.9465001146259169,0.4236047944894798,26.70134382742066,0.9937967554840925,union_observed_max_per_profile,extended_benchmark_30profiles
STU_0076,nsga3,1,26.70134382742066,0.2347308140060224,128,3001,30.89698603070568,7.549922976112973,0.9465001146259169,0.4236047944894798,26.70134382742066,1.0,union_observed_max_per_profile,extended_benchmark_30profiles
STU_0076,nsga3,2,26.54386384297441,0.3342191663086691,128,3001,30.89698603070568,7.549922976112973,0.9465001146259169,0.4236047944894798,26.70134382742066,0.9941021700831204,union_observed_max_per_profile,extended_benchmark_30profiles
STU_0076,nsga3,3,26.613366628720563,0.21286916492058053,128,3001,30.89698603070568,7.549922976112973,0.9465001146259169,0.4236047944894798,26.70134382742066,0.996705139663804,union_observed_max_per_profile,extended_benchmark_30profiles
STU_0076,nsga3,4,26.589728891671985,0.2123448010194087,128,3001,30.89698603070568,7.549922976112973,0.9465001146259169,0.4236047944894798,26.70134382742066,0.995819875715991,union_observed_max_per_profile,extended_benchmark_30profiles
STU_0076,nsga3,5,26.67060364736522,0.22108155654653328,128,3001,30.89698603070568,7.549922976112973,0.9465001146259169,0.4236047944894798,26.70134382742066,0.9988487403385341,union_observed_max_per_profile,extended_benchmark_30profiles
STU_0076,nsga3,6,26.572454443293022,0.3554842316665695,128,3001,30.89698603070568,7.549922976112973,0.9465001146259169,0.4236047944894798,26.70134382742066,0.9951729251920542,union_observed_max_per_profile,extended_benchmark_30profiles
STU_0076,nsga3,7,26.682235449297572,0.27297318327878883,128,3001,30.89698603070568,7.549922976112973,0.9465001146259169,0.4236047944894798,26.70134382742066,0.9992843664256529,union_observed_max_per_profile,extended_benchmark_30profiles
STU_0076,nsga3,8,26.60790025469365,0.27340411701485423,128,3001,30.89698603070568,7.549922976112973,0.9465001146259169,0.4236047944894798,26.70134382742066,0.9965004168580066,union_observed_max_per_profile,extended_benchmark_30profiles
STU_0076,nsga3,9,26.524345249525535,0.24497480054758022,128,3001,30.89698603070568,7.549922976112973,0.9465001146259169,0.4236047944894798,26.70134382742066,0.9933711734121277,union_observed_max_per_profile,extended_benchmark_30profiles
STU_0076,smsemoa,0,22.268495631100834,0.46321761653515947,128,3001,30.89698603070568,7.549922976112973,0.9465001146259169,0.4236047944894798,26.70134382742066,0.8339840786676975,union_observed_max_per_profile,extended_benchmark_30profiles
STU_0076,smsemoa,1,21.944164499648654,0.6705799001804515,128,3001,30.89698603070568,7.549922976112973,0.9465001146259169,0.4236047944894798,26.70134382742066,0.8218374566269331,union_observed_max_per_profile,extended_benchmark_30profiles
STU_0076,smsemoa,2,23.197052968764293,0.3837552255912024,128,3001,30.89698603070568,7.549922976112973,0.9465001146259169,0.4236047944894798,26.70134382742066,0.8687597567633404,union_observed_max_per_profile,extended_benchmark_30profiles
STU_0076,smsemoa,3,24.33352082105397,0.4059187585635841,128,3001,30.89698603070568,7.549922976112973,0.9465001146259169,0.4236047944894798,26.70134382742066,0.9113219536188631,union_observed_max_per_profile,extended_benchmark_30profiles
STU_0076,smsemoa,4,22.595843473998276,0.4291825929743405,128,3001,30.89698603070568,7.549922976112973,0.9465001146259169,0.4236047944894798,26.70134382742066,0.8462436804695094,union_observed_max_per_profile,extended_benchmark_30profiles
STU_0081,moead,0,0.00017894169441427083,4.440951117118626,125,3617,61.42021077520732,14.809477327462384,2.025000999929055,1e-06,0.00048046709438374734,0.3724327774075424,union_observed_max_per_profile,extended_benchmark_30profiles
STU_0081,moead,1,0.00014402662678657642,4.781140224166162,125,3617,61.42021077520732,14.809477327462384,2.025000999929055,1e-06,0.00048046709438374734,0.2997637683623405,union_observed_max_per_profile,extended_benchmark_30profiles
STU_0081,moead,2,0.00017894625433102489,4.467236887846745,125,3617,61.42021077520732,14.809477327462384,2.025000999929055,1e-06,0.00048046709438374734,0.37244226799869284,union_observed_max_per_profile,extended_benchmark_30profiles
STU_0081,moead,3,0.0001786735038191042,4.4503954668410675,125,3617,61.42021077520732,14.809477327462384,2.025000999929055,1e-06,0.00048046709438374734,0.3718745901803596,union_observed_max_per_profile,extended_benchmark_30profiles
STU_0081,moead,4,0.00017500687683375747,4.367378146883916,125,3617,61.42021077520732,14.809477327462384,2.025000999929055,1e-06,0.00048046709438374734,0.3642432101582801,union_observed_max_per_profile,extended_benchmark_30profiles
STU_0081,moead,5,0.00018177540699833143,4.427991982771213,125,3617,61.42021077520732,14.809477327462384,2.025000999929055,1e-06,0.00048046709438374734,0.37833060603552604,union_observed_max_per_profile,extended_benchmark_30profiles
STU_0081,moead,6,0.00018393059218658358,4.170366970058149,125,3617,61.42021077520732,14.809477327462384,2.025000999929055,1e-06,0.00048046709438374734,0.3828162101766721,union_observed_max_per_profile,extended_benchmark_30profiles
STU_0081,moead,7,0.00014606011160884843,4.928103173436038,125,3617,61.42021077520732,14.809477327462384,2.025000999929055,1e-06,0.00048046709438374734,0.30399607656001254,union_observed_max_per_profile,extended_benchmark_30profiles
STU_0081,moead,8,0.00015535156788353864,4.84588047470347,125,3617,61.42021077520732,14.809477327462384,2.025000999929055,1e-06,0.00048046709438374734,0.32333445869543753,union_observed_max_per_profile,extended_benchmark_30profiles
STU_0081,moead,9,0.00019493812844008647,4.14953626169811,125,3617,61.42021077520732,14.809477327462384,2.025000999929055,1e-06,0.00048046709438374734,0.40572628327464627,union_observed_max_per_profile,extended_benchmark_30profiles
STU_0081,nsga2,0,0.00047352120594072234,0.4614599673596013,128,3617,61.42021077520732,14.809477327462384,2.025000999929055,1e-06,0.00048046709438374734,0.9855434669216341,union_observed_max_per_profile,extended_benchmark_30profiles
STU_0081,nsga2,1,0.00047472742971198473,0.48266867954636233,128,3617,61.42021077520732,14.809477327462384,2.025000999929055,1e-06,0.00048046709438374734,0.988053990088282,union_observed_max_per_profile,extended_benchmark_30profiles
STU_0081,nsga2,2,0.0004689075801709134,0.4860805436998607,128,3617,61.42021077520732,14.809477327462384,2.025000999929055,1e-06,0.00048046709438374734,0.9759410907678073,union_observed_max_per_profile,extended_benchmark_30profiles
STU_0081,nsga2,3,0.0004737705072608767,0.4824954296878142,128,3617,61.42021077520732,14.809477327462384,2.025000999929055,1e-06,0.00048046709438374734,0.9860623397499058,union_observed_max_per_profile,extended_benchmark_30profiles
STU_0081,nsga2,4,0.0004702491618653947,0.5190564546389255,128,3617,61.42021077520732,14.809477327462384,2.025000999929055,1e-06,0.00048046709438374734,0.9787333354608638,union_observed_max_per_profile,extended_benchmark_30profiles
STU_0081,nsga2,5,0.0004711422250639951,0.4291813160600861,128,3617,61.42021077520732,14.809477327462384,2.025000999929055,1e-06,0.00048046709438374734,0.9805920750270891,union_observed_max_per_profile,extended_benchmark_30profiles
STU_0081,nsga2,6,0.000474217457506361,0.4582501732906463,128,3617,61.42021077520732,14.809477327462384,2.025000999929055,1e-06,0.00048046709438374734,0.9869925808646642,union_observed_max_per_profile,extended_benchmark_30profiles
STU_0081,nsga2,7,0.0004759714693798191,0.440965927713071,128,3617,61.42021077520732,14.809477327462384,2.025000999929055,1e-06,0.00048046709438374734,0.9906432197824194,union_observed_max_per_profile,extended_benchmark_30profiles
STU_0081,nsga2,8,0.00047377739488939797,0.46888134470440035,128,3617,61.42021077520732,14.809477327462384,2.025000999929055,1e-06,0.00048046709438374734,0.9860766750261438,union_observed_max_per_profile,extended_benchmark_30profiles
STU_0081,nsga2,9,0.0004655524260821213,0.49858663770296696,128,3617,61.42021077520732,14.809477327462384,2.025000999929055,1e-06,0.00048046709438374734,0.9689579817723922,union_observed_max_per_profile,extended_benchmark_30profiles
STU_0081,nsga3,0,0.00047887786817287604,0.5456792342161172,128,3617,61.42021077520732,14.809477327462384,2.025000999929055,1e-06,0.00048046709438374734,0.9966923307975759,union_observed_max_per_profile,extended_benchmark_30profiles
STU_0081,nsga3,1,0.00047922439495904013,0.5624660873385441,128,3617,61.42021077520732,14.809477327462384,2.025000999929055,1e-06,0.00048046709438374734,0.9974135597645847,union_observed_max_per_profile,extended_benchmark_30profiles
STU_0081,nsga3,2,0.00047963511388435844,0.5372100784184276,128,3617,61.42021077520732,14.809477327462384,2.025000999929055,1e-06,0.00048046709438374734,0.9982683923433799,union_observed_max_per_profile,extended_benchmark_30profiles
STU_0081,nsga3,3,0.00048046709438374734,0.5213357263913223,128,3617,61.42021077520732,14.809477327462384,2.025000999929055,1e-06,0.00048046709438374734,1.0,union_observed_max_per_profile,extended_benchmark_30profiles
STU_0081,nsga3,4,0.0004786507712104565,0.49167579462971017,128,3617,61.42021077520732,14.809477327462384,2.025000999929055,1e-06,0.00048046709438374734,0.9962196720763563,union_observed_max_per_profile,extended_benchmark_30profiles
STU_0081,nsga3,5,0.00047978207710773295,0.5145247784298972,128,3617,61.42021077520732,14.809477327462384,2.025000999929055,1e-06,0.00048046709438374734,0.998574268073669,union_observed_max_per_profile,extended_benchmark_30profiles
STU_0081,nsga3,6,0.0004803249361678411,0.5168984584421116,128,3617,61.42021077520732,14.809477327462384,2.025000999929055,1e-06,0.00048046709438374734,0.9997041249701218,union_observed_max_per_profile,extended_benchmark_30profiles
STU_0081,nsga3,7,0.00047910617549534393,0.509268888437385,128,3617,61.42021077520732,14.809477327462384,2.025000999929055,1e-06,0.00048046709438374734,0.9971675086508287,union_observed_max_per_profile,extended_benchmark_30profiles
STU_0081,nsga3,8,0.0004795221699105879,0.5447655125896568,128,3617,61.42021077520732,14.809477327462384,2.025000999929055,1e-06,0.00048046709438374734,0.9980333211489303,union_observed_max_per_profile,extended_benchmark_30profiles
STU_0081,nsga3,9,0.0004798725964722774,0.5618177911426108,128,3617,61.42021077520732,14.809477327462384,2.025000999929055,1e-06,0.00048046709438374734,0.9987626667498791,union_observed_max_per_profile,extended_benchmark_30profiles
STU_0081,smsemoa,0,0.0004469768200135002,0.785303530947168,128,3617,61.42021077520732,14.809477327462384,2.025000999929055,1e-06,0.00048046709438374734,0.9302964245382879,union_observed_max_per_profile,extended_benchmark_30profiles
STU_0081,smsemoa,1,0.0004385482831136692,0.813119014451374,128,3617,61.42021077520732,14.809477327462384,2.025000999929055,1e-06,0.00048046709438374734,0.9127540433880417,union_observed_max_per_profile,extended_benchmark_30profiles
STU_0081,smsemoa,2,0.00045216092846686275,0.9090977406539517,128,3617,61.42021077520732,14.809477327462384,2.025000999929055,1e-06,0.00048046709438374734,0.9410861508566151,union_observed_max_per_profile,extended_benchmark_30profiles
STU_0081,smsemoa,3,0.0004465924247332663,0.9983647803709494,128,3617,61.42021077520732,14.809477327462384,2.025000999929055,1e-06,0.00048046709438374734,0.9294963795721971,union_observed_max_per_profile,extended_benchmark_30profiles
STU_0081,smsemoa,4,0.00044099756674107745,0.8692078407051188,128,3617,61.42021077520732,14.809477327462384,2.025000999929055,1e-06,0.00048046709438374734,0.9178517569589361,union_observed_max_per_profile,extended_benchmark_30profiles
STU_0127,moead,0,6.933838537795829,2.0928983077602252,125,2942,28.965828552028285,7.6735976110620205,0.8775007192340184,0.6025544814543536,33.10386810128118,0.20945704944756824,union_observed_max_per_profile,extended_benchmark_30profiles
STU_0127,moead,1,6.283274585218166,2.178323010601862,125,2942,28.965828552028285,7.6735976110620205,0.8775007192340184,0.6025544814543536,33.10386810128118,0.1898048459471415,union_observed_max_per_profile,extended_benchmark_30profiles
STU_0127,moead,2,17.337452098428678,3.0882475990542626,125,2942,28.965828552028285,7.6735976110620205,0.8775007192340184,0.6025544814543536,33.10386810128118,0.5237288900917801,union_observed_max_per_profile,extended_benchmark_30profiles
STU_0127,moead,3,5.930588908154992,2.3383646663847935,125,2942,28.965828552028285,7.6735976110620205,0.8775007192340184,0.6025544814543536,33.10386810128118,0.17915093456783884,union_observed_max_per_profile,extended_benchmark_30profiles
STU_0127,moead,4,5.632400707170434,2.4021973352003783,125,2942,28.965828552028285,7.6735976110620205,0.8775007192340184,0.6025544814543536,33.10386810128118,0.17014328023354014,union_observed_max_per_profile,extended_benchmark_30profiles
STU_0127,moead,5,17.01737133778485,3.118089026304081,125,2942,28.965828552028285,7.6735976110620205,0.8775007192340184,0.6025544814543536,33.10386810128118,0.5140599064049028,union_observed_max_per_profile,extended_benchmark_30profiles
STU_0127,moead,6,16.342019325020424,3.2692492258008374,125,2942,28.965828552028285,7.6735976110620205,0.8775007192340184,0.6025544814543536,33.10386810128118,0.493658906416074,union_observed_max_per_profile,extended_benchmark_30profiles
STU_0127,moead,7,6.387152847430129,2.2357525122959068,125,2942,28.965828552028285,7.6735976110620205,0.8775007192340184,0.6025544814543536,33.10386810128118,0.1929427953219441,union_observed_max_per_profile,extended_benchmark_30profiles
STU_0127,moead,8,6.728377228575294,2.2239852561580733,125,2942,28.965828552028285,7.6735976110620205,0.8775007192340184,0.6025544814543536,33.10386810128118,0.20325048444459254,union_observed_max_per_profile,extended_benchmark_30profiles
STU_0127,moead,9,17.223059314225097,3.078515379632241,125,2942,28.965828552028285,7.6735976110620205,0.8775007192340184,0.6025544814543536,33.10386810128118,0.5202733185599702,union_observed_max_per_profile,extended_benchmark_30profiles
STU_0127,nsga2,0,31.319447893130654,0.278191904086166,128,2942,28.965828552028285,7.6735976110620205,0.8775007192340184,0.6025544814543536,33.10386810128118,0.9460963231640757,union_observed_max_per_profile,extended_benchmark_30profiles
STU_0127,nsga2,1,30.402975911823518,0.3722786998029179,128,2942,28.965828552028285,7.6735976110620205,0.8775007192340184,0.6025544814543536,33.10386810128118,0.9184115831662243,union_observed_max_per_profile,extended_benchmark_30profiles
STU_0127,nsga2,2,32.115798632542734,0.2597450987060883,128,2942,28.965828552028285,7.6735976110620205,0.8775007192340184,0.6025544814543536,33.10386810128118,0.9701524466652824,union_observed_max_per_profile,extended_benchmark_30profiles
STU_0127,nsga2,3,30.866287110914175,0.35892777452243857,128,2942,28.965828552028285,7.6735976110620205,0.8775007192340184,0.6025544814543536,33.10386810128118,0.9324072648090207,union_observed_max_per_profile,extended_benchmark_30profiles
STU_0127,nsga2,4,30.738127084421013,0.3744378989194559,128,2942,28.965828552028285,7.6735976110620205,0.8775007192340184,0.6025544814543536,33.10386810128118,0.9285358131073327,union_observed_max_per_profile,extended_benchmark_30profiles
STU_0127,nsga2,5,30.261053146581826,0.40743667598906047,128,2942,28.965828552028285,7.6735976110620205,0.8775007192340184,0.6025544814543536,33.10386810128118,0.9141243873374021,union_observed_max_per_profile,extended_benchmark_30profiles
STU_0127,nsga2,6,31.836301007652853,0.28752569533027267,128,2942,28.965828552028285,7.6735976110620205,0.8775007192340184,0.6025544814543536,33.10386810128118,0.9617093963234082,union_observed_max_per_profile,extended_benchmark_30profiles
STU_0127,nsga2,7,32.152439578467636,0.27401153035077713,128,2942,28.965828552028285,7.6735976110620205,0.8775007192340184,0.6025544814543536,33.10386810128118,0.9712592945361355,union_observed_max_per_profile,extended_benchmark_30profiles
STU_0127,nsga2,8,30.838770926441196,0.3561129914772474,128,2942,28.965828552028285,7.6735976110620205,0.8775007192340184,0.6025544814543536,33.10386810128118,0.9315760572779614,union_observed_max_per_profile,extended_benchmark_30profiles
STU_0127,nsga2,9,32.037733260974015,0.2607420252023937,128,2942,28.965828552028285,7.6735976110620205,0.8775007192340184,0.6025544814543536,33.10386810128118,0.9677942518063047,union_observed_max_per_profile,extended_benchmark_30profiles
STU_0127,nsga3,0,32.96352895227216,0.24530585075254868,128,2942,28.965828552028285,7.6735976110620205,0.8775007192340184,0.6025544814543536,33.10386810128118,0.9957606419715168,union_observed_max_per_profile,extended_benchmark_30profiles
STU_0127,nsga3,1,32.819379395508065,0.27771726655101187,128,2942,28.965828552028285,7.6735976110620205,0.8775007192340184,0.6025544814543536,33.10386810128118,0.9914061793352148,union_observed_max_per_profile,extended_benchmark_30profiles
STU_0127,nsga3,2,33.10386810128118,0.2599527513601746,128,2942,28.965828552028285,7.6735976110620205,0.8775007192340184,0.6025544814543536,33.10386810128118,1.0,union_observed_max_per_profile,extended_benchmark_30profiles
STU_0127,nsga3,3,32.88954707950442,0.3055002541485371,128,2942,28.965828552028285,7.6735976110620205,0.8775007192340184,0.6025544814543536,33.10386810128118,0.9935258012410801,union_observed_max_per_profile,extended_benchmark_30profiles
STU_0127,nsga3,4,32.758887111077705,0.235309565587859,128,2942,28.965828552028285,7.6735976110620205,0.8775007192340184,0.6025544814543536,33.10386810128118,0.9895788314178873,union_observed_max_per_profile,extended_benchmark_30profiles
STU_0127,nsga3,5,32.98360787582094,0.2728418291726676,128,2942,28.965828552028285,7.6735976110620205,0.8775007192340184,0.6025544814543536,33.10386810128118,0.9963671850947355,union_observed_max_per_profile,extended_benchmark_30profiles
STU_0127,nsga3,6,32.9536395034092,0.27806866710032263,128,2942,28.965828552028285,7.6735976110620205,0.8775007192340184,0.6025544814543536,33.10386810128118,0.9954619019924694,union_observed_max_per_profile,extended_benchmark_30profiles
STU_0127,nsga3,7,33.00648527329146,0.23615569065821576,128,2942,28.965828552028285,7.6735976110620205,0.8775007192340184,0.6025544814543536,33.10386810128118,0.9970582643789004,union_observed_max_per_profile,extended_benchmark_30profiles
STU_0127,nsga3,8,32.967509983992535,0.2694468079819329,128,2942,28.965828552028285,7.6735976110620205,0.8775007192340184,0.6025544814543536,33.10386810128118,0.9958809007795869,union_observed_max_per_profile,extended_benchmark_30profiles
STU_0127,nsga3,9,33.03489756141024,0.23407369126054114,128,2942,28.965828552028285,7.6735976110620205,0.8775007192340184,0.6025544814543536,33.10386810128118,0.9979165413642924,union_observed_max_per_profile,extended_benchmark_30profiles
STU_0127,smsemoa,0,31.5061735863189,0.38869935407891953,128,2942,28.965828552028285,7.6735976110620205,0.8775007192340184,0.6025544814543536,33.10386810128118,0.9517369236104332,union_observed_max_per_profile,extended_benchmark_30profiles
STU_0127,smsemoa,1,32.20941224906159,0.4388135949030847,128,2942,28.965828552028285,7.6735976110620205,0.8775007192340184,0.6025544814543536,33.10386810128118,0.9729803221338666,union_observed_max_per_profile,extended_benchmark_30profiles
STU_0127,smsemoa,2,32.25854800630306,0.4649598796149941,128,2942,28.965828552028285,7.6735976110620205,0.8775007192340184,0.6025544814543536,33.10386810128118,0.9744646126430946,union_observed_max_per_profile,extended_benchmark_30profiles
STU_0127,smsemoa,3,32.10060721041381,0.4088312793922823,128,2942,28.965828552028285,7.6735976110620205,0.8775007192340184,0.6025544814543536,33.10386810128118,0.9696935449417001,union_observed_max_per_profile,extended_benchmark_30profiles
STU_0127,smsemoa,4,31.58371751748438,0.49028973732721715,128,2942,28.965828552028285,7.6735976110620205,0.8775007192340184,0.6025544814543536,33.10386810128118,0.9540793668236623,union_observed_max_per_profile,extended_benchmark_30profiles
STU_0132,moead,0,0.9764982257752669,1.77287798620321,125,3695,19.19628631237511,5.881817403791862,0.2594957032219767,0.8352316345951086,5.293410245062335,0.18447431439611908,union_observed_max_per_profile,extended_benchmark_30profiles
STU_0132,moead,1,0.8930850167304163,1.8037083058031842,125,3695,19.19628631237511,5.881817403791862,0.2594957032219767,0.8352316345951086,5.293410245062335,0.16871638043990286,union_observed_max_per_profile,extended_benchmark_30profiles
STU_0132,moead,2,0.7993878431578775,1.8459302715673265,125,3695,19.19628631237511,5.881817403791862,0.2594957032219767,0.8352316345951086,5.293410245062335,0.1510156602548503,union_observed_max_per_profile,extended_benchmark_30profiles
STU_0132,moead,3,0.5741399068444477,1.9639316815375423,125,3695,19.19628631237511,5.881817403791862,0.2594957032219767,0.8352316345951086,5.293410245062335,0.10846314195654917,union_observed_max_per_profile,extended_benchmark_30profiles
STU_0132,moead,4,0.5182627474582713,1.995839315750636,125,3695,19.19628631237511,5.881817403791862,0.2594957032219767,0.8352316345951086,5.293410245062335,0.09790715691112437,union_observed_max_per_profile,extended_benchmark_30profiles
STU_0132,moead,5,0.6726604569392378,1.9167899680637521,125,3695,19.19628631237511,5.881817403791862,0.2594957032219767,0.8352316345951086,5.293410245062335,0.12707506612900293,union_observed_max_per_profile,extended_benchmark_30profiles
STU_0132,moead,6,0.6463651325908373,1.9327588197863708,125,3695,19.19628631237511,5.881817403791862,0.2594957032219767,0.8352316345951086,5.293410245062335,0.1221075077628384,union_observed_max_per_profile,extended_benchmark_30profiles
STU_0132,moead,7,0.8519409892613968,1.8236340165640714,125,3695,19.19628631237511,5.881817403791862,0.2594957032219767,0.8352316345951086,5.293410245062335,0.16094369221733437,union_observed_max_per_profile,extended_benchmark_30profiles
STU_0132,moead,8,0.6327781887513984,1.9305561693110256,125,3695,19.19628631237511,5.881817403791862,0.2594957032219767,0.8352316345951086,5.293410245062335,0.11954074206541059,union_observed_max_per_profile,extended_benchmark_30profiles
STU_0132,moead,9,0.5797179160191541,1.9784822649978553,125,3695,19.19628631237511,5.881817403791862,0.2594957032219767,0.8352316345951086,5.293410245062335,0.10951690671621607,union_observed_max_per_profile,extended_benchmark_30profiles
STU_0132,nsga2,0,5.194373420643021,0.09898796564908073,128,3695,19.19628631237511,5.881817403791862,0.2594957032219767,0.8352316345951086,5.293410245062335,0.9812905443118273,union_observed_max_per_profile,extended_benchmark_30profiles
STU_0132,nsga2,1,5.213195591274495,0.08654882290315871,128,3695,19.19628631237511,5.881817403791862,0.2594957032219767,0.8352316345951086,5.293410245062335,0.984846318332749,union_observed_max_per_profile,extended_benchmark_30profiles
STU_0132,nsga2,2,5.118310479644109,0.10685273472802426,128,3695,19.19628631237511,5.881817403791862,0.2594957032219767,0.8352316345951086,5.293410245062335,0.9669211798610248,union_observed_max_per_profile,extended_benchmark_30profiles
STU_0132,nsga2,3,5.204035911505217,0.099144935616494,128,3695,19.19628631237511,5.881817403791862,0.2594957032219767,0.8352316345951086,5.293410245062335,0.9831159253827936,union_observed_max_per_profile,extended_benchmark_30profiles
STU_0132,nsga2,4,5.236329569723367,0.09403537342540345,128,3695,19.19628631237511,5.881817403791862,0.2594957032219767,0.8352316345951086,5.293410245062335,0.989216653783407,union_observed_max_per_profile,extended_benchmark_30profiles
STU_0132,nsga2,5,5.077678503512764,0.09647668195837897,128,3695,19.19628631237511,5.881817403791862,0.2594957032219767,0.8352316345951086,5.293410245062335,0.9592452253722816,union_observed_max_per_profile,extended_benchmark_30profiles
STU_0132,nsga2,6,5.160727702759659,0.09367839567297999,128,3695,19.19628631237511,5.881817403791862,0.2594957032219767,0.8352316345951086,5.293410245062335,0.974934392733599,union_observed_max_per_profile,extended_benchmark_30profiles
STU_0132,nsga2,7,5.176053097838795,0.10160907862300762,128,3695,19.19628631237511,5.881817403791862,0.2594957032219767,0.8352316345951086,5.293410245062335,0.9778295764374186,union_observed_max_per_profile,extended_benchmark_30profiles
STU_0132,nsga2,8,5.055059482926101,0.09868592907993291,128,3695,19.19628631237511,5.881817403791862,0.2594957032219767,0.8352316345951086,5.293410245062335,0.9549721727390077,union_observed_max_per_profile,extended_benchmark_30profiles
STU_0132,nsga2,9,5.147984014883399,0.10529658524589881,128,3695,19.19628631237511,5.881817403791862,0.2594957032219767,0.8352316345951086,5.293410245062335,0.9725269300042276,union_observed_max_per_profile,extended_benchmark_30profiles
STU_0132,nsga3,0,5.276052937247053,0.1635270584019839,128,3695,19.19628631237511,5.881817403791862,0.2594957032219767,0.8352316345951086,5.293410245062335,0.9967209592660097,union_observed_max_per_profile,extended_benchmark_30profiles
STU_0132,nsga3,1,5.282542654340418,0.100296520122924,128,3695,19.19628631237511,5.881817403791862,0.2594957032219767,0.8352316345951086,5.293410245062335,0.9979469585354632,union_observed_max_per_profile,extended_benchmark_30profiles
STU_0132,nsga3,2,5.257752297785489,0.21161111910040806,128,3695,19.19628631237511,5.881817403791862,0.2594957032219767,0.8352316345951086,5.293410245062335,0.9932637098531882,union_observed_max_per_profile,extended_benchmark_30profiles
STU_0132,nsga3,3,5.24583878716937,0.13192295223600758,128,3695,19.19628631237511,5.881817403791862,0.2594957032219767,0.8352316345951086,5.293410245062335,0.9910130793400456,union_observed_max_per_profile,extended_benchmark_30profiles
STU_0132,nsga3,4,5.256137289673377,0.15919120501180234,128,3695,19.19628631237511,5.881817403791862,0.2594957032219767,0.8352316345951086,5.293410245062335,0.9929586119980544,union_observed_max_per_profile,extended_benchmark_30profiles
STU_0132,nsga3,5,5.262828797225255,0.2537585624792679,128,3695,19.19628631237511,5.881817403791862,0.2594957032219767,0.8352316345951086,5.293410245062335,0.9942227323367567,union_observed_max_per_profile,extended_benchmark_30profiles
STU_0132,nsga3,6,5.275989048175573,0.10758559974738599,128,3695,19.19628631237511,5.881817403791862,0.2594957032219767,0.8352316345951086,5.293410245062335,0.9967088897175479,union_observed_max_per_profile,extended_benchmark_30profiles
STU_0132,nsga3,7,5.293410245062335,0.11022913810327568,128,3695,19.19628631237511,5.881817403791862,0.2594957032219767,0.8352316345951086,5.293410245062335,1.0,union_observed_max_per_profile,extended_benchmark_30profiles
STU_0132,nsga3,8,5.239699212262543,0.452034243057579,128,3695,19.19628631237511,5.881817403791862,0.2594957032219767,0.8352316345951086,5.293410245062335,0.9898532268777217,union_observed_max_per_profile,extended_benchmark_30profiles
STU_0132,nsga3,9,5.218990269090806,0.44206840809662323,128,3695,19.19628631237511,5.881817403791862,0.2594957032219767,0.8352316345951086,5.293410245062335,0.9859410148607041,union_observed_max_per_profile,extended_benchmark_30profiles
STU_0132,smsemoa,0,5.1753219658552965,0.1887416047176637,128,3695,19.19628631237511,5.881817403791862,0.2594957032219767,0.8352316345951086,5.293410245062335,0.9776914552736224,union_observed_max_per_profile,extended_benchmark_30profiles
STU_0132,smsemoa,1,5.22213222476784,0.20612666722248554,128,3695,19.19628631237511,5.881817403791862,0.2594957032219767,0.8352316345951086,5.293410245062335,0.9865345746891653,union_observed_max_per_profile,extended_benchmark_30profiles
STU_0132,smsemoa,2,5.237668951199658,0.17093157824889044,128,3695,19.19628631237511,5.881817403791862,0.2594957032219767,0.8352316345951086,5.293410245062335,0.9894696818719706,union_observed_max_per_profile,extended_benchmark_30profiles
STU_0132,smsemoa,3,5.220386532584347,0.1816459230951084,128,3695,19.19628631237511,5.881817403791862,0.2594957032219767,0.8352316345951086,5.293410245062335,0.9862047887661638,union_observed_max_per_profile,extended_benchmark_30profiles
STU_0132,smsemoa,4,5.143922059163504,0.20862499359771258,128,3695,19.19628631237511,5.881817403791862,0.2594957032219767,0.8352316345951086,5.293410245062335,0.9717595691665364,union_observed_max_per_profile,extended_benchmark_30profiles
STU_0171,moead,0,0.4798723558954513,2.0419984994811893,125,3633,15.627173823176909,4.079862949157148,0.2114497529163735,0.7096215272289107,2.501486265876265,0.19183489529467918,union_observed_max_per_profile,extended_benchmark_30profiles
STU_0171,moead,1,0.6945496418028251,1.8052218757238032,125,3633,15.627173823176909,4.079862949157148,0.2114497529163735,0.7096215272289107,2.501486265876265,0.27765478918571074,union_observed_max_per_profile,extended_benchmark_30profiles
STU_0171,moead,2,0.6878328754679075,1.8550944377638623,125,3633,15.627173823176909,4.079862949157148,0.2114497529163735,0.7096215272289107,2.501486265876265,0.2749696789668206,union_observed_max_per_profile,extended_benchmark_30profiles
STU_0171,moead,3,0.8661563900905677,1.7147814923979585,125,3633,15.627173823176909,4.079862949157148,0.2114497529163735,0.7096215272289107,2.501486265876265,0.34625670422665905,union_observed_max_per_profile,extended_benchmark_30profiles
STU_0171,moead,4,0.5238868550236128,1.9943948745364077,125,3633,15.627173823176909,4.079862949157148,0.2114497529163735,0.7096215272289107,2.501486265876265,0.20943023440510333,union_observed_max_per_profile,extended_benchmark_30profiles
STU_0171,moead,5,0.5359150273596625,1.950304991849773,125,3633,15.627173823176909,4.079862949157148,0.2114497529163735,0.7096215272289107,2.501486265876265,0.21423864470906165,union_observed_max_per_profile,extended_benchmark_30profiles
STU_0171,moead,6,0.5236265825839241,1.9525987552389348,125,3633,15.627173823176909,4.079862949157148,0.2114497529163735,0.7096215272289107,2.501486265876265,0.209326187285901,union_observed_max_per_profile,extended_benchmark_30profiles
STU_0171,moead,7,0.6754667444150949,1.8491408042725195,125,3633,15.627173823176909,4.079862949157148,0.2114497529163735,0.7096215272289107,2.501486265876265,0.2700261654958479,union_observed_max_per_profile,extended_benchmark_30profiles
STU_0171,moead,8,0.684120049540321,1.8728617828464795,125,3633,15.627173823176909,4.079862949157148,0.2114497529163735,0.7096215272289107,2.501486265876265,0.2734854309906336,union_observed_max_per_profile,extended_benchmark_30profiles
STU_0171,moead,9,0.5458922716875232,2.005051964040949,125,3633,15.627173823176909,4.079862949157148,0.2114497529163735,0.7096215272289107,2.501486265876265,0.2182271712358566,union_observed_max_per_profile,extended_benchmark_30profiles
STU_0171,nsga2,0,2.4604332510213363,0.0882932426528007,128,3633,15.627173823176909,4.079862949157148,0.2114497529163735,0.7096215272289107,2.501486265876265,0.9835885507688175,union_observed_max_per_profile,extended_benchmark_30profiles
STU_0171,nsga2,1,2.485488160996564,0.09603413307031161,128,3633,15.627173823176909,4.079862949157148,0.2114497529163735,0.7096215272289107,2.501486265876265,0.9936045601777084,union_observed_max_per_profile,extended_benchmark_30profiles
STU_0171,nsga2,2,2.425223279343405,0.09205103327600606,128,3633,15.627173823176909,4.079862949157148,0.2114497529163735,0.7096215272289107,2.501486265876265,0.9695129301434942,union_observed_max_per_profile,extended_benchmark_30profiles
STU_0171,nsga2,3,2.370060976863575,0.09222468057776757,128,3633,15.627173823176909,4.079862949157148,0.2114497529163735,0.7096215272289107,2.501486265876265,0.9474611190932716,union_observed_max_per_profile,extended_benchmark_30profiles
STU_0171,nsga2,4,2.4246808900575223,0.08259474863125664,128,3633,15.627173823176909,4.079862949157148,0.2114497529163735,0.7096215272289107,2.501486265876265,0.9692961033340561,union_observed_max_per_profile,extended_benchmark_30profiles
STU_0171,nsga2,5,2.396035906811717,0.1005281799830041,128,3633,15.627173823176909,4.079862949157148,0.2114497529163735,0.7096215272289107,2.501486265876265,0.9578449178382322,union_observed_max_per_profile,extended_benchmark_30profiles
STU_0171,nsga2,6,2.384087515372587,0.10076085882258469,128,3633,15.627173823176909,4.079862949157148,0.2114497529163735,0.7096215272289107,2.501486265876265,0.953068400932214,union_observed_max_per_profile,extended_benchmark_30profiles
STU_0171,nsga2,7,2.4512517591891725,0.136011312569363,128,3633,15.627173823176909,4.079862949157148,0.2114497529163735,0.7096215272289107,2.501486265876265,0.9799181361207693,union_observed_max_per_profile,extended_benchmark_30profiles
STU_0171,nsga2,8,2.436820259389674,0.11636853742566193,128,3633,15.627173823176909,4.079862949157148,0.2114497529163735,0.7096215272289107,2.501486265876265,0.9741489660092384,union_observed_max_per_profile,extended_benchmark_30profiles
STU_0171,nsga2,9,2.400328032319661,0.10938031955998362,128,3633,15.627173823176909,4.079862949157148,0.2114497529163735,0.7096215272289107,2.501486265876265,0.9595607479695004,union_observed_max_per_profile,extended_benchmark_30profiles
STU_0171,nsga3,0,2.4285310051340048,0.22400230912720934,128,3633,15.627173823176909,4.079862949157148,0.2114497529163735,0.7096215272289107,2.501486265876265,0.970835234341491,union_observed_max_per_profile,extended_benchmark_30profiles
STU_0171,nsga3,1,2.501486265876265,0.11184460734842223,128,3633,15.627173823176909,4.079862949157148,0.2114497529163735,0.7096215272289107,2.501486265876265,1.0,union_observed_max_per_profile,extended_benchmark_30profiles
STU_0171,nsga3,2,2.458115124878475,0.19543419490756425,128,3633,15.627173823176909,4.079862949157148,0.2114497529163735,0.7096215272289107,2.501486265876265,0.9826618512404276,union_observed_max_per_profile,extended_benchmark_30profiles
STU_0171,nsga3,3,2.464124638727239,0.12616960748041905,128,3633,15.627173823176909,4.079862949157148,0.2114497529163735,0.7096215272289107,2.501486265876265,0.9850642285513656,union_observed_max_per_profile,extended_benchmark_30profiles
STU_0171,nsga3,4,2.466918303912076,0.11464677066199594,128,3633,15.627173823176909,4.079862949157148,0.2114497529163735,0.7096215272289107,2.501486265876265,0.986181030679343,union_observed_max_per_profile,extended_benchmark_30profiles
STU_0171,nsga3,5,2.45451399098802,0.19214953628968798,128,3633,15.627173823176909,4.079862949157148,0.2114497529163735,0.7096215272289107,2.501486265876265,0.9812222535342242,union_observed_max_per_profile,extended_benchmark_30profiles
STU_0171,nsga3,6,2.461232267285826,0.4460627119565034,128,3633,15.627173823176909,4.079862949157148,0.2114497529163735,0.7096215272289107,2.501486265876265,0.9839079673794099,union_observed_max_per_profile,extended_benchmark_30profiles
STU_0171,nsga3,7,2.4662644100388724,0.15195384069736,128,3633,15.627173823176909,4.079862949157148,0.2114497529163735,0.7096215272289107,2.501486265876265,0.9859196285352962,union_observed_max_per_profile,extended_benchmark_30profiles
STU_0171,nsga3,8,2.457533661740723,0.5966010000788814,128,3633,15.627173823176909,4.079862949157148,0.2114497529163735,0.7096215272289107,2.501486265876265,0.9824294041765824,union_observed_max_per_profile,extended_benchmark_30profiles
STU_0171,nsga3,9,2.4365838475974897,0.13776456225882763,128,3633,15.627173823176909,4.079862949157148,0.2114497529163735,0.7096215272289107,2.501486265876265,0.9740544574782865,union_observed_max_per_profile,extended_benchmark_30profiles
STU_0171,smsemoa,0,2.173768635965113,0.3402616690009604,128,3633,15.627173823176909,4.079862949157148,0.2114497529163735,0.7096215272289107,2.501486265876265,0.8689908338168096,union_observed_max_per_profile,extended_benchmark_30profiles
STU_0171,smsemoa,1,2.433033470134748,0.4861995392797996,128,3633,15.627173823176909,4.079862949157148,0.2114497529163735,0.7096215272289107,2.501486265876265,0.9726351502803322,union_observed_max_per_profile,extended_benchmark_30profiles
STU_0171,smsemoa,2,2.3780050188994206,0.3144299687982665,128,3633,15.627173823176909,4.079862949157148,0.2114497529163735,0.7096215272289107,2.501486265876265,0.9506368479166568,union_observed_max_per_profile,extended_benchmark_30profiles
STU_0171,smsemoa,3,2.4447990777472772,0.4306360247898515,128,3633,15.627173823176909,4.079862949157148,0.2114497529163735,0.7096215272289107,2.501486265876265,0.9773385970963425,union_observed_max_per_profile,extended_benchmark_30profiles
STU_0171,smsemoa,4,2.354282689467686,0.4425378365814308,128,3633,15.627173823176909,4.079862949157148,0.2114497529163735,0.7096215272289107,2.501486265876265,0.9411535540224069,union_observed_max_per_profile,extended_benchmark_30profiles
STU_0175,moead,0,0.18994228809483898,1.2388321238203814,125,3262,18.189681521102962,3.4099128285350657,0.48000099997808915,0.523554851552937,5.070157908064861,0.037462795348584065,union_observed_max_per_profile,extended_benchmark_30profiles
STU_0175,moead,1,1.957549191879295,1.8622782533741022,125,3262,18.189681521102962,3.4099128285350657,0.48000099997808915,0.523554851552937,5.070157908064861,0.38609235202823056,union_observed_max_per_profile,extended_benchmark_30profiles
STU_0175,moead,2,2.027543102779985,1.7992195800015056,125,3262,18.189681521102962,3.4099128285350657,0.48000099997808915,0.523554851552937,5.070157908064861,0.3998974271698457,union_observed_max_per_profile,extended_benchmark_30profiles
STU_0175,moead,3,1.9336059242104144,1.8552925310133528,125,3262,18.189681521102962,3.4099128285350657,0.48000099997808915,0.523554851552937,5.070157908064861,0.38136996110805915,union_observed_max_per_profile,extended_benchmark_30profiles
STU_0175,moead,4,0.15522269159253377,1.2811831390212245,125,3262,18.189681521102962,3.4099128285350657,0.48000099997808915,0.523554851552937,5.070157908064861,0.030614961980893803,union_observed_max_per_profile,extended_benchmark_30profiles
STU_0175,moead,5,2.011564129526979,1.8203660792476957,125,3262,18.189681521102962,3.4099128285350657,0.48000099997808915,0.523554851552937,5.070157908064861,0.39674585407434326,union_observed_max_per_profile,extended_benchmark_30profiles
STU_0175,moead,6,1.979712978883064,1.846785182793981,125,3262,18.189681521102962,3.4099128285350657,0.48000099997808915,0.523554851552937,5.070157908064861,0.390463771499903,union_observed_max_per_profile,extended_benchmark_30profiles
STU_0175,moead,7,0.24744820077086782,1.2905065576283516,125,3262,18.189681521102962,3.4099128285350657,0.48000099997808915,0.523554851552937,5.070157908064861,0.04880483118233135,union_observed_max_per_profile,extended_benchmark_30profiles
STU_0175,moead,8,1.9769469336383942,1.818294045927891,125,3262,18.189681521102962,3.4099128285350657,0.48000099997808915,0.523554851552937,5.070157908064861,0.38991821743732247,union_observed_max_per_profile,extended_benchmark_30profiles
STU_0175,moead,9,1.9475432236679597,1.871462861038925,125,3262,18.189681521102962,3.4099128285350657,0.48000099997808915,0.523554851552937,5.070157908064861,0.3841188497443235,union_observed_max_per_profile,extended_benchmark_30profiles
STU_0175,nsga2,0,5.06392213173769,0.10931691081198193,128,3262,18.189681521102962,3.4099128285350657,0.48000099997808915,0.523554851552937,5.070157908064861,0.9987701021466705,union_observed_max_per_profile,extended_benchmark_30profiles
STU_0175,nsga2,1,4.9589528764711,0.12162584912169402,128,3262,18.189681521102962,3.4099128285350657,0.48000099997808915,0.523554851552937,5.070157908064861,0.9780667518428032,union_observed_max_per_profile,extended_benchmark_30profiles
STU_0175,nsga2,2,5.059435356000427,0.10201841851003261,128,3262,18.189681521102962,3.4099128285350657,0.48000099997808915,0.523554851552937,5.070157908064861,0.9978851640799239,union_observed_max_per_profile,extended_benchmark_30profiles
STU_0175,nsga2,3,4.944855037631019,0.09503857662263199,128,3262,18.189681521102962,3.4099128285350657,0.48000099997808915,0.523554851552937,5.070157908064861,0.9752861996202271,union_observed_max_per_profile,extended_benchmark_30profiles
STU_0175,nsga2,4,5.069312284561782,0.10180149630913228,128,3262,18.189681521102962,3.4099128285350657,0.48000099997808915,0.523554851552937,5.070157908064861,0.99983321554902,union_observed_max_per_profile,extended_benchmark_30profiles
STU_0175,nsga2,5,5.0544157890836265,0.1164849316698189,128,3262,18.189681521102962,3.4099128285350657,0.48000099997808915,0.523554851552937,5.070157908064861,0.9968951422684107,union_observed_max_per_profile,extended_benchmark_30profiles
STU_0175,nsga2,6,5.0249479936785715,0.0973629012047549,128,3262,18.189681521102962,3.4099128285350657,0.48000099997808915,0.523554851552937,5.070157908064861,0.9910831348439116,union_observed_max_per_profile,extended_benchmark_30profiles
STU_0175,nsga2,7,5.070157908064861,0.11342491324890196,128,3262,18.189681521102962,3.4099128285350657,0.48000099997808915,0.523554851552937,5.070157908064861,1.0,union_observed_max_per_profile,extended_benchmark_30profiles
STU_0175,nsga2,8,4.949835078022411,0.11620756565657349,128,3262,18.189681521102962,3.4099128285350657,0.48000099997808915,0.523554851552937,5.070157908064861,0.9762684255156909,union_observed_max_per_profile,extended_benchmark_30profiles
STU_0175,nsga2,9,5.043364645927598,0.10804519713059832,128,3262,18.189681521102962,3.4099128285350657,0.48000099997808915,0.523554851552937,5.070157908064861,0.994715497500651,union_observed_max_per_profile,extended_benchmark_30profiles
STU_0175,nsga3,0,4.966410863801116,0.14435332874773038,128,3262,18.189681521102962,3.4099128285350657,0.48000099997808915,0.523554851552937,5.070157908064861,0.9795377094471319,union_observed_max_per_profile,extended_benchmark_30profiles
STU_0175,nsga3,1,4.99182333565156,0.14428773788625485,128,3262,18.189681521102962,3.4099128285350657,0.48000099997808915,0.523554851552937,5.070157908064861,0.9845498752043408,union_observed_max_per_profile,extended_benchmark_30profiles
STU_0175,nsga3,2,5.01681847728832,0.11968536204381026,128,3262,18.189681521102962,3.4099128285350657,0.48000099997808915,0.523554851552937,5.070157908064861,0.9894797298735615,union_observed_max_per_profile,extended_benchmark_30profiles
STU_0175,nsga3,3,4.994122240932343,0.12593886338338872,128,3262,18.189681521102962,3.4099128285350657,0.48000099997808915,0.523554851552937,5.070157908064861,0.9850032940765867,union_observed_max_per_profile,extended_benchmark_30profiles
STU_0175,nsga3,4,5.013859139305133,0.11460021185305037,128,3262,18.189681521102962,3.4099128285350657,0.48000099997808915,0.523554851552937,5.070157908064861,0.9888960521978662,union_observed_max_per_profile,extended_benchmark_30profiles
STU_0175,nsga3,5,5.01717929636044,0.1420795711472274,128,3262,18.189681521102962,3.4099128285350657,0.48000099997808915,0.523554851552937,5.070157908064861,0.9895508951269248,union_observed_max_per_profile,extended_benchmark_30profiles
STU_0175,nsga3,6,5.036721469756262,0.12575436404984416,128,3262,18.189681521102962,3.4099128285350657,0.48000099997808915,0.523554851552937,5.070157908064861,0.9934052471510971,union_observed_max_per_profile,extended_benchmark_30profiles
STU_0175,nsga3,7,5.006072126497156,0.13109328909846824,128,3262,18.189681521102962,3.4099128285350657,0.48000099997808915,0.523554851552937,5.070157908064861,0.9873602000707382,union_observed_max_per_profile,extended_benchmark_30profiles
STU_0175,nsga3,8,4.986554724663458,0.127591695908343,128,3262,18.189681521102962,3.4099128285350657,0.48000099997808915,0.523554851552937,5.070157908064861,0.9835107338040855,union_observed_max_per_profile,extended_benchmark_30profiles
STU_0175,nsga3,9,4.980849897853561,0.15418090070650442,128,3262,18.189681521102962,3.4099128285350657,0.48000099997808915,0.523554851552937,5.070157908064861,0.9823855564598409,union_observed_max_per_profile,extended_benchmark_30profiles
STU_0175,smsemoa,0,4.975357038602736,0.16301505190802731,128,3262,18.189681521102962,3.4099128285350657,0.48000099997808915,0.523554851552937,5.070157908064861,0.9813021860105522,union_observed_max_per_profile,extended_benchmark_30profiles
STU_0175,smsemoa,1,4.989542064400967,0.14585996497325848,128,3262,18.189681521102962,3.4099128285350657,0.48000099997808915,0.523554851552937,5.070157908064861,0.9840999343362341,union_observed_max_per_profile,extended_benchmark_30profiles
STU_0175,smsemoa,2,5.003447350688697,0.1621696329755309,128,3262,18.189681521102962,3.4099128285350657,0.48000099997808915,0.523554851552937,5.070157908064861,0.9868425089344751,union_observed_max_per_profile,extended_benchmark_30profiles
STU_0175,smsemoa,3,4.993784164552281,0.19089620083121803,128,3262,18.189681521102962,3.4099128285350657,0.48000099997808915,0.523554851552937,5.070157908064861,0.9849366144215951,union_observed_max_per_profile,extended_benchmark_30profiles
STU_0175,smsemoa,4,4.996236880433053,0.15639094993902494,128,3262,18.189681521102962,3.4099128285350657,0.48000099997808915,0.523554851552937,5.070157908064861,0.9854203697454423,union_observed_max_per_profile,extended_benchmark_30profiles
STU_0182,moead,0,0.07387757088089898,1.4358747004585823,125,3693,15.050672816689076,1.2455774816488454,0.1739836765267527,0.7125382880640244,0.622803274631798,0.1186210379586965,union_observed_max_per_profile,extended_benchmark_30profiles
STU_0182,moead,1,0.11267381628028561,1.3177649332934058,125,3693,15.050672816689076,1.2455774816488454,0.1739836765267527,0.7125382880640244,0.622803274631798,0.18091397535907067,union_observed_max_per_profile,extended_benchmark_30profiles
STU_0182,moead,2,0.14148349920250547,1.2545945314409535,125,3693,15.050672816689076,1.2455774816488454,0.1739836765267527,0.7125382880640244,0.622803274631798,0.22717205410673327,union_observed_max_per_profile,extended_benchmark_30profiles
STU_0182,moead,3,0.12061180593325416,1.2959677264126133,125,3693,15.050672816689076,1.2455774816488454,0.1739836765267527,0.7125382880640244,0.622803274631798,0.19365955646999447,union_observed_max_per_profile,extended_benchmark_30profiles
STU_0182,moead,4,0.14010410654646077,1.2749324589849282,125,3693,15.050672816689076,1.2455774816488454,0.1739836765267527,0.7125382880640244,0.622803274631798,0.22495724132036796,union_observed_max_per_profile,extended_benchmark_30profiles
STU_0182,moead,5,0.09196201563015688,1.3785150797028554,125,3693,15.050672816689076,1.2455774816488454,0.1739836765267527,0.7125382880640244,0.622803274631798,0.14765820825930134,union_observed_max_per_profile,extended_benchmark_30profiles
STU_0182,moead,6,0.07199137768759749,1.4419830208781985,125,3693,15.050672816689076,1.2455774816488454,0.1739836765267527,0.7125382880640244,0.622803274631798,0.11559248420804928,union_observed_max_per_profile,extended_benchmark_30profiles
STU_0182,moead,7,0.19333430979752397,1.1050883526032842,125,3693,15.050672816689076,1.2455774816488454,0.1739836765267527,0.7125382880640244,0.622803274631798,0.3104259686364421,union_observed_max_per_profile,extended_benchmark_30profiles
STU_0182,moead,8,0.08316029720084532,1.406066351549431,125,3693,15.050672816689076,1.2455774816488454,0.1739836765267527,0.7125382880640244,0.622803274631798,0.13352578669405646,union_observed_max_per_profile,extended_benchmark_30profiles
STU_0182,moead,9,0.1398369536248316,1.25495874042892,125,3693,15.050672816689076,1.2455774816488454,0.1739836765267527,0.7125382880640244,0.622803274631798,0.22452828898098418,union_observed_max_per_profile,extended_benchmark_30profiles
STU_0182,nsga2,0,0.6133247389952479,0.0681481428608099,128,3693,15.050672816689076,1.2455774816488454,0.1739836765267527,0.7125382880640244,0.622803274631798,0.9847808513175307,union_observed_max_per_profile,extended_benchmark_30profiles
STU_0182,nsga2,1,0.6160430467676667,0.0683382578746124,128,3693,15.050672816689076,1.2455774816488454,0.1739836765267527,0.7125382880640244,0.622803274631798,0.9891454843937231,union_observed_max_per_profile,extended_benchmark_30profiles
STU_0182,nsga2,2,0.6132687358703964,0.07498919933976701,128,3693,15.050672816689076,1.2455774816488454,0.1739836765267527,0.7125382880640244,0.622803274631798,0.9846909302668032,union_observed_max_per_profile,extended_benchmark_30profiles
STU_0182,nsga2,3,0.6170519270280255,0.07069897385504503,128,3693,15.050672816689076,1.2455774816488454,0.1739836765267527,0.7125382880640244,0.622803274631798,0.9907653863779494,union_observed_max_per_profile,extended_benchmark_30profiles
STU_0182,nsga2,4,0.6159280194690063,0.06618564986419301,128,3693,15.050672816689076,1.2455774816488454,0.1739836765267527,0.7125382880640244,0.622803274631798,0.9889607915647902,union_observed_max_per_profile,extended_benchmark_30profiles
STU_0182,nsga2,5,0.6180234707775665,0.06650642567827636,128,3693,15.050672816689076,1.2455774816488454,0.1739836765267527,0.7125382880640244,0.622803274631798,0.9923253392380487,union_observed_max_per_profile,extended_benchmark_30profiles
STU_0182,nsga2,6,0.6122071748708026,0.07918345849861419,128,3693,15.050672816689076,1.2455774816488454,0.1739836765267527,0.7125382880640244,0.622803274631798,0.9829864417985602,union_observed_max_per_profile,extended_benchmark_30profiles
STU_0182,nsga2,7,0.6131182172779023,0.07151157066613333,128,3693,15.050672816689076,1.2455774816488454,0.1739836765267527,0.7125382880640244,0.622803274631798,0.9844492510743116,union_observed_max_per_profile,extended_benchmark_30profiles
STU_0182,nsga2,8,0.6147964066027953,0.06934967927055576,128,3693,15.050672816689076,1.2455774816488454,0.1739836765267527,0.7125382880640244,0.622803274631798,0.9871438247755902,union_observed_max_per_profile,extended_benchmark_30profiles
STU_0182,nsga2,9,0.6167217914622577,0.06966753508881013,128,3693,15.050672816689076,1.2455774816488454,0.1739836765267527,0.7125382880640244,0.622803274631798,0.9902353063683943,union_observed_max_per_profile,extended_benchmark_30profiles
STU_0182,nsga3,0,0.6179937071246208,0.11137550176323723,128,3693,15.050672816689076,1.2455774816488454,0.1739836765267527,0.7125382880640244,0.622803274631798,0.992277549423579,union_observed_max_per_profile,extended_benchmark_30profiles
STU_0182,nsga3,1,0.6157062470765474,0.11152643831536829,128,3693,15.050672816689076,1.2455774816488454,0.1739836765267527,0.7125382880640244,0.622803274631798,0.9886047041749317,union_observed_max_per_profile,extended_benchmark_30profiles
STU_0182,nsga3,2,0.6215457073363426,0.08688642158016743,128,3693,15.050672816689076,1.2455774816488454,0.1739836765267527,0.7125382880640244,0.622803274631798,0.9979807953061923,union_observed_max_per_profile,extended_benchmark_30profiles
STU_0182,nsga3,3,0.6190761431859931,0.10043214097066998,128,3693,15.050672816689076,1.2455774816488454,0.1739836765267527,0.7125382880640244,0.622803274631798,0.9940155557980835,union_observed_max_per_profile,extended_benchmark_30profiles
STU_0182,nsga3,4,0.622803274631798,0.08381268316540308,128,3693,15.050672816689076,1.2455774816488454,0.1739836765267527,0.7125382880640244,0.622803274631798,1.0,union_observed_max_per_profile,extended_benchmark_30profiles
STU_0182,nsga3,5,0.6183110506919438,0.10415956012507188,128,3693,15.050672816689076,1.2455774816488454,0.1739836765267527,0.7125382880640244,0.622803274631798,0.9927870900445892,union_observed_max_per_profile,extended_benchmark_30profiles
STU_0182,nsga3,6,0.6152998346030788,0.11502422926375597,128,3693,15.050672816689076,1.2455774816488454,0.1739836765267527,0.7125382880640244,0.622803274631798,0.987952150647963,union_observed_max_per_profile,extended_benchmark_30profiles
STU_0182,nsga3,7,0.6182475855786728,0.09982152102180661,128,3693,15.050672816689076,1.2455774816488454,0.1739836765267527,0.7125382880640244,0.622803274631798,0.9926851877010143,union_observed_max_per_profile,extended_benchmark_30profiles
STU_0182,nsga3,8,0.6212680155206877,0.07927534027507226,128,3693,15.050672816689076,1.2455774816488454,0.1739836765267527,0.7125382880640244,0.622803274631798,0.9975349212606213,union_observed_max_per_profile,extended_benchmark_30profiles
STU_0182,nsga3,9,0.615091389824689,0.09483641000281705,128,3693,15.050672816689076,1.2455774816488454,0.1739836765267527,0.7125382880640244,0.622803274631798,0.9876174626543699,union_observed_max_per_profile,extended_benchmark_30profiles
STU_0182,smsemoa,0,0.607478913825317,0.10053831517436723,128,3693,15.050672816689076,1.2455774816488454,0.1739836765267527,0.7125382880640244,0.622803274631798,0.9753945404099863,union_observed_max_per_profile,extended_benchmark_30profiles
STU_0182,smsemoa,1,0.6119092714075405,0.11015280606999535,128,3693,15.050672816689076,1.2455774816488454,0.1739836765267527,0.7125382880640244,0.622803274631798,0.982508115053348,union_observed_max_per_profile,extended_benchmark_30profiles
STU_0182,smsemoa,2,0.6092597909238575,0.15273781421389104,128,3693,15.050672816689076,1.2455774816488454,0.1739836765267527,0.7125382880640244,0.622803274631798,0.9782539940626559,union_observed_max_per_profile,extended_benchmark_30profiles
STU_0182,smsemoa,3,0.6120334218048474,0.13461746575333913,128,3693,15.050672816689076,1.2455774816488454,0.1739836765267527,0.7125382880640244,0.622803274631798,0.9827074563258877,union_observed_max_per_profile,extended_benchmark_30profiles
STU_0182,smsemoa,4,0.6094322173462825,0.12333182364257313,128,3693,15.050672816689076,1.2455774816488454,0.1739836765267527,0.7125382880640244,0.622803274631798,0.9785308494188306,union_observed_max_per_profile,extended_benchmark_30profiles
STU_0197,moead,0,2.688766861304755,2.243553034760672,125,3240,30.686835452749047,5.1174462030505765,0.9390008656655671,0.37213720250032256,14.929356311566153,0.1800993160851616,union_observed_max_per_profile,extended_benchmark_30profiles
STU_0197,moead,1,9.406872065433532,2.6171398275956412,125,3240,30.686835452749047,5.1174462030505765,0.9390008656655671,0.37213720250032256,14.929356311566153,0.6300922738474524,union_observed_max_per_profile,extended_benchmark_30profiles
STU_0197,moead,2,3.407767790229516,2.094379888715664,125,3240,30.686835452749047,5.1174462030505765,0.9390008656655671,0.37213720250032256,14.929356311566153,0.22825952566953148,union_observed_max_per_profile,extended_benchmark_30profiles
STU_0197,moead,3,2.726274841390539,2.2649324028219686,125,3240,30.686835452749047,5.1174462030505765,0.9390008656655671,0.37213720250032256,14.929356311566153,0.1826116802690565,union_observed_max_per_profile,extended_benchmark_30profiles
STU_0197,moead,4,9.117208480623095,2.7708787223269686,125,3240,30.686835452749047,5.1174462030505765,0.9390008656655671,0.37213720250032256,14.929356311566153,0.6106899916079946,union_observed_max_per_profile,extended_benchmark_30profiles
STU_0197,moead,5,3.3292698130119076,2.1329433350229543,125,3240,30.686835452749047,5.1174462030505765,0.9390008656655671,0.37213720250032256,14.929356311566153,0.22300156440319113,union_observed_max_per_profile,extended_benchmark_30profiles
STU_0197,moead,6,2.968593807548492,2.223038918584352,125,3240,30.686835452749047,5.1174462030505765,0.9390008656655671,0.37213720250032256,14.929356311566153,0.1988427193775693,union_observed_max_per_profile,extended_benchmark_30profiles
STU_0197,moead,7,8.957621039143437,2.369429920659293,125,3240,30.686835452749047,5.1174462030505765,0.9390008656655671,0.37213720250032256,14.929356311566153,0.6000004857680126,union_observed_max_per_profile,extended_benchmark_30profiles
STU_0197,moead,8,2.7918105450122064,2.211402512039497,125,3240,30.686835452749047,5.1174462030505765,0.9390008656655671,0.37213720250032256,14.929356311566153,0.18700140091433945,union_observed_max_per_profile,extended_benchmark_30profiles
STU_0197,moead,9,3.099065158010607,2.238756864461177,125,3240,30.686835452749047,5.1174462030505765,0.9390008656655671,0.37213720250032256,14.929356311566153,0.20758196759023576,union_observed_max_per_profile,extended_benchmark_30profiles
STU_0197,nsga2,0,14.409934621779527,0.16128403978816627,128,3240,30.686835452749047,5.1174462030505765,0.9390008656655671,0.37213720250032256,14.929356311566153,0.9652080318168696,union_observed_max_per_profile,extended_benchmark_30profiles
STU_0197,nsga2,1,13.490631331421362,0.21257829812062237,128,3240,30.686835452749047,5.1174462030505765,0.9390008656655671,0.37213720250032256,14.929356311566153,0.9036311445638032,union_observed_max_per_profile,extended_benchmark_30profiles
STU_0197,nsga2,2,14.40042729952084,0.18298552210154198,128,3240,30.686835452749047,5.1174462030505765,0.9390008656655671,0.37213720250032256,14.929356311566153,0.964571211175693,union_observed_max_per_profile,extended_benchmark_30profiles
STU_0197,nsga2,3,14.469966983440152,0.34261643971246813,128,3240,30.686835452749047,5.1174462030505765,0.9390008656655671,0.37213720250032256,14.929356311566153,0.9692291269269191,union_observed_max_per_profile,extended_benchmark_30profiles
STU_0197,nsga2,4,14.078622307978332,0.18335073934291102,128,3240,30.686835452749047,5.1174462030505765,0.9390008656655671,0.37213720250032256,14.929356311566153,0.9430160292357189,union_observed_max_per_profile,extended_benchmark_30profiles
STU_0197,nsga2,5,14.293714128754129,0.18593303319527096,128,3240,30.686835452749047,5.1174462030505765,0.9390008656655671,0.37213720250032256,14.929356311566153,0.9574233363082388,union_observed_max_per_profile,extended_benchmark_30profiles
STU_0197,nsga2,6,14.236686742119964,0.20350452034342156,128,3240,30.686835452749047,5.1174462030505765,0.9390008656655671,0.37213720250032256,14.929356311566153,0.9536035208088939,union_observed_max_per_profile,extended_benchmark_30profiles
STU_0197,nsga2,7,14.156629714482685,0.2048335963772155,128,3240,30.686835452749047,5.1174462030505765,0.9390008656655671,0.37213720250032256,14.929356311566153,0.948241131033572,union_observed_max_per_profile,extended_benchmark_30profiles
STU_0197,nsga2,8,14.255834225296638,0.1978552497269192,128,3240,30.686835452749047,5.1174462030505765,0.9390008656655671,0.37213720250032256,14.929356311566153,0.9548860599068347,union_observed_max_per_profile,extended_benchmark_30profiles
STU_0197,nsga2,9,14.737765871379786,0.34733323516056086,128,3240,30.686835452749047,5.1174462030505765,0.9390008656655671,0.37213720250032256,14.929356311566153,0.9871668653230591,union_observed_max_per_profile,extended_benchmark_30profiles
STU_0197,nsga3,0,14.89979748890986,0.14548562200301454,128,3240,30.686835452749047,5.1174462030505765,0.9390008656655671,0.37213720250032256,14.929356311566153,0.9980200872670315,union_observed_max_per_profile,extended_benchmark_30profiles
STU_0197,nsga3,1,14.891842996909476,0.16330941206071214,128,3240,30.686835452749047,5.1174462030505765,0.9390008656655671,0.37213720250032256,14.929356311566153,0.9974872784952146,union_observed_max_per_profile,extended_benchmark_30profiles
STU_0197,nsga3,2,14.902161257482406,0.14741444706939977,128,3240,30.686835452749047,5.1174462030505765,0.9390008656655671,0.37213720250032256,14.929356311566153,0.9981784175073457,union_observed_max_per_profile,extended_benchmark_30profiles
STU_0197,nsga3,3,14.86173879161298,0.33822956270581767,128,3240,30.686835452749047,5.1174462030505765,0.9390008656655671,0.37213720250032256,14.929356311566153,0.9954708348744555,union_observed_max_per_profile,extended_benchmark_30profiles
STU_0197,nsga3,4,14.855500027157827,0.355033653610117,128,3240,30.686835452749047,5.1174462030505765,0.9390008656655671,0.37213720250032256,14.929356311566153,0.9950529491783174,union_observed_max_per_profile,extended_benchmark_30profiles
STU_0197,nsga3,5,14.8416543667683,0.3451071226020726,128,3240,30.686835452749047,5.1174462030505765,0.9390008656655671,0.37213720250032256,14.929356311566153,0.9941255374332577,union_observed_max_per_profile,extended_benchmark_30profiles
STU_0197,nsga3,6,14.879776034032844,0.14283286703084938,128,3240,30.686835452749047,5.1174462030505765,0.9390008656655671,0.37213720250032256,14.929356311566153,0.9966790076880342,union_observed_max_per_profile,extended_benchmark_30profiles
STU_0197,nsga3,7,14.863793548662215,0.33958202449851743,128,3240,30.686835452749047,5.1174462030505765,0.9390008656655671,0.37213720250032256,14.929356311566153,0.995608466866509,union_observed_max_per_profile,extended_benchmark_30profiles
STU_0197,nsga3,8,14.873071856600957,0.3521897262653694,128,3240,30.686835452749047,5.1174462030505765,0.9390008656655671,0.37213720250032256,14.929356311566153,0.9962299476420433,union_observed_max_per_profile,extended_benchmark_30profiles
STU_0197,nsga3,9,14.929356311566153,0.16982472454423297,128,3240,30.686835452749047,5.1174462030505765,0.9390008656655671,0.37213720250032256,14.929356311566153,1.0,union_observed_max_per_profile,extended_benchmark_30profiles
STU_0197,smsemoa,0,14.18035337989301,0.3285488987731223,128,3240,30.686835452749047,5.1174462030505765,0.9390008656655671,0.37213720250032256,14.929356311566153,0.9498301925386514,union_observed_max_per_profile,extended_benchmark_30profiles
STU_0197,smsemoa,1,14.366883139521114,0.2608837220899608,128,3240,30.686835452749047,5.1174462030505765,0.9390008656655671,0.37213720250032256,14.929356311566153,0.9623243520814574,union_observed_max_per_profile,extended_benchmark_30profiles
STU_0197,smsemoa,2,14.717698479059086,0.41182074628640264,128,3240,30.686835452749047,5.1174462030505765,0.9390008656655671,0.37213720250032256,14.929356311566153,0.9858227087564995,union_observed_max_per_profile,extended_benchmark_30profiles
STU_0197,smsemoa,3,14.686624593384892,0.4086757835144464,128,3240,30.686835452749047,5.1174462030505765,0.9390008656655671,0.37213720250032256,14.929356311566153,0.9837413138841619,union_observed_max_per_profile,extended_benchmark_30profiles
STU_0197,smsemoa,4,14.766264927469807,0.38307062272373077,128,3240,30.686835452749047,5.1174462030505765,0.9390008656655671,0.37213720250032256,14.929356311566153,0.9890757926401693,union_observed_max_per_profile,extended_benchmark_30profiles
STU_0217,moead,0,0.05241195469134817,1.3445094884075732,125,3682,13.901139951453262,1.0206556425878583,0.142500741275453,0.6040177166500652,0.4028655015243099,0.13009789741995445,union_observed_max_per_profile,extended_benchmark_30profiles
STU_0217,moead,1,0.0484095164048775,1.360575592074405,125,3682,13.901139951453262,1.0206556425878583,0.142500741275453,0.6040177166500652,0.4028655015243099,0.12016297305604945,union_observed_max_per_profile,extended_benchmark_30profiles
STU_0217,moead,2,0.05987452660765492,1.3116320794328524,125,3682,13.901139951453262,1.0206556425878583,0.142500741275453,0.6040177166500652,0.4028655015243099,0.14862162776685892,union_observed_max_per_profile,extended_benchmark_30profiles
STU_0217,moead,3,0.06939121906141348,1.276212599699054,125,3682,13.901139951453262,1.0206556425878583,0.142500741275453,0.6040177166500652,0.4028655015243099,0.17224413308873568,union_observed_max_per_profile,extended_benchmark_30profiles
STU_0217,moead,4,0.0498667879346457,1.3550314706874278,125,3682,13.901139951453262,1.0206556425878583,0.142500741275453,0.6040177166500652,0.4028655015243099,0.12378023868007128,union_observed_max_per_profile,extended_benchmark_30profiles
STU_0217,moead,5,0.050436362754591436,1.3525872515054402,125,3682,13.901139951453262,1.0206556425878583,0.142500741275453,0.6040177166500652,0.4028655015243099,0.12519404755124702,union_observed_max_per_profile,extended_benchmark_30profiles
STU_0217,moead,6,0.06886616871421465,1.2767774013707083,125,3682,13.901139951453262,1.0206556425878583,0.142500741275453,0.6040177166500652,0.4028655015243099,0.1709408436653122,union_observed_max_per_profile,extended_benchmark_30profiles
STU_0217,moead,7,0.05238204408538998,1.3439029599883354,125,3682,13.901139951453262,1.0206556425878583,0.142500741275453,0.6040177166500652,0.4028655015243099,0.13002365277541422,union_observed_max_per_profile,extended_benchmark_30profiles
STU_0217,moead,8,0.05359150555761864,1.3460781477131054,125,3682,13.901139951453262,1.0206556425878583,0.142500741275453,0.6040177166500652,0.4028655015243099,0.13302579981369986,union_observed_max_per_profile,extended_benchmark_30profiles
STU_0217,moead,9,0.05321893111851255,1.3386175180367523,125,3682,13.901139951453262,1.0206556425878583,0.142500741275453,0.6040177166500652,0.4028655015243099,0.1321009888341139,union_observed_max_per_profile,extended_benchmark_30profiles
STU_0217,nsga2,0,0.3969607933179702,0.08857618133321296,128,3682,13.901139951453262,1.0206556425878583,0.142500741275453,0.6040177166500652,0.4028655015243099,0.9853432269976004,union_observed_max_per_profile,extended_benchmark_30profiles
STU_0217,nsga2,1,0.3987656774930408,0.07225915967368629,128,3682,13.901139951453262,1.0206556425878583,0.142500741275453,0.6040177166500652,0.4028655015243099,0.9898233429872831,union_observed_max_per_profile,extended_benchmark_30profiles
STU_0217,nsga2,2,0.4009311938473127,0.06264514180637186,128,3682,13.901139951453262,1.0206556425878583,0.142500741275453,0.6040177166500652,0.4028655015243099,0.9951986266640395,union_observed_max_per_profile,extended_benchmark_30profiles
STU_0217,nsga2,3,0.39291809705486896,0.0648580618094759,128,3682,13.901139951453262,1.0206556425878583,0.142500741275453,0.6040177166500652,0.4028655015243099,0.9753083735594057,union_observed_max_per_profile,extended_benchmark_30profiles
STU_0217,nsga2,4,0.3987026152233005,0.07273461302398326,128,3682,13.901139951453262,1.0206556425878583,0.142500741275453,0.6040177166500652,0.4028655015243099,0.9896668086861288,union_observed_max_per_profile,extended_benchmark_30profiles
STU_0217,nsga2,5,0.40096596842510324,0.05938413296001352,128,3682,13.901139951453262,1.0206556425878583,0.142500741275453,0.6040177166500652,0.4028655015243099,0.9952849447470199,union_observed_max_per_profile,extended_benchmark_30profiles
STU_0217,nsga2,6,0.39679465469423564,0.06670869627546834,128,3682,13.901139951453262,1.0206556425878583,0.142500741275453,0.6040177166500652,0.4028655015243099,0.9849308347150496,union_observed_max_per_profile,extended_benchmark_30profiles
STU_0217,nsga2,7,0.3984588552177547,0.0618968755600787,128,3682,13.901139951453262,1.0206556425878583,0.142500741275453,0.6040177166500652,0.4028655015243099,0.9890617432123577,union_observed_max_per_profile,extended_benchmark_30profiles
STU_0217,nsga2,8,0.39853453462423993,0.06624343495141007,128,3682,13.901139951453262,1.0206556425878583,0.142500741275453,0.6040177166500652,0.4028655015243099,0.9892495959974656,union_observed_max_per_profile,extended_benchmark_30profiles
STU_0217,nsga2,9,0.39801270501490754,0.07115791984835712,128,3682,13.901139951453262,1.0206556425878583,0.142500741275453,0.6040177166500652,0.4028655015243099,0.9879543011475518,union_observed_max_per_profile,extended_benchmark_30profiles
STU_0217,nsga3,0,0.40120205803449605,0.07587664974878325,128,3682,13.901139951453262,1.0206556425878583,0.142500741275453,0.6040177166500652,0.4028655015243099,0.9958709706253827,union_observed_max_per_profile,extended_benchmark_30profiles
STU_0217,nsga3,1,0.40118792374359113,0.08269976275797457,128,3682,13.901139951453262,1.0206556425878583,0.142500741275453,0.6040177166500652,0.4028655015243099,0.9958358862340624,union_observed_max_per_profile,extended_benchmark_30profiles
STU_0217,nsga3,2,0.4018411158779362,0.20377906416785588,128,3682,13.901139951453262,1.0206556425878583,0.142500741275453,0.6040177166500652,0.4028655015243099,0.9974572515082633,union_observed_max_per_profile,extended_benchmark_30profiles
STU_0217,nsga3,3,0.39875828728501334,0.0890853925941353,128,3682,13.901139951453262,1.0206556425878583,0.142500741275453,0.6040177166500652,0.4028655015243099,0.9898049988798837,union_observed_max_per_profile,extended_benchmark_30profiles
STU_0217,nsga3,4,0.4028655015243099,0.10726730879884022,128,3682,13.901139951453262,1.0206556425878583,0.142500741275453,0.6040177166500652,0.4028655015243099,1.0,union_observed_max_per_profile,extended_benchmark_30profiles
STU_0217,nsga3,5,0.3970914061971027,0.07709184896368122,128,3682,13.901139951453262,1.0206556425878583,0.142500741275453,0.6040177166500652,0.4028655015243099,0.9856674366373891,union_observed_max_per_profile,extended_benchmark_30profiles
STU_0217,nsga3,6,0.402179230496914,0.1154573616564493,128,3682,13.901139951453262,1.0206556425878583,0.142500741275453,0.6040177166500652,0.4028655015243099,0.9982965257020041,union_observed_max_per_profile,extended_benchmark_30profiles
STU_0217,nsga3,7,0.4016641265059228,0.09530976468600277,128,3682,13.901139951453262,1.0206556425878583,0.142500741275453,0.6040177166500652,0.4028655015243099,0.9970179253030069,union_observed_max_per_profile,extended_benchmark_30profiles
STU_0217,nsga3,8,0.40197322815038783,0.1512093391348936,128,3682,13.901139951453262,1.0206556425878583,0.142500741275453,0.6040177166500652,0.4028655015243099,0.9977851829691399,union_observed_max_per_profile,extended_benchmark_30profiles
STU_0217,nsga3,9,0.39966733265561505,0.0938489985650567,128,3682,13.901139951453262,1.0206556425878583,0.142500741275453,0.6040177166500652,0.4028655015243099,0.9920614476628205,union_observed_max_per_profile,extended_benchmark_30profiles
STU_0217,smsemoa,0,0.3974096216781821,0.1022802156549842,128,3682,13.901139951453262,1.0206556425878583,0.142500741275453,0.6040177166500652,0.4028655015243099,0.9864573168328276,union_observed_max_per_profile,extended_benchmark_30profiles
STU_0217,smsemoa,1,0.39773183898072106,0.12866135604193382,128,3682,13.901139951453262,1.0206556425878583,0.142500741275453,0.6040177166500652,0.4028655015243099,0.9872571304215308,union_observed_max_per_profile,extended_benchmark_30profiles
STU_0217,smsemoa,2,0.39424324193886917,0.1344096147097939,128,3682,13.901139951453262,1.0206556425878583,0.142500741275453,0.6040177166500652,0.4028655015243099,0.9785976720448464,union_observed_max_per_profile,extended_benchmark_30profiles
STU_0217,smsemoa,3,0.39311599231285543,0.1762017992321324,128,3682,13.901139951453262,1.0206556425878583,0.142500741275453,0.6040177166500652,0.4028655015243099,0.9757995927311583,union_observed_max_per_profile,extended_benchmark_30profiles
STU_0217,smsemoa,4,0.3963895781412846,0.11170416659597998,128,3682,13.901139951453262,1.0206556425878583,0.142500741275453,0.6040177166500652,0.4028655015243099,0.9839253464033964,union_observed_max_per_profile,extended_benchmark_30profiles
STU_0242,moead,0,5.038315496537797,1.8513495072619337,125,2358,29.05055005051194,6.4299786676489665,0.8805009982211909,0.5271244267397186,22.811883247558836,0.22086363680986146,union_observed_max_per_profile,extended_benchmark_30profiles
STU_0242,moead,1,5.225960771066775,1.7232359042866954,125,2358,29.05055005051194,6.4299786676489665,0.8805009982211909,0.5271244267397186,22.811883247558836,0.22908940548019066,union_observed_max_per_profile,extended_benchmark_30profiles
STU_0242,moead,2,4.687119267244376,1.7139207078024952,125,2358,29.05055005051194,6.4299786676489665,0.8805009982211909,0.5271244267397186,22.811883247558836,0.20546831738435967,union_observed_max_per_profile,extended_benchmark_30profiles
STU_0242,moead,3,4.656277655848705,1.8625279796359313,125,2358,29.05055005051194,6.4299786676489665,0.8805009982211909,0.5271244267397186,22.811883247558836,0.204116319784645,union_observed_max_per_profile,extended_benchmark_30profiles
STU_0242,moead,4,4.38107791376122,1.7998071039552879,125,2358,29.05055005051194,6.4299786676489665,0.8805009982211909,0.5271244267397186,22.811883247558836,0.19205244329093485,union_observed_max_per_profile,extended_benchmark_30profiles
STU_0242,moead,5,4.427657233181342,1.7313789751859554,125,2358,29.05055005051194,6.4299786676489665,0.8805009982211909,0.5271244267397186,22.811883247558836,0.19409433167492465,union_observed_max_per_profile,extended_benchmark_30profiles
STU_0242,moead,6,4.812236383107284,1.7313310091531933,125,2358,29.05055005051194,6.4299786676489665,0.8805009982211909,0.5271244267397186,22.811883247558836,0.21095305156895608,union_observed_max_per_profile,extended_benchmark_30profiles
STU_0242,moead,7,4.114625060849118,1.83941058290864,125,2358,29.05055005051194,6.4299786676489665,0.8805009982211909,0.5271244267397186,22.811883247558836,0.18037200244260568,union_observed_max_per_profile,extended_benchmark_30profiles
STU_0242,moead,8,5.022748812908301,1.754152712686508,125,2358,29.05055005051194,6.4299786676489665,0.8805009982211909,0.5271244267397186,22.811883247558836,0.22018124318805635,union_observed_max_per_profile,extended_benchmark_30profiles
STU_0242,moead,9,4.140461018845746,1.8145171027415783,125,2358,29.05055005051194,6.4299786676489665,0.8805009982211909,0.5271244267397186,22.811883247558836,0.18150456820739813,union_observed_max_per_profile,extended_benchmark_30profiles
STU_0242,nsga2,0,20.793559517821823,0.2504733982892707,128,2358,29.05055005051194,6.4299786676489665,0.8805009982211909,0.5271244267397186,22.811883247558836,0.9115231430989811,union_observed_max_per_profile,extended_benchmark_30profiles
STU_0242,nsga2,1,21.680600994681527,0.2546106770603874,128,2358,29.05055005051194,6.4299786676489665,0.8805009982211909,0.5271244267397186,22.811883247558836,0.9504082043292778,union_observed_max_per_profile,extended_benchmark_30profiles
STU_0242,nsga2,2,20.681038970404728,0.21565185016185232,128,2358,29.05055005051194,6.4299786676489665,0.8805009982211909,0.5271244267397186,22.811883247558836,0.9065906021861595,union_observed_max_per_profile,extended_benchmark_30profiles
STU_0242,nsga2,3,22.068829352653907,0.18852550419773786,128,2358,29.05055005051194,6.4299786676489665,0.8805009982211909,0.5271244267397186,22.811883247558836,0.9674268938324307,union_observed_max_per_profile,extended_benchmark_30profiles
STU_0242,nsga2,4,21.872682979123596,0.22609472268771616,128,2358,29.05055005051194,6.4299786676489665,0.8805009982211909,0.5271244267397186,22.811883247558836,0.9588284641718151,union_observed_max_per_profile,extended_benchmark_30profiles
STU_0242,nsga2,5,22.132473515723294,0.19233211068306513,128,2358,29.05055005051194,6.4299786676489665,0.8805009982211909,0.5271244267397186,22.811883247558836,0.9702168503817743,union_observed_max_per_profile,extended_benchmark_30profiles
STU_0242,nsga2,6,21.653922080454468,0.21278510689781763,128,2358,29.05055005051194,6.4299786676489665,0.8805009982211909,0.5271244267397186,22.811883247558836,0.9492386860594562,union_observed_max_per_profile,extended_benchmark_30profiles
STU_0242,nsga2,7,21.993193762984774,0.20003461965667588,128,2358,29.05055005051194,6.4299786676489665,0.8805009982211909,0.5271244267397186,22.811883247558836,0.9641112714943572,union_observed_max_per_profile,extended_benchmark_30profiles
STU_0242,nsga2,8,21.845347037155154,0.22663925982740135,128,2358,29.05055005051194,6.4299786676489665,0.8805009982211909,0.5271244267397186,22.811883247558836,0.95763014390725,union_observed_max_per_profile,extended_benchmark_30profiles
STU_0242,nsga2,9,21.435822028019242,0.2207737800297661,128,2358,29.05055005051194,6.4299786676489665,0.8805009982211909,0.5271244267397186,22.811883247558836,0.9396778773323395,union_observed_max_per_profile,extended_benchmark_30profiles
STU_0242,nsga3,0,22.49004806110695,0.3840426805160171,128,2358,29.05055005051194,6.4299786676489665,0.8805009982211909,0.5271244267397186,22.811883247558836,0.985891774784253,union_observed_max_per_profile,extended_benchmark_30profiles
STU_0242,nsga3,1,22.23696650929126,0.21052777812264195,128,2358,29.05055005051194,6.4299786676489665,0.8805009982211909,0.5271244267397186,22.811883247558836,0.9747974890091944,union_observed_max_per_profile,extended_benchmark_30profiles
STU_0242,nsga3,2,22.44005500993743,0.2178919263623644,128,2358,29.05055005051194,6.4299786676489665,0.8805009982211909,0.5271244267397186,22.811883247558836,0.9837002393188561,union_observed_max_per_profile,extended_benchmark_30profiles
STU_0242,nsga3,3,22.298860215805462,0.24073458273754245,128,2358,29.05055005051194,6.4299786676489665,0.8805009982211909,0.5271244267397186,22.811883247558836,0.9775107111418224,union_observed_max_per_profile,extended_benchmark_30profiles
STU_0242,nsga3,4,22.321923271447993,0.2505906840839398,128,2358,29.05055005051194,6.4299786676489665,0.8805009982211909,0.5271244267397186,22.811883247558836,0.9785217217362677,union_observed_max_per_profile,extended_benchmark_30profiles
STU_0242,nsga3,5,22.49636395520691,0.22179180310671837,128,2358,29.05055005051194,6.4299786676489665,0.8805009982211909,0.5271244267397186,22.811883247558836,0.986168643380827,union_observed_max_per_profile,extended_benchmark_30profiles
STU_0242,nsga3,6,22.654522449668143,0.2670725478500731,128,2358,29.05055005051194,6.4299786676489665,0.8805009982211909,0.5271244267397186,22.811883247558836,0.9931018059235626,union_observed_max_per_profile,extended_benchmark_30profiles
STU_0242,nsga3,7,22.811883247558836,0.29858766584944263,128,2358,29.05055005051194,6.4299786676489665,0.8805009982211909,0.5271244267397186,22.811883247558836,1.0,union_observed_max_per_profile,extended_benchmark_30profiles
STU_0242,nsga3,8,22.283657599085934,0.37753796284402813,128,2358,29.05055005051194,6.4299786676489665,0.8805009982211909,0.5271244267397186,22.811883247558836,0.976844277048918,union_observed_max_per_profile,extended_benchmark_30profiles
STU_0242,nsga3,9,22.52292651508803,0.25817557608268804,128,2358,29.05055005051194,6.4299786676489665,0.8805009982211909,0.5271244267397186,22.811883247558836,0.9873330610482707,union_observed_max_per_profile,extended_benchmark_30profiles
STU_0242,smsemoa,0,21.229896490827628,0.37569005878529793,128,2358,29.05055005051194,6.4299786676489665,0.8805009982211909,0.5271244267397186,22.811883247558836,0.9306507604145089,union_observed_max_per_profile,extended_benchmark_30profiles
STU_0242,smsemoa,1,21.444558422584915,0.36457731615302885,128,2358,29.05055005051194,6.4299786676489665,0.8805009982211909,0.5271244267397186,22.811883247558836,0.9400608529275968,union_observed_max_per_profile,extended_benchmark_30profiles
STU_0242,smsemoa,2,22.15269055727262,0.4770819209629848,128,2358,29.05055005051194,6.4299786676489665,0.8805009982211909,0.5271244267397186,22.811883247558836,0.9711031008210707,union_observed_max_per_profile,extended_benchmark_30profiles
STU_0242,smsemoa,3,22.01489595806718,0.492216129317179,128,2358,29.05055005051194,6.4299786676489665,0.8805009982211909,0.5271244267397186,22.811883247558836,0.9650626263144256,union_observed_max_per_profile,extended_benchmark_30profiles
STU_0242,smsemoa,4,21.743497041355234,0.3412754400776605,128,2358,29.05055005051194,6.4299786676489665,0.8805009982211909,0.5271244267397186,22.811883247558836,0.9531653658486117,union_observed_max_per_profile,extended_benchmark_30profiles
STU_0243,moead,0,1.209604345730605,2.6260566259109184,125,3701,16.505879278939673,4.453863789010275,0.25912135594463515,0.7473616532798854,4.559814072285235,0.26527492712534867,union_observed_max_per_profile,extended_benchmark_30profiles
STU_0243,moead,1,1.3883449521704203,2.535815325920191,125,3701,16.505879278939673,4.453863789010275,0.25912135594463515,0.7473616532798854,4.559814072285235,0.3044740268268495,union_observed_max_per_profile,extended_benchmark_30profiles
STU_0243,moead,2,1.367395836162462,2.552135820041595,125,3701,16.505879278939673,4.453863789010275,0.25912135594463515,0.7473616532798854,4.559814072285235,0.2998797351132272,union_observed_max_per_profile,extended_benchmark_30profiles
STU_0243,moead,3,1.5066777759152132,2.5071238573131556,125,3701,16.505879278939673,4.453863789010275,0.25912135594463515,0.7473616532798854,4.559814072285235,0.33042526559862867,union_observed_max_per_profile,extended_benchmark_30profiles
STU_0243,moead,4,1.5609405605337998,2.480473808706737,125,3701,16.505879278939673,4.453863789010275,0.25912135594463515,0.7473616532798854,4.559814072285235,0.3423254842826312,union_observed_max_per_profile,extended_benchmark_30profiles
STU_0243,moead,5,1.4101014028046488,2.5289138975897387,125,3701,16.505879278939673,4.453863789010275,0.25912135594463515,0.7473616532798854,4.559814072285235,0.3092453728267807,union_observed_max_per_profile,extended_benchmark_30profiles
STU_0243,moead,6,1.3751252188656324,2.560804328903294,125,3701,16.505879278939673,4.453863789010275,0.25912135594463515,0.7473616532798854,4.559814072285235,0.3015748442954524,union_observed_max_per_profile,extended_benchmark_30profiles
STU_0243,moead,7,1.5243244096927904,2.46900602097473,125,3701,16.505879278939673,4.453863789010275,0.25912135594463515,0.7473616532798854,4.559814072285235,0.3342952992223315,union_observed_max_per_profile,extended_benchmark_30profiles
STU_0243,moead,8,1.4175982445865913,2.5312667538942986,125,3701,16.505879278939673,4.453863789010275,0.25912135594463515,0.7473616532798854,4.559814072285235,0.3108894841135783,union_observed_max_per_profile,extended_benchmark_30profiles
STU_0243,moead,9,1.4329763858085696,2.545104948956034,125,3701,16.505879278939673,4.453863789010275,0.25912135594463515,0.7473616532798854,4.559814072285235,0.31426202101490663,union_observed_max_per_profile,extended_benchmark_30profiles
STU_0243,nsga2,0,4.46495684200916,0.0973144257959622,128,3701,16.505879278939673,4.453863789010275,0.25912135594463515,0.7473616532798854,4.559814072285235,0.9791971276082019,union_observed_max_per_profile,extended_benchmark_30profiles
STU_0243,nsga2,1,4.518960624004399,0.0832769874812953,128,3701,16.505879278939673,4.453863789010275,0.25912135594463515,0.7473616532798854,4.559814072285235,0.9910405451553069,union_observed_max_per_profile,extended_benchmark_30profiles
STU_0243,nsga2,2,4.435496533727903,0.09234303685391777,128,3701,16.505879278939673,4.453863789010275,0.25912135594463515,0.7473616532798854,4.559814072285235,0.9727362702543203,union_observed_max_per_profile,extended_benchmark_30profiles
STU_0243,nsga2,3,4.482580361020132,0.08953736905026785,128,3701,16.505879278939673,4.453863789010275,0.25912135594463515,0.7473616532798854,4.559814072285235,0.9830620919974493,union_observed_max_per_profile,extended_benchmark_30profiles
STU_0243,nsga2,4,4.445403792630802,0.0925201285809759,128,3701,16.505879278939673,4.453863789010275,0.25912135594463515,0.7473616532798854,4.559814072285235,0.9749090033407668,union_observed_max_per_profile,extended_benchmark_30profiles
STU_0243,nsga2,5,4.521452364540415,0.09038454978020882,128,3701,16.505879278939673,4.453863789010275,0.25912135594463515,0.7473616532798854,4.559814072285235,0.9915870017643955,union_observed_max_per_profile,extended_benchmark_30profiles
STU_0243,nsga2,6,4.436685225233668,0.11753503899223691,128,3701,16.505879278939673,4.453863789010275,0.25912135594463515,0.7473616532798854,4.559814072285235,0.9729969588453288,union_observed_max_per_profile,extended_benchmark_30profiles
STU_0243,nsga2,7,4.497562606027065,0.0891856090326588,128,3701,16.505879278939673,4.453863789010275,0.25912135594463515,0.7473616532798854,4.559814072285235,0.9863478060132896,union_observed_max_per_profile,extended_benchmark_30profiles
STU_0243,nsga2,8,4.410194461530256,0.13007197746310367,128,3701,16.505879278939673,4.453863789010275,0.25912135594463515,0.7473616532798854,4.559814072285235,0.9671873439611555,union_observed_max_per_profile,extended_benchmark_30profiles
STU_0243,nsga2,9,4.466497044127773,0.09969364489353678,128,3701,16.505879278939673,4.453863789010275,0.25912135594463515,0.7473616532798854,4.559814072285235,0.9795349050031125,union_observed_max_per_profile,extended_benchmark_30profiles
STU_0243,nsga3,0,4.5500947609588485,0.10760966214870024,128,3701,16.505879278939673,4.453863789010275,0.25912135594463515,0.7473616532798854,4.559814072285235,0.9978684851679676,union_observed_max_per_profile,extended_benchmark_30profiles
STU_0243,nsga3,1,4.521872129651227,0.12922287959081472,128,3701,16.505879278939673,4.453863789010275,0.25912135594463515,0.7473616532798854,4.559814072285235,0.9916790592702844,union_observed_max_per_profile,extended_benchmark_30profiles
STU_0243,nsga3,2,4.5027207217596805,0.11433391859174329,128,3701,16.505879278939673,4.453863789010275,0.25912135594463515,0.7473616532798854,4.559814072285235,0.9874790178677305,union_observed_max_per_profile,extended_benchmark_30profiles
STU_0243,nsga3,3,4.519008996516642,0.1194788685495974,128,3701,16.505879278939673,4.453863789010275,0.25912135594463515,0.7473616532798854,4.559814072285235,0.9910511535949222,union_observed_max_per_profile,extended_benchmark_30profiles
STU_0243,nsga3,4,4.559814072285235,0.15378602016207282,128,3701,16.505879278939673,4.453863789010275,0.25912135594463515,0.7473616532798854,4.559814072285235,1.0,union_observed_max_per_profile,extended_benchmark_30profiles
STU_0243,nsga3,5,4.530491268501031,0.10765032317745822,128,3701,16.505879278939673,4.453863789010275,0.25912135594463515,0.7473616532798854,4.559814072285235,0.9935692983706442,union_observed_max_per_profile,extended_benchmark_30profiles
STU_0243,nsga3,6,4.537028603361587,0.13168170150970346,128,3701,16.505879278939673,4.453863789010275,0.25912135594463515,0.7473616532798854,4.559814072285235,0.9950029828930659,union_observed_max_per_profile,extended_benchmark_30profiles
STU_0243,nsga3,7,4.5122194454075935,0.14906358478344406,128,3701,16.505879278939673,4.453863789010275,0.25912135594463515,0.7473616532798854,4.559814072285235,0.9895621562363861,union_observed_max_per_profile,extended_benchmark_30profiles
STU_0243,nsga3,8,4.499268523266229,0.14325651195686798,128,3701,16.505879278939673,4.453863789010275,0.25912135594463515,0.7473616532798854,4.559814072285235,0.9867219259252248,union_observed_max_per_profile,extended_benchmark_30profiles
STU_0243,nsga3,9,4.509110163450127,0.11952347773855819,128,3701,16.505879278939673,4.453863789010275,0.25912135594463515,0.7473616532798854,4.559814072285235,0.9888802683549558,union_observed_max_per_profile,extended_benchmark_30profiles
STU_0243,smsemoa,0,3.989969246630552,0.28932074990508927,128,3701,16.505879278939673,4.453863789010275,0.25912135594463515,0.7473616532798854,4.559814072285235,0.8750289339387264,union_observed_max_per_profile,extended_benchmark_30profiles
STU_0243,smsemoa,1,4.16623066081258,0.31229875649897615,128,3701,16.505879278939673,4.453863789010275,0.25912135594463515,0.7473616532798854,4.559814072285235,0.9136843289587456,union_observed_max_per_profile,extended_benchmark_30profiles
STU_0243,smsemoa,2,4.486330850414861,0.16873202621888328,128,3701,16.505879278939673,4.453863789010275,0.25912135594463515,0.7473616532798854,4.559814072285235,0.9838846012785897,union_observed_max_per_profile,extended_benchmark_30profiles
STU_0243,smsemoa,3,4.514028570095167,0.3360438230483585,128,3701,16.505879278939673,4.453863789010275,0.25912135594463515,0.7473616532798854,4.559814072285235,0.9899589102835674,union_observed_max_per_profile,extended_benchmark_30profiles
STU_0243,smsemoa,4,4.188709783314606,0.29754452615523536,128,3701,16.505879278939673,4.453863789010275,0.25912135594463515,0.7473616532798854,4.559814072285235,0.9186141620935341,union_observed_max_per_profile,extended_benchmark_30profiles
STU_0244,moead,0,0.31565810669669053,2.0987216424670048,125,3753,13.50994649758888,2.5838999653502106,0.1430271706001021,0.6269483430294034,1.0442594875712627,0.30227937639412567,union_observed_max_per_profile,extended_benchmark_30profiles
STU_0244,moead,1,0.270445973846266,2.179765509832801,125,3753,13.50994649758888,2.5838999653502106,0.1430271706001021,0.6269483430294034,1.0442594875712627,0.2589834969804956,union_observed_max_per_profile,extended_benchmark_30profiles
STU_0244,moead,2,0.3258284792861116,2.0821052388335146,125,3753,13.50994649758888,2.5838999653502106,0.1430271706001021,0.6269483430294034,1.0442594875712627,0.312018691871235,union_observed_max_per_profile,extended_benchmark_30profiles
STU_0244,moead,3,0.31495392949418344,2.1235804586350744,125,3753,13.50994649758888,2.5838999653502106,0.1430271706001021,0.6269483430294034,1.0442594875712627,0.30160504476402017,union_observed_max_per_profile,extended_benchmark_30profiles
STU_0244,moead,4,0.34961870411784296,2.084537129763101,125,3753,13.50994649758888,2.5838999653502106,0.1430271706001021,0.6269483430294034,1.0442594875712627,0.3348006010756825,union_observed_max_per_profile,extended_benchmark_30profiles
STU_0244,moead,5,0.3565397897198043,2.0737876760723113,125,3753,13.50994649758888,2.5838999653502106,0.1430271706001021,0.6269483430294034,1.0442594875712627,0.3414283460799998,union_observed_max_per_profile,extended_benchmark_30profiles
STU_0244,moead,6,0.2679200252393113,2.1759311032087547,125,3753,13.50994649758888,2.5838999653502106,0.1430271706001021,0.6269483430294034,1.0442594875712627,0.2565646071958985,union_observed_max_per_profile,extended_benchmark_30profiles
STU_0244,moead,7,0.28278563954871727,2.156225624937494,125,3753,13.50994649758888,2.5838999653502106,0.1430271706001021,0.6269483430294034,1.0442594875712627,0.2708001630958793,union_observed_max_per_profile,extended_benchmark_30profiles
STU_0244,moead,8,0.33669194839447775,2.0787819821435787,125,3753,13.50994649758888,2.5838999653502106,0.1430271706001021,0.6269483430294034,1.0442594875712627,0.32242172793426604,union_observed_max_per_profile,extended_benchmark_30profiles
STU_0244,moead,9,0.32152535673490235,2.0941259366647387,125,3753,13.50994649758888,2.5838999653502106,0.1430271706001021,0.6269483430294034,1.0442594875712627,0.30789795119094926,union_observed_max_per_profile,extended_benchmark_30profiles
STU_0244,nsga2,0,0.9814113756057541,0.0937445482593909,128,3753,13.50994649758888,2.5838999653502106,0.1430271706001021,0.6269483430294034,1.0442594875712627,0.9398156179440795,union_observed_max_per_profile,extended_benchmark_30profiles
STU_0244,nsga2,1,1.0266660416828315,0.06627154151613233,128,3753,13.50994649758888,2.5838999653502106,0.1430271706001021,0.6269483430294034,1.0442594875712627,0.983152227872643,union_observed_max_per_profile,extended_benchmark_30profiles
STU_0244,nsga2,2,0.9794043068923123,0.0766631122958134,128,3753,13.50994649758888,2.5838999653502106,0.1430271706001021,0.6269483430294034,1.0442594875712627,0.9378936160495984,union_observed_max_per_profile,extended_benchmark_30profiles
STU_0244,nsga2,3,0.9978881210136308,0.09424419904102993,128,3753,13.50994649758888,2.5838999653502106,0.1430271706001021,0.6269483430294034,1.0442594875712627,0.9555940193892972,union_observed_max_per_profile,extended_benchmark_30profiles
STU_0244,nsga2,4,0.9941315649778331,0.07349230828216005,128,3753,13.50994649758888,2.5838999653502106,0.1430271706001021,0.6269483430294034,1.0442594875712627,0.9519966797620224,union_observed_max_per_profile,extended_benchmark_30profiles
STU_0244,nsga2,5,0.9817990196782621,0.07148650771819084,128,3753,13.50994649758888,2.5838999653502106,0.1430271706001021,0.6269483430294034,1.0442594875712627,0.9401868322611355,union_observed_max_per_profile,extended_benchmark_30profiles
STU_0244,nsga2,6,1.0177994988866343,0.08077142895490094,128,3753,13.50994649758888,2.5838999653502106,0.1430271706001021,0.6269483430294034,1.0442594875712627,0.9746614811744071,union_observed_max_per_profile,extended_benchmark_30profiles
STU_0244,nsga2,7,1.0148744434052632,0.07161846097526539,128,3753,13.50994649758888,2.5838999653502106,0.1430271706001021,0.6269483430294034,1.0442594875712627,0.971860400105779,union_observed_max_per_profile,extended_benchmark_30profiles
STU_0244,nsga2,8,0.96256756836655,0.08125673590771658,128,3753,13.50994649758888,2.5838999653502106,0.1430271706001021,0.6269483430294034,1.0442594875712627,0.9217704792946515,union_observed_max_per_profile,extended_benchmark_30profiles
STU_0244,nsga2,9,0.9954542943635487,0.06899255281281268,128,3753,13.50994649758888,2.5838999653502106,0.1430271706001021,0.6269483430294034,1.0442594875712627,0.9532633471004175,union_observed_max_per_profile,extended_benchmark_30profiles
STU_0244,nsga3,0,1.0132829554930503,0.1068685768123925,128,3753,13.50994649758888,2.5838999653502106,0.1430271706001021,0.6269483430294034,1.0442594875712627,0.970336365197641,union_observed_max_per_profile,extended_benchmark_30profiles
STU_0244,nsga3,1,1.020482482564444,0.09453268340793973,128,3753,13.50994649758888,2.5838999653502106,0.1430271706001021,0.6269483430294034,1.0442594875712627,0.9772307503165528,union_observed_max_per_profile,extended_benchmark_30profiles
STU_0244,nsga3,2,1.014659663087018,0.07107350486408248,128,3753,13.50994649758888,2.5838999653502106,0.1430271706001021,0.6269483430294034,1.0442594875712627,0.9716547229529242,union_observed_max_per_profile,extended_benchmark_30profiles
STU_0244,nsga3,3,1.0427585143263278,0.08059519079097544,128,3753,13.50994649758888,2.5838999653502106,0.1430271706001021,0.6269483430294034,1.0442594875712627,0.9985626434207211,union_observed_max_per_profile,extended_benchmark_30profiles
STU_0244,nsga3,4,1.0442594875712627,0.10078562255505005,128,3753,13.50994649758888,2.5838999653502106,0.1430271706001021,0.6269483430294034,1.0442594875712627,1.0,union_observed_max_per_profile,extended_benchmark_30profiles
STU_0244,nsga3,5,1.0121921546697457,0.1127711282324448,128,3753,13.50994649758888,2.5838999653502106,0.1430271706001021,0.6269483430294034,1.0442594875712627,0.969291796451762,union_observed_max_per_profile,extended_benchmark_30profiles
STU_0244,nsga3,6,1.0071117541245975,0.15263841576222797,128,3753,13.50994649758888,2.5838999653502106,0.1430271706001021,0.6269483430294034,1.0442594875712627,0.9644267216254234,union_observed_max_per_profile,extended_benchmark_30profiles
STU_0244,nsga3,7,1.0290134391797219,0.08307416685110165,128,3753,13.50994649758888,2.5838999653502106,0.1430271706001021,0.6269483430294034,1.0442594875712627,0.9854001341879114,union_observed_max_per_profile,extended_benchmark_30profiles
STU_0244,nsga3,8,1.0226807395389068,0.12101874806657865,128,3753,13.50994649758888,2.5838999653502106,0.1430271706001021,0.6269483430294034,1.0442594875712627,0.9793358372232329,union_observed_max_per_profile,extended_benchmark_30profiles
STU_0244,nsga3,9,1.011872260961901,0.08748684649747816,128,3753,13.50994649758888,2.5838999653502106,0.1430271706001021,0.6269483430294034,1.0442594875712627,0.96898546099429,union_observed_max_per_profile,extended_benchmark_30profiles
STU_0244,smsemoa,0,1.004763544546838,0.46536813090979307,128,3753,13.50994649758888,2.5838999653502106,0.1430271706001021,0.6269483430294034,1.0442594875712627,0.9621780376482052,union_observed_max_per_profile,extended_benchmark_30profiles
STU_0244,smsemoa,1,0.9921944027179865,0.4231715757879784,128,3753,13.50994649758888,2.5838999653502106,0.1430271706001021,0.6269483430294034,1.0442594875712627,0.9501416214332233,union_observed_max_per_profile,extended_benchmark_30profiles
STU_0244,smsemoa,2,1.0031993802386698,0.2973902375096536,128,3753,13.50994649758888,2.5838999653502106,0.1430271706001021,0.6269483430294034,1.0442594875712627,0.9606801682711158,union_observed_max_per_profile,extended_benchmark_30profiles
STU_0244,smsemoa,3,1.0033336763659446,0.22776780104922023,128,3753,13.50994649758888,2.5838999653502106,0.1430271706001021,0.6269483430294034,1.0442594875712627,0.9608087724436162,union_observed_max_per_profile,extended_benchmark_30profiles
STU_0244,smsemoa,4,1.0028431405328362,0.2405155756579156,128,3753,13.50994649758888,2.5838999653502106,0.1430271706001021,0.6269483430294034,1.0442594875712627,0.9603390272902833,union_observed_max_per_profile,extended_benchmark_30profiles
STU_0260,moead,0,0.04719147988842522,1.4161053580072973,125,3588,13.664530999156788,0.9509734312249376,0.13274992243059,0.7439651518096567,0.2742095655785227,0.1721000497880569,union_observed_max_per_profile,extended_benchmark_30profiles
STU_0260,moead,1,0.037786529275660966,1.453932893498066,125,3588,13.664530999156788,0.9509734312249376,0.13274992243059,0.7439651518096567,0.2742095655785227,0.1378016452341463,union_observed_max_per_profile,extended_benchmark_30profiles
STU_0260,moead,2,0.04703773168280491,1.3984761281187814,125,3588,13.664530999156788,0.9509734312249376,0.13274992243059,0.7439651518096567,0.2742095655785227,0.17153935379156265,union_observed_max_per_profile,extended_benchmark_30profiles
STU_0260,moead,3,0.036745424058107254,1.4586218642157485,125,3588,13.664530999156788,0.9509734312249376,0.13274992243059,0.7439651518096567,0.2742095655785227,0.13400489505383364,union_observed_max_per_profile,extended_benchmark_30profiles
STU_0260,moead,4,0.044998530322360175,1.4134386817761255,125,3588,13.664530999156788,0.9509734312249376,0.13274992243059,0.7439651518096567,0.2742095655785227,0.16410270089383291,union_observed_max_per_profile,extended_benchmark_30profiles
STU_0260,moead,5,0.037957967099719284,1.4726142023192572,125,3588,13.664530999156788,0.9509734312249376,0.13274992243059,0.7439651518096567,0.2742095655785227,0.13842685254118034,union_observed_max_per_profile,extended_benchmark_30profiles
STU_0260,moead,6,0.06025702091560385,1.3131059839948462,125,3588,13.664530999156788,0.9509734312249376,0.13274992243059,0.7439651518096567,0.2742095655785227,0.21974806308625522,union_observed_max_per_profile,extended_benchmark_30profiles
STU_0260,moead,7,0.02906346078512742,1.5315914406430442,125,3588,13.664530999156788,0.9509734312249376,0.13274992243059,0.7439651518096567,0.2742095655785227,0.10598995962744706,union_observed_max_per_profile,extended_benchmark_30profiles
STU_0260,moead,8,0.0371736048429199,1.4587736438397452,125,3588,13.664530999156788,0.9509734312249376,0.13274992243059,0.7439651518096567,0.2742095655785227,0.13556640434658673,union_observed_max_per_profile,extended_benchmark_30profiles
STU_0260,moead,9,0.05020854660686111,1.371613875452449,125,3588,13.664530999156788,0.9509734312249376,0.13274992243059,0.7439651518096567,0.2742095655785227,0.1831028268504491,union_observed_max_per_profile,extended_benchmark_30profiles
STU_0260,nsga2,0,0.26212708539937024,0.07353217690694361,128,3588,13.664530999156788,0.9509734312249376,0.13274992243059,0.7439651518096567,0.2742095655785227,0.9559370580174289,union_observed_max_per_profile,extended_benchmark_30profiles
STU_0260,nsga2,1,0.2569546769047951,0.0656964193288253,128,3588,13.664530999156788,0.9509734312249376,0.13274992243059,0.7439651518096567,0.2742095655785227,0.9370740818712012,union_observed_max_per_profile,extended_benchmark_30profiles
STU_0260,nsga2,2,0.2638264131034176,0.07240699939608095,128,3588,13.664530999156788,0.9509734312249376,0.13274992243059,0.7439651518096567,0.2742095655785227,0.9621342441019557,union_observed_max_per_profile,extended_benchmark_30profiles
STU_0260,nsga2,3,0.26399167246694344,0.06854520469993916,128,3588,13.664530999156788,0.9509734312249376,0.13274992243059,0.7439651518096567,0.2742095655785227,0.9627369195162038,union_observed_max_per_profile,extended_benchmark_30profiles
STU_0260,nsga2,4,0.26385782489958753,0.06885153809194028,128,3588,13.664530999156788,0.9509734312249376,0.13274992243059,0.7439651518096567,0.2742095655785227,0.9622487980785963,union_observed_max_per_profile,extended_benchmark_30profiles
STU_0260,nsga2,5,0.24982439404021903,0.07410452606410356,128,3588,13.664530999156788,0.9509734312249376,0.13274992243059,0.7439651518096567,0.2742095655785227,0.911071039820014,union_observed_max_per_profile,extended_benchmark_30profiles
STU_0260,nsga2,6,0.26878292188205216,0.06505839753940118,128,3588,13.664530999156788,0.9509734312249376,0.13274992243059,0.7439651518096567,0.2742095655785227,0.9802098672778919,union_observed_max_per_profile,extended_benchmark_30profiles
STU_0260,nsga2,7,0.25594956311008094,0.07896384259107943,128,3588,13.664530999156788,0.9509734312249376,0.13274992243059,0.7439651518096567,0.2742095655785227,0.9334085868597722,union_observed_max_per_profile,extended_benchmark_30profiles
STU_0260,nsga2,8,0.2652566167068594,0.07113235365411753,128,3588,13.664530999156788,0.9509734312249376,0.13274992243059,0.7439651518096567,0.2742095655785227,0.9673499760930129,union_observed_max_per_profile,extended_benchmark_30profiles
STU_0260,nsga2,9,0.26373774222626933,0.06865579286262692,128,3588,13.664530999156788,0.9509734312249376,0.13274992243059,0.7439651518096567,0.2742095655785227,0.9618108750868698,union_observed_max_per_profile,extended_benchmark_30profiles
STU_0260,nsga3,0,0.27191515878408123,0.07191543430861926,128,3588,13.664530999156788,0.9509734312249376,0.13274992243059,0.7439651518096567,0.2742095655785227,0.9916326522395352,union_observed_max_per_profile,extended_benchmark_30profiles
STU_0260,nsga3,1,0.2742095655785227,0.07881791360602007,128,3588,13.664530999156788,0.9509734312249376,0.13274992243059,0.7439651518096567,0.2742095655785227,1.0,union_observed_max_per_profile,extended_benchmark_30profiles
STU_0260,nsga3,2,0.27379668866068857,0.13135027219507286,128,3588,13.664530999156788,0.9509734312249376,0.13274992243059,0.7439651518096567,0.2742095655785227,0.9984943015501189,union_observed_max_per_profile,extended_benchmark_30profiles
STU_0260,nsga3,3,0.273169324104724,0.1304317355275448,128,3588,13.664530999156788,0.9509734312249376,0.13274992243059,0.7439651518096567,0.2742095655785227,0.9962063997599645,union_observed_max_per_profile,extended_benchmark_30profiles
STU_0260,nsga3,4,0.2728731279577914,0.08917545489027985,128,3588,13.664530999156788,0.9509734312249376,0.13274992243059,0.7439651518096567,0.2742095655785227,0.9951262180883015,union_observed_max_per_profile,extended_benchmark_30profiles
STU_0260,nsga3,5,0.2701655471595098,0.0888060494483703,128,3588,13.664530999156788,0.9509734312249376,0.13274992243059,0.7439651518096567,0.2742095655785227,0.9852520884511052,union_observed_max_per_profile,extended_benchmark_30profiles
STU_0260,nsga3,6,0.27155721012181616,0.1251222695390103,128,3588,13.664530999156788,0.9509734312249376,0.13274992243059,0.7439651518096567,0.2742095655785227,0.9903272686672667,union_observed_max_per_profile,extended_benchmark_30profiles
STU_0260,nsga3,7,0.2730635192616097,0.10377002076603946,128,3588,13.664530999156788,0.9509734312249376,0.13274992243059,0.7439651518096567,0.2742095655785227,0.9958205458132173,union_observed_max_per_profile,extended_benchmark_30profiles
STU_0260,nsga3,8,0.2693816605522986,0.10732153116372652,128,3588,13.664530999156788,0.9509734312249376,0.13274992243059,0.7439651518096567,0.2742095655785227,0.9823933748772102,union_observed_max_per_profile,extended_benchmark_30profiles
STU_0260,nsga3,9,0.27059476286204764,0.13364127267946754,128,3588,13.664530999156788,0.9509734312249376,0.13274992243059,0.7439651518096567,0.2742095655785227,0.9868173719292082,union_observed_max_per_profile,extended_benchmark_30profiles
STU_0260,smsemoa,0,0.2642519722321172,0.13149249477135705,128,3588,13.664530999156788,0.9509734312249376,0.13274992243059,0.7439651518096567,0.2742095655785227,0.9636861926191482,union_observed_max_per_profile,extended_benchmark_30profiles
STU_0260,smsemoa,1,0.2594939166096405,0.13100191655190752,128,3588,13.664530999156788,0.9509734312249376,0.13274992243059,0.7439651518096567,0.2742095655785227,0.9463342975003975,union_observed_max_per_profile,extended_benchmark_30profiles
STU_0260,smsemoa,2,0.2615323091185527,0.15190802181536833,128,3588,13.664530999156788,0.9509734312249376,0.13274992243059,0.7439651518096567,0.2742095655785227,0.9537680006413205,union_observed_max_per_profile,extended_benchmark_30profiles
STU_0260,smsemoa,3,0.26392781612743665,0.10975927161660845,128,3588,13.664530999156788,0.9509734312249376,0.13274992243059,0.7439651518096567,0.2742095655785227,0.9625040452932639,union_observed_max_per_profile,extended_benchmark_30profiles
STU_0260,smsemoa,4,0.2606448619783399,0.1381430966115105,128,3588,13.664530999156788,0.9509734312249376,0.13274992243059,0.7439651518096567,0.2742095655785227,0.9505316177735659,union_observed_max_per_profile,extended_benchmark_30profiles
STU_0287,moead,0,1.89200170009989,3.6388858673478715,125,3511,54.55924342118195,13.449515505731187,1.783500988404543,0.016544846801839402,5.755840336331175,0.3287098997790945,union_observed_max_per_profile,extended_benchmark_30profiles
STU_0287,moead,1,2.070036487134325,3.428360022615442,125,3511,54.55924342118195,13.449515505731187,1.783500988404543,0.016544846801839402,5.755840336331175,0.3596410543336553,union_observed_max_per_profile,extended_benchmark_30profiles
STU_0287,moead,2,2.0062200819090186,3.5697249344178004,125,3511,54.55924342118195,13.449515505731187,1.783500988404543,0.016544846801839402,5.755840336331175,0.34855381050889284,union_observed_max_per_profile,extended_benchmark_30profiles
STU_0287,moead,3,2.011589095661905,3.4497878021255213,125,3511,54.55924342118195,13.449515505731187,1.783500988404543,0.016544846801839402,5.755840336331175,0.3494866045822442,union_observed_max_per_profile,extended_benchmark_30profiles
STU_0287,moead,4,1.7439739298496728,3.42519873238035,125,3511,54.55924342118195,13.449515505731187,1.783500988404543,0.016544846801839402,5.755840336331175,0.3029920616181125,union_observed_max_per_profile,extended_benchmark_30profiles
STU_0287,moead,5,2.3244363761516373,3.148097554193818,125,3511,54.55924342118195,13.449515505731187,1.783500988404543,0.016544846801839402,5.755840336331175,0.4038396203382622,union_observed_max_per_profile,extended_benchmark_30profiles
STU_0287,moead,6,2.0722770839793916,3.3771727620859475,125,3511,54.55924342118195,13.449515505731187,1.783500988404543,0.016544846801839402,5.755840336331175,0.3600303279608134,union_observed_max_per_profile,extended_benchmark_30profiles
STU_0287,moead,7,2.1627711512143426,3.2480767375544395,125,3511,54.55924342118195,13.449515505731187,1.783500988404543,0.016544846801839402,5.755840336331175,0.375752457475725,union_observed_max_per_profile,extended_benchmark_30profiles
STU_0287,moead,8,1.9099049460325712,3.524602031141898,125,3511,54.55924342118195,13.449515505731187,1.783500988404543,0.016544846801839402,5.755840336331175,0.33182034845149333,union_observed_max_per_profile,extended_benchmark_30profiles
STU_0287,moead,9,1.8971601451791054,3.5510095305108695,125,3511,54.55924342118195,13.449515505731187,1.783500988404543,0.016544846801839402,5.755840336331175,0.329606110371778,union_observed_max_per_profile,extended_benchmark_30profiles
STU_0287,nsga2,0,5.556652580756295,0.48096577585350175,128,3511,54.55924342118195,13.449515505731187,1.783500988404543,0.016544846801839402,5.755840336331175,0.9653938010897216,union_observed_max_per_profile,extended_benchmark_30profiles
STU_0287,nsga2,1,5.588176544292621,0.427695469204495,128,3511,54.55924342118195,13.449515505731187,1.783500988404543,0.016544846801839402,5.755840336331175,0.9708706666200847,union_observed_max_per_profile,extended_benchmark_30profiles
STU_0287,nsga2,2,5.559064213732482,0.4308631648283533,128,3511,54.55924342118195,13.449515505731187,1.783500988404543,0.016544846801839402,5.755840336331175,0.9658127899489094,union_observed_max_per_profile,extended_benchmark_30profiles
STU_0287,nsga2,3,5.523254117199778,0.41257815067347425,128,3511,54.55924342118195,13.449515505731187,1.783500988404543,0.016544846801839402,5.755840336331175,0.9595912663415452,union_observed_max_per_profile,extended_benchmark_30profiles
STU_0287,nsga2,4,5.493458052601149,0.4174494611038478,128,3511,54.55924342118195,13.449515505731187,1.783500988404543,0.016544846801839402,5.755840336331175,0.9544146000586821,union_observed_max_per_profile,extended_benchmark_30profiles
STU_0287,nsga2,5,5.548402145474727,0.4162800256773492,128,3511,54.55924342118195,13.449515505731187,1.783500988404543,0.016544846801839402,5.755840336331175,0.9639603987019779,union_observed_max_per_profile,extended_benchmark_30profiles
STU_0287,nsga2,6,5.497725587382301,0.4089101452823672,128,3511,54.55924342118195,13.449515505731187,1.783500988404543,0.016544846801839402,5.755840336331175,0.9551560269454245,union_observed_max_per_profile,extended_benchmark_30profiles
STU_0287,nsga2,7,5.544091471945892,0.45978177085912236,128,3511,54.55924342118195,13.449515505731187,1.783500988404543,0.016544846801839402,5.755840336331175,0.9632114770368606,union_observed_max_per_profile,extended_benchmark_30profiles
STU_0287,nsga2,8,5.598007871446813,0.4029002372930206,128,3511,54.55924342118195,13.449515505731187,1.783500988404543,0.016544846801839402,5.755840336331175,0.9725787277509914,union_observed_max_per_profile,extended_benchmark_30profiles
STU_0287,nsga2,9,5.59073663562532,0.39380176825678825,128,3511,54.55924342118195,13.449515505731187,1.783500988404543,0.016544846801839402,5.755840336331175,0.971315448126017,union_observed_max_per_profile,extended_benchmark_30profiles
STU_0287,nsga3,0,5.677969213046076,0.40501607246733434,128,3511,54.55924342118195,13.449515505731187,1.783500988404543,0.016544846801839402,5.755840336331175,0.9864709375634392,union_observed_max_per_profile,extended_benchmark_30profiles
STU_0287,nsga3,1,5.668365124686081,0.3967315153413931,128,3511,54.55924342118195,13.449515505731187,1.783500988404543,0.016544846801839402,5.755840336331175,0.984802356122885,union_observed_max_per_profile,extended_benchmark_30profiles
STU_0287,nsga3,2,5.755840336331175,0.4832236148654931,128,3511,54.55924342118195,13.449515505731187,1.783500988404543,0.016544846801839402,5.755840336331175,1.0,union_observed_max_per_profile,extended_benchmark_30profiles
STU_0287,nsga3,3,5.74936159849237,0.4422377507504832,128,3511,54.55924342118195,13.449515505731187,1.783500988404543,0.016544846801839402,5.755840336331175,0.998874406262121,union_observed_max_per_profile,extended_benchmark_30profiles
STU_0287,nsga3,4,5.683999295843393,0.4222072742508963,128,3511,54.55924342118195,13.449515505731187,1.783500988404543,0.016544846801839402,5.755840336331175,0.9875185835099842,union_observed_max_per_profile,extended_benchmark_30profiles
STU_0287,nsga3,5,5.721334405642288,0.4683786961098908,128,3511,54.55924342118195,13.449515505731187,1.783500988404543,0.016544846801839402,5.755840336331175,0.9940050577026809,union_observed_max_per_profile,extended_benchmark_30profiles
STU_0287,nsga3,6,5.6949078095594,0.3877494280460687,128,3511,54.55924342118195,13.449515505731187,1.783500988404543,0.016544846801839402,5.755840336331175,0.989413791347344,union_observed_max_per_profile,extended_benchmark_30profiles
STU_0287,nsga3,7,5.702864578435865,0.49399299715711414,128,3511,54.55924342118195,13.449515505731187,1.783500988404543,0.016544846801839402,5.755840336331175,0.9907961731389726,union_observed_max_per_profile,extended_benchmark_30profiles
STU_0287,nsga3,8,5.705545917126349,0.43973181844837855,128,3511,54.55924342118195,13.449515505731187,1.783500988404543,0.016544846801839402,5.755840336331175,0.9912620197458631,union_observed_max_per_profile,extended_benchmark_30profiles
STU_0287,nsga3,9,5.720357174582831,0.40707381548069105,128,3511,54.55924342118195,13.449515505731187,1.783500988404543,0.016544846801839402,5.755840336331175,0.9938352769230979,union_observed_max_per_profile,extended_benchmark_30profiles
STU_0287,smsemoa,0,5.294894212108088,0.6281450590115215,128,3511,54.55924342118195,13.449515505731187,1.783500988404543,0.016544846801839402,5.755840336331175,0.9199167980192969,union_observed_max_per_profile,extended_benchmark_30profiles
STU_0287,smsemoa,1,5.540737037069386,0.5764697894208296,128,3511,54.55924342118195,13.449515505731187,1.783500988404543,0.016544846801839402,5.755840336331175,0.9626286890023606,union_observed_max_per_profile,extended_benchmark_30profiles
STU_0287,smsemoa,2,5.345837373943452,0.8371153855281381,128,3511,54.55924342118195,13.449515505731187,1.783500988404543,0.016544846801839402,5.755840336331175,0.9287674885976661,union_observed_max_per_profile,extended_benchmark_30profiles
STU_0287,smsemoa,3,5.393924588385367,0.9979490245818892,128,3511,54.55924342118195,13.449515505731187,1.783500988404543,0.016544846801839402,5.755840336331175,0.9371219966507104,union_observed_max_per_profile,extended_benchmark_30profiles
STU_0287,smsemoa,4,5.126301304168659,0.9032668145591779,128,3511,54.55924342118195,13.449515505731187,1.783500988404543,0.016544846801839402,5.755840336331175,0.8906260432227712,union_observed_max_per_profile,extended_benchmark_30profiles
STU_0302,moead,0,1.9902688059024192e-05,1.7458864963953842,125,3121,30.099971691099373,8.031004820463139,0.9180009943881776,1e-06,6.682057861160205e-05,0.2978526746185417,union_observed_max_per_profile,extended_benchmark_30profiles
STU_0302,moead,1,2.063159439278466e-05,1.9846326805095427,125,3121,30.099971691099373,8.031004820463139,0.9180009943881776,1e-06,6.682057861160205e-05,0.30876108560368554,union_observed_max_per_profile,extended_benchmark_30profiles
STU_0302,moead,2,2.1039267500373102e-05,1.881312412267278,125,3121,30.099971691099373,8.031004820463139,0.9180009943881776,1e-06,6.682057861160205e-05,0.31486209693970024,union_observed_max_per_profile,extended_benchmark_30profiles
STU_0302,moead,3,2.0837433982169737e-05,1.915360385067137,125,3121,30.099971691099373,8.031004820463139,0.9180009943881776,1e-06,6.682057861160205e-05,0.3118415675998312,union_observed_max_per_profile,extended_benchmark_30profiles
STU_0302,moead,4,4.4622043529081714e-05,2.3054091995337194,125,3121,30.099971691099373,8.031004820463139,0.9180009943881776,1e-06,6.682057861160205e-05,0.6677889425120003,union_observed_max_per_profile,extended_benchmark_30profiles
STU_0302,moead,5,2.2085554202973822e-05,1.836222526884655,125,3121,30.099971691099373,8.031004820463139,0.9180009943881776,1e-06,6.682057861160205e-05,0.33052024783184253,union_observed_max_per_profile,extended_benchmark_30profiles
STU_0302,moead,6,2.206587798256845e-05,1.8905302640572696,125,3121,30.099971691099373,8.031004820463139,0.9180009943881776,1e-06,6.682057861160205e-05,0.3302257843474758,union_observed_max_per_profile,extended_benchmark_30profiles
STU_0302,moead,7,1.970625684014181e-05,1.6211436698865416,125,3121,30.099971691099373,8.031004820463139,0.9180009943881776,1e-06,6.682057861160205e-05,0.29491299311676744,union_observed_max_per_profile,extended_benchmark_30profiles
STU_0302,moead,8,4.3401006260105505e-05,2.5546952166110497,125,3121,30.099971691099373,8.031004820463139,0.9180009943881776,1e-06,6.682057861160205e-05,0.6495155708299987,union_observed_max_per_profile,extended_benchmark_30profiles
STU_0302,moead,9,2.0563288138556874e-05,1.947223054750337,125,3121,30.099971691099373,8.031004820463139,0.9180009943881776,1e-06,6.682057861160205e-05,0.30773885180016197,union_observed_max_per_profile,extended_benchmark_30profiles
STU_0302,nsga2,0,6.567266470437793e-05,0.17888537992207437,128,3121,30.099971691099373,8.031004820463139,0.9180009943881776,1e-06,6.682057861160205e-05,0.98282095230129,union_observed_max_per_profile,extended_benchmark_30profiles
STU_0302,nsga2,1,6.636702728418474e-05,0.13165998435791587,128,3121,30.099971691099373,8.031004820463139,0.9180009943881776,1e-06,6.682057861160205e-05,0.9932124004783977,union_observed_max_per_profile,extended_benchmark_30profiles
STU_0302,nsga2,2,6.569514925750055e-05,0.17875138874198965,128,3121,30.099971691099373,8.031004820463139,0.9180009943881776,1e-06,6.682057861160205e-05,0.9831574437473356,union_observed_max_per_profile,extended_benchmark_30profiles
STU_0302,nsga2,3,6.659547015637804e-05,0.14362803260857662,128,3121,30.099971691099373,8.031004820463139,0.9180009943881776,1e-06,6.682057861160205e-05,0.9966311507637122,union_observed_max_per_profile,extended_benchmark_30profiles
STU_0302,nsga2,4,6.644289752636982e-05,0.136546335982495,128,3121,30.099971691099373,8.031004820463139,0.9180009943881776,1e-06,6.682057861160205e-05,0.9943478327623064,union_observed_max_per_profile,extended_benchmark_30profiles
STU_0302,nsga2,5,6.655568531456572e-05,0.16160439310140412,128,3121,30.099971691099373,8.031004820463139,0.9180009943881776,1e-06,6.682057861160205e-05,0.9960357527195921,union_observed_max_per_profile,extended_benchmark_30profiles
STU_0302,nsga2,6,6.661732716667227e-05,0.14074529905348518,128,3121,30.099971691099373,8.031004820463139,0.9180009943881776,1e-06,6.682057861160205e-05,0.9969582507492013,union_observed_max_per_profile,extended_benchmark_30profiles
STU_0302,nsga2,7,6.657398645331584e-05,0.14590015694115768,128,3121,30.099971691099373,8.031004820463139,0.9180009943881776,1e-06,6.682057861160205e-05,0.9963096374887812,union_observed_max_per_profile,extended_benchmark_30profiles
STU_0302,nsga2,8,6.682057861160205e-05,0.12560478518280213,128,3121,30.099971691099373,8.031004820463139,0.9180009943881776,1e-06,6.682057861160205e-05,1.0,union_observed_max_per_profile,extended_benchmark_30profiles
STU_0302,nsga2,9,6.679548040705797e-05,0.14394785814568326,128,3121,30.099971691099373,8.031004820463139,0.9180009943881776,1e-06,6.682057861160205e-05,0.9996243940853915,union_observed_max_per_profile,extended_benchmark_30profiles
STU_0302,nsga3,0,6.637899381525403e-05,0.306954763110224,128,3121,30.099971691099373,8.031004820463139,0.9180009943881776,1e-06,6.682057861160205e-05,0.9933914849957414,union_observed_max_per_profile,extended_benchmark_30profiles
STU_0302,nsga3,1,6.546529799104769e-05,0.22886694235482094,128,3121,30.099971691099373,8.031004820463139,0.9180009943881776,1e-06,6.682057861160205e-05,0.9797176162087432,union_observed_max_per_profile,extended_benchmark_30profiles
STU_0302,nsga3,2,6.659628601096282e-05,0.3047402527805804,128,3121,30.099971691099373,8.031004820463139,0.9180009943881776,1e-06,6.682057861160205e-05,0.9966433603943639,union_observed_max_per_profile,extended_benchmark_30profiles
STU_0302,nsga3,3,6.638370372355956e-05,0.3196010169147062,128,3121,30.099971691099373,8.031004820463139,0.9180009943881776,1e-06,6.682057861160205e-05,0.9934619708910059,union_observed_max_per_profile,extended_benchmark_30profiles
STU_0302,nsga3,4,6.611424996435334e-05,0.18896514746034693,128,3121,30.099971691099373,8.031004820463139,0.9180009943881776,1e-06,6.682057861160205e-05,0.989429474243941,union_observed_max_per_profile,extended_benchmark_30profiles
STU_0302,nsga3,5,6.530993226964585e-05,0.2329745358153753,128,3121,30.099971691099373,8.031004820463139,0.9180009943881776,1e-06,6.682057861160205e-05,0.9773924983389188,union_observed_max_per_profile,extended_benchmark_30profiles
STU_0302,nsga3,6,6.592978050932006e-05,0.24272125492688565,128,3121,30.099971691099373,8.031004820463139,0.9180009943881776,1e-06,6.682057861160205e-05,0.986668805915917,union_observed_max_per_profile,extended_benchmark_30profiles
STU_0302,nsga3,7,6.498684955647544e-05,0.23420271072477156,128,3121,30.099971691099373,8.031004820463139,0.9180009943881776,1e-06,6.682057861160205e-05,0.9725574202853697,union_observed_max_per_profile,extended_benchmark_30profiles
STU_0302,nsga3,8,6.676469581246942e-05,0.33634006906922176,128,3121,30.099971691099373,8.031004820463139,0.9180009943881776,1e-06,6.682057861160205e-05,0.9991636887872904,union_observed_max_per_profile,extended_benchmark_30profiles
STU_0302,nsga3,9,6.643750533176144e-05,0.21142752281195856,128,3121,30.099971691099373,8.031004820463139,0.9180009943881776,1e-06,6.682057861160205e-05,0.9942671361457787,union_observed_max_per_profile,extended_benchmark_30profiles
STU_0302,smsemoa,0,6.453280660681195e-05,0.2699383116831485,128,3121,30.099971691099373,8.031004820463139,0.9180009943881776,1e-06,6.682057861160205e-05,0.9657624634158306,union_observed_max_per_profile,extended_benchmark_30profiles
STU_0302,smsemoa,1,6.498779221043014e-05,0.2661659310523161,128,3121,30.099971691099373,8.031004820463139,0.9180009943881776,1e-06,6.682057861160205e-05,0.9725715275255986,union_observed_max_per_profile,extended_benchmark_30profiles
STU_0302,smsemoa,2,6.542333662276753e-05,0.39253476384335045,128,3121,30.099971691099373,8.031004820463139,0.9180009943881776,1e-06,6.682057861160205e-05,0.979089645467513,union_observed_max_per_profile,extended_benchmark_30profiles
STU_0302,smsemoa,3,6.351740797841839e-05,0.2974055582198332,128,3121,30.099971691099373,8.031004820463139,0.9180009943881776,1e-06,6.682057861160205e-05,0.9505665664408042,union_observed_max_per_profile,extended_benchmark_30profiles
STU_0302,smsemoa,4,6.564077004266417e-05,0.2787645228525169,128,3121,30.099971691099373,8.031004820463139,0.9180009943881776,1e-06,6.682057861160205e-05,0.982343634349598,union_observed_max_per_profile,extended_benchmark_30profiles
STU_0346,moead,0,4.428555262420772,1.9260462865482637,125,3414,21.141246355066418,4.449774232263869,0.5925002876935551,0.9772286184276976,11.823023812925062,0.3745704425951866,union_observed_max_per_profile,extended_benchmark_30profiles
STU_0346,moead,1,4.824648742891218,1.8206317283309617,125,3414,21.141246355066418,4.449774232263869,0.5925002876935551,0.9772286184276976,11.823023812925062,0.40807231882734246,union_observed_max_per_profile,extended_benchmark_30profiles
STU_0346,moead,2,4.426676589064225,1.9262495453147364,125,3414,21.141246355066418,4.449774232263869,0.5925002876935551,0.9772286184276976,11.823023812925062,0.3744115430288597,union_observed_max_per_profile,extended_benchmark_30profiles
STU_0346,moead,3,4.525830861529843,1.8989444497302943,125,3414,21.141246355066418,4.449774232263869,0.5925002876935551,0.9772286184276976,11.823023812925062,0.3827980839032189,union_observed_max_per_profile,extended_benchmark_30profiles
STU_0346,moead,4,5.257777735372134,1.7002896296477459,125,3414,21.141246355066418,4.449774232263869,0.5925002876935551,0.9772286184276976,11.823023812925062,0.4447066857485538,union_observed_max_per_profile,extended_benchmark_30profiles
STU_0346,moead,5,4.535186533089439,1.8955883566177898,125,3414,21.141246355066418,4.449774232263869,0.5925002876935551,0.9772286184276976,11.823023812925062,0.3835893934453149,union_observed_max_per_profile,extended_benchmark_30profiles
STU_0346,moead,6,4.6424438080211115,1.8661730197032251,125,3414,21.141246355066418,4.449774232263869,0.5925002876935551,0.9772286184276976,11.823023812925062,0.3926612921937906,union_observed_max_per_profile,extended_benchmark_30profiles
STU_0346,moead,7,4.5111577762351684,1.9157578000412518,125,3414,21.141246355066418,4.449774232263869,0.5925002876935551,0.9772286184276976,11.823023812925062,0.38155702361890875,union_observed_max_per_profile,extended_benchmark_30profiles
STU_0346,moead,8,4.7200864038864925,1.8576838536942986,125,3414,21.141246355066418,4.449774232263869,0.5925002876935551,0.9772286184276976,11.823023812925062,0.39922835973031207,union_observed_max_per_profile,extended_benchmark_30profiles
STU_0346,moead,9,0.9797312638315668,1.2108652926243384,125,3414,21.141246355066418,4.449774232263869,0.5925002876935551,0.9772286184276976,11.823023812925062,0.08286638674959901,union_observed_max_per_profile,extended_benchmark_30profiles
STU_0346,nsga2,0,11.791165708997717,0.10777890085238574,128,3414,21.141246355066418,4.449774232263869,0.5925002876935551,0.9772286184276976,11.823023812925062,0.9973054182727334,union_observed_max_per_profile,extended_benchmark_30profiles
STU_0346,nsga2,1,11.77801401350317,0.10534484983931383,128,3414,21.141246355066418,4.449774232263869,0.5925002876935551,0.9772286184276976,11.823023812925062,0.9961930382502753,union_observed_max_per_profile,extended_benchmark_30profiles
STU_0346,nsga2,2,11.810261738387068,0.10360279656451278,128,3414,21.141246355066418,4.449774232263869,0.5925002876935551,0.9772286184276976,11.823023812925062,0.9989205744029677,union_observed_max_per_profile,extended_benchmark_30profiles
STU_0346,nsga2,3,11.706868235646484,0.11945767780852953,128,3414,21.141246355066418,4.449774232263869,0.5925002876935551,0.9772286184276976,11.823023812925062,0.9901754763319012,union_observed_max_per_profile,extended_benchmark_30profiles
STU_0346,nsga2,4,11.74600563018729,0.11837342461195734,128,3414,21.141246355066418,4.449774232263869,0.5925002876935551,0.9772286184276976,11.823023812925062,0.9934857457824304,union_observed_max_per_profile,extended_benchmark_30profiles
STU_0346,nsga2,5,11.758331582164796,0.12067215083045234,128,3414,21.141246355066418,4.449774232263869,0.5925002876935551,0.9772286184276976,11.823023812925062,0.9945282838143705,union_observed_max_per_profile,extended_benchmark_30profiles
STU_0346,nsga2,6,11.662984936381767,0.11761419910415345,128,3414,21.141246355066418,4.449774232263869,0.5925002876935551,0.9772286184276976,11.823023812925062,0.9864637947892536,union_observed_max_per_profile,extended_benchmark_30profiles
STU_0346,nsga2,7,11.823023812925062,0.10229975238712888,128,3414,21.141246355066418,4.449774232263869,0.5925002876935551,0.9772286184276976,11.823023812925062,1.0,union_observed_max_per_profile,extended_benchmark_30profiles
STU_0346,nsga2,8,11.719095248022192,0.12034902816136987,128,3414,21.141246355066418,4.449774232263869,0.5925002876935551,0.9772286184276976,11.823023812925062,0.9912096459799689,union_observed_max_per_profile,extended_benchmark_30profiles
STU_0346,nsga2,9,11.770328620808073,0.1067020804917741,128,3414,21.141246355066418,4.449774232263869,0.5925002876935551,0.9772286184276976,11.823023812925062,0.9955430021159746,union_observed_max_per_profile,extended_benchmark_30profiles
STU_0346,nsga3,0,11.689842074072516,0.1665227702258885,128,3414,21.141246355066418,4.449774232263869,0.5925002876935551,0.9772286184276976,11.823023812925062,0.9887353911351384,union_observed_max_per_profile,extended_benchmark_30profiles
STU_0346,nsga3,1,11.684199891451012,0.226645744758972,128,3414,21.141246355066418,4.449774232263869,0.5925002876935551,0.9772286184276976,11.823023812925062,0.9882581712030144,union_observed_max_per_profile,extended_benchmark_30profiles
STU_0346,nsga3,2,11.645562516822014,0.22795957080400067,128,3414,21.141246355066418,4.449774232263869,0.5925002876935551,0.9772286184276976,11.823023812925062,0.9849901938022789,union_observed_max_per_profile,extended_benchmark_30profiles
STU_0346,nsga3,3,11.605087813837352,0.1837224550564589,128,3414,21.141246355066418,4.449774232263869,0.5925002876935551,0.9772286184276976,11.823023812925062,0.9815668138256256,union_observed_max_per_profile,extended_benchmark_30profiles
STU_0346,nsga3,4,11.70998409395053,0.14161255632183276,128,3414,21.141246355066418,4.449774232263869,0.5925002876935551,0.9772286184276976,11.823023812925062,0.9904390179058122,union_observed_max_per_profile,extended_benchmark_30profiles
STU_0346,nsga3,5,11.598748809986134,0.1747967489965476,128,3414,21.141246355066418,4.449774232263869,0.5925002876935551,0.9772286184276976,11.823023812925062,0.9810306562443233,union_observed_max_per_profile,extended_benchmark_30profiles
STU_0346,nsga3,6,11.752531323476775,0.13726027167649182,128,3414,21.141246355066418,4.449774232263869,0.5925002876935551,0.9772286184276976,11.823023812925062,0.9940376936929431,union_observed_max_per_profile,extended_benchmark_30profiles
STU_0346,nsga3,7,11.685308887383917,0.21292277866617765,128,3414,21.141246355066418,4.449774232263869,0.5925002876935551,0.9772286184276976,11.823023812925062,0.9883519708900025,union_observed_max_per_profile,extended_benchmark_30profiles
STU_0346,nsga3,8,11.696560690660037,0.14367109190092373,128,3414,21.141246355066418,4.449774232263869,0.5925002876935551,0.9772286184276976,11.823023812925062,0.9893036566392792,union_observed_max_per_profile,extended_benchmark_30profiles
STU_0346,nsga3,9,11.670523320197969,0.17720736024417422,128,3414,21.141246355066418,4.449774232263869,0.5925002876935551,0.9772286184276976,11.823023812925062,0.987101396805073,union_observed_max_per_profile,extended_benchmark_30profiles
STU_0346,smsemoa,0,11.722360166875053,0.19263526423417765,128,3414,21.141246355066418,4.449774232263869,0.5925002876935551,0.9772286184276976,11.823023812925062,0.9914857952041032,union_observed_max_per_profile,extended_benchmark_30profiles
STU_0346,smsemoa,1,11.707143974776109,0.2124158926704017,128,3414,21.141246355066418,4.449774232263869,0.5925002876935551,0.9772286184276976,11.823023812925062,0.9901987985491265,union_observed_max_per_profile,extended_benchmark_30profiles
STU_0346,smsemoa,2,11.684209357573485,0.2032205517819237,128,3414,21.141246355066418,4.449774232263869,0.5925002876935551,0.9772286184276976,11.823023812925062,0.9882589718545756,union_observed_max_per_profile,extended_benchmark_30profiles
STU_0346,smsemoa,3,11.649559461071181,0.21896964550576337,128,3414,21.141246355066418,4.449774232263869,0.5925002876935551,0.9772286184276976,11.823023812925062,0.9853282582697459,union_observed_max_per_profile,extended_benchmark_30profiles
STU_0346,smsemoa,4,11.653324649097751,0.21790029042880824,128,3414,21.141246355066418,4.449774232263869,0.5925002876935551,0.9772286184276976,11.823023812925062,0.9856467206264278,union_observed_max_per_profile,extended_benchmark_30profiles
STU_0365,moead,0,2.3994911662641165,2.0323337141621045,125,3653,20.062835168607013,5.540800679870541,0.34450764233290937,0.7091328792167152,7.396214112835782,0.3244215391358009,union_observed_max_per_profile,extended_benchmark_30profiles
STU_0365,moead,1,2.458530399750023,2.011675069114773,125,3653,20.062835168607013,5.540800679870541,0.34450764233290937,0.7091328792167152,7.396214112835782,0.33240389775674,union_observed_max_per_profile,extended_benchmark_30profiles
STU_0365,moead,2,2.804391857329394,1.90557617359095,125,3653,20.062835168607013,5.540800679870541,0.34450764233290937,0.7091328792167152,7.396214112835782,0.37916585628078336,union_observed_max_per_profile,extended_benchmark_30profiles
STU_0365,moead,3,1.9223383075887526,2.1661124501163203,125,3653,20.062835168607013,5.540800679870541,0.34450764233290937,0.7091328792167152,7.396214112835782,0.25990841777452395,union_observed_max_per_profile,extended_benchmark_30profiles
STU_0365,moead,4,2.564660220461247,1.9347939181335458,125,3653,20.062835168607013,5.540800679870541,0.34450764233290937,0.7091328792167152,7.396214112835782,0.3467531065671016,union_observed_max_per_profile,extended_benchmark_30profiles
STU_0365,moead,5,2.377363552331249,2.0006532264126458,125,3653,20.062835168607013,5.540800679870541,0.34450764233290937,0.7091328792167152,7.396214112835782,0.32142979043906345,union_observed_max_per_profile,extended_benchmark_30profiles
STU_0365,moead,6,2.4914930305356426,1.9714818746535236,125,3653,20.062835168607013,5.540800679870541,0.34450764233290937,0.7091328792167152,7.396214112835782,0.3368605873931872,union_observed_max_per_profile,extended_benchmark_30profiles
STU_0365,moead,7,2.49555430273766,1.9588790188234784,125,3653,20.062835168607013,5.540800679870541,0.34450764233290937,0.7091328792167152,7.396214112835782,0.3374096888848503,union_observed_max_per_profile,extended_benchmark_30profiles
STU_0365,moead,8,2.48742545487006,1.9960298947025792,125,3653,20.062835168607013,5.540800679870541,0.34450764233290937,0.7091328792167152,7.396214112835782,0.33631063364610414,union_observed_max_per_profile,extended_benchmark_30profiles
STU_0365,moead,9,2.531949919999598,1.9465145478484738,125,3653,20.062835168607013,5.540800679870541,0.34450764233290937,0.7091328792167152,7.396214112835782,0.34233053307712086,union_observed_max_per_profile,extended_benchmark_30profiles
STU_0365,nsga2,0,7.214852175659611,0.12453660491606693,128,3653,20.062835168607013,5.540800679870541,0.34450764233290937,0.7091328792167152,7.396214112835782,0.9754790850549572,union_observed_max_per_profile,extended_benchmark_30profiles
STU_0365,nsga2,1,7.312035099804632,0.13687914167155096,128,3653,20.062835168607013,5.540800679870541,0.34450764233290937,0.7091328792167152,7.396214112835782,0.9886186349195785,union_observed_max_per_profile,extended_benchmark_30profiles
STU_0365,nsga2,2,7.181981429230193,0.13066333148755477,128,3653,20.062835168607013,5.540800679870541,0.34450764233290937,0.7091328792167152,7.396214112835782,0.9710348185791704,union_observed_max_per_profile,extended_benchmark_30profiles
STU_0365,nsga2,3,7.272307726475324,0.1129833122219478,128,3653,20.062835168607013,5.540800679870541,0.34450764233290937,0.7091328792167152,7.396214112835782,0.983247322958725,union_observed_max_per_profile,extended_benchmark_30profiles
STU_0365,nsga2,4,7.175054395720954,0.12320651869934082,128,3653,20.062835168607013,5.540800679870541,0.34450764233290937,0.7091328792167152,7.396214112835782,0.9700982538173123,union_observed_max_per_profile,extended_benchmark_30profiles
STU_0365,nsga2,5,7.274854012844027,0.12837030953318226,128,3653,20.062835168607013,5.540800679870541,0.34450764233290937,0.7091328792167152,7.396214112835782,0.983591591841407,union_observed_max_per_profile,extended_benchmark_30profiles
STU_0365,nsga2,6,7.294185568790732,0.12230040402378822,128,3653,20.062835168607013,5.540800679870541,0.34450764233290937,0.7091328792167152,7.396214112835782,0.9862053014571355,union_observed_max_per_profile,extended_benchmark_30profiles
STU_0365,nsga2,7,7.275929891112082,0.11904336831887052,128,3653,20.062835168607013,5.540800679870541,0.34450764233290937,0.7091328792167152,7.396214112835782,0.9837370552165395,union_observed_max_per_profile,extended_benchmark_30profiles
STU_0365,nsga2,8,7.211257324196003,0.1308906896724891,128,3653,20.062835168607013,5.540800679870541,0.34450764233290937,0.7091328792167152,7.396214112835782,0.9749930456557775,union_observed_max_per_profile,extended_benchmark_30profiles
STU_0365,nsga2,9,7.299601597691294,0.11995525519792707,128,3653,20.062835168607013,5.540800679870541,0.34450764233290937,0.7091328792167152,7.396214112835782,0.9869375718887287,union_observed_max_per_profile,extended_benchmark_30profiles
STU_0365,nsga3,0,7.24834439518192,0.1469621893386169,128,3653,20.062835168607013,5.540800679870541,0.34450764233290937,0.7091328792167152,7.396214112835782,0.9800073773692894,union_observed_max_per_profile,extended_benchmark_30profiles
STU_0365,nsga3,1,7.331696691008512,0.1804938278304057,128,3653,20.062835168607013,5.540800679870541,0.34450764233290937,0.7091328792167152,7.396214112835782,0.9912769667233804,union_observed_max_per_profile,extended_benchmark_30profiles
STU_0365,nsga3,2,7.3565621890747055,0.14146107051828613,128,3653,20.062835168607013,5.540800679870541,0.34450764233290937,0.7091328792167152,7.396214112835782,0.9946388891456965,union_observed_max_per_profile,extended_benchmark_30profiles
STU_0365,nsga3,3,7.3287155015404455,0.16484749394469772,128,3653,20.062835168607013,5.540800679870541,0.34450764233290937,0.7091328792167152,7.396214112835782,0.9908738970687455,union_observed_max_per_profile,extended_benchmark_30profiles
STU_0365,nsga3,4,7.272311087614045,0.1637421972640648,128,3653,20.062835168607013,5.540800679870541,0.34450764233290937,0.7091328792167152,7.396214112835782,0.9832477773991549,union_observed_max_per_profile,extended_benchmark_30profiles
STU_0365,nsga3,5,7.396214112835782,0.22125020612275126,128,3653,20.062835168607013,5.540800679870541,0.34450764233290937,0.7091328792167152,7.396214112835782,1.0,union_observed_max_per_profile,extended_benchmark_30profiles
STU_0365,nsga3,6,7.36409526147097,0.21332315433590987,128,3653,20.062835168607013,5.540800679870541,0.34450764233290937,0.7091328792167152,7.396214112835782,0.995657392974999,union_observed_max_per_profile,extended_benchmark_30profiles
STU_0365,nsga3,7,7.212523815752077,0.14911475738272206,128,3653,20.062835168607013,5.540800679870541,0.34450764233290937,0.7091328792167152,7.396214112835782,0.9751642807683298,union_observed_max_per_profile,extended_benchmark_30profiles
STU_0365,nsga3,8,7.356499766028623,0.16078089536130782,128,3653,20.062835168607013,5.540800679870541,0.34450764233290937,0.7091328792167152,7.396214112835782,0.99463044928104,union_observed_max_per_profile,extended_benchmark_30profiles
STU_0365,nsga3,9,7.297477661378124,0.18492549823430807,128,3653,20.062835168607013,5.540800679870541,0.34450764233290937,0.7091328792167152,7.396214112835782,0.9866504065524137,union_observed_max_per_profile,extended_benchmark_30profiles
STU_0365,smsemoa,0,7.0795816117874635,0.32179890474893674,128,3653,20.062835168607013,5.540800679870541,0.34450764233290937,0.7091328792167152,7.396214112835782,0.9571899222740432,union_observed_max_per_profile,extended_benchmark_30profiles
STU_0365,smsemoa,1,6.817334508679148,0.2570801255088653,128,3653,20.062835168607013,5.540800679870541,0.34450764233290937,0.7091328792167152,7.396214112835782,0.9217329845613832,union_observed_max_per_profile,extended_benchmark_30profiles
STU_0365,smsemoa,2,7.1103124305726535,0.3049661235565456,128,3653,20.062835168607013,5.540800679870541,0.34450764233290937,0.7091328792167152,7.396214112835782,0.9613448613166891,union_observed_max_per_profile,extended_benchmark_30profiles
STU_0365,smsemoa,3,7.149351302601701,0.27690108930084095,128,3653,20.062835168607013,5.540800679870541,0.34450764233290937,0.7091328792167152,7.396214112835782,0.9666230849367027,union_observed_max_per_profile,extended_benchmark_30profiles
STU_0365,smsemoa,4,7.051813665901792,0.3420751829306692,128,3653,20.062835168607013,5.540800679870541,0.34450764233290937,0.7091328792167152,7.396214112835782,0.9534355764070838,union_observed_max_per_profile,extended_benchmark_30profiles
STU_0368,moead,0,0.20374401130387942,2.671555500274272,125,4058,13.73166196887635,1.6201695730046277,0.0957535828397683,0.5155991181174783,0.5743701537783424,0.3547259723779225,union_observed_max_per_profile,extended_benchmark_30profiles
STU_0368,moead,1,0.2593510210856476,2.5548737874711165,125,4058,13.73166196887635,1.6201695730046277,0.0957535828397683,0.5155991181174783,0.5743701537783424,0.451539863935435,union_observed_max_per_profile,extended_benchmark_30profiles
STU_0368,moead,2,0.16782744079537223,2.72224485257212,125,4058,13.73166196887635,1.6201695730046277,0.0957535828397683,0.5155991181174783,0.5743701537783424,0.29219387478852044,union_observed_max_per_profile,extended_benchmark_30profiles
STU_0368,moead,3,0.32907189580882584,2.452449241993166,125,4058,13.73166196887635,1.6201695730046277,0.0957535828397683,0.5155991181174783,0.5743701537783424,0.5729265242006627,union_observed_max_per_profile,extended_benchmark_30profiles
STU_0368,moead,4,0.32939240641125245,2.4657246082291358,125,4058,13.73166196887635,1.6201695730046277,0.0957535828397683,0.5155991181174783,0.5743701537783424,0.5734845451916877,union_observed_max_per_profile,extended_benchmark_30profiles
STU_0368,moead,5,0.2382192827023589,2.6433035682834642,125,4058,13.73166196887635,1.6201695730046277,0.0957535828397683,0.5155991181174783,0.5743701537783424,0.41474871410935304,union_observed_max_per_profile,extended_benchmark_30profiles
STU_0368,moead,6,0.2328790688578483,2.6430425733850655,125,4058,13.73166196887635,1.6201695730046277,0.0957535828397683,0.5155991181174783,0.5743701537783424,0.4054512013305615,union_observed_max_per_profile,extended_benchmark_30profiles
STU_0368,moead,7,0.2684148813656817,2.538364414895469,125,4058,13.73166196887635,1.6201695730046277,0.0957535828397683,0.5155991181174783,0.5743701537783424,0.4673203849468592,union_observed_max_per_profile,extended_benchmark_30profiles
STU_0368,moead,8,0.23120808457541975,2.626089355354808,125,4058,13.73166196887635,1.6201695730046277,0.0957535828397683,0.5155991181174783,0.5743701537783424,0.40254195496489226,union_observed_max_per_profile,extended_benchmark_30profiles
STU_0368,moead,9,0.31894148224509317,2.4537101920745266,125,4058,13.73166196887635,1.6201695730046277,0.0957535828397683,0.5155991181174783,0.5743701537783424,0.5552890938831359,union_observed_max_per_profile,extended_benchmark_30profiles
STU_0368,nsga2,0,0.5614501830638954,0.07085862918489468,128,4058,13.73166196887635,1.6201695730046277,0.0957535828397683,0.5155991181174783,0.5743701537783424,0.977505845961082,union_observed_max_per_profile,extended_benchmark_30profiles
STU_0368,nsga2,1,0.5576216656242492,0.07091401627738103,128,4058,13.73166196887635,1.6201695730046277,0.0957535828397683,0.5155991181174783,0.5743701537783424,0.9708402533733382,union_observed_max_per_profile,extended_benchmark_30profiles
STU_0368,nsga2,2,0.5454015126669857,0.06482079867555367,128,4058,13.73166196887635,1.6201695730046277,0.0957535828397683,0.5155991181174783,0.5743701537783424,0.9495645083213425,union_observed_max_per_profile,extended_benchmark_30profiles
STU_0368,nsga2,3,0.5291930060033698,0.06785065998284341,128,4058,13.73166196887635,1.6201695730046277,0.0957535828397683,0.5155991181174783,0.5743701537783424,0.9213448897408985,union_observed_max_per_profile,extended_benchmark_30profiles
STU_0368,nsga2,4,0.547841614199435,0.0673945460941279,128,4058,13.73166196887635,1.6201695730046277,0.0957535828397683,0.5155991181174783,0.5743701537783424,0.9538128166925172,union_observed_max_per_profile,extended_benchmark_30profiles
STU_0368,nsga2,5,0.561313402098439,0.06887491111240715,128,4058,13.73166196887635,1.6201695730046277,0.0957535828397683,0.5155991181174783,0.5743701537783424,0.977267705165366,union_observed_max_per_profile,extended_benchmark_30profiles
STU_0368,nsga2,6,0.5485542401165001,0.07274945791819024,128,4058,13.73166196887635,1.6201695730046277,0.0957535828397683,0.5155991181174783,0.5743701537783424,0.9550535251666209,union_observed_max_per_profile,extended_benchmark_30profiles
STU_0368,nsga2,7,0.5609918357238931,0.06669795617137603,128,4058,13.73166196887635,1.6201695730046277,0.0957535828397683,0.5155991181174783,0.5743701537783424,0.9767078460354467,union_observed_max_per_profile,extended_benchmark_30profiles
STU_0368,nsga2,8,0.5645062229483944,0.06751110400971862,128,4058,13.73166196887635,1.6201695730046277,0.0957535828397683,0.5155991181174783,0.5743701537783424,0.9828265261259471,union_observed_max_per_profile,extended_benchmark_30profiles
STU_0368,nsga2,9,0.5472630378924063,0.06818801970326384,128,4058,13.73166196887635,1.6201695730046277,0.0957535828397683,0.5155991181174783,0.5743701537783424,0.9528054936218061,union_observed_max_per_profile,extended_benchmark_30profiles
STU_0368,nsga3,0,0.5711815591100778,0.08457878262866612,128,4058,13.73166196887635,1.6201695730046277,0.0957535828397683,0.5155991181174783,0.5743701537783424,0.9944485369803963,union_observed_max_per_profile,extended_benchmark_30profiles
STU_0368,nsga3,1,0.5704715708512815,0.17340805985904778,128,4058,13.73166196887635,1.6201695730046277,0.0957535828397683,0.5155991181174783,0.5743701537783424,0.993212420768358,union_observed_max_per_profile,extended_benchmark_30profiles
STU_0368,nsga3,2,0.569762952678285,0.1640109838637431,128,4058,13.73166196887635,1.6201695730046277,0.0957535828397683,0.5155991181174783,0.5743701537783424,0.9919786899271312,union_observed_max_per_profile,extended_benchmark_30profiles
STU_0368,nsga3,3,0.5675451373333761,0.17788013423420862,128,4058,13.73166196887635,1.6201695730046277,0.0957535828397683,0.5155991181174783,0.5743701537783424,0.9881173901532491,union_observed_max_per_profile,extended_benchmark_30profiles
STU_0368,nsga3,4,0.5686606475737427,0.1291066885709865,128,4058,13.73166196887635,1.6201695730046277,0.0957535828397683,0.5155991181174783,0.5743701537783424,0.9900595353587903,union_observed_max_per_profile,extended_benchmark_30profiles
STU_0368,nsga3,5,0.5673114172971957,0.1744432122276357,128,4058,13.73166196887635,1.6201695730046277,0.0957535828397683,0.5155991181174783,0.5743701537783424,0.9877104747962395,union_observed_max_per_profile,extended_benchmark_30profiles
STU_0368,nsga3,6,0.5694164651190428,0.20823702700658842,128,4058,13.73166196887635,1.6201695730046277,0.0957535828397683,0.5155991181174783,0.5743701537783424,0.9913754420790963,union_observed_max_per_profile,extended_benchmark_30profiles
STU_0368,nsga3,7,0.5690322181568775,0.15800575217189447,128,4058,13.73166196887635,1.6201695730046277,0.0957535828397683,0.5155991181174783,0.5743701537783424,0.9907064536930572,union_observed_max_per_profile,extended_benchmark_30profiles
STU_0368,nsga3,8,0.5691583008938004,0.15567819094285779,128,4058,13.73166196887635,1.6201695730046277,0.0957535828397683,0.5155991181174783,0.5743701537783424,0.9909259684712771,union_observed_max_per_profile,extended_benchmark_30profiles
STU_0368,nsga3,9,0.5743701537783424,0.09665104727268818,128,4058,13.73166196887635,1.6201695730046277,0.0957535828397683,0.5155991181174783,0.5743701537783424,1.0,union_observed_max_per_profile,extended_benchmark_30profiles
STU_0368,smsemoa,0,0.5380202726105701,0.18303662481864116,128,4058,13.73166196887635,1.6201695730046277,0.0957535828397683,0.5155991181174783,0.5743701537783424,0.936713492286021,union_observed_max_per_profile,extended_benchmark_30profiles
STU_0368,smsemoa,1,0.5220573972587308,0.1884170955394773,128,4058,13.73166196887635,1.6201695730046277,0.0957535828397683,0.5155991181174783,0.5743701537783424,0.9089215270405574,union_observed_max_per_profile,extended_benchmark_30profiles
STU_0368,smsemoa,2,0.5310900361934502,0.16453866716621948,128,4058,13.73166196887635,1.6201695730046277,0.0957535828397683,0.5155991181174783,0.5743701537783424,0.9246476905177168,union_observed_max_per_profile,extended_benchmark_30profiles
STU_0368,smsemoa,3,0.5325119284731699,0.17059324251603303,128,4058,13.73166196887635,1.6201695730046277,0.0957535828397683,0.5155991181174783,0.5743701537783424,0.9271232583555756,union_observed_max_per_profile,extended_benchmark_30profiles
STU_0368,smsemoa,4,0.5459473417491989,0.11600391861532564,128,4058,13.73166196887635,1.6201695730046277,0.0957535828397683,0.5155991181174783,0.5743701537783424,0.9505148172442952,union_observed_max_per_profile,extended_benchmark_30profiles
STU_0390,moead,0,6.520598575294937,2.259893575077572,125,3398,21.781315910483336,5.393266683674583,0.6165008397405345,0.7503876837361746,14.00663662962275,0.46553635592319637,union_observed_max_per_profile,extended_benchmark_30profiles
STU_0390,moead,1,6.9659622175721605,2.173029045305542,125,3398,21.781315910483336,5.393266683674583,0.6165008397405345,0.7503876837361746,14.00663662962275,0.4973329716314472,union_observed_max_per_profile,extended_benchmark_30profiles
STU_0390,moead,2,6.810356649400707,2.1854751312604948,125,3398,21.781315910483336,5.393266683674583,0.6165008397405345,0.7503876837361746,14.00663662962275,0.4862235545539482,union_observed_max_per_profile,extended_benchmark_30profiles
STU_0390,moead,3,1.8606045992776499,1.5306637251053803,125,3398,21.781315910483336,5.393266683674583,0.6165008397405345,0.7503876837361746,14.00663662962275,0.13283735763821,union_observed_max_per_profile,extended_benchmark_30profiles
STU_0390,moead,4,6.864655173235926,2.1934521935355216,125,3398,21.781315910483336,5.393266683674583,0.6165008397405345,0.7503876837361746,14.00663662962275,0.4901001828460239,union_observed_max_per_profile,extended_benchmark_30profiles
STU_0390,moead,5,1.818334533754043,1.5416457582914143,125,3398,21.781315910483336,5.393266683674583,0.6165008397405345,0.7503876837361746,14.00663662962275,0.12981949784493105,union_observed_max_per_profile,extended_benchmark_30profiles
STU_0390,moead,6,6.9223082694803,2.1128970739145325,125,3398,21.781315910483336,5.393266683674583,0.6165008397405345,0.7503876837361746,14.00663662962275,0.4942163099198457,union_observed_max_per_profile,extended_benchmark_30profiles
STU_0390,moead,7,6.6731177074803,2.1361075634477835,125,3398,21.781315910483336,5.393266683674583,0.6165008397405345,0.7503876837361746,14.00663662962275,0.47642541774570407,union_observed_max_per_profile,extended_benchmark_30profiles
STU_0390,moead,8,7.113773520288164,2.144117496616615,125,3398,21.781315910483336,5.393266683674583,0.6165008397405345,0.7503876837361746,14.00663662962275,0.5078859192536762,union_observed_max_per_profile,extended_benchmark_30profiles
STU_0390,moead,9,6.640758467938158,2.249028744012107,125,3398,21.781315910483336,5.393266683674583,0.6165008397405345,0.7503876837361746,14.00663662962275,0.4741151386688767,union_observed_max_per_profile,extended_benchmark_30profiles
STU_0390,nsga2,0,13.233049908563643,0.17834792691409923,128,3398,21.781315910483336,5.393266683674583,0.6165008397405345,0.7503876837361746,14.00663662962275,0.9447699871485891,union_observed_max_per_profile,extended_benchmark_30profiles
STU_0390,nsga2,1,13.905051933549117,0.13697125154999035,128,3398,21.781315910483336,5.393266683674583,0.6165008397405345,0.7503876837361746,14.00663662962275,0.9927473883445516,union_observed_max_per_profile,extended_benchmark_30profiles
STU_0390,nsga2,2,13.277879071548137,0.14996542999589188,128,3398,21.781315910483336,5.393266683674583,0.6165008397405345,0.7503876837361746,14.00663662962275,0.947970553006754,union_observed_max_per_profile,extended_benchmark_30profiles
STU_0390,nsga2,3,13.708659594759542,0.14535067730821088,128,3398,21.781315910483336,5.393266683674583,0.6165008397405345,0.7503876837361746,14.00663662962275,0.9787260109087849,union_observed_max_per_profile,extended_benchmark_30profiles
STU_0390,nsga2,4,13.65619186896898,0.1385208902936951,128,3398,21.781315910483336,5.393266683674583,0.6165008397405345,0.7503876837361746,14.00663662962275,0.974980091943514,union_observed_max_per_profile,extended_benchmark_30profiles
STU_0390,nsga2,5,13.744334592539788,0.15477638167243948,128,3398,21.781315910483336,5.393266683674583,0.6165008397405345,0.7503876837361746,14.00663662962275,0.9812730176402079,union_observed_max_per_profile,extended_benchmark_30profiles
STU_0390,nsga2,6,13.468998191845749,0.17343254951622228,128,3398,21.781315910483336,5.393266683674583,0.6165008397405345,0.7503876837361746,14.00663662962275,0.9616154504472583,union_observed_max_per_profile,extended_benchmark_30profiles
STU_0390,nsga2,7,13.367431765094185,0.14903864172735237,128,3398,21.781315910483336,5.393266683674583,0.6165008397405345,0.7503876837361746,14.00663662962275,0.9543641431250736,union_observed_max_per_profile,extended_benchmark_30profiles
STU_0390,nsga2,8,13.570201520656196,0.14671350805373867,128,3398,21.781315910483336,5.393266683674583,0.6165008397405345,0.7503876837361746,14.00663662962275,0.9688408344910202,union_observed_max_per_profile,extended_benchmark_30profiles
STU_0390,nsga2,9,13.113583705005803,0.15258161686238178,128,3398,21.781315910483336,5.393266683674583,0.6165008397405345,0.7503876837361746,14.00663662962275,0.9362407301458637,union_observed_max_per_profile,extended_benchmark_30profiles
STU_0390,nsga3,0,13.782843284311724,0.3107583450406329,128,3398,21.781315910483336,5.393266683674583,0.6165008397405345,0.7503876837361746,14.00663662962275,0.984022335180901,union_observed_max_per_profile,extended_benchmark_30profiles
STU_0390,nsga3,1,14.00663662962275,0.15674048939679375,128,3398,21.781315910483336,5.393266683674583,0.6165008397405345,0.7503876837361746,14.00663662962275,1.0,union_observed_max_per_profile,extended_benchmark_30profiles
STU_0390,nsga3,2,13.837241366616507,0.18444888408267113,128,3398,21.781315910483336,5.393266683674583,0.6165008397405345,0.7503876837361746,14.00663662962275,0.9879060714227433,union_observed_max_per_profile,extended_benchmark_30profiles
STU_0390,nsga3,3,13.839550983659187,0.22722095313545043,128,3398,21.781315910483336,5.393266683674583,0.6165008397405345,0.7503876837361746,14.00663662962275,0.9880709659012505,union_observed_max_per_profile,extended_benchmark_30profiles
STU_0390,nsga3,4,13.923726738715605,0.20096194416885726,128,3398,21.781315910483336,5.393266683674583,0.6165008397405345,0.7503876837361746,14.00663662962275,0.9940806709633775,union_observed_max_per_profile,extended_benchmark_30profiles
STU_0390,nsga3,5,13.61761162850858,0.2938941287659145,128,3398,21.781315910483336,5.393266683674583,0.6165008397405345,0.7503876837361746,14.00663662962275,0.9722256662037324,union_observed_max_per_profile,extended_benchmark_30profiles
STU_0390,nsga3,6,13.803164986943743,0.23396756829184706,128,3398,21.781315910483336,5.393266683674583,0.6165008397405345,0.7503876837361746,14.00663662962275,0.9854731975948685,union_observed_max_per_profile,extended_benchmark_30profiles
STU_0390,nsga3,7,13.685911051850752,0.17567531786309096,128,3398,21.781315910483336,5.393266683674583,0.6165008397405345,0.7503876837361746,14.00663662962275,0.9771018848955006,union_observed_max_per_profile,extended_benchmark_30profiles
STU_0390,nsga3,8,13.823727328620972,0.22204255598051134,128,3398,21.781315910483336,5.393266683674583,0.6165008397405345,0.7503876837361746,14.00663662962275,0.9869412403678024,union_observed_max_per_profile,extended_benchmark_30profiles
STU_0390,nsga3,9,13.987979092269278,0.23036923414646007,128,3398,21.781315910483336,5.393266683674583,0.6165008397405345,0.7503876837361746,14.00663662962275,0.9986679502119721,union_observed_max_per_profile,extended_benchmark_30profiles
STU_0390,smsemoa,0,13.417586597677651,0.2413497123568932,128,3398,21.781315910483336,5.393266683674583,0.6165008397405345,0.7503876837361746,14.00663662962275,0.9579449337109729,union_observed_max_per_profile,extended_benchmark_30profiles
STU_0390,smsemoa,1,13.192044008825668,0.29505951180813,128,3398,21.781315910483336,5.393266683674583,0.6165008397405345,0.7503876837361746,14.00663662962275,0.9418423821266061,union_observed_max_per_profile,extended_benchmark_30profiles
STU_0390,smsemoa,2,12.890597818951797,0.35271376496725393,128,3398,21.781315910483336,5.393266683674583,0.6165008397405345,0.7503876837361746,14.00663662962275,0.9203207136600778,union_observed_max_per_profile,extended_benchmark_30profiles
STU_0390,smsemoa,3,13.34947293408376,0.25131570046473645,128,3398,21.781315910483336,5.393266683674583,0.6165008397405345,0.7503876837361746,14.00663662962275,0.9530819772857425,union_observed_max_per_profile,extended_benchmark_30profiles
STU_0390,smsemoa,4,13.47207224688152,0.27668269090983866,128,3398,21.781315910483336,5.393266683674583,0.6165008397405345,0.7503876837361746,14.00663662962275,0.96183492176768,union_observed_max_per_profile,extended_benchmark_30profiles
STU_0433,moead,0,4.247337659312118,1.870622104834864,125,3392,32.44579409964269,5.779980513774832,1.0020005976330304,0.33914041916013765,17.2812557829128,0.24577714216299956,union_observed_max_per_profile,extended_benchmark_30profiles
STU_0433,moead,1,3.8669856643646914,1.9233281569585867,125,3392,32.44579409964269,5.779980513774832,1.0020005976330304,0.33914041916013765,17.2812557829128,0.22376763083318593,union_observed_max_per_profile,extended_benchmark_30profiles
STU_0433,moead,2,11.184215420037557,1.9154632106316032,125,3392,32.44579409964269,5.779980513774832,1.0020005976330304,0.33914041916013765,17.2812557829128,0.6471876558355314,union_observed_max_per_profile,extended_benchmark_30profiles
STU_0433,moead,3,10.0802925670929,2.203672741355966,125,3392,32.44579409964269,5.779980513774832,1.0020005976330304,0.33914041916013765,17.2812557829128,0.5833078737865797,union_observed_max_per_profile,extended_benchmark_30profiles
STU_0433,moead,4,4.229219925774381,1.9040987702107357,125,3392,32.44579409964269,5.779980513774832,1.0020005976330304,0.33914041916013765,17.2812557829128,0.2447287384031495,union_observed_max_per_profile,extended_benchmark_30profiles
STU_0433,moead,5,4.109264227572216,1.9269473724224608,125,3392,32.44579409964269,5.779980513774832,1.0020005976330304,0.33914041916013765,17.2812557829128,0.23778736216816695,union_observed_max_per_profile,extended_benchmark_30profiles
STU_0433,moead,6,10.922231628588836,2.3056585758015187,125,3392,32.44579409964269,5.779980513774832,1.0020005976330304,0.33914041916013765,17.2812557829128,0.6320276585101193,union_observed_max_per_profile,extended_benchmark_30profiles
STU_0433,moead,7,4.544260776402944,1.8077660474675332,125,3392,32.44579409964269,5.779980513774832,1.0020005976330304,0.33914041916013765,17.2812557829128,0.26295894427395583,union_observed_max_per_profile,extended_benchmark_30profiles
STU_0433,moead,8,10.979469784711625,2.299540046897153,125,3392,32.44579409964269,5.779980513774832,1.0020005976330304,0.33914041916013765,17.2812557829128,0.635339811101448,union_observed_max_per_profile,extended_benchmark_30profiles
STU_0433,moead,9,4.036798983439131,1.9740259486788667,125,3392,32.44579409964269,5.779980513774832,1.0020005976330304,0.33914041916013765,17.2812557829128,0.2335940763882796,union_observed_max_per_profile,extended_benchmark_30profiles
STU_0433,nsga2,0,16.42180966540647,0.224507975672043,128,3392,32.44579409964269,5.779980513774832,1.0020005976330304,0.33914041916013765,17.2812557829128,0.9502671490832209,union_observed_max_per_profile,extended_benchmark_30profiles
STU_0433,nsga2,1,16.525764237012034,0.21830950851949812,128,3392,32.44579409964269,5.779980513774832,1.0020005976330304,0.33914041916013765,17.2812557829128,0.9562826014850278,union_observed_max_per_profile,extended_benchmark_30profiles
STU_0433,nsga2,2,16.55736560972987,0.19451870363996757,128,3392,32.44579409964269,5.779980513774832,1.0020005976330304,0.33914041916013765,17.2812557829128,0.9581112517356122,union_observed_max_per_profile,extended_benchmark_30profiles
STU_0433,nsga2,3,16.473907103710708,0.2240195126895138,128,3392,32.44579409964269,5.779980513774832,1.0020005976330304,0.33914041916013765,17.2812557829128,0.9532818280486088,union_observed_max_per_profile,extended_benchmark_30profiles
STU_0433,nsga2,4,16.223421019216033,0.22295615319768622,128,3392,32.44579409964269,5.779980513774832,1.0020005976330304,0.33914041916013765,17.2812557829128,0.9387871589318918,union_observed_max_per_profile,extended_benchmark_30profiles
STU_0433,nsga2,5,16.64902242178735,0.19275350978631134,128,3392,32.44579409964269,5.779980513774832,1.0020005976330304,0.33914041916013765,17.2812557829128,0.9634150799532414,union_observed_max_per_profile,extended_benchmark_30profiles
STU_0433,nsga2,6,16.95218774806089,0.16244837886899519,128,3392,32.44579409964269,5.779980513774832,1.0020005976330304,0.33914041916013765,17.2812557829128,0.980958094771256,union_observed_max_per_profile,extended_benchmark_30profiles
STU_0433,nsga2,7,16.599673967286734,0.15563704014794164,128,3392,32.44579409964269,5.779980513774832,1.0020005976330304,0.33914041916013765,17.2812557829128,0.960559474138448,union_observed_max_per_profile,extended_benchmark_30profiles
STU_0433,nsga2,8,16.08291221137137,0.24171078075639443,128,3392,32.44579409964269,5.779980513774832,1.0020005976330304,0.33914041916013765,17.2812557829128,0.9306564530613384,union_observed_max_per_profile,extended_benchmark_30profiles
STU_0433,nsga2,9,16.16979621595955,0.2456188625409641,128,3392,32.44579409964269,5.779980513774832,1.0020005976330304,0.33914041916013765,17.2812557829128,0.935684097214033,union_observed_max_per_profile,extended_benchmark_30profiles
STU_0433,nsga3,0,17.127198114952563,0.5702896508189146,128,3392,32.44579409964269,5.779980513774832,1.0020005976330304,0.33914041916013765,17.2812557829128,0.9910852735532931,union_observed_max_per_profile,extended_benchmark_30profiles
STU_0433,nsga3,1,17.125686181368774,0.181181433942496,128,3392,32.44579409964269,5.779980513774832,1.0020005976330304,0.33914041916013765,17.2812557829128,0.990997783754937,union_observed_max_per_profile,extended_benchmark_30profiles
STU_0433,nsga3,2,17.20414123577206,0.5331678338877383,128,3392,32.44579409964269,5.779980513774832,1.0020005976330304,0.33914041916013765,17.2812557829128,0.9955376768847441,union_observed_max_per_profile,extended_benchmark_30profiles
STU_0433,nsga3,3,17.146307788381456,0.1773326214175835,128,3392,32.44579409964269,5.779980513774832,1.0020005976330304,0.33914041916013765,17.2812557829128,0.9921910770706387,union_observed_max_per_profile,extended_benchmark_30profiles
STU_0433,nsga3,4,17.181886362460915,0.18383790480280363,128,3392,32.44579409964269,5.779980513774832,1.0020005976330304,0.33914041916013765,17.2812557829128,0.9942498727117887,union_observed_max_per_profile,extended_benchmark_30profiles
STU_0433,nsga3,5,17.182214530028325,0.17841733011145164,128,3392,32.44579409964269,5.779980513774832,1.0020005976330304,0.33914041916013765,17.2812557829128,0.9942688625104198,union_observed_max_per_profile,extended_benchmark_30profiles
STU_0433,nsga3,6,17.10209162796262,0.15629090967899192,128,3392,32.44579409964269,5.779980513774832,1.0020005976330304,0.33914041916013765,17.2812557829128,0.9896324574324433,union_observed_max_per_profile,extended_benchmark_30profiles
STU_0433,nsga3,7,17.03717501495931,0.18808901478350665,128,3392,32.44579409964269,5.779980513774832,1.0020005976330304,0.33914041916013765,17.2812557829128,0.9858759819876729,union_observed_max_per_profile,extended_benchmark_30profiles
STU_0433,nsga3,8,17.24447825384693,0.5424176360776017,128,3392,32.44579409964269,5.779980513774832,1.0020005976330304,0.33914041916013765,17.2812557829128,0.9978718254316774,union_observed_max_per_profile,extended_benchmark_30profiles
STU_0433,nsga3,9,17.2812557829128,0.1587444169649166,128,3392,32.44579409964269,5.779980513774832,1.0020005976330304,0.33914041916013765,17.2812557829128,1.0,union_observed_max_per_profile,extended_benchmark_30profiles
STU_0433,smsemoa,0,14.800379950228866,0.5599312540307879,128,3392,32.44579409964269,5.779980513774832,1.0020005976330304,0.33914041916013765,17.2812557829128,0.8564412295119807,union_observed_max_per_profile,extended_benchmark_30profiles
STU_0433,smsemoa,1,14.66530851798196,0.5608001744541188,128,3392,32.44579409964269,5.779980513774832,1.0020005976330304,0.33914041916013765,17.2812557829128,0.8486251637153931,union_observed_max_per_profile,extended_benchmark_30profiles
STU_0433,smsemoa,2,13.329236139973833,0.5495991843865085,128,3392,32.44579409964269,5.779980513774832,1.0020005976330304,0.33914041916013765,17.2812557829128,0.7713117789248506,union_observed_max_per_profile,extended_benchmark_30profiles
STU_0433,smsemoa,3,16.97546186389916,0.5982826916588203,128,3392,32.44579409964269,5.779980513774832,1.0020005976330304,0.33914041916013765,17.2812557829128,0.9823048786005469,union_observed_max_per_profile,extended_benchmark_30profiles
STU_0433,smsemoa,4,16.656399711254565,0.35943494168008067,128,3392,32.44579409964269,5.779980513774832,1.0020005976330304,0.33914041916013765,17.2812557829128,0.9638419754034266,union_observed_max_per_profile,extended_benchmark_30profiles
STU_0436,moead,0,1.77560153514109,2.4302434674188538,125,3524,17.019881182742974,4.049622542042085,0.2761188718754173,0.6474800643233233,4.53866143777962,0.3912170051639147,union_observed_max_per_profile,extended_benchmark_30profiles
STU_0436,moead,1,1.9649102614409037,2.3495789288274747,125,3524,17.019881182742974,4.049622542042085,0.2761188718754173,0.6474800643233233,4.53866143777962,0.43292726024573597,union_observed_max_per_profile,extended_benchmark_30profiles
STU_0436,moead,2,1.863271640513073,2.3953052762960385,125,3524,17.019881182742974,4.049622542042085,0.2761188718754173,0.6474800643233233,4.53866143777962,0.4105332962276677,union_observed_max_per_profile,extended_benchmark_30profiles
STU_0436,moead,3,1.6324835423085355,2.494478312903509,125,3524,17.019881182742974,4.049622542042085,0.2761188718754173,0.6474800643233233,4.53866143777962,0.3596839210609132,union_observed_max_per_profile,extended_benchmark_30profiles
STU_0436,moead,4,1.5721759973165546,2.512394961329927,125,3524,17.019881182742974,4.049622542042085,0.2761188718754173,0.6474800643233233,4.53866143777962,0.3463964031839498,union_observed_max_per_profile,extended_benchmark_30profiles
STU_0436,moead,5,1.6572629479627894,2.4735339259602185,125,3524,17.019881182742974,4.049622542042085,0.2761188718754173,0.6474800643233233,4.53866143777962,0.36514354963069173,union_observed_max_per_profile,extended_benchmark_30profiles
STU_0436,moead,6,1.6629218353573942,2.465498283121839,125,3524,17.019881182742974,4.049622542042085,0.2761188718754173,0.6474800643233233,4.53866143777962,0.3663903682075304,union_observed_max_per_profile,extended_benchmark_30profiles
STU_0436,moead,7,1.844807335335525,2.365767453556876,125,3524,17.019881182742974,4.049622542042085,0.2761188718754173,0.6474800643233233,4.53866143777962,0.4064650691896578,union_observed_max_per_profile,extended_benchmark_30profiles
STU_0436,moead,8,1.7722108067229454,2.41461430068,125,3524,17.019881182742974,4.049622542042085,0.2761188718754173,0.6474800643233233,4.53866143777962,0.3904699284179119,union_observed_max_per_profile,extended_benchmark_30profiles
STU_0436,moead,9,1.378140235678491,2.5837117728575083,125,3524,17.019881182742974,4.049622542042085,0.2761188718754173,0.6474800643233233,4.53866143777962,0.30364464381654727,union_observed_max_per_profile,extended_benchmark_30profiles
STU_0436,nsga2,0,4.453248836602936,0.09504186094461378,128,3524,17.019881182742974,4.049622542042085,0.2761188718754173,0.6474800643233233,4.53866143777962,0.9811811032068368,union_observed_max_per_profile,extended_benchmark_30profiles
STU_0436,nsga2,1,4.417781321068808,0.12293717676614964,128,3524,17.019881182742974,4.049622542042085,0.2761188718754173,0.6474800643233233,4.53866143777962,0.9733665710985597,union_observed_max_per_profile,extended_benchmark_30profiles
STU_0436,nsga2,2,4.496637775075761,0.12374092652422836,128,3524,17.019881182742974,4.049622542042085,0.2761188718754173,0.6474800643233233,4.53866143777962,0.990740956715992,union_observed_max_per_profile,extended_benchmark_30profiles
STU_0436,nsga2,3,4.4545128710293636,0.1233600370715285,128,3524,17.019881182742974,4.049622542042085,0.2761188718754173,0.6474800643233233,4.53866143777962,0.9814596070000271,union_observed_max_per_profile,extended_benchmark_30profiles
STU_0436,nsga2,4,4.497684212120095,0.12775302279250456,128,3524,17.019881182742974,4.049622542042085,0.2761188718754173,0.6474800643233233,4.53866143777962,0.9909715174349794,union_observed_max_per_profile,extended_benchmark_30profiles
STU_0436,nsga2,5,4.4253649352599655,0.11776824872496586,128,3524,17.019881182742974,4.049622542042085,0.2761188718754173,0.6474800643233233,4.53866143777962,0.9750374633418172,union_observed_max_per_profile,extended_benchmark_30profiles
STU_0436,nsga2,6,4.369893438537344,0.125315459438907,128,3524,17.019881182742974,4.049622542042085,0.2761188718754173,0.6474800643233233,4.53866143777962,0.9628154684908949,union_observed_max_per_profile,extended_benchmark_30profiles
STU_0436,nsga2,7,4.459537874179183,0.13042655924252525,128,3524,17.019881182742974,4.049622542042085,0.2761188718754173,0.6474800643233233,4.53866143777962,0.9825667623185516,union_observed_max_per_profile,extended_benchmark_30profiles
STU_0436,nsga2,8,4.506679222380412,0.11928084967366467,128,3524,17.019881182742974,4.049622542042085,0.2761188718754173,0.6474800643233233,4.53866143777962,0.9929533815558504,union_observed_max_per_profile,extended_benchmark_30profiles
STU_0436,nsga2,9,4.423853648146758,0.12793525818276358,128,3524,17.019881182742974,4.049622542042085,0.2761188718754173,0.6474800643233233,4.53866143777962,0.9747044825425384,union_observed_max_per_profile,extended_benchmark_30profiles
STU_0436,nsga3,0,4.523244916141103,0.16927059218071747,128,3524,17.019881182742974,4.049622542042085,0.2761188718754173,0.6474800643233233,4.53866143777962,0.996603288910208,union_observed_max_per_profile,extended_benchmark_30profiles
STU_0436,nsga3,1,4.482996579899912,0.15757137837220803,128,3524,17.019881182742974,4.049622542042085,0.2761188718754173,0.6474800643233233,4.53866143777962,0.9877354020248446,union_observed_max_per_profile,extended_benchmark_30profiles
STU_0436,nsga3,2,4.491883875646334,0.12407856763179079,128,3524,17.019881182742974,4.049622542042085,0.2761188718754173,0.6474800643233233,4.53866143777962,0.9896935334845839,union_observed_max_per_profile,extended_benchmark_30profiles
STU_0436,nsga3,3,4.510280368306592,0.14783197042652887,128,3524,17.019881182742974,4.049622542042085,0.2761188718754173,0.6474800643233233,4.53866143777962,0.9937468194395852,union_observed_max_per_profile,extended_benchmark_30profiles
STU_0436,nsga3,4,4.482559530375658,0.1587203031068298,128,3524,17.019881182742974,4.049622542042085,0.2761188718754173,0.6474800643233233,4.53866143777962,0.9876391072184914,union_observed_max_per_profile,extended_benchmark_30profiles
STU_0436,nsga3,5,4.464697144252923,0.12411401253540737,128,3524,17.019881182742974,4.049622542042085,0.2761188718754173,0.6474800643233233,4.53866143777962,0.9837035005715514,union_observed_max_per_profile,extended_benchmark_30profiles
STU_0436,nsga3,6,4.504359073507269,0.14605232995508577,128,3524,17.019881182742974,4.049622542042085,0.2761188718754173,0.6474800643233233,4.53866143777962,0.9924421848285885,union_observed_max_per_profile,extended_benchmark_30profiles
STU_0436,nsga3,7,4.44912145130333,0.14059959406973832,128,3524,17.019881182742974,4.049622542042085,0.2761188718754173,0.6474800643233233,4.53866143777962,0.9802717193816302,union_observed_max_per_profile,extended_benchmark_30profiles
STU_0436,nsga3,8,4.53866143777962,0.15249299721305828,128,3524,17.019881182742974,4.049622542042085,0.2761188718754173,0.6474800643233233,4.53866143777962,1.0,union_observed_max_per_profile,extended_benchmark_30profiles
STU_0436,nsga3,9,4.496900057621149,0.1094803827881711,128,3524,17.019881182742974,4.049622542042085,0.2761188718754173,0.6474800643233233,4.53866143777962,0.9907987452399839,union_observed_max_per_profile,extended_benchmark_30profiles
STU_0436,smsemoa,0,4.353163306159868,0.313619908548274,128,3524,17.019881182742974,4.049622542042085,0.2761188718754173,0.6474800643233233,4.53866143777962,0.9591293304947415,union_observed_max_per_profile,extended_benchmark_30profiles
STU_0436,smsemoa,1,4.180146755512817,0.2979327247215036,128,3524,17.019881182742974,4.049622542042085,0.2761188718754173,0.6474800643233233,4.53866143777962,0.9210087187198979,union_observed_max_per_profile,extended_benchmark_30profiles
STU_0436,smsemoa,2,4.276435469518636,0.23847825344796672,128,3524,17.019881182742974,4.049622542042085,0.2761188718754173,0.6474800643233233,4.53866143777962,0.9422239416057283,union_observed_max_per_profile,extended_benchmark_30profiles
STU_0436,smsemoa,3,4.262941346710049,0.288402847503072,128,3524,17.019881182742974,4.049622542042085,0.2761188718754173,0.6474800643233233,4.53866143777962,0.9392507912631488,union_observed_max_per_profile,extended_benchmark_30profiles
STU_0436,smsemoa,4,4.303696032035915,0.22127638600247362,128,3524,17.019881182742974,4.049622542042085,0.2761188718754173,0.6474800643233233,4.53866143777962,0.9482302416770144,union_observed_max_per_profile,extended_benchmark_30profiles
STU_0522,moead,0,8.872185902545917,3.172506738200078,125,2548,27.00850557518841,5.494952867128018,0.8070009866870399,0.39998514366611687,14.358897160690978,0.6178876973110775,union_observed_max_per_profile,extended_benchmark_30profiles
STU_0522,moead,1,3.1160574426776058,2.2773158601435326,125,2548,27.00850557518841,5.494952867128018,0.8070009866870399,0.39998514366611687,14.358897160690978,0.21701231005457353,union_observed_max_per_profile,extended_benchmark_30profiles
STU_0522,moead,2,3.3425847100986394,2.2422664152935994,125,2548,27.00850557518841,5.494952867128018,0.8070009866870399,0.39998514366611687,14.358897160690978,0.2327884009956784,union_observed_max_per_profile,extended_benchmark_30profiles
STU_0522,moead,3,2.768687995006957,2.38568620330338,125,2548,27.00850557518841,5.494952867128018,0.8070009866870399,0.39998514366611687,14.358897160690978,0.1928203791713571,union_observed_max_per_profile,extended_benchmark_30profiles
STU_0522,moead,4,2.609050629260737,2.3562065264701286,125,2548,27.00850557518841,5.494952867128018,0.8070009866870399,0.39998514366611687,14.358897160690978,0.1817027171420444,union_observed_max_per_profile,extended_benchmark_30profiles
STU_0522,moead,5,3.1254082086435084,2.3289359057499985,125,2548,27.00850557518841,5.494952867128018,0.8070009866870399,0.39998514366611687,14.358897160690978,0.21766352761406,union_observed_max_per_profile,extended_benchmark_30profiles
STU_0522,moead,6,3.2161200900259743,2.2664790215268993,125,2548,27.00850557518841,5.494952867128018,0.8070009866870399,0.39998514366611687,14.358897160690978,0.22398099617500208,union_observed_max_per_profile,extended_benchmark_30profiles
STU_0522,moead,7,2.854695565986502,2.295999871157641,125,2548,27.00850557518841,5.494952867128018,0.8070009866870399,0.39998514366611687,14.358897160690978,0.1988102243535484,union_observed_max_per_profile,extended_benchmark_30profiles
STU_0522,moead,8,2.8603043281038025,2.260752789040741,125,2548,27.00850557518841,5.494952867128018,0.8070009866870399,0.39998514366611687,14.358897160690978,0.19920083667248434,union_observed_max_per_profile,extended_benchmark_30profiles
STU_0522,moead,9,3.2125432040553457,2.2869332935753075,125,2548,27.00850557518841,5.494952867128018,0.8070009866870399,0.39998514366611687,14.358897160690978,0.22373189027706303,union_observed_max_per_profile,extended_benchmark_30profiles
STU_0522,nsga2,0,14.277573088641029,0.12667590225473482,128,2548,27.00850557518841,5.494952867128018,0.8070009866870399,0.39998514366611687,14.358897160690978,0.9943363288183036,union_observed_max_per_profile,extended_benchmark_30profiles
STU_0522,nsga2,1,13.99287468566432,0.17115449961241197,128,2548,27.00850557518841,5.494952867128018,0.8070009866870399,0.39998514366611687,14.358897160690978,0.9745090120132148,union_observed_max_per_profile,extended_benchmark_30profiles
STU_0522,nsga2,2,13.916601491689754,0.17331900236281061,128,2548,27.00850557518841,5.494952867128018,0.8070009866870399,0.39998514366611687,14.358897160690978,0.9691971003029358,union_observed_max_per_profile,extended_benchmark_30profiles
STU_0522,nsga2,3,14.141455517795876,0.1374440299882186,128,2548,27.00850557518841,5.494952867128018,0.8070009866870399,0.39998514366611687,14.358897160690978,0.9848566613116799,union_observed_max_per_profile,extended_benchmark_30profiles
STU_0522,nsga2,4,14.01385559956219,0.15249690043623543,128,2548,27.00850557518841,5.494952867128018,0.8070009866870399,0.39998514366611687,14.358897160690978,0.9759701906582786,union_observed_max_per_profile,extended_benchmark_30profiles
STU_0522,nsga2,5,14.022901900519559,0.14381079573771735,128,2548,27.00850557518841,5.494952867128018,0.8070009866870399,0.39998514366611687,14.358897160690978,0.976600204290672,union_observed_max_per_profile,extended_benchmark_30profiles
STU_0522,nsga2,6,13.979378628925357,0.14772205419053305,128,2548,27.00850557518841,5.494952867128018,0.8070009866870399,0.39998514366611687,14.358897160690978,0.9735691030085101,union_observed_max_per_profile,extended_benchmark_30profiles
STU_0522,nsga2,7,13.920247376185984,0.1395980207837238,128,2548,27.00850557518841,5.494952867128018,0.8070009866870399,0.39998514366611687,14.358897160690978,0.9694510114811711,union_observed_max_per_profile,extended_benchmark_30profiles
STU_0522,nsga2,8,14.242703327704959,0.1326196426047515,128,2548,27.00850557518841,5.494952867128018,0.8070009866870399,0.39998514366611687,14.358897160690978,0.9919078859827681,union_observed_max_per_profile,extended_benchmark_30profiles
STU_0522,nsga2,9,13.895491817797161,0.184679598869751,128,2548,27.00850557518841,5.494952867128018,0.8070009866870399,0.39998514366611687,14.358897160690978,0.967726954395743,union_observed_max_per_profile,extended_benchmark_30profiles
STU_0522,nsga3,0,14.17524512235945,0.14877987342459806,128,2548,27.00850557518841,5.494952867128018,0.8070009866870399,0.39998514366611687,14.358897160690978,0.9872098785668376,union_observed_max_per_profile,extended_benchmark_30profiles
STU_0522,nsga3,1,14.358897160690978,0.1323750630638773,128,2548,27.00850557518841,5.494952867128018,0.8070009866870399,0.39998514366611687,14.358897160690978,1.0,union_observed_max_per_profile,extended_benchmark_30profiles
STU_0522,nsga3,2,14.266331191593794,0.1374975460553283,128,2548,27.00850557518841,5.494952867128018,0.8070009866870399,0.39998514366611687,14.358897160690978,0.9935534067789974,union_observed_max_per_profile,extended_benchmark_30profiles
STU_0522,nsga3,3,14.253457272511223,0.13493532708357542,128,2548,27.00850557518841,5.494952867128018,0.8070009866870399,0.39998514366611687,14.358897160690978,0.992656825451163,union_observed_max_per_profile,extended_benchmark_30profiles
STU_0522,nsga3,4,14.210531151935907,0.1337376065656637,128,2548,27.00850557518841,5.494952867128018,0.8070009866870399,0.39998514366611687,14.358897160690978,0.9896673116956893,union_observed_max_per_profile,extended_benchmark_30profiles
STU_0522,nsga3,5,14.321376030842211,0.13229601740420996,128,2548,27.00850557518841,5.494952867128018,0.8070009866870399,0.39998514366611687,14.358897160690978,0.9973869072653098,union_observed_max_per_profile,extended_benchmark_30profiles
STU_0522,nsga3,6,14.236446139220545,0.12665757812265238,128,2548,27.00850557518841,5.494952867128018,0.8070009866870399,0.39998514366611687,14.358897160690978,0.9914721151561935,union_observed_max_per_profile,extended_benchmark_30profiles
STU_0522,nsga3,7,14.28282569721526,0.14023413213484134,128,2548,27.00850557518841,5.494952867128018,0.8070009866870399,0.39998514366611687,14.358897160690978,0.9947021374535664,union_observed_max_per_profile,extended_benchmark_30profiles
STU_0522,nsga3,8,14.256691384697323,0.1343551962243907,128,2548,27.00850557518841,5.494952867128018,0.8070009866870399,0.39998514366611687,14.358897160690978,0.9928820594750511,union_observed_max_per_profile,extended_benchmark_30profiles
STU_0522,nsga3,9,14.186814810582156,0.1400416567956145,128,2548,27.00850557518841,5.494952867128018,0.8070009866870399,0.39998514366611687,14.358897160690978,0.9880156290428825,union_observed_max_per_profile,extended_benchmark_30profiles
STU_0522,smsemoa,0,14.141326108126911,0.25313769375095385,128,2548,27.00850557518841,5.494952867128018,0.8070009866870399,0.39998514366611687,14.358897160690978,0.9848476488041372,union_observed_max_per_profile,extended_benchmark_30profiles
STU_0522,smsemoa,1,14.21579214833474,0.19957191432762775,128,2548,27.00850557518841,5.494952867128018,0.8070009866870399,0.39998514366611687,14.358897160690978,0.9900337044861632,union_observed_max_per_profile,extended_benchmark_30profiles
STU_0522,smsemoa,2,14.186329012876083,0.18745531407420146,128,2548,27.00850557518841,5.494952867128018,0.8070009866870399,0.39998514366611687,14.358897160690978,0.987981796520744,union_observed_max_per_profile,extended_benchmark_30profiles
STU_0522,smsemoa,3,14.20076914717961,0.20308924276860923,128,2548,27.00850557518841,5.494952867128018,0.8070009866870399,0.39998514366611687,14.358897160690978,0.9889874541378944,union_observed_max_per_profile,extended_benchmark_30profiles
STU_0522,smsemoa,4,14.016564242237212,0.22860535110509733,128,2548,27.00850557518841,5.494952867128018,0.8070009866870399,0.39998514366611687,14.358897160690978,0.9761588292873259,union_observed_max_per_profile,extended_benchmark_30profiles
STU_0597,moead,0,0.13807392282948025,1.2608744966132144,125,3273,18.923752078156337,2.382878298830866,0.5085009987737825,0.7030051155001268,4.066158379083681,0.033956848198469725,union_observed_max_per_profile,extended_benchmark_30profiles
STU_0597,moead,1,1.7971428075515203,1.6915395732731053,125,3273,18.923752078156337,2.382878298830866,0.5085009987737825,0.7030051155001268,4.066158379083681,0.441975604490967,union_observed_max_per_profile,extended_benchmark_30profiles
STU_0597,moead,2,1.6764224089309308,1.8086166339995062,125,3273,18.923752078156337,2.382878298830866,0.5085009987737825,0.7030051155001268,4.066158379083681,0.4122865497700355,union_observed_max_per_profile,extended_benchmark_30profiles
STU_0597,moead,3,1.613566020350771,1.8261545660278784,125,3273,18.923752078156337,2.382878298830866,0.5085009987737825,0.7030051155001268,4.066158379083681,0.3968281286461823,union_observed_max_per_profile,extended_benchmark_30profiles
STU_0597,moead,4,0.1453150283735288,1.225728315928239,125,3273,18.923752078156337,2.382878298830866,0.5085009987737825,0.7030051155001268,4.066158379083681,0.03573767050517002,union_observed_max_per_profile,extended_benchmark_30profiles
STU_0597,moead,5,1.685912837313317,1.8010002942890453,125,3273,18.923752078156337,2.382878298830866,0.5085009987737825,0.7030051155001268,4.066158379083681,0.4146205533915385,union_observed_max_per_profile,extended_benchmark_30profiles
STU_0597,moead,6,1.7218962522633672,1.7401807572299948,125,3273,18.923752078156337,2.382878298830866,0.5085009987737825,0.7030051155001268,4.066158379083681,0.4234700402032547,union_observed_max_per_profile,extended_benchmark_30profiles
STU_0597,moead,7,1.588623647838392,1.9225411309258595,125,3273,18.923752078156337,2.382878298830866,0.5085009987737825,0.7030051155001268,4.066158379083681,0.3906939916581391,union_observed_max_per_profile,extended_benchmark_30profiles
STU_0597,moead,8,1.682067537908337,1.8065082972310567,125,3273,18.923752078156337,2.382878298830866,0.5085009987737825,0.7030051155001268,4.066158379083681,0.41367486976427004,union_observed_max_per_profile,extended_benchmark_30profiles
STU_0597,moead,9,0.15749696031549623,1.2290092127403187,125,3273,18.923752078156337,2.382878298830866,0.5085009987737825,0.7030051155001268,4.066158379083681,0.038733601997812145,union_observed_max_per_profile,extended_benchmark_30profiles
STU_0597,nsga2,0,4.030881356622814,0.09203890679462817,128,3273,18.923752078156337,2.382878298830866,0.5085009987737825,0.7030051155001268,4.066158379083681,0.9913242379730383,union_observed_max_per_profile,extended_benchmark_30profiles
STU_0597,nsga2,1,4.066158379083681,0.09011257830727835,128,3273,18.923752078156337,2.382878298830866,0.5085009987737825,0.7030051155001268,4.066158379083681,1.0,union_observed_max_per_profile,extended_benchmark_30profiles
STU_0597,nsga2,2,4.047231661312013,0.09246590111830374,128,3273,18.923752078156337,2.382878298830866,0.5085009987737825,0.7030051155001268,4.066158379083681,0.9953453072883175,union_observed_max_per_profile,extended_benchmark_30profiles
STU_0597,nsga2,3,4.0520974753122445,0.08500619360440194,128,3273,18.923752078156337,2.382878298830866,0.5085009987737825,0.7030051155001268,4.066158379083681,0.9965419684969072,union_observed_max_per_profile,extended_benchmark_30profiles
STU_0597,nsga2,4,4.027925025771498,0.10253382275355398,128,3273,18.923752078156337,2.382878298830866,0.5085009987737825,0.7030051155001268,4.066158379083681,0.9905971804962503,union_observed_max_per_profile,extended_benchmark_30profiles
STU_0597,nsga2,5,4.040940914242847,0.08196865034910576,128,3273,18.923752078156337,2.382878298830866,0.5085009987737825,0.7030051155001268,4.066158379083681,0.993798208901416,union_observed_max_per_profile,extended_benchmark_30profiles
STU_0597,nsga2,6,4.031040366275143,0.09200445968189368,128,3273,18.923752078156337,2.382878298830866,0.5085009987737825,0.7030051155001268,4.066158379083681,0.9913633435949802,union_observed_max_per_profile,extended_benchmark_30profiles
STU_0597,nsga2,7,4.041158853006864,0.10299384457343368,128,3273,18.923752078156337,2.382878298830866,0.5085009987737825,0.7030051155001268,4.066158379083681,0.9938518070999363,union_observed_max_per_profile,extended_benchmark_30profiles
STU_0597,nsga2,8,4.026927002880074,0.09802154247431619,128,3273,18.923752078156337,2.382878298830866,0.5085009987737825,0.7030051155001268,4.066158379083681,0.9903517343531395,union_observed_max_per_profile,extended_benchmark_30profiles
STU_0597,nsga2,9,4.043888365725322,0.08596592827568503,128,3273,18.923752078156337,2.382878298830866,0.5085009987737825,0.7030051155001268,4.066158379083681,0.9945230826539085,union_observed_max_per_profile,extended_benchmark_30profiles
STU_0597,nsga3,0,4.022390181612758,0.1201474947171137,128,3273,18.923752078156337,2.382878298830866,0.5085009987737825,0.7030051155001268,4.066158379083681,0.9892359831097416,union_observed_max_per_profile,extended_benchmark_30profiles
STU_0597,nsga3,1,4.010658265193397,0.13321488391988157,128,3273,18.923752078156337,2.382878298830866,0.5085009987737825,0.7030051155001268,4.066158379083681,0.9863507250047672,union_observed_max_per_profile,extended_benchmark_30profiles
STU_0597,nsga3,2,3.9592366571113295,0.18389276200166052,128,3273,18.923752078156337,2.382878298830866,0.5085009987737825,0.7030051155001268,4.066158379083681,0.9737044866421445,union_observed_max_per_profile,extended_benchmark_30profiles
STU_0597,nsga3,3,4.015594669873709,0.11861821934587831,128,3273,18.923752078156337,2.382878298830866,0.5085009987737825,0.7030051155001268,4.066158379083681,0.9875647467471824,union_observed_max_per_profile,extended_benchmark_30profiles
STU_0597,nsga3,4,3.988438296045878,0.12154393959538692,128,3273,18.923752078156337,2.382878298830866,0.5085009987737825,0.7030051155001268,4.066158379083681,0.9808861151504588,union_observed_max_per_profile,extended_benchmark_30profiles
STU_0597,nsga3,5,4.029458994841596,0.1116229703243211,128,3273,18.923752078156337,2.382878298830866,0.5085009987737825,0.7030051155001268,4.066158379083681,0.9909744331576295,union_observed_max_per_profile,extended_benchmark_30profiles
STU_0597,nsga3,6,3.997174074929174,0.1683993528592696,128,3273,18.923752078156337,2.382878298830866,0.5085009987737825,0.7030051155001268,4.066158379083681,0.9830345260259999,union_observed_max_per_profile,extended_benchmark_30profiles
STU_0597,nsga3,7,3.976901678181971,0.16123564856895323,128,3273,18.923752078156337,2.382878298830866,0.5085009987737825,0.7030051155001268,4.066158379083681,0.9780488872836715,union_observed_max_per_profile,extended_benchmark_30profiles
STU_0597,nsga3,8,4.032641282848267,0.11010825324791594,128,3273,18.923752078156337,2.382878298830866,0.5085009987737825,0.7030051155001268,4.066158379083681,0.9917570608149882,union_observed_max_per_profile,extended_benchmark_30profiles
STU_0597,nsga3,9,3.980281174708133,0.14292114227951486,128,3273,18.923752078156337,2.382878298830866,0.5085009987737825,0.7030051155001268,4.066158379083681,0.9788800149012149,union_observed_max_per_profile,extended_benchmark_30profiles
STU_0597,smsemoa,0,4.019019721002532,0.1272017864915077,128,3273,18.923752078156337,2.382878298830866,0.5085009987737825,0.7030051155001268,4.066158379083681,0.9884070777164927,union_observed_max_per_profile,extended_benchmark_30profiles
STU_0597,smsemoa,1,4.0032150619716695,0.14643945931447522,128,3273,18.923752078156337,2.382878298830866,0.5085009987737825,0.7030051155001268,4.066158379083681,0.9845202003355817,union_observed_max_per_profile,extended_benchmark_30profiles
STU_0597,smsemoa,2,4.008388716957658,0.1514351010891419,128,3273,18.923752078156337,2.382878298830866,0.5085009987737825,0.7030051155001268,4.066158379083681,0.9857925696098829,union_observed_max_per_profile,extended_benchmark_30profiles
STU_0597,smsemoa,3,3.997688543339815,0.1513119388072218,128,3273,18.923752078156337,2.382878298830866,0.5085009987737825,0.7030051155001268,4.066158379083681,0.9831610504656989,union_observed_max_per_profile,extended_benchmark_30profiles
STU_0597,smsemoa,4,3.9961904274877487,0.16699170592683726,128,3273,18.923752078156337,2.382878298830866,0.5085009987737825,0.7030051155001268,4.066158379083681,0.9827926152714939,union_observed_max_per_profile,extended_benchmark_30profiles
STU_0598,moead,0,1.3861693340488463,1.2579325000748214,125,3275,21.78700496418846,3.9598836884679693,0.6164993519651336,0.7800552570844584,10.517602033253329,0.1317951876926145,union_observed_max_per_profile,extended_benchmark_30profiles
STU_0598,moead,1,4.741825802945815,2.143843228453798,125,3275,21.78700496418846,3.9598836884679693,0.6164993519651336,0.7800552570844584,10.517602033253329,0.45084666523354494,union_observed_max_per_profile,extended_benchmark_30profiles
STU_0598,moead,2,4.903286112548981,2.0756673509769916,125,3275,21.78700496418846,3.9598836884679693,0.6164993519651336,0.7800552570844584,10.517602033253329,0.46619810267077444,union_observed_max_per_profile,extended_benchmark_30profiles
STU_0598,moead,3,4.7875543481188245,2.123611949932579,125,3275,21.78700496418846,3.9598836884679693,0.6164993519651336,0.7800552570844584,10.517602033253329,0.45519447617261927,union_observed_max_per_profile,extended_benchmark_30profiles
STU_0598,moead,4,4.684987605995019,2.169276382268954,125,3275,21.78700496418846,3.9598836884679693,0.6164993519651336,0.7800552570844584,10.517602033253329,0.44544256297039675,union_observed_max_per_profile,extended_benchmark_30profiles
STU_0598,moead,5,4.696341800127612,2.1642201426953345,125,3275,21.78700496418846,3.9598836884679693,0.6164993519651336,0.7800552570844584,10.517602033253329,0.4465221050653243,union_observed_max_per_profile,extended_benchmark_30profiles
STU_0598,moead,6,4.962899974320503,2.048307521158831,125,3275,21.78700496418846,3.9598836884679693,0.6164993519651336,0.7800552570844584,10.517602033253329,0.47186611155559827,union_observed_max_per_profile,extended_benchmark_30profiles
STU_0598,moead,7,4.748780456195748,2.151594473378734,125,3275,21.78700496418846,3.9598836884679693,0.6164993519651336,0.7800552570844584,10.517602033253329,0.4515079046708182,union_observed_max_per_profile,extended_benchmark_30profiles
STU_0598,moead,8,1.2410408482841084,1.3141319105727842,125,3275,21.78700496418846,3.9598836884679693,0.6164993519651336,0.7800552570844584,10.517602033253329,0.11799655894569219,union_observed_max_per_profile,extended_benchmark_30profiles
STU_0598,moead,9,1.3795640502900317,1.2833307357504575,125,3275,21.78700496418846,3.9598836884679693,0.6164993519651336,0.7800552570844584,10.517602033253329,0.13116716585475346,union_observed_max_per_profile,extended_benchmark_30profiles
STU_0598,nsga2,0,10.376578365391794,0.12010184224201524,128,3275,21.78700496418846,3.9598836884679693,0.6164993519651336,0.7800552570844584,10.517602033253329,0.9865916520309798,union_observed_max_per_profile,extended_benchmark_30profiles
STU_0598,nsga2,1,10.275951119476737,0.14081055323472552,128,3275,21.78700496418846,3.9598836884679693,0.6164993519651336,0.7800552570844584,10.517602033253329,0.9770241436201362,union_observed_max_per_profile,extended_benchmark_30profiles
STU_0598,nsga2,2,10.28054657390031,0.13300311666845333,128,3275,21.78700496418846,3.9598836884679693,0.6164993519651336,0.7800552570844584,10.517602033253329,0.9774610734839059,union_observed_max_per_profile,extended_benchmark_30profiles
STU_0598,nsga2,3,10.492094375882948,0.1262159822270464,128,3275,21.78700496418846,3.9598836884679693,0.6164993519651336,0.7800552570844584,10.517602033253329,0.9975747649236266,union_observed_max_per_profile,extended_benchmark_30profiles
STU_0598,nsga2,4,10.323239634621656,0.12661688225232043,128,3275,21.78700496418846,3.9598836884679693,0.6164993519651336,0.7800552570844584,10.517602033253329,0.9815202744867926,union_observed_max_per_profile,extended_benchmark_30profiles
STU_0598,nsga2,5,10.129943525089685,0.14065086803793225,128,3275,21.78700496418846,3.9598836884679693,0.6164993519651336,0.7800552570844584,10.517602033253329,0.963141930362264,union_observed_max_per_profile,extended_benchmark_30profiles
STU_0598,nsga2,6,10.165966368751917,0.13949176213995712,128,3275,21.78700496418846,3.9598836884679693,0.6164993519651336,0.7800552570844584,10.517602033253329,0.9665669357530688,union_observed_max_per_profile,extended_benchmark_30profiles
STU_0598,nsga2,7,10.453870833594648,0.11668230399956664,128,3275,21.78700496418846,3.9598836884679693,0.6164993519651336,0.7800552570844584,10.517602033253329,0.9939405199533902,union_observed_max_per_profile,extended_benchmark_30profiles
STU_0598,nsga2,8,10.2298518678565,0.1611742291892638,128,3275,21.78700496418846,3.9598836884679693,0.6164993519651336,0.7800552570844584,10.517602033253329,0.9726410863914555,union_observed_max_per_profile,extended_benchmark_30profiles
STU_0598,nsga2,9,10.350130732386598,0.13409562260686958,128,3275,21.78700496418846,3.9598836884679693,0.6164993519651336,0.7800552570844584,10.517602033253329,0.984077045286821,union_observed_max_per_profile,extended_benchmark_30profiles
STU_0598,nsga3,0,10.39833422625645,0.2065753886408942,128,3275,21.78700496418846,3.9598836884679693,0.6164993519651336,0.7800552570844584,10.517602033253329,0.9886601711473973,union_observed_max_per_profile,extended_benchmark_30profiles
STU_0598,nsga3,1,10.43777327203442,0.2524583736836455,128,3275,21.78700496418846,3.9598836884679693,0.6164993519651336,0.7800552570844584,10.517602033253329,0.9924099846175473,union_observed_max_per_profile,extended_benchmark_30profiles
STU_0598,nsga3,2,10.341360749559016,0.15932222356957906,128,3275,21.78700496418846,3.9598836884679693,0.6164993519651336,0.7800552570844584,10.517602033253329,0.9832432066608819,union_observed_max_per_profile,extended_benchmark_30profiles
STU_0598,nsga3,3,10.46978933367566,0.2670984660600219,128,3275,21.78700496418846,3.9598836884679693,0.6164993519651336,0.7800552570844584,10.517602033253329,0.995454030355351,union_observed_max_per_profile,extended_benchmark_30profiles
STU_0598,nsga3,4,10.423351849926757,0.1681730070144768,128,3275,21.78700496418846,3.9598836884679693,0.6164993519651336,0.7800552570844584,10.517602033253329,0.9910388144532771,union_observed_max_per_profile,extended_benchmark_30profiles
STU_0598,nsga3,5,10.436778688205102,0.17911108640836781,128,3275,21.78700496418846,3.9598836884679693,0.6164993519651336,0.7800552570844584,10.517602033253329,0.9923154208732476,union_observed_max_per_profile,extended_benchmark_30profiles
STU_0598,nsga3,6,10.4878383158597,0.16029955853715377,128,3275,21.78700496418846,3.9598836884679693,0.6164993519651336,0.7800552570844584,10.517602033253329,0.9971701042405363,union_observed_max_per_profile,extended_benchmark_30profiles
STU_0598,nsga3,7,10.490034666108436,0.16164913355336177,128,3275,21.78700496418846,3.9598836884679693,0.6164993519651336,0.7800552570844584,10.517602033253329,0.9973789303818746,union_observed_max_per_profile,extended_benchmark_30profiles
STU_0598,nsga3,8,10.399707744036565,0.19984119234248318,128,3275,21.78700496418846,3.9598836884679693,0.6164993519651336,0.7800552570844584,10.517602033253329,0.9887907634417028,union_observed_max_per_profile,extended_benchmark_30profiles
STU_0598,nsga3,9,10.517602033253329,0.15789459101976525,128,3275,21.78700496418846,3.9598836884679693,0.6164993519651336,0.7800552570844584,10.517602033253329,1.0,union_observed_max_per_profile,extended_benchmark_30profiles
STU_0598,smsemoa,0,10.339864159108238,0.18822172303212376,128,3275,21.78700496418846,3.9598836884679693,0.6164993519651336,0.7800552570844584,10.517602033253329,0.9831009127762069,union_observed_max_per_profile,extended_benchmark_30profiles
STU_0598,smsemoa,1,10.320013667273512,0.20080922461775497,128,3275,21.78700496418846,3.9598836884679693,0.6164993519651336,0.7800552570844584,10.517602033253329,0.9812135536831395,union_observed_max_per_profile,extended_benchmark_30profiles
STU_0598,smsemoa,2,10.365377111924316,0.2030297888080805,128,3275,21.78700496418846,3.9598836884679693,0.6164993519651336,0.7800552570844584,10.517602033253329,0.985526651336709,union_observed_max_per_profile,extended_benchmark_30profiles
STU_0598,smsemoa,3,10.34575196105078,0.21717601415267457,128,3275,21.78700496418846,3.9598836884679693,0.6164993519651336,0.7800552570844584,10.517602033253329,0.9836607173708215,union_observed_max_per_profile,extended_benchmark_30profiles
STU_0598,smsemoa,4,10.241453987438081,0.23645930026084627,128,3275,21.78700496418846,3.9598836884679693,0.6164993519651336,0.7800552570844584,10.517602033253329,0.9737442009174567,union_observed_max_per_profile,extended_benchmark_30profiles
STU_0618,moead,0,4.84126059636856e-06,2.2924168809005225,125,3516,30.769731849438163,3.22979711928521,0.9420009989880532,1e-06,2.1636141904846862e-05,0.2237580349426362,union_observed_max_per_profile,extended_benchmark_30profiles
STU_0618,moead,1,1.2124866510491445e-05,2.8325244429850125,125,3516,30.769731849438163,3.22979711928521,0.9420009989880532,1e-06,2.1636141904846862e-05,0.5603987330003262,union_observed_max_per_profile,extended_benchmark_30profiles
STU_0618,moead,2,1.218150528418291e-05,2.7346168692126156,125,3516,30.769731849438163,3.22979711928521,0.9420009989880532,1e-06,2.1636141904846862e-05,0.563016518275564,union_observed_max_per_profile,extended_benchmark_30profiles
STU_0618,moead,3,4.270405328748315e-06,2.472279567069105,125,3516,30.769731849438163,3.22979711928521,0.9420009989880532,1e-06,2.1636141904846862e-05,0.19737369756258033,union_observed_max_per_profile,extended_benchmark_30profiles
STU_0618,moead,4,5.902199654260085e-06,1.9422309973203806,125,3516,30.769731849438163,3.22979711928521,0.9420009989880532,1e-06,2.1636141904846862e-05,0.27279353593710215,union_observed_max_per_profile,extended_benchmark_30profiles
STU_0618,moead,5,4.7744259008371615e-06,2.3080678766111027,125,3516,30.769731849438163,3.22979711928521,0.9420009989880532,1e-06,2.1636141904846862e-05,0.2206690047529966,union_observed_max_per_profile,extended_benchmark_30profiles
STU_0618,moead,6,1.2818009543185498e-05,2.6388622270934166,125,3516,30.769731849438163,3.22979711928521,0.9420009989880532,1e-06,2.1636141904846862e-05,0.592435083831376,union_observed_max_per_profile,extended_benchmark_30profiles
STU_0618,moead,7,1.244531967425333e-05,2.645643265442514,125,3516,30.769731849438163,3.22979711928521,0.9420009989880532,1e-06,2.1636141904846862e-05,0.5752097452949949,union_observed_max_per_profile,extended_benchmark_30profiles
STU_0618,moead,8,3.925331840166551e-06,2.528744988154661,125,3516,30.769731849438163,3.22979711928521,0.9420009989880532,1e-06,2.1636141904846862e-05,0.1814247594339918,union_observed_max_per_profile,extended_benchmark_30profiles
STU_0618,moead,9,1.2281784448347869e-05,2.7973927348799177,125,3516,30.769731849438163,3.22979711928521,0.9420009989880532,1e-06,2.1636141904846862e-05,0.5676513170583588,union_observed_max_per_profile,extended_benchmark_30profiles
STU_0618,nsga2,0,2.153899479753636e-05,0.12816969949932788,128,3516,30.769731849438163,3.22979711928521,0.9420009989880532,1e-06,2.1636141904846862e-05,0.9955099616309717,union_observed_max_per_profile,extended_benchmark_30profiles
STU_0618,nsga2,1,2.155199949545593e-05,0.20817258651821316,128,3516,30.769731849438163,3.22979711928521,0.9420009989880532,1e-06,2.1636141904846862e-05,0.9961110252576,union_observed_max_per_profile,extended_benchmark_30profiles
STU_0618,nsga2,2,2.1571735097833404e-05,0.21732816746050518,128,3516,30.769731849438163,3.22979711928521,0.9420009989880532,1e-06,2.1636141904846862e-05,0.997023184295208,union_observed_max_per_profile,extended_benchmark_30profiles
STU_0618,nsga2,3,2.1502981346168788e-05,0.21329952407921823,128,3516,30.769731849438163,3.22979711928521,0.9420009989880532,1e-06,2.1636141904846862e-05,0.9938454573248919,union_observed_max_per_profile,extended_benchmark_30profiles
STU_0618,nsga2,4,2.1319261358511358e-05,0.14367624101874413,128,3516,30.769731849438163,3.22979711928521,0.9420009989880532,1e-06,2.1636141904846862e-05,0.9853541103710122,union_observed_max_per_profile,extended_benchmark_30profiles
STU_0618,nsga2,5,2.1521431731856204e-05,0.21802843961891322,128,3516,30.769731849438163,3.22979711928521,0.9420009989880532,1e-06,2.1636141904846862e-05,0.9946982149823597,union_observed_max_per_profile,extended_benchmark_30profiles
STU_0618,nsga2,6,2.1509783392981446e-05,0.21475532265438327,128,3516,30.769731849438163,3.22979711928521,0.9420009989880532,1e-06,2.1636141904846862e-05,0.9941598408615951,union_observed_max_per_profile,extended_benchmark_30profiles
STU_0618,nsga2,7,2.142091464414678e-05,0.12335402996915792,128,3516,30.769731849438163,3.22979711928521,0.9420009989880532,1e-06,2.1636141904846862e-05,0.99005241962053,union_observed_max_per_profile,extended_benchmark_30profiles
STU_0618,nsga2,8,2.1636141904846862e-05,0.21695544387207516,128,3516,30.769731849438163,3.22979711928521,0.9420009989880532,1e-06,2.1636141904846862e-05,1.0,union_observed_max_per_profile,extended_benchmark_30profiles
STU_0618,nsga2,9,2.131662030291045e-05,0.14546343211755886,128,3516,30.769731849438163,3.22979711928521,0.9420009989880532,1e-06,2.1636141904846862e-05,0.9852320435250597,union_observed_max_per_profile,extended_benchmark_30profiles
STU_0618,nsga3,0,2.141734720016375e-05,0.2550889489525012,128,3516,30.769731849438163,3.22979711928521,0.9420009989880532,1e-06,2.1636141904846862e-05,0.9898875360660258,union_observed_max_per_profile,extended_benchmark_30profiles
STU_0618,nsga3,1,2.1391986274595538e-05,0.24947658255767352,128,3516,30.769731849438163,3.22979711928521,0.9420009989880532,1e-06,2.1636141904846862e-05,0.9887153804349643,union_observed_max_per_profile,extended_benchmark_30profiles
STU_0618,nsga3,2,2.1558680488752985e-05,0.21382735456859261,128,3516,30.769731849438163,3.22979711928521,0.9420009989880532,1e-06,2.1636141904846862e-05,0.9964198138265804,union_observed_max_per_profile,extended_benchmark_30profiles
STU_0618,nsga3,3,2.1539159550374057e-05,0.22086043759012222,128,3516,30.769731849438163,3.22979711928521,0.9420009989880532,1e-06,2.1636141904846862e-05,0.9955175763359604,union_observed_max_per_profile,extended_benchmark_30profiles
STU_0618,nsga3,4,2.1255001751615247e-05,0.27204698517771314,128,3516,30.769731849438163,3.22979711928521,0.9420009989880532,1e-06,2.1636141904846862e-05,0.9823840981027105,union_observed_max_per_profile,extended_benchmark_30profiles
STU_0618,nsga3,5,2.1463111601441773e-05,0.22708628041354037,128,3516,30.769731849438163,3.22979711928521,0.9420009989880532,1e-06,2.1636141904846862e-05,0.9920027191462297,union_observed_max_per_profile,extended_benchmark_30profiles
STU_0618,nsga3,6,2.1411591172766216e-05,0.2276841134539277,128,3516,30.769731849438163,3.22979711928521,0.9420009989880532,1e-06,2.1636141904846862e-05,0.9896214984599291,union_observed_max_per_profile,extended_benchmark_30profiles
STU_0618,nsga3,7,2.136798097961366e-05,0.25272776438459166,128,3516,30.769731849438163,3.22979711928521,0.9420009989880532,1e-06,2.1636141904846862e-05,0.9876058806411724,union_observed_max_per_profile,extended_benchmark_30profiles
STU_0618,nsga3,8,2.1427995363746365e-05,0.23486697735953985,128,3516,30.769731849438163,3.22979711928521,0.9420009989880532,1e-06,2.1636141904846862e-05,0.9903796831239182,union_observed_max_per_profile,extended_benchmark_30profiles
STU_0618,nsga3,9,2.1096465534618866e-05,0.23752776752214114,128,3516,30.769731849438163,3.22979711928521,0.9420009989880532,1e-06,2.1636141904846862e-05,0.9750567188641381,union_observed_max_per_profile,extended_benchmark_30profiles
STU_0618,smsemoa,0,2.0231393200630594e-05,0.30712353001874376,128,3516,30.769731849438163,3.22979711928521,0.9420009989880532,1e-06,2.1636141904846862e-05,0.9350739743529977,union_observed_max_per_profile,extended_benchmark_30profiles
STU_0618,smsemoa,1,2.0999580068418412e-05,0.21358235860218963,128,3516,30.769731849438163,3.22979711928521,0.9420009989880532,1e-06,2.1636141904846862e-05,0.9705787732753847,union_observed_max_per_profile,extended_benchmark_30profiles
STU_0618,smsemoa,2,2.1109655392309194e-05,0.2724901840319428,128,3516,30.769731849438163,3.22979711928521,0.9420009989880532,1e-06,2.1636141904846862e-05,0.9756663403829993,union_observed_max_per_profile,extended_benchmark_30profiles
STU_0618,smsemoa,3,2.1170615471312894e-05,0.2747713754959863,128,3516,30.769731849438163,3.22979711928521,0.9420009989880532,1e-06,2.1636141904846862e-05,0.9784838519001541,union_observed_max_per_profile,extended_benchmark_30profiles
STU_0618,smsemoa,4,2.1105897605170667e-05,0.27952216014326736,128,3516,30.769731849438163,3.22979711928521,0.9420009989880532,1e-06,2.1636141904846862e-05,0.9754926593656048,union_observed_max_per_profile,extended_benchmark_30profiles
STU_0716,moead,0,2.8556477883255054e-06,1.2141920890079636,125,3474,16.154932469009417,1.8241930383855223,0.3975009933457815,1e-06,4.4028683748450344e-06,0.6485880442487709,union_observed_max_per_profile,extended_benchmark_30profiles
STU_0716,moead,1,2.523399364128286e-06,1.4710479537176497,125,3474,16.154932469009417,1.8241930383855223,0.3975009933457815,1e-06,4.4028683748450344e-06,0.5731262325590419,union_observed_max_per_profile,extended_benchmark_30profiles
STU_0716,moead,2,8.62232809683858e-07,1.4624638462948127,125,3474,16.154932469009417,1.8241930383855223,0.3975009933457815,1e-06,4.4028683748450344e-06,0.1958343371357781,union_observed_max_per_profile,extended_benchmark_30profiles
STU_0716,moead,3,2.489520208131793e-06,1.4846393529873168,125,3474,16.154932469009417,1.8241930383855223,0.3975009933457815,1e-06,4.4028683748450344e-06,0.5654314406388348,union_observed_max_per_profile,extended_benchmark_30profiles
STU_0716,moead,4,2.5024630580840437e-06,1.5177016519393731,125,3474,16.154932469009417,1.8241930383855223,0.3975009933457815,1e-06,4.4028683748450344e-06,0.5683710810846399,union_observed_max_per_profile,extended_benchmark_30profiles
STU_0716,moead,5,2.5284683950629174e-06,1.4815823676067315,125,3474,16.154932469009417,1.8241930383855223,0.3975009933457815,1e-06,4.4028683748450344e-06,0.5742775345065615,union_observed_max_per_profile,extended_benchmark_30profiles
STU_0716,moead,6,2.4828372620521976e-06,1.5066411364790195,125,3474,16.154932469009417,1.8241930383855223,0.3975009933457815,1e-06,4.4028683748450344e-06,0.5639135787563908,union_observed_max_per_profile,extended_benchmark_30profiles
STU_0716,moead,7,2.4738340076831077e-06,1.4957039508039067,125,3474,16.154932469009417,1.8241930383855223,0.3975009933457815,1e-06,4.4028683748450344e-06,0.5618687176334628,union_observed_max_per_profile,extended_benchmark_30profiles
STU_0716,moead,8,2.471592535698462e-06,1.4447883616751616,125,3474,16.154932469009417,1.8241930383855223,0.3975009933457815,1e-06,4.4028683748450344e-06,0.5613596240622236,union_observed_max_per_profile,extended_benchmark_30profiles
STU_0716,moead,9,2.891775113066264e-06,1.2322388863254519,125,3474,16.154932469009417,1.8241930383855223,0.3975009933457815,1e-06,4.4028683748450344e-06,0.6567934507394954,union_observed_max_per_profile,extended_benchmark_30profiles
STU_0716,nsga2,0,4.394028345460513e-06,0.05965109661383041,128,3474,16.154932469009417,1.8241930383855223,0.3975009933457815,1e-06,4.4028683748450344e-06,0.9979922112968383,union_observed_max_per_profile,extended_benchmark_30profiles
STU_0716,nsga2,1,4.391710158117995e-06,0.059870913946903505,128,3474,16.154932469009417,1.8241930383855223,0.3975009933457815,1e-06,4.4028683748450344e-06,0.9974656937757236,union_observed_max_per_profile,extended_benchmark_30profiles
STU_0716,nsga2,2,4.3806400587104365e-06,0.06051440043327066,128,3474,16.154932469009417,1.8241930383855223,0.3975009933457815,1e-06,4.4028683748450344e-06,0.9949514011680214,union_observed_max_per_profile,extended_benchmark_30profiles
STU_0716,nsga2,3,4.381009770789444e-06,0.05608165060042557,128,3474,16.154932469009417,1.8241930383855223,0.3975009933457815,1e-06,4.4028683748450344e-06,0.9950353718997198,union_observed_max_per_profile,extended_benchmark_30profiles
STU_0716,nsga2,4,4.400086562686127e-06,0.05648600072907496,128,3474,16.154932469009417,1.8241930383855223,0.3975009933457815,1e-06,4.4028683748450344e-06,0.9993681818482695,union_observed_max_per_profile,extended_benchmark_30profiles
STU_0716,nsga2,5,4.3971379989901135e-06,0.056448299124665716,128,3474,16.154932469009417,1.8241930383855223,0.3975009933457815,1e-06,4.4028683748450344e-06,0.9986984903097126,union_observed_max_per_profile,extended_benchmark_30profiles
STU_0716,nsga2,6,4.380584553988714e-06,0.05433694003997189,128,3474,16.154932469009417,1.8241930383855223,0.3975009933457815,1e-06,4.4028683748450344e-06,0.9949387946767532,union_observed_max_per_profile,extended_benchmark_30profiles
STU_0716,nsga2,7,4.38327415782641e-06,0.05631831492918363,128,3474,16.154932469009417,1.8241930383855223,0.3975009933457815,1e-06,4.4028683748450344e-06,0.9955496700445162,union_observed_max_per_profile,extended_benchmark_30profiles
STU_0716,nsga2,8,4.4028683748450344e-06,0.05477334127751024,128,3474,16.154932469009417,1.8241930383855223,0.3975009933457815,1e-06,4.4028683748450344e-06,1.0,union_observed_max_per_profile,extended_benchmark_30profiles
STU_0716,nsga2,9,4.3982277467739824e-06,0.057596084701110294,128,3474,16.154932469009417,1.8241930383855223,0.3975009933457815,1e-06,4.4028683748450344e-06,0.998945998908901,union_observed_max_per_profile,extended_benchmark_30profiles
STU_0716,nsga3,0,4.339758116907548e-06,0.12166402142467168,128,3474,16.154932469009417,1.8241930383855223,0.3975009933457815,1e-06,4.4028683748450344e-06,0.9856661038749068,union_observed_max_per_profile,extended_benchmark_30profiles
STU_0716,nsga3,1,4.324558314234878e-06,0.13287451565113348,128,3474,16.154932469009417,1.8241930383855223,0.3975009933457815,1e-06,4.4028683748450344e-06,0.9822138538009526,union_observed_max_per_profile,extended_benchmark_30profiles
STU_0716,nsga3,2,4.344098414157352e-06,0.10371587585207404,128,3474,16.154932469009417,1.8241930383855223,0.3975009933457815,1e-06,4.4028683748450344e-06,0.9866518924291596,union_observed_max_per_profile,extended_benchmark_30profiles
STU_0716,nsga3,3,4.378100915751792e-06,0.08443212623969298,128,3474,16.154932469009417,1.8241930383855223,0.3975009933457815,1e-06,4.4028683748450344e-06,0.9943746991768488,union_observed_max_per_profile,extended_benchmark_30profiles
STU_0716,nsga3,4,4.345863580157028e-06,0.1121780209330357,128,3474,16.154932469009417,1.8241930383855223,0.3975009933457815,1e-06,4.4028683748450344e-06,0.9870528051636308,union_observed_max_per_profile,extended_benchmark_30profiles
STU_0716,nsga3,5,4.3640710262823085e-06,0.09249661151832972,128,3474,16.154932469009417,1.8241930383855223,0.3975009933457815,1e-06,4.4028683748450344e-06,0.9911881652460047,union_observed_max_per_profile,extended_benchmark_30profiles
STU_0716,nsga3,6,4.380313703631602e-06,0.06730476834004172,128,3474,16.154932469009417,1.8241930383855223,0.3975009933457815,1e-06,4.4028683748450344e-06,0.9948772778804166,union_observed_max_per_profile,extended_benchmark_30profiles
STU_0716,nsga3,7,4.393088342296208e-06,0.062137104885156294,128,3474,16.154932469009417,1.8241930383855223,0.3975009933457815,1e-06,4.4028683748450344e-06,0.9977787133940449,union_observed_max_per_profile,extended_benchmark_30profiles
STU_0716,nsga3,8,4.346752772773623e-06,0.11394360602878907,128,3474,16.154932469009417,1.8241930383855223,0.3975009933457815,1e-06,4.4028683748450344e-06,0.9872547627378512,union_observed_max_per_profile,extended_benchmark_30profiles
STU_0716,nsga3,9,4.330202748241312e-06,0.1270305131705268,128,3474,16.154932469009417,1.8241930383855223,0.3975009933457815,1e-06,4.4028683748450344e-06,0.9834958439777841,union_observed_max_per_profile,extended_benchmark_30profiles
STU_0716,smsemoa,0,4.306763001420614e-06,0.1571609595983643,128,3474,16.154932469009417,1.8241930383855223,0.3975009933457815,1e-06,4.4028683748450344e-06,0.9781720993583408,union_observed_max_per_profile,extended_benchmark_30profiles
STU_0716,smsemoa,1,4.219092583656545e-06,0.197293273325189,128,3474,16.154932469009417,1.8241930383855223,0.3975009933457815,1e-06,4.4028683748450344e-06,0.9582599851863712,union_observed_max_per_profile,extended_benchmark_30profiles
STU_0716,smsemoa,2,4.271581381810827e-06,0.1472828612239032,128,3474,16.154932469009417,1.8241930383855223,0.3975009933457815,1e-06,4.4028683748450344e-06,0.9701814858276729,union_observed_max_per_profile,extended_benchmark_30profiles
STU_0716,smsemoa,3,4.324033261764619e-06,0.09666172343111318,128,3474,16.154932469009417,1.8241930383855223,0.3975009933457815,1e-06,4.4028683748450344e-06,0.9820946014350951,union_observed_max_per_profile,extended_benchmark_30profiles
STU_0716,smsemoa,4,4.330928135859102e-06,0.11428119144437193,128,3474,16.154932469009417,1.8241930383855223,0.3975009933457815,1e-06,4.4028683748450344e-06,0.9836605973966994,union_observed_max_per_profile,extended_benchmark_30profiles
