walk_share,bike_share,bus_share,tram_share,car_share,crowding,transfers,distance_km,rain,temperature_c,age,mobility_restriction,reliability_penalty,safety_penalty,fare_eur,travel_time_min,weather_label,dominant_mode,y_true,y_pred,abs_error
1.0,0.0,0.0,0.0,0.0,0.5,1,3.0,0,14.0,25.8,0,0.15,0.1,0.75,9.0,sunny,walk,0.8,0.9150509780792535,0.11505097807925346
1.0,0.0,0.0,0.0,0.0,0.3,0,0.8,1,14.0,25.8,0,0.0,0.1,0.2,2.4,rain,walk,0.7,0.7402647411194302,0.040264741119430236
0.0,1.0,0.0,0.0,0.0,0.3,0,2.5,0,14.0,25.8,0,0.0,0.1,0.625,7.5,sunny,bike,0.9,0.9091618939489046,0.009161893948904543
1.0,0.0,0.0,0.0,0.0,0.8,1,3.0,1,14.0,25.8,0,0.15,0.1,0.75,9.0,rain,walk,0.8,0.6787532098231681,0.12124679017683193
1.0,0.0,0.0,0.0,0.0,0.3,0,0.8,1,14.0,25.8,0,0.0,0.1,0.2,2.4,rain,walk,0.6,0.7402647411194302,0.14026474111943021
0.0,1.0,0.0,0.0,0.0,0.3,0,2.5,0,14.0,25.8,0,0.0,0.1,0.625,7.5,sunny,bike,1.0,0.9091618939489046,0.09083810605109544
1.0,0.0,0.0,0.0,0.0,0.5,1,3.0,0,14.0,25.8,0,0.15,0.1,0.75,9.0,sunny,walk,0.9,0.9150509780792535,0.015050978079253485
1.0,0.0,0.0,0.0,0.0,0.8,2,5.0,1,14.0,25.8,0,0.3,0.1,1.25,15.0,rain,walk,0.6,0.6384317886151736,0.0384317886151736
1.0,0.0,0.0,0.0,0.0,0.3,0,0.8,0,14.0,25.8,0,0.0,0.1,0.2,2.4,sunny,walk,1.0,0.9527346589689272,0.04726534103107283
1.0,0.0,0.0,0.0,0.0,0.8,1,3.0,1,14.0,25.8,0,0.15,0.1,0.75,9.0,rain,walk,0.7,0.6787532098231681,0.021246790176831842
0.0,0.0,0.0,0.0,1.0,0.3,0,8.0,0,14.0,25.8,0,0.0,0.1,2.0,24.0,any,car,1.0,0.964540182270085,0.03545981772991502
0.0,1.0,0.0,0.0,0.0,0.3,0,2.5,1,14.0,25.8,0,0.0,0.1,0.625,7.5,rain,bike,0.6,0.6966919760994077,0.09669197609940772
0.0,0.0,1.0,0.0,0.0,0.8,0,5.0,0,14.0,25.8,0,0.0,0.1,1.25,15.0,any,bus,0.8,0.8733736115265892,0.07337361152658917
0.0,1.0,0.0,0.0,0.0,0.3,0,2.5,0,14.0,25.8,0,0.0,0.1,0.625,7.5,sunny,bike,0.9,0.9091618939489046,0.009161893948904543
0.0,0.0,0.0,0.0,1.0,0.3,0,8.0,0,14.0,25.8,0,0.0,0.1,2.0,24.0,any,car,1.0,0.964540182270085,0.03545981772991502
0.0,0.0,1.0,0.0,0.0,0.8,0,5.0,0,14.0,25.8,0,0.0,0.1,1.25,15.0,any,bus,0.8,0.8733736115265892,0.07337361152658917
0.0,1.0,0.0,0.0,0.0,0.3,0,2.5,0,14.0,25.8,0,0.0,0.1,0.625,7.5,sunny,bike,1.0,0.9091618939489046,0.09083810605109544
1.0,0.0,0.0,0.0,0.0,0.3,0,0.8,1,14.0,25.8,0,0.0,0.1,0.2,2.4,rain,walk,0.7,0.7402647411194302,0.040264741119430236
0.0,0.0,0.0,0.0,1.0,0.3,0,8.0,0,14.0,25.8,0,0.0,0.1,2.0,24.0,any,car,1.0,0.964540182270085,0.03545981772991502
1.0,0.0,0.0,0.0,0.0,0.3,0,0.8,0,14.0,25.8,0,0.0,0.1,0.2,2.4,sunny,walk,1.0,0.9527346589689272,0.04726534103107283
0.0,1.0,0.0,0.0,0.0,0.3,0,2.5,1,14.0,25.8,0,0.0,0.1,0.625,7.5,rain,bike,0.7,0.6966919760994077,0.0033080239005922607
1.0,0.0,0.0,0.0,0.0,0.8,2,5.0,1,14.0,25.8,0,0.3,0.1,1.25,15.0,rain,walk,0.6,0.6384317886151736,0.0384317886151736
1.0,0.0,0.0,0.0,0.0,0.8,2,5.0,1,14.0,25.8,0,0.3,0.1,1.25,15.0,rain,walk,0.8,0.6384317886151736,0.16156821138482647
0.0,0.0,1.0,0.0,0.0,0.2,0,5.0,0,14.0,25.8,0,0.0,0.1,1.25,15.0,any,bus,1.0,0.9210293123397663,0.07897068766023374
0.0,1.0,0.0,0.0,0.0,0.3,0,2.5,0,14.0,25.8,0,0.0,0.1,0.625,7.5,sunny,bike,1.0,0.9091618939489046,0.09083810605109544
0.0,0.0,0.0,0.0,1.0,0.3,0,8.0,0,14.0,25.8,0,0.0,0.1,2.0,24.0,any,car,0.9,0.964540182270085,0.06454018227008496
1.0,0.0,0.0,0.0,0.0,0.3,0,0.8,1,14.0,25.8,0,0.0,0.1,0.2,2.4,rain,walk,0.8,0.7402647411194302,0.05973525888056985
1.0,0.0,0.0,0.0,0.0,0.3,0,0.8,0,14.0,25.8,0,0.0,0.1,0.2,2.4,sunny,walk,1.0,0.9527346589689272,0.04726534103107283
0.0,1.0,0.0,0.0,0.0,0.3,0,2.5,1,14.0,25.8,0,0.0,0.1,0.625,7.5,rain,bike,0.7,0.6966919760994077,0.0033080239005922607
1.0,0.0,0.0,0.0,0.0,0.8,2,5.0,1,14.0,25.8,0,0.3,0.1,1.25,15.0,rain,walk,0.8,0.6384317886151736,0.16156821138482647
1.0,0.0,0.0,0.0,0.0,0.8,2,5.0,1,14.0,25.8,0,0.3,0.1,1.25,15.0,rain,walk,0.6,0.6384317886151736,0.0384317886151736
0.0,0.0,0.0,0.0,1.0,0.3,0,8.0,0,14.0,25.8,0,0.0,0.1,2.0,24.0,any,car,1.0,0.964540182270085,0.03545981772991502
0.0,0.0,0.0,0.0,1.0,0.3,0,8.0,0,14.0,25.8,0,0.0,0.1,2.0,24.0,any,car,1.0,0.964540182270085,0.03545981772991502
0.0,0.0,0.0,0.0,1.0,0.3,0,8.0,0,14.0,25.8,0,0.0,0.1,2.0,24.0,any,car,1.0,0.964540182270085,0.03545981772991502
1.0,0.0,0.0,0.0,0.0,0.8,1,3.0,1,14.0,25.8,0,0.15,0.1,0.75,9.0,rain,walk,0.6,0.6787532098231681,0.07875320982316814
1.0,0.0,0.0,0.0,0.0,0.5,1,3.0,0,14.0,25.8,0,0.15,0.1,0.75,9.0,sunny,walk,0.8,0.9150509780792535,0.11505097807925346
0.0,0.0,1.0,0.0,0.0,0.8,0,5.0,0,14.0,25.8,0,0.0,0.1,1.25,15.0,any,bus,0.7,0.8733736115265892,0.17337361152658926
1.0,0.0,0.0,0.0,0.0,0.3,0,0.8,0,14.0,25.8,0,0.0,0.1,0.2,2.4,sunny,walk,1.0,0.9527346589689272,0.04726534103107283
0.0,0.0,1.0,0.0,0.0,0.2,0,5.0,0,14.0,25.8,0,0.0,0.1,1.25,15.0,any,bus,0.8,0.9210293123397663,0.12102931233976622
0.0,0.0,0.0,0.0,1.0,0.3,0,8.0,0,14.0,25.8,0,0.0,0.1,2.0,24.0,any,car,1.0,0.964540182270085,0.03545981772991502
1.0,0.0,0.0,0.0,0.0,0.8,1,3.0,1,14.0,25.8,0,0.15,0.1,0.75,9.0,rain,walk,0.8,0.6787532098231681,0.12124679017683193
1.0,0.0,0.0,0.0,0.0,0.8,2,5.0,1,14.0,25.8,0,0.3,0.1,1.25,15.0,rain,walk,0.6,0.6384317886151736,0.0384317886151736
0.0,0.0,0.0,0.0,1.0,0.3,0,8.0,0,14.0,25.8,0,0.0,0.1,2.0,24.0,any,car,1.0,0.964540182270085,0.03545981772991502
0.0,0.0,1.0,0.0,0.0,0.2,0,5.0,0,14.0,25.8,0,0.0,0.1,1.25,15.0,any,bus,1.0,0.9210293123397663,0.07897068766023374
1.0,0.0,0.0,0.0,0.0,0.8,1,3.0,1,14.0,25.8,0,0.15,0.1,0.75,9.0,rain,walk,0.7,0.6787532098231681,0.021246790176831842
0.0,1.0,0.0,0.0,0.0,0.3,0,2.5,1,14.0,25.8,0,0.0,0.1,0.625,7.5,rain,bike,0.4,0.6966919760994077,0.2966919760994077
1.0,0.0,0.0,0.0,0.0,0.3,0,0.8,0,14.0,25.8,0,0.0,0.1,0.2,2.4,sunny,walk,1.0,0.9527346589689272,0.04726534103107283
0.0,0.0,1.0,0.0,0.0,0.8,0,5.0,0,14.0,25.8,0,0.0,0.1,1.25,15.0,any,bus,0.9,0.8733736115265892,0.02662638847341081
0.0,1.0,0.0,0.0,0.0,0.3,0,3.0,0,14.0,25.8,0,0.0,0.1,0.75,9.0,sunny,bike,0.8,0.9554693287556876,0.15546932875568753
0.0,1.0,0.0,0.0,0.0,0.3,0,3.0,0,14.0,25.8,0,0.0,0.1,0.75,9.0,sunny,bike,1.0,0.9554693287556876,0.044530671244312425
1.0,0.0,0.0,0.0,0.0,0.8,1,3.0,1,14.0,25.8,0,0.15,0.1,0.75,9.0,rain,walk,0.6,0.6787532098231681,0.07875320982316814
0.0,0.0,0.0,0.0,1.0,0.3,0,8.0,0,14.0,25.8,0,0.0,0.1,2.0,24.0,any,car,1.0,0.964540182270085,0.03545981772991502
0.0,1.0,0.0,0.0,0.0,0.3,0,3.0,0,14.0,25.8,0,0.0,0.1,0.75,9.0,sunny,bike,1.0,0.9554693287556876,0.044530671244312425
1.0,0.0,0.0,0.0,0.0,0.3,0,0.8,0,14.0,25.8,0,0.0,0.1,0.2,2.4,sunny,walk,1.0,0.9527346589689272,0.04726534103107283
0.0,1.0,0.0,0.0,0.0,0.3,0,2.5,0,14.0,25.8,0,0.0,0.1,0.625,7.5,sunny,bike,1.0,0.9091618939489046,0.09083810605109544
1.0,0.0,0.0,0.0,0.0,0.5,1,3.0,0,14.0,25.8,0,0.15,0.1,0.75,9.0,sunny,walk,0.8,0.9150509780792535,0.11505097807925346
1.0,0.0,0.0,0.0,0.0,0.3,0,0.8,1,14.0,25.8,0,0.0,0.1,0.2,2.4,rain,walk,0.5,0.7402647411194302,0.2402647411194302
0.0,1.0,0.0,0.0,0.0,0.3,0,2.5,0,14.0,25.8,0,0.0,0.1,0.625,7.5,sunny,bike,1.0,0.9091618939489046,0.09083810605109544
0.0,0.0,1.0,0.0,0.0,0.8,0,5.0,0,14.0,25.8,0,0.0,0.1,1.25,15.0,any,bus,0.7,0.8733736115265892,0.17337361152658926
1.0,0.0,0.0,0.0,0.0,0.8,2,5.0,1,14.0,25.8,0,0.3,0.1,1.25,15.0,rain,walk,0.5,0.6384317886151736,0.13843178861517358
0.0,1.0,0.0,0.0,0.0,0.3,0,3.0,0,14.0,25.8,0,0.0,0.1,0.75,9.0,sunny,bike,0.9,0.9554693287556876,0.05546932875568755
1.0,0.0,0.0,0.0,0.0,0.5,1,3.0,0,14.0,25.8,0,0.15,0.1,0.75,9.0,sunny,walk,0.9,0.9150509780792535,0.015050978079253485
0.0,1.0,0.0,0.0,0.0,0.3,0,2.5,0,14.0,25.8,0,0.0,0.1,0.625,7.5,sunny,bike,0.9,0.9091618939489046,0.009161893948904543
0.0,1.0,0.0,0.0,0.0,0.3,0,3.0,0,14.0,25.8,0,0.0,0.1,0.75,9.0,sunny,bike,1.0,0.9554693287556876,0.044530671244312425
0.0,0.0,0.0,0.0,1.0,0.3,0,8.0,0,14.0,25.8,0,0.0,0.1,2.0,24.0,any,car,1.0,0.964540182270085,0.03545981772991502
0.0,0.0,1.0,0.0,0.0,0.2,0,5.0,0,14.0,25.8,0,0.0,0.1,1.25,15.0,any,bus,1.0,0.9210293123397663,0.07897068766023374
0.0,0.0,0.0,0.0,1.0,0.3,0,8.0,0,14.0,25.8,0,0.0,0.1,2.0,24.0,any,car,1.0,0.964540182270085,0.03545981772991502
1.0,0.0,0.0,0.0,0.0,0.3,0,0.8,1,14.0,25.8,0,0.0,0.1,0.2,2.4,rain,walk,0.7,0.7402647411194302,0.040264741119430236
1.0,0.0,0.0,0.0,0.0,0.3,0,0.8,1,14.0,25.8,0,0.0,0.1,0.2,2.4,rain,walk,0.8,0.7402647411194302,0.05973525888056985
0.0,1.0,0.0,0.0,0.0,0.3,0,2.5,0,14.0,25.8,0,0.0,0.1,0.625,7.5,sunny,bike,0.8,0.9091618939489046,0.10916189394890452
0.0,1.0,0.0,0.0,0.0,0.3,0,3.0,0,14.0,25.8,0,0.0,0.1,0.75,9.0,sunny,bike,1.0,0.9554693287556876,0.044530671244312425
1.0,0.0,0.0,0.0,0.0,0.8,1,3.0,1,14.0,25.8,0,0.15,0.1,0.75,9.0,rain,walk,0.7,0.6787532098231681,0.021246790176831842
0.0,0.0,1.0,0.0,0.0,0.2,0,5.0,0,14.0,25.8,0,0.0,0.1,1.25,15.0,any,bus,1.0,0.9210293123397663,0.07897068766023374
0.0,0.0,0.0,0.0,1.0,0.3,0,8.0,0,14.0,25.8,0,0.0,0.1,2.0,24.0,any,car,1.0,0.964540182270085,0.03545981772991502
0.0,1.0,0.0,0.0,0.0,0.3,0,2.5,0,14.0,25.8,0,0.0,0.1,0.625,7.5,sunny,bike,1.0,0.9091618939489046,0.09083810605109544
0.0,0.0,1.0,0.0,0.0,0.8,0,5.0,0,14.0,25.8,0,0.0,0.1,1.25,15.0,any,bus,0.6,0.8733736115265892,0.27337361152658923
1.0,0.0,0.0,0.0,0.0,0.8,2,5.0,1,14.0,25.8,0,0.3,0.1,1.25,15.0,rain,walk,0.6,0.6384317886151736,0.0384317886151736
0.0,0.0,1.0,0.0,0.0,0.8,0,5.0,0,14.0,25.8,0,0.0,0.1,1.25,15.0,any,bus,0.9,0.8733736115265892,0.02662638847341081
1.0,0.0,0.0,0.0,0.0,0.8,2,5.0,1,14.0,25.8,0,0.3,0.1,1.25,15.0,rain,walk,0.6,0.6384317886151736,0.0384317886151736
0.0,0.0,1.0,0.0,0.0,0.2,0,5.0,0,14.0,25.8,0,0.0,0.1,1.25,15.0,any,bus,0.8,0.9210293123397663,0.12102931233976622
1.0,0.0,0.0,0.0,0.0,0.8,1,3.0,1,14.0,25.8,0,0.15,0.1,0.75,9.0,rain,walk,0.6,0.6787532098231681,0.07875320982316814
0.0,0.0,0.0,0.0,1.0,0.3,0,8.0,0,14.0,25.8,0,0.0,0.1,2.0,24.0,any,car,1.0,0.964540182270085,0.03545981772991502
0.0,0.0,0.0,0.0,1.0,0.3,0,8.0,0,14.0,25.8,0,0.0,0.1,2.0,24.0,any,car,0.9,0.964540182270085,0.06454018227008496
1.0,0.0,0.0,0.0,0.0,0.8,1,3.0,1,14.0,25.8,0,0.15,0.1,0.75,9.0,rain,walk,0.6,0.6787532098231681,0.07875320982316814
0.0,1.0,0.0,0.0,0.0,0.3,0,2.5,0,14.0,25.8,0,0.0,0.1,0.625,7.5,sunny,bike,1.0,0.9091618939489046,0.09083810605109544
0.0,1.0,0.0,0.0,0.0,0.3,0,3.0,0,14.0,25.8,0,0.0,0.1,0.75,9.0,sunny,bike,1.0,0.9554693287556876,0.044530671244312425
0.0,0.0,1.0,0.0,0.0,0.2,0,5.0,0,14.0,25.8,0,0.0,0.1,1.25,15.0,any,bus,1.0,0.9210293123397663,0.07897068766023374
0.0,0.0,0.0,0.0,1.0,0.3,0,8.0,0,14.0,25.8,0,0.0,0.1,2.0,24.0,any,car,0.9,0.964540182270085,0.06454018227008496
1.0,0.0,0.0,0.0,0.0,0.5,1,3.0,0,14.0,25.8,0,0.15,0.1,0.75,9.0,sunny,walk,0.8,0.9150509780792535,0.11505097807925346
0.0,1.0,0.0,0.0,0.0,0.3,0,3.0,0,14.0,25.8,0,0.0,0.1,0.75,9.0,sunny,bike,1.0,0.9554693287556876,0.044530671244312425
0.0,0.0,0.0,0.0,1.0,0.3,0,8.0,0,14.0,25.8,0,0.0,0.1,2.0,24.0,any,car,1.0,0.964540182270085,0.03545981772991502
0.0,1.0,0.0,0.0,0.0,0.3,0,2.5,0,14.0,25.8,0,0.0,0.1,0.625,7.5,sunny,bike,1.0,0.9091618939489046,0.09083810605109544
1.0,0.0,0.0,0.0,0.0,0.8,2,5.0,1,14.0,25.8,0,0.3,0.1,1.25,15.0,rain,walk,0.6,0.6384317886151736,0.0384317886151736
0.0,0.0,1.0,0.0,0.0,0.2,0,5.0,0,14.0,25.8,0,0.0,0.1,1.25,15.0,any,bus,1.0,0.9210293123397663,0.07897068766023374
1.0,0.0,0.0,0.0,0.0,0.8,1,3.0,1,14.0,25.8,0,0.15,0.1,0.75,9.0,rain,walk,0.8,0.6787532098231681,0.12124679017683193
1.0,0.0,0.0,0.0,0.0,0.8,1,3.0,1,14.0,25.8,0,0.15,0.1,0.75,9.0,rain,walk,0.6,0.6787532098231681,0.07875320982316814
1.0,0.0,0.0,0.0,0.0,0.8,1,3.0,1,14.0,25.8,0,0.15,0.1,0.75,9.0,rain,walk,0.8,0.6787532098231681,0.12124679017683193
1.0,0.0,0.0,0.0,0.0,0.8,2,5.0,1,14.0,25.8,0,0.3,0.1,1.25,15.0,rain,walk,0.7,0.6384317886151736,0.06156821138482638
0.0,0.0,1.0,0.0,0.0,0.2,0,5.0,0,14.0,25.8,0,0.0,0.1,1.25,15.0,any,bus,0.9,0.9210293123397663,0.021029312339766237
0.0,1.0,0.0,0.0,0.0,0.3,0,2.5,1,14.0,25.8,0,0.0,0.1,0.625,7.5,rain,bike,0.8,0.6966919760994077,0.10330802390059235
0.0,0.0,1.0,0.0,0.0,0.8,0,5.0,0,14.0,25.8,0,0.0,0.1,1.25,15.0,any,bus,0.8,0.8733736115265892,0.07337361152658917
0.0,1.0,0.0,0.0,0.0,0.3,0,2.5,1,14.0,25.8,0,0.0,0.1,0.625,7.5,rain,bike,0.6,0.6966919760994077,0.09669197609940772
0.0,0.0,0.0,0.0,1.0,0.3,0,8.0,0,14.0,25.8,0,0.0,0.1,2.0,24.0,any,car,1.0,0.964540182270085,0.03545981772991502
0.0,0.0,0.0,0.0,1.0,0.3,0,8.0,0,14.0,25.8,0,0.0,0.1,2.0,24.0,any,car,0.9,0.964540182270085,0.06454018227008496
0.0,0.0,1.0,0.0,0.0,0.8,0,5.0,0,14.0,25.8,0,0.0,0.1,1.25,15.0,any,bus,0.8,0.8733736115265892,0.07337361152658917
0.0,0.0,1.0,0.0,0.0,0.2,0,5.0,0,14.0,25.8,0,0.0,0.1,1.25,15.0,any,bus,1.0,0.9210293123397663,0.07897068766023374
1.0,0.0,0.0,0.0,0.0,0.3,0,0.8,0,14.0,25.8,0,0.0,0.1,0.2,2.4,sunny,walk,0.9,0.9527346589689272,0.05273465896892715
0.0,1.0,0.0,0.0,0.0,0.3,0,2.5,0,14.0,25.8,0,0.0,0.1,0.625,7.5,sunny,bike,0.8,0.9091618939489046,0.10916189394890452
0.0,0.0,1.0,0.0,0.0,0.2,0,5.0,0,14.0,25.8,0,0.0,0.1,1.25,15.0,any,bus,1.0,0.9210293123397663,0.07897068766023374
1.0,0.0,0.0,0.0,0.0,0.3,0,0.8,1,14.0,25.8,0,0.0,0.1,0.2,2.4,rain,walk,0.7,0.7402647411194302,0.040264741119430236
0.0,0.0,0.0,0.0,1.0,0.3,0,8.0,0,14.0,25.8,0,0.0,0.1,2.0,24.0,any,car,1.0,0.964540182270085,0.03545981772991502
0.0,1.0,0.0,0.0,0.0,0.3,0,2.5,0,14.0,25.8,0,0.0,0.1,0.625,7.5,sunny,bike,1.0,0.9091618939489046,0.09083810605109544
0.0,1.0,0.0,0.0,0.0,0.3,0,2.5,1,14.0,25.8,0,0.0,0.1,0.625,7.5,rain,bike,0.7,0.6966919760994077,0.0033080239005922607
1.0,0.0,0.0,0.0,0.0,0.3,0,0.8,1,14.0,25.8,0,0.0,0.1,0.2,2.4,rain,walk,0.8,0.7402647411194302,0.05973525888056985
0.0,0.0,1.0,0.0,0.0,0.2,0,5.0,0,14.0,25.8,0,0.0,0.1,1.25,15.0,any,bus,1.0,0.9210293123397663,0.07897068766023374
1.0,0.0,0.0,0.0,0.0,0.8,1,3.0,1,14.0,25.8,0,0.15,0.1,0.75,9.0,rain,walk,0.6,0.6787532098231681,0.07875320982316814
0.0,1.0,0.0,0.0,0.0,0.3,0,3.0,0,14.0,25.8,0,0.0,0.1,0.75,9.0,sunny,bike,0.9,0.9554693287556876,0.05546932875568755
0.0,1.0,0.0,0.0,0.0,0.3,0,3.0,0,14.0,25.8,0,0.0,0.1,0.75,9.0,sunny,bike,0.9,0.9554693287556876,0.05546932875568755
0.0,0.0,0.0,0.0,1.0,0.3,0,8.0,0,14.0,25.8,0,0.0,0.1,2.0,24.0,any,car,1.0,0.964540182270085,0.03545981772991502
1.0,0.0,0.0,0.0,0.0,0.3,0,0.8,1,14.0,25.8,0,0.0,0.1,0.2,2.4,rain,walk,0.8,0.7402647411194302,0.05973525888056985
1.0,0.0,0.0,0.0,0.0,0.5,1,3.0,0,14.0,25.8,0,0.15,0.1,0.75,9.0,sunny,walk,0.8,0.9150509780792535,0.11505097807925346
0.0,1.0,0.0,0.0,0.0,0.3,0,2.5,0,14.0,25.8,0,0.0,0.1,0.625,7.5,sunny,bike,0.6,0.9091618939489046,0.3091618939489046
1.0,0.0,0.0,0.0,0.0,0.5,1,3.0,0,14.0,25.8,0,0.15,0.1,0.75,9.0,sunny,walk,0.8,0.9150509780792535,0.11505097807925346
0.0,0.0,0.0,0.0,1.0,0.3,0,8.0,0,14.0,25.8,0,0.0,0.1,2.0,24.0,any,car,1.0,0.964540182270085,0.03545981772991502
0.0,0.0,0.0,0.0,1.0,0.3,0,8.0,0,14.0,25.8,0,0.0,0.1,2.0,24.0,any,car,0.9,0.964540182270085,0.06454018227008496
1.0,0.0,0.0,0.0,0.0,0.5,1,3.0,0,14.0,25.8,0,0.15,0.1,0.75,9.0,sunny,walk,0.8,0.9150509780792535,0.11505097807925346
0.0,0.0,0.0,0.0,1.0,0.3,0,8.0,0,14.0,25.8,0,0.0,0.1,2.0,24.0,any,car,1.0,0.964540182270085,0.03545981772991502
0.0,1.0,0.0,0.0,0.0,0.3,0,3.0,0,14.0,25.8,0,0.0,0.1,0.75,9.0,sunny,bike,1.0,0.9554693287556876,0.044530671244312425
0.0,0.0,0.0,0.0,1.0,0.3,0,8.0,0,14.0,25.8,0,0.0,0.1,2.0,24.0,any,car,0.9,0.964540182270085,0.06454018227008496
1.0,0.0,0.0,0.0,0.0,0.3,0,0.8,0,14.0,25.8,0,0.0,0.1,0.2,2.4,sunny,walk,1.0,0.9527346589689272,0.04726534103107283
0.0,0.0,0.0,0.0,1.0,0.3,0,8.0,0,14.0,25.8,0,0.0,0.1,2.0,24.0,any,car,0.9,0.964540182270085,0.06454018227008496
0.0,0.0,0.0,0.0,1.0,0.3,0,8.0,0,14.0,25.8,0,0.0,0.1,2.0,24.0,any,car,1.0,0.964540182270085,0.03545981772991502
1.0,0.0,0.0,0.0,0.0,0.5,1,3.0,0,14.0,25.8,0,0.15,0.1,0.75,9.0,sunny,walk,0.9,0.9150509780792535,0.015050978079253485
0.0,1.0,0.0,0.0,0.0,0.3,0,2.5,1,14.0,25.8,0,0.0,0.1,0.625,7.5,rain,bike,0.7,0.6966919760994077,0.0033080239005922607
0.0,0.0,1.0,0.0,0.0,0.8,0,5.0,0,14.0,25.8,0,0.0,0.1,1.25,15.0,any,bus,0.9,0.8733736115265892,0.02662638847341081
0.0,0.0,1.0,0.0,0.0,0.8,0,5.0,0,14.0,25.8,0,0.0,0.1,1.25,15.0,any,bus,1.0,0.8733736115265892,0.1266263884734108
1.0,0.0,0.0,0.0,0.0,0.8,1,3.0,1,14.0,25.8,0,0.15,0.1,0.75,9.0,rain,walk,0.9,0.6787532098231681,0.2212467901768319
0.0,1.0,0.0,0.0,0.0,0.3,0,2.5,0,14.0,25.8,0,0.0,0.1,0.625,7.5,sunny,bike,0.7,0.9091618939489046,0.2091618939489046
1.0,0.0,0.0,0.0,0.0,0.8,1,3.0,1,14.0,25.8,0,0.15,0.1,0.75,9.0,rain,walk,0.8,0.6787532098231681,0.12124679017683193
0.0,0.0,1.0,0.0,0.0,0.2,0,5.0,0,14.0,25.8,0,0.0,0.1,1.25,15.0,any,bus,0.8,0.9210293123397663,0.12102931233976622
0.0,1.0,0.0,0.0,0.0,0.3,0,2.5,1,14.0,25.8,0,0.0,0.1,0.625,7.5,rain,bike,0.6,0.6966919760994077,0.09669197609940772
0.0,1.0,0.0,0.0,0.0,0.3,0,2.5,0,14.0,25.8,0,0.0,0.1,0.625,7.5,sunny,bike,0.9,0.9091618939489046,0.009161893948904543
1.0,0.0,0.0,0.0,0.0,0.3,0,0.8,0,14.0,25.8,0,0.0,0.1,0.2,2.4,sunny,walk,1.0,0.9527346589689272,0.04726534103107283
1.0,0.0,0.0,0.0,0.0,0.8,1,3.0,1,14.0,25.8,0,0.15,0.1,0.75,9.0,rain,walk,0.6,0.6787532098231681,0.07875320982316814
1.0,0.0,0.0,0.0,0.0,0.3,0,0.8,1,14.0,25.8,0,0.0,0.1,0.2,2.4,rain,walk,0.7,0.7402647411194302,0.040264741119430236
0.0,0.0,0.0,0.0,1.0,0.3,0,8.0,0,14.0,25.8,0,0.0,0.1,2.0,24.0,any,car,0.9,0.964540182270085,0.06454018227008496
1.0,0.0,0.0,0.0,0.0,0.8,2,5.0,1,14.0,25.8,0,0.3,0.1,1.25,15.0,rain,walk,0.6,0.6384317886151736,0.0384317886151736
0.0,1.0,0.0,0.0,0.0,0.3,0,2.5,1,14.0,25.8,0,0.0,0.1,0.625,7.5,rain,bike,0.5,0.6966919760994077,0.1966919760994077
0.0,0.0,0.0,0.0,1.0,0.3,0,8.0,0,14.0,25.8,0,0.0,0.1,2.0,24.0,any,car,1.0,0.964540182270085,0.03545981772991502
1.0,0.0,0.0,0.0,0.0,0.8,1,3.0,1,14.0,25.8,0,0.15,0.1,0.75,9.0,rain,walk,0.8,0.6787532098231681,0.12124679017683193
0.0,1.0,0.0,0.0,0.0,0.3,0,2.5,0,14.0,25.8,0,0.0,0.1,0.625,7.5,sunny,bike,0.9,0.9091618939489046,0.009161893948904543
0.0,0.0,0.0,0.0,1.0,0.3,0,8.0,0,14.0,25.8,0,0.0,0.1,2.0,24.0,any,car,1.0,0.964540182270085,0.03545981772991502
1.0,0.0,0.0,0.0,0.0,0.3,0,0.8,1,14.0,25.8,0,0.0,0.1,0.2,2.4,rain,walk,0.7,0.7402647411194302,0.040264741119430236
0.0,0.0,1.0,0.0,0.0,0.8,0,5.0,0,14.0,25.8,0,0.0,0.1,1.25,15.0,any,bus,1.0,0.8733736115265892,0.1266263884734108
0.0,1.0,0.0,0.0,0.0,0.3,0,3.0,0,14.0,25.8,0,0.0,0.1,0.75,9.0,sunny,bike,1.0,0.9554693287556876,0.044530671244312425
0.0,0.0,0.0,0.0,1.0,0.3,0,8.0,0,14.0,25.8,0,0.0,0.1,2.0,24.0,any,car,1.0,0.964540182270085,0.03545981772991502
1.0,0.0,0.0,0.0,0.0,0.3,0,0.8,1,14.0,25.8,0,0.0,0.1,0.2,2.4,rain,walk,0.7,0.7402647411194302,0.040264741119430236
1.0,0.0,0.0,0.0,0.0,0.8,1,3.0,1,14.0,25.8,0,0.15,0.1,0.75,9.0,rain,walk,0.7,0.6787532098231681,0.021246790176831842
0.0,0.0,1.0,0.0,0.0,0.8,0,5.0,0,14.0,25.8,0,0.0,0.1,1.25,15.0,any,bus,0.9,0.8733736115265892,0.02662638847341081
1.0,0.0,0.0,0.0,0.0,0.8,1,3.0,1,14.0,25.8,0,0.15,0.1,0.75,9.0,rain,walk,0.8,0.6787532098231681,0.12124679017683193
0.0,1.0,0.0,0.0,0.0,0.3,0,2.5,1,14.0,25.8,0,0.0,0.1,0.625,7.5,rain,bike,0.5,0.6966919760994077,0.1966919760994077
0.0,1.0,0.0,0.0,0.0,0.3,0,3.0,0,14.0,25.8,0,0.0,0.1,0.75,9.0,sunny,bike,1.0,0.9554693287556876,0.044530671244312425
1.0,0.0,0.0,0.0,0.0,0.8,2,5.0,1,14.0,25.8,0,0.3,0.1,1.25,15.0,rain,walk,0.8,0.6384317886151736,0.16156821138482647
1.0,0.0,0.0,0.0,0.0,0.3,0,0.8,0,14.0,25.8,0,0.0,0.1,0.2,2.4,sunny,walk,1.0,0.9527346589689272,0.04726534103107283
0.0,0.0,1.0,0.0,0.0,0.8,0,5.0,0,14.0,25.8,0,0.0,0.1,1.25,15.0,any,bus,0.9,0.8733736115265892,0.02662638847341081
0.0,0.0,1.0,0.0,0.0,0.2,0,5.0,0,14.0,25.8,0,0.0,0.1,1.25,15.0,any,bus,0.9,0.9210293123397663,0.021029312339766237
1.0,0.0,0.0,0.0,0.0,0.8,2,5.0,1,14.0,25.8,0,0.3,0.1,1.25,15.0,rain,walk,0.7,0.6384317886151736,0.06156821138482638
0.0,1.0,0.0,0.0,0.0,0.3,0,3.0,0,14.0,25.8,0,0.0,0.1,0.75,9.0,sunny,bike,0.9,0.9554693287556876,0.05546932875568755
1.0,0.0,0.0,0.0,0.0,0.8,2,5.0,1,14.0,25.8,0,0.3,0.1,1.25,15.0,rain,walk,0.7,0.6384317886151736,0.06156821138482638
0.0,0.0,0.0,0.0,1.0,0.3,0,8.0,0,14.0,25.8,0,0.0,0.1,2.0,24.0,any,car,1.0,0.964540182270085,0.03545981772991502
1.0,0.0,0.0,0.0,0.0,0.5,1,3.0,0,14.0,25.8,0,0.15,0.1,0.75,9.0,sunny,walk,0.9,0.9150509780792535,0.015050978079253485
0.0,1.0,0.0,0.0,0.0,0.3,0,3.0,0,14.0,25.8,0,0.0,0.1,0.75,9.0,sunny,bike,1.0,0.9554693287556876,0.044530671244312425
1.0,0.0,0.0,0.0,0.0,0.8,2,5.0,1,14.0,25.8,0,0.3,0.1,1.25,15.0,rain,walk,0.8,0.6384317886151736,0.16156821138482647
1.0,0.0,0.0,0.0,0.0,0.3,0,0.8,1,14.0,25.8,0,0.0,0.1,0.2,2.4,rain,walk,0.8,0.7402647411194302,0.05973525888056985
1.0,0.0,0.0,0.0,0.0,0.3,0,0.8,0,14.0,25.8,0,0.0,0.1,0.2,2.4,sunny,walk,1.0,0.9527346589689272,0.04726534103107283
0.0,1.0,0.0,0.0,0.0,0.3,0,2.5,1,14.0,25.8,0,0.0,0.1,0.625,7.5,rain,bike,0.6,0.6966919760994077,0.09669197609940772
0.0,1.0,0.0,0.0,0.0,0.3,0,2.5,1,14.0,25.8,0,0.0,0.1,0.625,7.5,rain,bike,0.7,0.6966919760994077,0.0033080239005922607
0.0,1.0,0.0,0.0,0.0,0.3,0,2.5,1,14.0,25.8,0,0.0,0.1,0.625,7.5,rain,bike,0.8,0.6966919760994077,0.10330802390059235
1.0,0.0,0.0,0.0,0.0,0.3,0,0.8,0,14.0,25.8,0,0.0,0.1,0.2,2.4,sunny,walk,1.0,0.9527346589689272,0.04726534103107283
0.0,0.0,0.0,0.0,1.0,0.3,0,8.0,0,14.0,25.8,0,0.0,0.1,2.0,24.0,any,car,0.9,0.964540182270085,0.06454018227008496
0.0,1.0,0.0,0.0,0.0,0.3,0,2.5,1,14.0,25.8,0,0.0,0.1,0.625,7.5,rain,bike,0.6,0.6966919760994077,0.09669197609940772
0.0,1.0,0.0,0.0,0.0,0.3,0,3.0,0,14.0,25.8,0,0.0,0.1,0.75,9.0,sunny,bike,0.7,0.9554693287556876,0.2554693287556876
1.0,0.0,0.0,0.0,0.0,0.3,0,0.8,0,14.0,25.8,0,0.0,0.1,0.2,2.4,sunny,walk,0.9,0.9527346589689272,0.05273465896892715
0.0,0.0,0.0,0.0,1.0,0.3,0,8.0,0,14.0,25.8,0,0.0,0.1,2.0,24.0,any,car,1.0,0.964540182270085,0.03545981772991502
0.0,0.0,0.0,0.0,1.0,0.3,0,8.0,0,14.0,25.8,0,0.0,0.1,2.0,24.0,any,car,1.0,0.964540182270085,0.03545981772991502
0.0,0.0,0.0,0.0,1.0,0.3,0,8.0,0,14.0,25.8,0,0.0,0.1,2.0,24.0,any,car,1.0,0.964540182270085,0.03545981772991502
1.0,0.0,0.0,0.0,0.0,0.3,0,0.8,0,14.0,25.8,0,0.0,0.1,0.2,2.4,sunny,walk,0.9,0.9527346589689272,0.05273465896892715
0.0,0.0,1.0,0.0,0.0,0.8,0,5.0,0,14.0,25.8,0,0.0,0.1,1.25,15.0,any,bus,0.9,0.8733736115265892,0.02662638847341081
1.0,0.0,0.0,0.0,0.0,0.8,1,3.0,1,14.0,25.8,0,0.15,0.1,0.75,9.0,rain,walk,0.8,0.6787532098231681,0.12124679017683193
0.0,0.0,1.0,0.0,0.0,0.2,0,5.0,0,14.0,25.8,0,0.0,0.1,1.25,15.0,any,bus,0.9,0.9210293123397663,0.021029312339766237
0.0,0.0,1.0,0.0,0.0,0.2,0,5.0,0,14.0,25.8,0,0.0,0.1,1.25,15.0,any,bus,0.8,0.9210293123397663,0.12102931233976622
0.0,1.0,0.0,0.0,0.0,0.3,0,2.5,0,14.0,25.8,0,0.0,0.1,0.625,7.5,sunny,bike,0.8,0.9091618939489046,0.10916189394890452
0.0,0.0,1.0,0.0,0.0,0.2,0,5.0,0,14.0,25.8,0,0.0,0.1,1.25,15.0,any,bus,1.0,0.9210293123397663,0.07897068766023374
0.0,0.0,1.0,0.0,0.0,0.8,0,5.0,0,14.0,25.8,0,0.0,0.1,1.25,15.0,any,bus,0.9,0.8733736115265892,0.02662638847341081
1.0,0.0,0.0,0.0,0.0,0.3,0,0.8,0,14.0,25.8,0,0.0,0.1,0.2,2.4,sunny,walk,1.0,0.9527346589689272,0.04726534103107283
1.0,0.0,0.0,0.0,0.0,0.8,1,3.0,1,14.0,25.8,0,0.15,0.1,0.75,9.0,rain,walk,0.8,0.6787532098231681,0.12124679017683193
1.0,0.0,0.0,0.0,0.0,0.3,0,0.8,0,14.0,25.8,0,0.0,0.1,0.2,2.4,sunny,walk,1.0,0.9527346589689272,0.04726534103107283
0.0,0.0,1.0,0.0,0.0,0.2,0,5.0,0,14.0,25.8,0,0.0,0.1,1.25,15.0,any,bus,0.9,0.9210293123397663,0.021029312339766237
1.0,0.0,0.0,0.0,0.0,0.5,1,3.0,0,14.0,25.8,0,0.15,0.1,0.75,9.0,sunny,walk,0.7,0.9150509780792535,0.21505097807925355
1.0,0.0,0.0,0.0,0.0,0.5,1,3.0,0,14.0,25.8,0,0.15,0.1,0.75,9.0,sunny,walk,1.0,0.9150509780792535,0.08494902192074649
1.0,0.0,0.0,0.0,0.0,0.5,1,3.0,0,14.0,25.8,0,0.15,0.1,0.75,9.0,sunny,walk,0.7,0.9150509780792535,0.21505097807925355
0.0,0.0,1.0,0.0,0.0,0.8,0,5.0,0,14.0,25.8,0,0.0,0.1,1.25,15.0,any,bus,0.9,0.8733736115265892,0.02662638847341081
1.0,0.0,0.0,0.0,0.0,0.5,1,3.0,0,14.0,25.8,0,0.15,0.1,0.75,9.0,sunny,walk,0.9,0.9150509780792535,0.015050978079253485
0.0,0.0,1.0,0.0,0.0,0.8,0,5.0,0,14.0,25.8,0,0.0,0.1,1.25,15.0,any,bus,0.9,0.8733736115265892,0.02662638847341081
0.0,1.0,0.0,0.0,0.0,0.3,0,2.5,0,14.0,25.8,0,0.0,0.1,0.625,7.5,sunny,bike,1.0,0.9091618939489046,0.09083810605109544
1.0,0.0,0.0,0.0,0.0,0.8,2,5.0,1,14.0,25.8,0,0.3,0.1,1.25,15.0,rain,walk,0.5,0.6384317886151736,0.13843178861517358
0.0,0.0,0.0,0.0,1.0,0.3,0,8.0,0,14.0,25.8,0,0.0,0.1,2.0,24.0,any,car,0.9,0.964540182270085,0.06454018227008496
1.0,0.0,0.0,0.0,0.0,0.5,1,3.0,0,14.0,25.8,0,0.15,0.1,0.75,9.0,sunny,walk,0.8,0.9150509780792535,0.11505097807925346
0.0,0.0,0.0,0.0,1.0,0.3,0,8.0,0,14.0,25.8,0,0.0,0.1,2.0,24.0,any,car,1.0,0.964540182270085,0.03545981772991502
0.0,1.0,0.0,0.0,0.0,0.3,0,3.0,0,14.0,25.8,0,0.0,0.1,0.75,9.0,sunny,bike,1.0,0.9554693287556876,0.044530671244312425
1.0,0.0,0.0,0.0,0.0,0.5,1,3.0,0,14.0,25.8,0,0.15,0.1,0.75,9.0,sunny,walk,0.8,0.9150509780792535,0.11505097807925346
0.0,0.0,1.0,0.0,0.0,0.2,0,5.0,0,14.0,25.8,0,0.0,0.1,1.25,15.0,any,bus,1.0,0.9210293123397663,0.07897068766023374
0.0,1.0,0.0,0.0,0.0,0.3,0,2.5,1,14.0,25.8,0,0.0,0.1,0.625,7.5,rain,bike,0.6,0.6966919760994077,0.09669197609940772
1.0,0.0,0.0,0.0,0.0,0.5,1,3.0,0,14.0,25.8,0,0.15,0.1,0.75,9.0,sunny,walk,1.0,0.9150509780792535,0.08494902192074649
0.0,1.0,0.0,0.0,0.0,0.3,0,2.5,0,14.0,25.8,0,0.0,0.1,0.625,7.5,sunny,bike,1.0,0.9091618939489046,0.09083810605109544
0.0,1.0,0.0,0.0,0.0,0.3,0,2.5,0,14.0,25.8,0,0.0,0.1,0.625,7.5,sunny,bike,1.0,0.9091618939489046,0.09083810605109544
1.0,0.0,0.0,0.0,0.0,0.3,0,0.8,1,14.0,25.8,0,0.0,0.1,0.2,2.4,rain,walk,0.6,0.7402647411194302,0.14026474111943021
1.0,0.0,0.0,0.0,0.0,0.8,1,3.0,1,14.0,25.8,0,0.15,0.1,0.75,9.0,rain,walk,0.8,0.6787532098231681,0.12124679017683193
0.0,0.0,0.0,0.0,1.0,0.3,0,8.0,0,14.0,25.8,0,0.0,0.1,2.0,24.0,any,car,1.0,0.964540182270085,0.03545981772991502
1.0,0.0,0.0,0.0,0.0,0.3,0,0.8,1,14.0,25.8,0,0.0,0.1,0.2,2.4,rain,walk,0.6,0.7402647411194302,0.14026474111943021
0.0,0.0,1.0,0.0,0.0,0.2,0,5.0,0,14.0,25.8,0,0.0,0.1,1.25,15.0,any,bus,1.0,0.9210293123397663,0.07897068766023374
1.0,0.0,0.0,0.0,0.0,0.8,2,5.0,1,14.0,25.8,0,0.3,0.1,1.25,15.0,rain,walk,0.7,0.6384317886151736,0.06156821138482638
0.0,0.0,0.0,0.0,1.0,0.3,0,8.0,0,14.0,25.8,0,0.0,0.1,2.0,24.0,any,car,1.0,0.964540182270085,0.03545981772991502
0.0,0.0,0.0,0.0,1.0,0.3,0,8.0,0,14.0,25.8,0,0.0,0.1,2.0,24.0,any,car,0.9,0.964540182270085,0.06454018227008496
0.0,1.0,0.0,0.0,0.0,0.3,0,2.5,1,14.0,25.8,0,0.0,0.1,0.625,7.5,rain,bike,0.6,0.6966919760994077,0.09669197609940772
0.0,0.0,1.0,0.0,0.0,0.8,0,5.0,0,14.0,25.8,0,0.0,0.1,1.25,15.0,any,bus,0.9,0.8733736115265892,0.02662638847341081
0.0,0.0,1.0,0.0,0.0,0.2,0,5.0,0,14.0,25.8,0,0.0,0.1,1.25,15.0,any,bus,0.9,0.9210293123397663,0.021029312339766237
0.0,0.0,0.0,0.0,1.0,0.3,0,8.0,0,14.0,25.8,0,0.0,0.1,2.0,24.0,any,car,1.0,0.964540182270085,0.03545981772991502
0.0,0.0,1.0,0.0,0.0,0.2,0,5.0,0,14.0,25.8,0,0.0,0.1,1.25,15.0,any,bus,0.9,0.9210293123397663,0.021029312339766237
1.0,0.0,0.0,0.0,0.0,0.8,1,3.0,1,14.0,25.8,0,0.15,0.1,0.75,9.0,rain,walk,0.8,0.6787532098231681,0.12124679017683193
1.0,0.0,0.0,0.0,0.0,0.5,1,3.0,0,14.0,25.8,0,0.15,0.1,0.75,9.0,sunny,walk,0.8,0.9150509780792535,0.11505097807925346
1.0,0.0,0.0,0.0,0.0,0.5,1,3.0,0,14.0,25.8,0,0.15,0.1,0.75,9.0,sunny,walk,0.9,0.9150509780792535,0.015050978079253485
1.0,0.0,0.0,0.0,0.0,0.3,0,0.8,1,14.0,25.8,0,0.0,0.1,0.2,2.4,rain,walk,0.7,0.7402647411194302,0.040264741119430236
1.0,0.0,0.0,0.0,0.0,0.3,0,0.8,1,14.0,25.8,0,0.0,0.1,0.2,2.4,rain,walk,0.7,0.7402647411194302,0.040264741119430236
0.0,0.0,0.0,0.0,1.0,0.3,0,8.0,0,14.0,25.8,0,0.0,0.1,2.0,24.0,any,car,1.0,0.964540182270085,0.03545981772991502
0.0,1.0,0.0,0.0,0.0,0.3,0,2.5,0,14.0,25.8,0,0.0,0.1,0.625,7.5,sunny,bike,0.9,0.9091618939489046,0.009161893948904543
1.0,0.0,0.0,0.0,0.0,0.3,0,0.8,1,14.0,25.8,0,0.0,0.1,0.2,2.4,rain,walk,0.8,0.7402647411194302,0.05973525888056985
0.0,0.0,0.0,0.0,1.0,0.3,0,8.0,0,14.0,25.8,0,0.0,0.1,2.0,24.0,any,car,0.8,0.964540182270085,0.16454018227008493
1.0,0.0,0.0,0.0,0.0,0.3,0,0.8,1,14.0,25.8,0,0.0,0.1,0.2,2.4,rain,walk,0.6,0.7402647411194302,0.14026474111943021
1.0,0.0,0.0,0.0,0.0,0.8,1,3.0,1,14.0,25.8,0,0.15,0.1,0.75,9.0,rain,walk,0.7,0.6787532098231681,0.021246790176831842
0.0,0.0,0.0,0.0,1.0,0.3,0,8.0,0,14.0,25.8,0,0.0,0.1,2.0,24.0,any,car,0.9,0.964540182270085,0.06454018227008496
0.0,1.0,0.0,0.0,0.0,0.3,0,2.5,1,14.0,25.8,0,0.0,0.1,0.625,7.5,rain,bike,0.5,0.6966919760994077,0.1966919760994077
0.0,0.0,1.0,0.0,0.0,0.2,0,5.0,0,14.0,25.8,0,0.0,0.1,1.25,15.0,any,bus,0.9,0.9210293123397663,0.021029312339766237
0.0,0.0,0.0,0.0,1.0,0.3,0,8.0,0,14.0,25.8,0,0.0,0.1,2.0,24.0,any,car,1.0,0.964540182270085,0.03545981772991502
0.0,1.0,0.0,0.0,0.0,0.3,0,2.5,1,14.0,25.8,0,0.0,0.1,0.625,7.5,rain,bike,0.6,0.6966919760994077,0.09669197609940772
1.0,0.0,0.0,0.0,0.0,0.8,1,3.0,1,14.0,25.8,0,0.15,0.1,0.75,9.0,rain,walk,0.8,0.6787532098231681,0.12124679017683193
0.0,0.0,1.0,0.0,0.0,0.8,0,5.0,0,14.0,25.8,0,0.0,0.1,1.25,15.0,any,bus,0.8,0.8733736115265892,0.07337361152658917
1.0,0.0,0.0,0.0,0.0,0.3,0,0.8,0,14.0,25.8,0,0.0,0.1,0.2,2.4,sunny,walk,1.0,0.9527346589689272,0.04726534103107283
0.0,0.0,0.0,0.0,1.0,0.3,0,8.0,0,14.0,25.8,0,0.0,0.1,2.0,24.0,any,car,1.0,0.964540182270085,0.03545981772991502
1.0,0.0,0.0,0.0,0.0,0.8,2,5.0,1,14.0,25.8,0,0.3,0.1,1.25,15.0,rain,walk,0.6,0.6384317886151736,0.0384317886151736
0.0,1.0,0.0,0.0,0.0,0.3,0,2.5,1,14.0,25.8,0,0.0,0.1,0.625,7.5,rain,bike,0.5,0.6966919760994077,0.1966919760994077
1.0,0.0,0.0,0.0,0.0,0.8,1,3.0,1,14.0,25.8,0,0.15,0.1,0.75,9.0,rain,walk,0.6,0.6787532098231681,0.07875320982316814
0.0,1.0,0.0,0.0,0.0,0.3,0,2.5,0,14.0,25.8,0,0.0,0.1,0.625,7.5,sunny,bike,1.0,0.9091618939489046,0.09083810605109544
0.0,0.0,0.0,0.0,1.0,0.3,0,8.0,0,14.0,25.8,0,0.0,0.1,2.0,24.0,any,car,1.0,0.964540182270085,0.03545981772991502
0.0,0.0,0.0,0.0,1.0,0.3,0,8.0,0,14.0,25.8,0,0.0,0.1,2.0,24.0,any,car,0.8,0.964540182270085,0.16454018227008493
0.0,1.0,0.0,0.0,0.0,0.3,0,2.5,0,14.0,25.8,0,0.0,0.1,0.625,7.5,sunny,bike,0.7,0.9091618939489046,0.2091618939489046
1.0,0.0,0.0,0.0,0.0,0.3,0,0.8,1,14.0,25.8,0,0.0,0.1,0.2,2.4,rain,walk,0.8,0.7402647411194302,0.05973525888056985
1.0,0.0,0.0,0.0,0.0,0.3,0,0.8,1,14.0,25.8,0,0.0,0.1,0.2,2.4,rain,walk,0.8,0.7402647411194302,0.05973525888056985
0.0,1.0,0.0,0.0,0.0,0.3,0,3.0,0,14.0,25.8,0,0.0,0.1,0.75,9.0,sunny,bike,0.9,0.9554693287556876,0.05546932875568755
1.0,0.0,0.0,0.0,0.0,0.3,0,0.8,1,14.0,25.8,0,0.0,0.1,0.2,2.4,rain,walk,0.8,0.7402647411194302,0.05973525888056985
0.0,0.0,1.0,0.0,0.0,0.8,0,5.0,0,14.0,25.8,0,0.0,0.1,1.25,15.0,any,bus,0.7,0.8733736115265892,0.17337361152658926
0.0,0.0,1.0,0.0,0.0,0.2,0,5.0,0,14.0,25.8,0,0.0,0.1,1.25,15.0,any,bus,1.0,0.9210293123397663,0.07897068766023374
0.0,0.0,0.0,0.0,1.0,0.3,0,8.0,0,14.0,25.8,0,0.0,0.1,2.0,24.0,any,car,1.0,0.964540182270085,0.03545981772991502
0.0,0.0,0.0,0.0,1.0,0.3,0,8.0,0,14.0,25.8,0,0.0,0.1,2.0,24.0,any,car,1.0,0.964540182270085,0.03545981772991502
0.0,1.0,0.0,0.0,0.0,0.3,0,3.0,0,14.0,25.8,0,0.0,0.1,0.75,9.0,sunny,bike,0.9,0.9554693287556876,0.05546932875568755
1.0,0.0,0.0,0.0,0.0,0.8,2,5.0,1,14.0,25.8,0,0.3,0.1,1.25,15.0,rain,walk,0.6,0.6384317886151736,0.0384317886151736
1.0,0.0,0.0,0.0,0.0,0.3,0,0.8,1,14.0,25.8,0,0.0,0.1,0.2,2.4,rain,walk,0.6,0.7402647411194302,0.14026474111943021
1.0,0.0,0.0,0.0,0.0,0.5,1,3.0,0,14.0,25.8,0,0.15,0.1,0.75,9.0,sunny,walk,0.8,0.9150509780792535,0.11505097807925346
1.0,0.0,0.0,0.0,0.0,0.3,0,0.8,1,14.0,25.8,0,0.0,0.1,0.2,2.4,rain,walk,0.8,0.7402647411194302,0.05973525888056985
0.0,0.0,1.0,0.0,0.0,0.2,0,5.0,0,14.0,25.8,0,0.0,0.1,1.25,15.0,any,bus,1.0,0.9210293123397663,0.07897068766023374
0.0,0.0,1.0,0.0,0.0,0.2,0,5.0,0,14.0,25.8,0,0.0,0.1,1.25,15.0,any,bus,0.8,0.9210293123397663,0.12102931233976622
1.0,0.0,0.0,0.0,0.0,0.3,0,0.8,1,14.0,25.8,0,0.0,0.1,0.2,2.4,rain,walk,0.9,0.7402647411194302,0.15973525888056983
0.0,0.0,0.0,0.0,1.0,0.3,0,8.0,0,14.0,25.8,0,0.0,0.1,2.0,24.0,any,car,0.8,0.964540182270085,0.16454018227008493
0.0,1.0,0.0,0.0,0.0,0.3,0,2.5,0,14.0,25.8,0,0.0,0.1,0.625,7.5,sunny,bike,1.0,0.9091618939489046,0.09083810605109544
0.0,0.0,0.0,0.0,1.0,0.3,0,8.0,0,14.0,25.8,0,0.0,0.1,2.0,24.0,any,car,1.0,0.964540182270085,0.03545981772991502
1.0,0.0,0.0,0.0,0.0,0.3,0,0.8,1,14.0,25.8,0,0.0,0.1,0.2,2.4,rain,walk,0.7,0.7402647411194302,0.040264741119430236
1.0,0.0,0.0,0.0,0.0,0.8,2,5.0,1,14.0,25.8,0,0.3,0.1,1.25,15.0,rain,walk,0.8,0.6384317886151736,0.16156821138482647
1.0,0.0,0.0,0.0,0.0,0.8,1,3.0,1,14.0,25.8,0,0.15,0.1,0.75,9.0,rain,walk,0.6,0.6787532098231681,0.07875320982316814
1.0,0.0,0.0,0.0,0.0,0.5,1,3.0,0,14.0,25.8,0,0.15,0.1,0.75,9.0,sunny,walk,0.7,0.9150509780792535,0.21505097807925355
0.0,0.0,0.0,0.0,1.0,0.3,0,8.0,0,14.0,25.8,0,0.0,0.1,2.0,24.0,any,car,1.0,0.964540182270085,0.03545981772991502
0.0,0.0,0.0,0.0,1.0,0.3,0,8.0,0,14.0,25.8,0,0.0,0.1,2.0,24.0,any,car,1.0,0.964540182270085,0.03545981772991502
0.0,0.0,1.0,0.0,0.0,0.8,0,5.0,0,14.0,25.8,0,0.0,0.1,1.25,15.0,any,bus,0.8,0.8733736115265892,0.07337361152658917
0.0,0.0,0.0,0.0,1.0,0.3,0,8.0,0,14.0,25.8,0,0.0,0.1,2.0,24.0,any,car,0.9,0.964540182270085,0.06454018227008496
0.0,1.0,0.0,0.0,0.0,0.3,0,2.5,0,14.0,25.8,0,0.0,0.1,0.625,7.5,sunny,bike,1.0,0.9091618939489046,0.09083810605109544
0.0,1.0,0.0,0.0,0.0,0.3,0,2.5,0,14.0,25.8,0,0.0,0.1,0.625,7.5,sunny,bike,1.0,0.9091618939489046,0.09083810605109544
0.0,1.0,0.0,0.0,0.0,0.3,0,2.5,0,14.0,25.8,0,0.0,0.1,0.625,7.5,sunny,bike,1.0,0.9091618939489046,0.09083810605109544
1.0,0.0,0.0,0.0,0.0,0.8,2,5.0,1,14.0,25.8,0,0.3,0.1,1.25,15.0,rain,walk,0.5,0.6384317886151736,0.13843178861517358
0.0,1.0,0.0,0.0,0.0,0.3,0,2.5,1,14.0,25.8,0,0.0,0.1,0.625,7.5,rain,bike,0.6,0.6966919760994077,0.09669197609940772
0.0,0.0,0.0,0.0,1.0,0.3,0,8.0,0,14.0,25.8,0,0.0,0.1,2.0,24.0,any,car,1.0,0.964540182270085,0.03545981772991502
0.0,1.0,0.0,0.0,0.0,0.3,0,3.0,0,14.0,25.8,0,0.0,0.1,0.75,9.0,sunny,bike,1.0,0.9554693287556876,0.044530671244312425
1.0,0.0,0.0,0.0,0.0,0.3,0,0.8,1,14.0,25.8,0,0.0,0.1,0.2,2.4,rain,walk,0.9,0.7402647411194302,0.15973525888056983
0.0,0.0,0.0,0.0,1.0,0.3,0,8.0,0,14.0,25.8,0,0.0,0.1,2.0,24.0,any,car,0.9,0.964540182270085,0.06454018227008496
1.0,0.0,0.0,0.0,0.0,0.8,1,3.0,1,14.0,25.8,0,0.15,0.1,0.75,9.0,rain,walk,0.7,0.6787532098231681,0.021246790176831842
1.0,0.0,0.0,0.0,0.0,0.8,2,5.0,1,14.0,25.8,0,0.3,0.1,1.25,15.0,rain,walk,0.7,0.6384317886151736,0.06156821138482638
0.0,0.0,1.0,0.0,0.0,0.2,0,5.0,0,14.0,25.8,0,0.0,0.1,1.25,15.0,any,bus,0.8,0.9210293123397663,0.12102931233976622
1.0,0.0,0.0,0.0,0.0,0.3,0,0.8,1,14.0,25.8,0,0.0,0.1,0.2,2.4,rain,walk,0.6,0.7402647411194302,0.14026474111943021
0.0,0.0,1.0,0.0,0.0,0.8,0,5.0,0,14.0,25.8,0,0.0,0.1,1.25,15.0,any,bus,0.8,0.8733736115265892,0.07337361152658917
1.0,0.0,0.0,0.0,0.0,0.5,1,3.0,0,14.0,25.8,0,0.15,0.1,0.75,9.0,sunny,walk,0.9,0.9150509780792535,0.015050978079253485
0.0,0.0,1.0,0.0,0.0,0.2,0,5.0,0,14.0,25.8,0,0.0,0.1,1.25,15.0,any,bus,1.0,0.9210293123397663,0.07897068766023374
0.0,1.0,0.0,0.0,0.0,0.3,0,2.5,1,14.0,25.8,0,0.0,0.1,0.625,7.5,rain,bike,0.6,0.6966919760994077,0.09669197609940772
0.0,1.0,0.0,0.0,0.0,0.3,0,2.5,0,14.0,25.8,0,0.0,0.1,0.625,7.5,sunny,bike,1.0,0.9091618939489046,0.09083810605109544
0.0,0.0,1.0,0.0,0.0,0.8,0,5.0,0,14.0,25.8,0,0.0,0.1,1.25,15.0,any,bus,0.9,0.8733736115265892,0.02662638847341081
0.0,1.0,0.0,0.0,0.0,0.3,0,2.5,1,14.0,25.8,0,0.0,0.1,0.625,7.5,rain,bike,0.6,0.6966919760994077,0.09669197609940772
0.0,1.0,0.0,0.0,0.0,0.3,0,2.5,0,14.0,25.8,0,0.0,0.1,0.625,7.5,sunny,bike,1.0,0.9091618939489046,0.09083810605109544
0.0,0.0,0.0,0.0,1.0,0.3,0,8.0,0,14.0,25.8,0,0.0,0.1,2.0,24.0,any,car,1.0,0.964540182270085,0.03545981772991502
0.0,1.0,0.0,0.0,0.0,0.3,0,2.5,0,14.0,25.8,0,0.0,0.1,0.625,7.5,sunny,bike,1.0,0.9091618939489046,0.09083810605109544
1.0,0.0,0.0,0.0,0.0,0.3,0,0.8,0,14.0,25.8,0,0.0,0.1,0.2,2.4,sunny,walk,0.9,0.9527346589689272,0.05273465896892715
0.0,0.0,1.0,0.0,0.0,0.8,0,5.0,0,14.0,25.8,0,0.0,0.1,1.25,15.0,any,bus,0.9,0.8733736115265892,0.02662638847341081
0.0,0.0,0.0,0.0,1.0,0.3,0,8.0,0,14.0,25.8,0,0.0,0.1,2.0,24.0,any,car,1.0,0.964540182270085,0.03545981772991502
0.0,0.0,1.0,0.0,0.0,0.2,0,5.0,0,14.0,25.8,0,0.0,0.1,1.25,15.0,any,bus,1.0,0.9210293123397663,0.07897068766023374
1.0,0.0,0.0,0.0,0.0,0.3,0,0.8,0,14.0,25.8,0,0.0,0.1,0.2,2.4,sunny,walk,1.0,0.9527346589689272,0.04726534103107283
1.0,0.0,0.0,0.0,0.0,0.5,1,3.0,0,14.0,25.8,0,0.15,0.1,0.75,9.0,sunny,walk,0.9,0.9150509780792535,0.015050978079253485
0.0,1.0,0.0,0.0,0.0,0.3,0,2.5,1,14.0,25.8,0,0.0,0.1,0.625,7.5,rain,bike,0.6,0.6966919760994077,0.09669197609940772
0.0,1.0,0.0,0.0,0.0,0.3,0,2.5,0,14.0,25.8,0,0.0,0.1,0.625,7.5,sunny,bike,1.0,0.9091618939489046,0.09083810605109544
1.0,0.0,0.0,0.0,0.0,0.5,1,3.0,0,14.0,25.8,0,0.15,0.1,0.75,9.0,sunny,walk,1.0,0.9150509780792535,0.08494902192074649
0.0,1.0,0.0,0.0,0.0,0.3,0,2.5,1,14.0,25.8,0,0.0,0.1,0.625,7.5,rain,bike,0.6,0.6966919760994077,0.09669197609940772
1.0,0.0,0.0,0.0,0.0,0.5,1,3.0,0,14.0,25.8,0,0.15,0.1,0.75,9.0,sunny,walk,0.8,0.9150509780792535,0.11505097807925346
0.0,0.0,1.0,0.0,0.0,0.8,0,5.0,0,14.0,25.8,0,0.0,0.1,1.25,15.0,any,bus,1.0,0.8733736115265892,0.1266263884734108
0.0,0.0,1.0,0.0,0.0,0.8,0,5.0,0,14.0,25.8,0,0.0,0.1,1.25,15.0,any,bus,0.9,0.8733736115265892,0.02662638847341081
0.0,1.0,0.0,0.0,0.0,0.3,0,3.0,0,14.0,25.8,0,0.0,0.1,0.75,9.0,sunny,bike,0.9,0.9554693287556876,0.05546932875568755
0.0,0.0,0.0,0.0,1.0,0.3,0,8.0,0,14.0,25.8,0,0.0,0.1,2.0,24.0,any,car,0.9,0.964540182270085,0.06454018227008496
1.0,0.0,0.0,0.0,0.0,0.3,0,0.8,1,14.0,25.8,0,0.0,0.1,0.2,2.4,rain,walk,0.8,0.7402647411194302,0.05973525888056985
0.0,1.0,0.0,0.0,0.0,0.3,0,3.0,0,14.0,25.8,0,0.0,0.1,0.75,9.0,sunny,bike,1.0,0.9554693287556876,0.044530671244312425
1.0,0.0,0.0,0.0,0.0,0.8,2,5.0,1,14.0,25.8,0,0.3,0.1,1.25,15.0,rain,walk,0.7,0.6384317886151736,0.06156821138482638
0.0,0.0,1.0,0.0,0.0,0.2,0,5.0,0,14.0,25.8,0,0.0,0.1,1.25,15.0,any,bus,1.0,0.9210293123397663,0.07897068766023374
0.0,1.0,0.0,0.0,0.0,0.3,0,2.5,1,14.0,25.8,0,0.0,0.1,0.625,7.5,rain,bike,0.5,0.6966919760994077,0.1966919760994077
0.0,1.0,0.0,0.0,0.0,0.3,0,2.5,1,14.0,25.8,0,0.0,0.1,0.625,7.5,rain,bike,0.7,0.6966919760994077,0.0033080239005922607
0.0,1.0,0.0,0.0,0.0,0.3,0,2.5,1,14.0,25.8,0,0.0,0.1,0.625,7.5,rain,bike,0.6,0.6966919760994077,0.09669197609940772
0.0,0.0,1.0,0.0,0.0,0.2,0,5.0,0,14.0,25.8,0,0.0,0.1,1.25,15.0,any,bus,1.0,0.9210293123397663,0.07897068766023374
1.0,0.0,0.0,0.0,0.0,0.8,1,3.0,1,14.0,25.8,0,0.15,0.1,0.75,9.0,rain,walk,0.7,0.6787532098231681,0.021246790176831842
0.0,0.0,0.0,0.0,1.0,0.3,0,8.0,0,14.0,25.8,0,0.0,0.1,2.0,24.0,any,car,0.9,0.964540182270085,0.06454018227008496
0.0,1.0,0.0,0.0,0.0,0.3,0,3.0,0,14.0,25.8,0,0.0,0.1,0.75,9.0,sunny,bike,0.9,0.9554693287556876,0.05546932875568755
1.0,0.0,0.0,0.0,0.0,0.3,0,0.8,1,14.0,25.8,0,0.0,0.1,0.2,2.4,rain,walk,0.5,0.7402647411194302,0.2402647411194302
0.0,0.0,1.0,0.0,0.0,0.2,0,5.0,0,14.0,25.8,0,0.0,0.1,1.25,15.0,any,bus,1.0,0.9210293123397663,0.07897068766023374
1.0,0.0,0.0,0.0,0.0,0.3,0,0.8,0,14.0,25.8,0,0.0,0.1,0.2,2.4,sunny,walk,1.0,0.9527346589689272,0.04726534103107283
0.0,0.0,1.0,0.0,0.0,0.2,0,5.0,0,14.0,25.8,0,0.0,0.1,1.25,15.0,any,bus,1.0,0.9210293123397663,0.07897068766023374
0.0,0.0,0.0,0.0,1.0,0.3,0,8.0,0,14.0,25.8,0,0.0,0.1,2.0,24.0,any,car,1.0,0.964540182270085,0.03545981772991502
1.0,0.0,0.0,0.0,0.0,0.3,0,0.8,0,14.0,25.8,0,0.0,0.1,0.2,2.4,sunny,walk,1.0,0.9527346589689272,0.04726534103107283
0.0,0.0,1.0,0.0,0.0,0.8,0,5.0,0,14.0,25.8,0,0.0,0.1,1.25,15.0,any,bus,0.7,0.8733736115265892,0.17337361152658926
0.0,0.0,0.0,0.0,1.0,0.3,0,8.0,0,14.0,25.8,0,0.0,0.1,2.0,24.0,any,car,1.0,0.964540182270085,0.03545981772991502
0.0,0.0,1.0,0.0,0.0,0.2,0,5.0,0,14.0,25.8,0,0.0,0.1,1.25,15.0,any,bus,1.0,0.9210293123397663,0.07897068766023374
0.0,0.0,0.0,0.0,1.0,0.3,0,8.0,0,14.0,25.8,0,0.0,0.1,2.0,24.0,any,car,1.0,0.964540182270085,0.03545981772991502
0.0,0.0,1.0,0.0,0.0,0.2,0,5.0,0,14.0,25.8,0,0.0,0.1,1.25,15.0,any,bus,0.9,0.9210293123397663,0.021029312339766237
0.0,0.0,1.0,0.0,0.0,0.2,0,5.0,0,14.0,25.8,0,0.0,0.1,1.25,15.0,any,bus,1.0,0.9210293123397663,0.07897068766023374
1.0,0.0,0.0,0.0,0.0,0.3,0,0.8,1,14.0,25.8,0,0.0,0.1,0.2,2.4,rain,walk,0.7,0.7402647411194302,0.040264741119430236
1.0,0.0,0.0,0.0,0.0,0.3,0,0.8,0,14.0,25.8,0,0.0,0.1,0.2,2.4,sunny,walk,0.9,0.9527346589689272,0.05273465896892715
1.0,0.0,0.0,0.0,0.0,0.5,1,3.0,0,14.0,25.8,0,0.15,0.1,0.75,9.0,sunny,walk,0.9,0.9150509780792535,0.015050978079253485
1.0,0.0,0.0,0.0,0.0,0.8,1,3.0,1,14.0,25.8,0,0.15,0.1,0.75,9.0,rain,walk,0.6,0.6787532098231681,0.07875320982316814
1.0,0.0,0.0,0.0,0.0,0.8,1,3.0,1,14.0,25.8,0,0.15,0.1,0.75,9.0,rain,walk,0.8,0.6787532098231681,0.12124679017683193
0.0,1.0,0.0,0.0,0.0,0.3,0,2.5,1,14.0,25.8,0,0.0,0.1,0.625,7.5,rain,bike,0.6,0.6966919760994077,0.09669197609940772
1.0,0.0,0.0,0.0,0.0,0.5,1,3.0,0,14.0,25.8,0,0.15,0.1,0.75,9.0,sunny,walk,0.9,0.9150509780792535,0.015050978079253485
1.0,0.0,0.0,0.0,0.0,0.8,1,3.0,1,14.0,25.8,0,0.15,0.1,0.75,9.0,rain,walk,0.9,0.6787532098231681,0.2212467901768319
1.0,0.0,0.0,0.0,0.0,0.5,1,3.0,0,14.0,25.8,0,0.15,0.1,0.75,9.0,sunny,walk,1.0,0.9150509780792535,0.08494902192074649
0.0,0.0,0.0,0.0,1.0,0.3,0,8.0,0,14.0,25.8,0,0.0,0.1,2.0,24.0,any,car,1.0,0.964540182270085,0.03545981772991502
0.0,1.0,0.0,0.0,0.0,0.3,0,2.5,0,14.0,25.8,0,0.0,0.1,0.625,7.5,sunny,bike,1.0,0.9091618939489046,0.09083810605109544
1.0,0.0,0.0,0.0,0.0,0.5,1,3.0,0,14.0,25.8,0,0.15,0.1,0.75,9.0,sunny,walk,0.9,0.9150509780792535,0.015050978079253485
0.0,0.0,1.0,0.0,0.0,0.8,0,5.0,0,14.0,25.8,0,0.0,0.1,1.25,15.0,any,bus,1.0,0.8733736115265892,0.1266263884734108
0.0,1.0,0.0,0.0,0.0,0.3,0,2.5,1,14.0,25.8,0,0.0,0.1,0.625,7.5,rain,bike,0.7,0.6966919760994077,0.0033080239005922607
0.0,0.0,1.0,0.0,0.0,0.8,0,5.0,0,14.0,25.8,0,0.0,0.1,1.25,15.0,any,bus,0.9,0.8733736115265892,0.02662638847341081
1.0,0.0,0.0,0.0,0.0,0.8,1,3.0,1,14.0,25.8,0,0.15,0.1,0.75,9.0,rain,walk,0.7,0.6787532098231681,0.021246790176831842
1.0,0.0,0.0,0.0,0.0,0.8,1,3.0,1,14.0,25.8,0,0.15,0.1,0.75,9.0,rain,walk,0.7,0.6787532098231681,0.021246790176831842
1.0,0.0,0.0,0.0,0.0,0.3,0,0.8,0,14.0,25.8,0,0.0,0.1,0.2,2.4,sunny,walk,1.0,0.9527346589689272,0.04726534103107283
0.0,1.0,0.0,0.0,0.0,0.3,0,3.0,0,14.0,25.8,0,0.0,0.1,0.75,9.0,sunny,bike,1.0,0.9554693287556876,0.044530671244312425
0.0,0.0,0.0,0.0,1.0,0.3,0,8.0,0,14.0,25.8,0,0.0,0.1,2.0,24.0,any,car,0.9,0.964540182270085,0.06454018227008496
1.0,0.0,0.0,0.0,0.0,0.8,2,5.0,1,14.0,25.8,0,0.3,0.1,1.25,15.0,rain,walk,0.5,0.6384317886151736,0.13843178861517358
1.0,0.0,0.0,0.0,0.0,0.5,1,3.0,0,14.0,25.8,0,0.15,0.1,0.75,9.0,sunny,walk,0.9,0.9150509780792535,0.015050978079253485
1.0,0.0,0.0,0.0,0.0,0.8,2,5.0,1,14.0,25.8,0,0.3,0.1,1.25,15.0,rain,walk,0.6,0.6384317886151736,0.0384317886151736
1.0,0.0,0.0,0.0,0.0,0.8,2,5.0,1,14.0,25.8,0,0.3,0.1,1.25,15.0,rain,walk,0.8,0.6384317886151736,0.16156821138482647
0.0,0.0,1.0,0.0,0.0,0.2,0,5.0,0,14.0,25.8,0,0.0,0.1,1.25,15.0,any,bus,1.0,0.9210293123397663,0.07897068766023374
0.0,1.0,0.0,0.0,0.0,0.3,0,3.0,0,14.0,25.8,0,0.0,0.1,0.75,9.0,sunny,bike,0.8,0.9554693287556876,0.15546932875568753
0.0,0.0,1.0,0.0,0.0,0.8,0,5.0,0,14.0,25.8,0,0.0,0.1,1.25,15.0,any,bus,0.8,0.8733736115265892,0.07337361152658917
0.0,1.0,0.0,0.0,0.0,0.3,0,2.5,1,14.0,25.8,0,0.0,0.1,0.625,7.5,rain,bike,0.6,0.6966919760994077,0.09669197609940772
0.0,1.0,0.0,0.0,0.0,0.3,0,2.5,1,14.0,25.8,0,0.0,0.1,0.625,7.5,rain,bike,0.6,0.6966919760994077,0.09669197609940772
0.0,0.0,0.0,0.0,1.0,0.3,0,8.0,0,14.0,25.8,0,0.0,0.1,2.0,24.0,any,car,1.0,0.964540182270085,0.03545981772991502
0.0,1.0,0.0,0.0,0.0,0.3,0,2.5,0,14.0,25.8,0,0.0,0.1,0.625,7.5,sunny,bike,1.0,0.9091618939489046,0.09083810605109544
1.0,0.0,0.0,0.0,0.0,0.3,0,0.8,0,14.0,25.8,0,0.0,0.1,0.2,2.4,sunny,walk,1.0,0.9527346589689272,0.04726534103107283
1.0,0.0,0.0,0.0,0.0,0.8,2,5.0,1,14.0,25.8,0,0.3,0.1,1.25,15.0,rain,walk,0.6,0.6384317886151736,0.0384317886151736
0.0,1.0,0.0,0.0,0.0,0.3,0,2.5,1,14.0,25.8,0,0.0,0.1,0.625,7.5,rain,bike,0.7,0.6966919760994077,0.0033080239005922607
1.0,0.0,0.0,0.0,0.0,0.3,0,0.8,1,14.0,25.8,0,0.0,0.1,0.2,2.4,rain,walk,0.8,0.7402647411194302,0.05973525888056985
1.0,0.0,0.0,0.0,0.0,0.8,1,3.0,1,14.0,25.8,0,0.15,0.1,0.75,9.0,rain,walk,0.8,0.6787532098231681,0.12124679017683193
0.0,1.0,0.0,0.0,0.0,0.3,0,2.5,0,14.0,25.8,0,0.0,0.1,0.625,7.5,sunny,bike,1.0,0.9091618939489046,0.09083810605109544
1.0,0.0,0.0,0.0,0.0,0.3,0,0.8,1,14.0,25.8,0,0.0,0.1,0.2,2.4,rain,walk,0.8,0.7402647411194302,0.05973525888056985
1.0,0.0,0.0,0.0,0.0,0.8,1,3.0,1,14.0,25.8,0,0.15,0.1,0.75,9.0,rain,walk,0.7,0.6787532098231681,0.021246790176831842
1.0,0.0,0.0,0.0,0.0,0.3,0,0.8,1,14.0,25.8,0,0.0,0.1,0.2,2.4,rain,walk,0.8,0.7402647411194302,0.05973525888056985
1.0,0.0,0.0,0.0,0.0,0.8,1,3.0,1,14.0,25.8,0,0.15,0.1,0.75,9.0,rain,walk,0.7,0.6787532098231681,0.021246790176831842
1.0,0.0,0.0,0.0,0.0,0.3,0,0.8,1,14.0,25.8,0,0.0,0.1,0.2,2.4,rain,walk,0.7,0.7402647411194302,0.040264741119430236
0.0,1.0,0.0,0.0,0.0,0.3,0,2.5,0,14.0,25.8,0,0.0,0.1,0.625,7.5,sunny,bike,1.0,0.9091618939489046,0.09083810605109544
0.0,0.0,1.0,0.0,0.0,0.2,0,5.0,0,14.0,25.8,0,0.0,0.1,1.25,15.0,any,bus,0.8,0.9210293123397663,0.12102931233976622
0.0,1.0,0.0,0.0,0.0,0.3,0,2.5,0,14.0,25.8,0,0.0,0.1,0.625,7.5,sunny,bike,1.0,0.9091618939489046,0.09083810605109544
1.0,0.0,0.0,0.0,0.0,0.3,0,0.8,0,14.0,25.8,0,0.0,0.1,0.2,2.4,sunny,walk,0.9,0.9527346589689272,0.05273465896892715
0.0,0.0,0.0,0.0,1.0,0.3,0,8.0,0,14.0,25.8,0,0.0,0.1,2.0,24.0,any,car,1.0,0.964540182270085,0.03545981772991502
1.0,0.0,0.0,0.0,0.0,0.5,1,3.0,0,14.0,25.8,0,0.15,0.1,0.75,9.0,sunny,walk,0.7,0.9150509780792535,0.21505097807925355
0.0,1.0,0.0,0.0,0.0,0.3,0,3.0,0,14.0,25.8,0,0.0,0.1,0.75,9.0,sunny,bike,1.0,0.9554693287556876,0.044530671244312425
0.0,1.0,0.0,0.0,0.0,0.3,0,2.5,0,14.0,25.8,0,0.0,0.1,0.625,7.5,sunny,bike,1.0,0.9091618939489046,0.09083810605109544
0.0,1.0,0.0,0.0,0.0,0.3,0,3.0,0,14.0,25.8,0,0.0,0.1,0.75,9.0,sunny,bike,1.0,0.9554693287556876,0.044530671244312425
0.0,0.0,1.0,0.0,0.0,0.2,0,5.0,0,14.0,25.8,0,0.0,0.1,1.25,15.0,any,bus,0.9,0.9210293123397663,0.021029312339766237
1.0,0.0,0.0,0.0,0.0,0.5,1,3.0,0,14.0,25.8,0,0.15,0.1,0.75,9.0,sunny,walk,0.8,0.9150509780792535,0.11505097807925346
1.0,0.0,0.0,0.0,0.0,0.3,0,0.8,0,14.0,25.8,0,0.0,0.1,0.2,2.4,sunny,walk,0.9,0.9527346589689272,0.05273465896892715
0.0,0.0,0.0,0.0,1.0,0.3,0,8.0,0,14.0,25.8,0,0.0,0.1,2.0,24.0,any,car,1.0,0.964540182270085,0.03545981772991502
0.0,0.0,1.0,0.0,0.0,0.8,0,5.0,0,14.0,25.8,0,0.0,0.1,1.25,15.0,any,bus,1.0,0.8733736115265892,0.1266263884734108
1.0,0.0,0.0,0.0,0.0,0.3,0,0.8,0,14.0,25.8,0,0.0,0.1,0.2,2.4,sunny,walk,0.8,0.9527346589689272,0.15273465896892713
1.0,0.0,0.0,0.0,0.0,0.5,1,3.0,0,14.0,25.8,0,0.15,0.1,0.75,9.0,sunny,walk,0.7,0.9150509780792535,0.21505097807925355
1.0,0.0,0.0,0.0,0.0,0.3,0,0.8,0,14.0,25.8,0,0.0,0.1,0.2,2.4,sunny,walk,1.0,0.9527346589689272,0.04726534103107283
0.0,1.0,0.0,0.0,0.0,0.3,0,2.5,1,14.0,25.8,0,0.0,0.1,0.625,7.5,rain,bike,0.8,0.6966919760994077,0.10330802390059235
1.0,0.0,0.0,0.0,0.0,0.3,0,0.8,1,14.0,25.8,0,0.0,0.1,0.2,2.4,rain,walk,0.7,0.7402647411194302,0.040264741119430236
1.0,0.0,0.0,0.0,0.0,0.5,1,3.0,0,14.0,25.8,0,0.15,0.1,0.75,9.0,sunny,walk,0.8,0.9150509780792535,0.11505097807925346
0.0,0.0,1.0,0.0,0.0,0.8,0,5.0,0,14.0,25.8,0,0.0,0.1,1.25,15.0,any,bus,0.8,0.8733736115265892,0.07337361152658917
0.0,1.0,0.0,0.0,0.0,0.3,0,2.5,0,14.0,25.8,0,0.0,0.1,0.625,7.5,sunny,bike,1.0,0.9091618939489046,0.09083810605109544
0.0,1.0,0.0,0.0,0.0,0.3,0,2.5,0,14.0,25.8,0,0.0,0.1,0.625,7.5,sunny,bike,1.0,0.9091618939489046,0.09083810605109544
0.0,0.0,0.0,0.0,1.0,0.3,0,8.0,0,14.0,25.8,0,0.0,0.1,2.0,24.0,any,car,1.0,0.964540182270085,0.03545981772991502
0.0,0.0,0.0,0.0,1.0,0.3,0,8.0,0,14.0,25.8,0,0.0,0.1,2.0,24.0,any,car,1.0,0.964540182270085,0.03545981772991502
0.0,0.0,0.0,0.0,1.0,0.3,0,8.0,0,14.0,25.8,0,0.0,0.1,2.0,24.0,any,car,1.0,0.964540182270085,0.03545981772991502
1.0,0.0,0.0,0.0,0.0,0.8,2,5.0,1,14.0,25.8,0,0.3,0.1,1.25,15.0,rain,walk,0.6,0.6384317886151736,0.0384317886151736
0.0,1.0,0.0,0.0,0.0,0.3,0,2.5,0,14.0,25.8,0,0.0,0.1,0.625,7.5,sunny,bike,0.8,0.9091618939489046,0.10916189394890452
1.0,0.0,0.0,0.0,0.0,0.8,1,3.0,1,14.0,25.8,0,0.15,0.1,0.75,9.0,rain,walk,0.7,0.6787532098231681,0.021246790176831842
1.0,0.0,0.0,0.0,0.0,0.3,0,0.8,1,14.0,25.8,0,0.0,0.1,0.2,2.4,rain,walk,0.7,0.7402647411194302,0.040264741119430236
0.0,0.0,1.0,0.0,0.0,0.8,0,5.0,0,14.0,25.8,0,0.0,0.1,1.25,15.0,any,bus,0.8,0.8733736115265892,0.07337361152658917
0.0,1.0,0.0,0.0,0.0,0.3,0,2.5,0,14.0,25.8,0,0.0,0.1,0.625,7.5,sunny,bike,0.8,0.9091618939489046,0.10916189394890452
0.0,0.0,0.0,0.0,1.0,0.3,0,8.0,0,14.0,25.8,0,0.0,0.1,2.0,24.0,any,car,0.9,0.964540182270085,0.06454018227008496
0.0,0.0,0.0,0.0,1.0,0.3,0,8.0,0,14.0,25.8,0,0.0,0.1,2.0,24.0,any,car,1.0,0.964540182270085,0.03545981772991502
0.0,0.0,1.0,0.0,0.0,0.8,0,5.0,0,14.0,25.8,0,0.0,0.1,1.25,15.0,any,bus,0.9,0.8733736115265892,0.02662638847341081
0.0,0.0,0.0,0.0,1.0,0.3,0,8.0,0,14.0,25.8,0,0.0,0.1,2.0,24.0,any,car,0.8,0.964540182270085,0.16454018227008493
0.0,1.0,0.0,0.0,0.0,0.3,0,2.5,0,14.0,25.8,0,0.0,0.1,0.625,7.5,sunny,bike,1.0,0.9091618939489046,0.09083810605109544
0.0,0.0,0.0,0.0,1.0,0.3,0,8.0,0,14.0,25.8,0,0.0,0.1,2.0,24.0,any,car,1.0,0.964540182270085,0.03545981772991502
0.0,1.0,0.0,0.0,0.0,0.3,0,2.5,0,14.0,25.8,0,0.0,0.1,0.625,7.5,sunny,bike,1.0,0.9091618939489046,0.09083810605109544
1.0,0.0,0.0,0.0,0.0,0.8,2,5.0,1,14.0,25.8,0,0.3,0.1,1.25,15.0,rain,walk,0.6,0.6384317886151736,0.0384317886151736
0.0,0.0,0.0,0.0,1.0,0.3,0,8.0,0,14.0,25.8,0,0.0,0.1,2.0,24.0,any,car,1.0,0.964540182270085,0.03545981772991502
0.0,0.0,1.0,0.0,0.0,0.2,0,5.0,0,14.0,25.8,0,0.0,0.1,1.25,15.0,any,bus,1.0,0.9210293123397663,0.07897068766023374
0.0,0.0,0.0,0.0,1.0,0.3,0,8.0,0,14.0,25.8,0,0.0,0.1,2.0,24.0,any,car,1.0,0.964540182270085,0.03545981772991502
1.0,0.0,0.0,0.0,0.0,0.3,0,0.8,1,14.0,25.8,0,0.0,0.1,0.2,2.4,rain,walk,0.8,0.7402647411194302,0.05973525888056985
1.0,0.0,0.0,0.0,0.0,0.5,1,3.0,0,14.0,25.8,0,0.15,0.1,0.75,9.0,sunny,walk,1.0,0.9150509780792535,0.08494902192074649
0.0,0.0,1.0,0.0,0.0,0.2,0,5.0,0,14.0,25.8,0,0.0,0.1,1.25,15.0,any,bus,0.9,0.9210293123397663,0.021029312339766237
0.0,0.0,1.0,0.0,0.0,0.2,0,5.0,0,14.0,25.8,0,0.0,0.1,1.25,15.0,any,bus,1.0,0.9210293123397663,0.07897068766023374
0.0,0.0,1.0,0.0,0.0,0.8,0,5.0,0,14.0,25.8,0,0.0,0.1,1.25,15.0,any,bus,0.9,0.8733736115265892,0.02662638847341081
1.0,0.0,0.0,0.0,0.0,0.5,1,3.0,0,14.0,25.8,0,0.15,0.1,0.75,9.0,sunny,walk,0.6,0.9150509780792535,0.31505097807925353
0.0,0.0,0.0,0.0,1.0,0.3,0,8.0,0,14.0,25.8,0,0.0,0.1,2.0,24.0,any,car,1.0,0.964540182270085,0.03545981772991502
0.0,0.0,0.0,0.0,1.0,0.3,0,8.0,0,14.0,25.8,0,0.0,0.1,2.0,24.0,any,car,1.0,0.964540182270085,0.03545981772991502
0.0,0.0,0.0,0.0,1.0,0.3,0,8.0,0,14.0,25.8,0,0.0,0.1,2.0,24.0,any,car,1.0,0.964540182270085,0.03545981772991502
0.0,0.0,0.0,0.0,1.0,0.3,0,8.0,0,14.0,25.8,0,0.0,0.1,2.0,24.0,any,car,0.9,0.964540182270085,0.06454018227008496
0.0,0.0,1.0,0.0,0.0,0.8,0,5.0,0,14.0,25.8,0,0.0,0.1,1.25,15.0,any,bus,0.8,0.8733736115265892,0.07337361152658917
0.0,0.0,0.0,0.0,1.0,0.3,0,8.0,0,14.0,25.8,0,0.0,0.1,2.0,24.0,any,car,1.0,0.964540182270085,0.03545981772991502
0.0,0.0,0.0,0.0,1.0,0.3,0,8.0,0,14.0,25.8,0,0.0,0.1,2.0,24.0,any,car,1.0,0.964540182270085,0.03545981772991502
0.0,0.0,1.0,0.0,0.0,0.8,0,5.0,0,14.0,25.8,0,0.0,0.1,1.25,15.0,any,bus,1.0,0.8733736115265892,0.1266263884734108
1.0,0.0,0.0,0.0,0.0,0.3,0,0.8,1,14.0,25.8,0,0.0,0.1,0.2,2.4,rain,walk,0.7,0.7402647411194302,0.040264741119430236
1.0,0.0,0.0,0.0,0.0,0.8,1,3.0,1,14.0,25.8,0,0.15,0.1,0.75,9.0,rain,walk,0.8,0.6787532098231681,0.12124679017683193
0.0,1.0,0.0,0.0,0.0,0.3,0,3.0,0,14.0,25.8,0,0.0,0.1,0.75,9.0,sunny,bike,1.0,0.9554693287556876,0.044530671244312425
1.0,0.0,0.0,0.0,0.0,0.8,1,3.0,1,14.0,25.8,0,0.15,0.1,0.75,9.0,rain,walk,0.6,0.6787532098231681,0.07875320982316814
0.0,0.0,0.0,0.0,1.0,0.3,0,8.0,0,14.0,25.8,0,0.0,0.1,2.0,24.0,any,car,1.0,0.964540182270085,0.03545981772991502
0.0,0.0,0.0,0.0,1.0,0.3,0,8.0,0,14.0,25.8,0,0.0,0.1,2.0,24.0,any,car,0.9,0.964540182270085,0.06454018227008496
0.0,1.0,0.0,0.0,0.0,0.3,0,3.0,0,14.0,25.8,0,0.0,0.1,0.75,9.0,sunny,bike,0.9,0.9554693287556876,0.05546932875568755
1.0,0.0,0.0,0.0,0.0,0.5,1,3.0,0,14.0,25.8,0,0.15,0.1,0.75,9.0,sunny,walk,0.8,0.9150509780792535,0.11505097807925346
0.0,1.0,0.0,0.0,0.0,0.3,0,2.5,1,14.0,25.8,0,0.0,0.1,0.625,7.5,rain,bike,0.6,0.6966919760994077,0.09669197609940772
0.0,0.0,1.0,0.0,0.0,0.8,0,5.0,0,14.0,25.8,0,0.0,0.1,1.25,15.0,any,bus,1.0,0.8733736115265892,0.1266263884734108
1.0,0.0,0.0,0.0,0.0,0.5,1,3.0,0,14.0,25.8,0,0.15,0.1,0.75,9.0,sunny,walk,1.0,0.9150509780792535,0.08494902192074649
0.0,0.0,1.0,0.0,0.0,0.2,0,5.0,0,14.0,25.8,0,0.0,0.1,1.25,15.0,any,bus,1.0,0.9210293123397663,0.07897068766023374
0.0,0.0,0.0,0.0,1.0,0.3,0,8.0,0,14.0,25.8,0,0.0,0.1,2.0,24.0,any,car,1.0,0.964540182270085,0.03545981772991502
0.0,0.0,0.0,0.0,1.0,0.3,0,8.0,0,14.0,25.8,0,0.0,0.1,2.0,24.0,any,car,0.9,0.964540182270085,0.06454018227008496
0.0,0.0,1.0,0.0,0.0,0.8,0,5.0,0,14.0,25.8,0,0.0,0.1,1.25,15.0,any,bus,0.9,0.8733736115265892,0.02662638847341081
0.0,0.0,0.0,0.0,1.0,0.3,0,8.0,0,14.0,25.8,0,0.0,0.1,2.0,24.0,any,car,1.0,0.964540182270085,0.03545981772991502
0.0,0.0,0.0,0.0,1.0,0.3,0,8.0,0,14.0,25.8,0,0.0,0.1,2.0,24.0,any,car,1.0,0.964540182270085,0.03545981772991502
0.0,1.0,0.0,0.0,0.0,0.3,0,2.5,1,14.0,25.8,0,0.0,0.1,0.625,7.5,rain,bike,0.7,0.6966919760994077,0.0033080239005922607
0.0,1.0,0.0,0.0,0.0,0.3,0,2.5,0,14.0,25.8,0,0.0,0.1,0.625,7.5,sunny,bike,0.9,0.9091618939489046,0.009161893948904543
1.0,0.0,0.0,0.0,0.0,0.5,1,3.0,0,14.0,25.8,0,0.15,0.1,0.75,9.0,sunny,walk,0.9,0.9150509780792535,0.015050978079253485
1.0,0.0,0.0,0.0,0.0,0.3,0,0.8,1,14.0,25.8,0,0.0,0.1,0.2,2.4,rain,walk,0.7,0.7402647411194302,0.040264741119430236
0.0,0.0,1.0,0.0,0.0,0.2,0,5.0,0,14.0,25.8,0,0.0,0.1,1.25,15.0,any,bus,1.0,0.9210293123397663,0.07897068766023374
1.0,0.0,0.0,0.0,0.0,0.5,1,3.0,0,14.0,25.8,0,0.15,0.1,0.75,9.0,sunny,walk,0.9,0.9150509780792535,0.015050978079253485
0.0,1.0,0.0,0.0,0.0,0.3,0,2.5,1,14.0,25.8,0,0.0,0.1,0.625,7.5,rain,bike,0.6,0.6966919760994077,0.09669197609940772
0.0,0.0,0.0,0.0,1.0,0.3,0,8.0,0,14.0,25.8,0,0.0,0.1,2.0,24.0,any,car,1.0,0.964540182270085,0.03545981772991502
0.0,0.0,0.0,0.0,1.0,0.3,0,8.0,0,14.0,25.8,0,0.0,0.1,2.0,24.0,any,car,1.0,0.964540182270085,0.03545981772991502
0.0,1.0,0.0,0.0,0.0,0.3,0,3.0,0,14.0,25.8,0,0.0,0.1,0.75,9.0,sunny,bike,1.0,0.9554693287556876,0.044530671244312425
0.0,0.0,0.0,0.0,1.0,0.3,0,8.0,0,14.0,25.8,0,0.0,0.1,2.0,24.0,any,car,1.0,0.964540182270085,0.03545981772991502
0.0,1.0,0.0,0.0,0.0,0.3,0,2.5,1,14.0,25.8,0,0.0,0.1,0.625,7.5,rain,bike,0.3,0.6966919760994077,0.3966919760994077
0.0,1.0,0.0,0.0,0.0,0.3,0,2.5,1,14.0,25.8,0,0.0,0.1,0.625,7.5,rain,bike,0.7,0.6966919760994077,0.0033080239005922607
0.0,0.0,1.0,0.0,0.0,0.2,0,5.0,0,14.0,25.8,0,0.0,0.1,1.25,15.0,any,bus,1.0,0.9210293123397663,0.07897068766023374
0.0,1.0,0.0,0.0,0.0,0.3,0,3.0,0,14.0,25.8,0,0.0,0.1,0.75,9.0,sunny,bike,0.8,0.9554693287556876,0.15546932875568753
0.0,0.0,0.0,0.0,1.0,0.3,0,8.0,0,14.0,25.8,0,0.0,0.1,2.0,24.0,any,car,0.9,0.964540182270085,0.06454018227008496
0.0,0.0,0.0,0.0,1.0,0.3,0,8.0,0,14.0,25.8,0,0.0,0.1,2.0,24.0,any,car,1.0,0.964540182270085,0.03545981772991502
0.0,0.0,0.0,0.0,1.0,0.3,0,8.0,0,14.0,25.8,0,0.0,0.1,2.0,24.0,any,car,1.0,0.964540182270085,0.03545981772991502
0.0,1.0,0.0,0.0,0.0,0.3,0,2.5,1,14.0,25.8,0,0.0,0.1,0.625,7.5,rain,bike,0.6,0.6966919760994077,0.09669197609940772
0.0,1.0,0.0,0.0,0.0,0.3,0,2.5,1,14.0,25.8,0,0.0,0.1,0.625,7.5,rain,bike,0.6,0.6966919760994077,0.09669197609940772
1.0,0.0,0.0,0.0,0.0,0.8,2,5.0,1,14.0,25.8,0,0.3,0.1,1.25,15.0,rain,walk,0.7,0.6384317886151736,0.06156821138482638
0.0,0.0,0.0,0.0,1.0,0.3,0,8.0,0,14.0,25.8,0,0.0,0.1,2.0,24.0,any,car,1.0,0.964540182270085,0.03545981772991502
1.0,0.0,0.0,0.0,0.0,0.8,2,5.0,1,14.0,25.8,0,0.3,0.1,1.25,15.0,rain,walk,0.8,0.6384317886151736,0.16156821138482647
0.0,0.0,1.0,0.0,0.0,0.2,0,5.0,0,14.0,25.8,0,0.0,0.1,1.25,15.0,any,bus,1.0,0.9210293123397663,0.07897068766023374
0.0,0.0,1.0,0.0,0.0,0.2,0,5.0,0,14.0,25.8,0,0.0,0.1,1.25,15.0,any,bus,1.0,0.9210293123397663,0.07897068766023374
0.0,1.0,0.0,0.0,0.0,0.3,0,2.5,0,14.0,25.8,0,0.0,0.1,0.625,7.5,sunny,bike,1.0,0.9091618939489046,0.09083810605109544
1.0,0.0,0.0,0.0,0.0,0.5,1,3.0,0,14.0,25.8,0,0.15,0.1,0.75,9.0,sunny,walk,0.9,0.9150509780792535,0.015050978079253485
1.0,0.0,0.0,0.0,0.0,0.8,2,5.0,1,14.0,25.8,0,0.3,0.1,1.25,15.0,rain,walk,0.6,0.6384317886151736,0.0384317886151736
1.0,0.0,0.0,0.0,0.0,0.8,2,5.0,1,14.0,25.8,0,0.3,0.1,1.25,15.0,rain,walk,0.7,0.6384317886151736,0.06156821138482638
1.0,0.0,0.0,0.0,0.0,0.3,0,0.8,1,14.0,25.8,0,0.0,0.1,0.2,2.4,rain,walk,0.8,0.7402647411194302,0.05973525888056985
1.0,0.0,0.0,0.0,0.0,0.3,0,0.8,0,14.0,25.8,0,0.0,0.1,0.2,2.4,sunny,walk,1.0,0.9527346589689272,0.04726534103107283
1.0,0.0,0.0,0.0,0.0,0.8,2,5.0,1,14.0,25.8,0,0.3,0.1,1.25,15.0,rain,walk,0.8,0.6384317886151736,0.16156821138482647
0.0,0.0,1.0,0.0,0.0,0.2,0,5.0,0,14.0,25.8,0,0.0,0.1,1.25,15.0,any,bus,0.8,0.9210293123397663,0.12102931233976622
0.0,1.0,0.0,0.0,0.0,0.3,0,2.5,0,14.0,25.8,0,0.0,0.1,0.625,7.5,sunny,bike,0.9,0.9091618939489046,0.009161893948904543
0.0,0.0,0.0,0.0,1.0,0.3,0,8.0,0,14.0,25.8,0,0.0,0.1,2.0,24.0,any,car,1.0,0.964540182270085,0.03545981772991502
0.0,0.0,0.0,0.0,1.0,0.3,0,8.0,0,14.0,25.8,0,0.0,0.1,2.0,24.0,any,car,1.0,0.964540182270085,0.03545981772991502
0.0,0.0,1.0,0.0,0.0,0.8,0,5.0,0,14.0,25.8,0,0.0,0.1,1.25,15.0,any,bus,1.0,0.8733736115265892,0.1266263884734108
1.0,0.0,0.0,0.0,0.0,0.8,1,3.0,1,14.0,25.8,0,0.15,0.1,0.75,9.0,rain,walk,0.7,0.6787532098231681,0.021246790176831842
0.0,0.0,1.0,0.0,0.0,0.2,0,5.0,0,14.0,25.8,0,0.0,0.1,1.25,15.0,any,bus,0.8,0.9210293123397663,0.12102931233976622
1.0,0.0,0.0,0.0,0.0,0.8,2,5.0,1,14.0,25.8,0,0.3,0.1,1.25,15.0,rain,walk,0.8,0.6384317886151736,0.16156821138482647
0.0,1.0,0.0,0.0,0.0,0.3,0,2.5,0,14.0,25.8,0,0.0,0.1,0.625,7.5,sunny,bike,1.0,0.9091618939489046,0.09083810605109544
1.0,0.0,0.0,0.0,0.0,0.5,1,3.0,0,14.0,25.8,0,0.15,0.1,0.75,9.0,sunny,walk,0.8,0.9150509780792535,0.11505097807925346
0.0,0.0,0.0,0.0,1.0,0.3,0,8.0,0,14.0,25.8,0,0.0,0.1,2.0,24.0,any,car,1.0,0.964540182270085,0.03545981772991502
1.0,0.0,0.0,0.0,0.0,0.3,0,0.8,0,14.0,25.8,0,0.0,0.1,0.2,2.4,sunny,walk,0.9,0.9527346589689272,0.05273465896892715
1.0,0.0,0.0,0.0,0.0,0.3,0,0.8,0,14.0,25.8,0,0.0,0.1,0.2,2.4,sunny,walk,1.0,0.9527346589689272,0.04726534103107283
0.0,1.0,0.0,0.0,0.0,0.3,0,2.5,1,14.0,25.8,0,0.0,0.1,0.625,7.5,rain,bike,0.8,0.6966919760994077,0.10330802390059235
1.0,0.0,0.0,0.0,0.0,0.5,1,3.0,0,14.0,25.8,0,0.15,0.1,0.75,9.0,sunny,walk,1.0,0.9150509780792535,0.08494902192074649
1.0,0.0,0.0,0.0,0.0,0.3,0,0.8,0,14.0,25.8,0,0.0,0.1,0.2,2.4,sunny,walk,0.8,0.9527346589689272,0.15273465896892713
0.0,1.0,0.0,0.0,0.0,0.3,0,3.0,0,14.0,25.8,0,0.0,0.1,0.75,9.0,sunny,bike,0.9,0.9554693287556876,0.05546932875568755
0.0,1.0,0.0,0.0,0.0,0.3,0,2.5,0,14.0,25.8,0,0.0,0.1,0.625,7.5,sunny,bike,1.0,0.9091618939489046,0.09083810605109544
1.0,0.0,0.0,0.0,0.0,0.8,1,3.0,1,14.0,25.8,0,0.15,0.1,0.75,9.0,rain,walk,0.7,0.6787532098231681,0.021246790176831842
0.0,1.0,0.0,0.0,0.0,0.3,0,2.5,0,14.0,25.8,0,0.0,0.1,0.625,7.5,sunny,bike,1.0,0.9091618939489046,0.09083810605109544
1.0,0.0,0.0,0.0,0.0,0.3,0,0.8,1,14.0,25.8,0,0.0,0.1,0.2,2.4,rain,walk,0.7,0.7402647411194302,0.040264741119430236
0.0,1.0,0.0,0.0,0.0,0.3,0,3.0,0,14.0,25.8,0,0.0,0.1,0.75,9.0,sunny,bike,1.0,0.9554693287556876,0.044530671244312425
1.0,0.0,0.0,0.0,0.0,0.3,0,0.8,1,14.0,25.8,0,0.0,0.1,0.2,2.4,rain,walk,0.8,0.7402647411194302,0.05973525888056985
1.0,0.0,0.0,0.0,0.0,0.8,2,5.0,1,14.0,25.8,0,0.3,0.1,1.25,15.0,rain,walk,0.8,0.6384317886151736,0.16156821138482647
1.0,0.0,0.0,0.0,0.0,0.8,1,3.0,1,14.0,25.8,0,0.15,0.1,0.75,9.0,rain,walk,0.6,0.6787532098231681,0.07875320982316814
0.0,0.0,0.0,0.0,1.0,0.3,0,8.0,0,14.0,25.8,0,0.0,0.1,2.0,24.0,any,car,1.0,0.964540182270085,0.03545981772991502
1.0,0.0,0.0,0.0,0.0,0.8,1,3.0,1,14.0,25.8,0,0.15,0.1,0.75,9.0,rain,walk,0.7,0.6787532098231681,0.021246790176831842
0.0,0.0,0.0,0.0,1.0,0.3,0,8.0,0,14.0,25.8,0,0.0,0.1,2.0,24.0,any,car,1.0,0.964540182270085,0.03545981772991502
1.0,0.0,0.0,0.0,0.0,0.3,0,0.8,0,14.0,25.8,0,0.0,0.1,0.2,2.4,sunny,walk,1.0,0.9527346589689272,0.04726534103107283
0.0,0.0,0.0,0.0,1.0,0.3,0,8.0,0,14.0,25.8,0,0.0,0.1,2.0,24.0,any,car,1.0,0.964540182270085,0.03545981772991502
1.0,0.0,0.0,0.0,0.0,0.8,1,3.0,1,14.0,25.8,0,0.15,0.1,0.75,9.0,rain,walk,0.8,0.6787532098231681,0.12124679017683193
0.0,0.0,1.0,0.0,0.0,0.2,0,5.0,0,14.0,25.8,0,0.0,0.1,1.25,15.0,any,bus,1.0,0.9210293123397663,0.07897068766023374
0.0,1.0,0.0,0.0,0.0,0.3,0,2.5,1,14.0,25.8,0,0.0,0.1,0.625,7.5,rain,bike,0.8,0.6966919760994077,0.10330802390059235
1.0,0.0,0.0,0.0,0.0,0.3,0,0.8,1,14.0,25.8,0,0.0,0.1,0.2,2.4,rain,walk,1.0,0.7402647411194302,0.2597352588805698
1.0,0.0,0.0,0.0,0.0,0.3,0,0.8,1,14.0,25.8,0,0.0,0.1,0.2,2.4,rain,walk,0.8,0.7402647411194302,0.05973525888056985
1.0,0.0,0.0,0.0,0.0,0.8,2,5.0,1,14.0,25.8,0,0.3,0.1,1.25,15.0,rain,walk,0.5,0.6384317886151736,0.13843178861517358
0.0,0.0,0.0,0.0,1.0,0.3,0,8.0,0,14.0,25.8,0,0.0,0.1,2.0,24.0,any,car,1.0,0.964540182270085,0.03545981772991502
1.0,0.0,0.0,0.0,0.0,0.3,0,0.8,1,14.0,25.8,0,0.0,0.1,0.2,2.4,rain,walk,0.7,0.7402647411194302,0.040264741119430236
0.0,1.0,0.0,0.0,0.0,0.3,0,2.5,0,14.0,25.8,0,0.0,0.1,0.625,7.5,sunny,bike,0.9,0.9091618939489046,0.009161893948904543
0.0,0.0,0.0,0.0,1.0,0.3,0,8.0,0,14.0,25.8,0,0.0,0.1,2.0,24.0,any,car,0.9,0.964540182270085,0.06454018227008496
1.0,0.0,0.0,0.0,0.0,0.8,2,5.0,1,14.0,25.8,0,0.3,0.1,1.25,15.0,rain,walk,0.7,0.6384317886151736,0.06156821138482638
1.0,0.0,0.0,0.0,0.0,0.8,1,3.0,1,14.0,25.8,0,0.15,0.1,0.75,9.0,rain,walk,0.8,0.6787532098231681,0.12124679017683193
0.0,1.0,0.0,0.0,0.0,0.3,0,3.0,0,14.0,25.8,0,0.0,0.1,0.75,9.0,sunny,bike,1.0,0.9554693287556876,0.044530671244312425
0.0,1.0,0.0,0.0,0.0,0.3,0,2.5,1,14.0,25.8,0,0.0,0.1,0.625,7.5,rain,bike,0.7,0.6966919760994077,0.0033080239005922607
0.0,1.0,0.0,0.0,0.0,0.3,0,3.0,0,14.0,25.8,0,0.0,0.1,0.75,9.0,sunny,bike,0.9,0.9554693287556876,0.05546932875568755
1.0,0.0,0.0,0.0,0.0,0.5,1,3.0,0,14.0,25.8,0,0.15,0.1,0.75,9.0,sunny,walk,0.8,0.9150509780792535,0.11505097807925346
0.0,0.0,0.0,0.0,1.0,0.3,0,8.0,0,14.0,25.8,0,0.0,0.1,2.0,24.0,any,car,1.0,0.964540182270085,0.03545981772991502
0.0,0.0,1.0,0.0,0.0,0.2,0,5.0,0,14.0,25.8,0,0.0,0.1,1.25,15.0,any,bus,1.0,0.9210293123397663,0.07897068766023374
1.0,0.0,0.0,0.0,0.0,0.8,2,5.0,1,14.0,25.8,0,0.3,0.1,1.25,15.0,rain,walk,0.6,0.6384317886151736,0.0384317886151736
0.0,1.0,0.0,0.0,0.0,0.3,0,3.0,0,14.0,25.8,0,0.0,0.1,0.75,9.0,sunny,bike,0.8,0.9554693287556876,0.15546932875568753
0.0,0.0,0.0,0.0,1.0,0.3,0,8.0,0,14.0,25.8,0,0.0,0.1,2.0,24.0,any,car,1.0,0.964540182270085,0.03545981772991502
0.0,0.0,1.0,0.0,0.0,0.2,0,5.0,0,14.0,25.8,0,0.0,0.1,1.25,15.0,any,bus,1.0,0.9210293123397663,0.07897068766023374
1.0,0.0,0.0,0.0,0.0,0.3,0,0.8,1,14.0,25.8,0,0.0,0.1,0.2,2.4,rain,walk,0.6,0.7402647411194302,0.14026474111943021
0.0,0.0,1.0,0.0,0.0,0.8,0,5.0,0,14.0,25.8,0,0.0,0.1,1.25,15.0,any,bus,0.8,0.8733736115265892,0.07337361152658917
0.0,0.0,0.0,0.0,1.0,0.3,0,8.0,0,14.0,25.8,0,0.0,0.1,2.0,24.0,any,car,1.0,0.964540182270085,0.03545981772991502
1.0,0.0,0.0,0.0,0.0,0.8,2,5.0,1,14.0,25.8,0,0.3,0.1,1.25,15.0,rain,walk,0.6,0.6384317886151736,0.0384317886151736
1.0,0.0,0.0,0.0,0.0,0.3,0,0.8,1,14.0,25.8,0,0.0,0.1,0.2,2.4,rain,walk,0.9,0.7402647411194302,0.15973525888056983
0.0,0.0,1.0,0.0,0.0,0.2,0,5.0,0,14.0,25.8,0,0.0,0.1,1.25,15.0,any,bus,1.0,0.9210293123397663,0.07897068766023374
1.0,0.0,0.0,0.0,0.0,0.5,1,3.0,0,14.0,25.8,0,0.15,0.1,0.75,9.0,sunny,walk,0.8,0.9150509780792535,0.11505097807925346
0.0,0.0,0.0,0.0,1.0,0.3,0,8.0,0,14.0,25.8,0,0.0,0.1,2.0,24.0,any,car,0.9,0.964540182270085,0.06454018227008496
0.0,1.0,0.0,0.0,0.0,0.3,0,3.0,0,14.0,25.8,0,0.0,0.1,0.75,9.0,sunny,bike,0.9,0.9554693287556876,0.05546932875568755
1.0,0.0,0.0,0.0,0.0,0.3,0,0.8,1,14.0,25.8,0,0.0,0.1,0.2,2.4,rain,walk,0.7,0.7402647411194302,0.040264741119430236
1.0,0.0,0.0,0.0,0.0,0.8,1,3.0,1,14.0,25.8,0,0.15,0.1,0.75,9.0,rain,walk,0.7,0.6787532098231681,0.021246790176831842
1.0,0.0,0.0,0.0,0.0,0.5,1,3.0,0,14.0,25.8,0,0.15,0.1,0.75,9.0,sunny,walk,0.8,0.9150509780792535,0.11505097807925346
0.0,0.0,1.0,0.0,0.0,0.2,0,5.0,0,14.0,25.8,0,0.0,0.1,1.25,15.0,any,bus,1.0,0.9210293123397663,0.07897068766023374
0.0,0.0,0.0,0.0,1.0,0.3,0,8.0,0,14.0,25.8,0,0.0,0.1,2.0,24.0,any,car,0.9,0.964540182270085,0.06454018227008496
0.0,0.0,1.0,0.0,0.0,0.2,0,5.0,0,14.0,25.8,0,0.0,0.1,1.25,15.0,any,bus,0.9,0.9210293123397663,0.021029312339766237
0.0,1.0,0.0,0.0,0.0,0.3,0,2.5,0,14.0,25.8,0,0.0,0.1,0.625,7.5,sunny,bike,0.9,0.9091618939489046,0.009161893948904543
0.0,1.0,0.0,0.0,0.0,0.3,0,2.5,0,14.0,25.8,0,0.0,0.1,0.625,7.5,sunny,bike,1.0,0.9091618939489046,0.09083810605109544
0.0,1.0,0.0,0.0,0.0,0.3,0,2.5,1,14.0,25.8,0,0.0,0.1,0.625,7.5,rain,bike,0.7,0.6966919760994077,0.0033080239005922607
1.0,0.0,0.0,0.0,0.0,0.8,2,5.0,1,14.0,25.8,0,0.3,0.1,1.25,15.0,rain,walk,0.7,0.6384317886151736,0.06156821138482638
1.0,0.0,0.0,0.0,0.0,0.8,1,3.0,1,14.0,25.8,0,0.15,0.1,0.75,9.0,rain,walk,0.7,0.6787532098231681,0.021246790176831842
1.0,0.0,0.0,0.0,0.0,0.8,1,3.0,1,14.0,25.8,0,0.15,0.1,0.75,9.0,rain,walk,0.6,0.6787532098231681,0.07875320982316814
0.0,0.0,1.0,0.0,0.0,0.2,0,5.0,0,14.0,25.8,0,0.0,0.1,1.25,15.0,any,bus,0.9,0.9210293123397663,0.021029312339766237
0.0,0.0,1.0,0.0,0.0,0.2,0,5.0,0,14.0,25.8,0,0.0,0.1,1.25,15.0,any,bus,1.0,0.9210293123397663,0.07897068766023374
0.0,1.0,0.0,0.0,0.0,0.3,0,2.5,1,14.0,25.8,0,0.0,0.1,0.625,7.5,rain,bike,0.7,0.6966919760994077,0.0033080239005922607
1.0,0.0,0.0,0.0,0.0,0.3,0,0.8,0,14.0,25.8,0,0.0,0.1,0.2,2.4,sunny,walk,1.0,0.9527346589689272,0.04726534103107283
0.0,0.0,1.0,0.0,0.0,0.8,0,5.0,0,14.0,25.8,0,0.0,0.1,1.25,15.0,any,bus,0.7,0.8733736115265892,0.17337361152658926
0.0,1.0,0.0,0.0,0.0,0.3,0,2.5,0,14.0,25.8,0,0.0,0.1,0.625,7.5,sunny,bike,1.0,0.9091618939489046,0.09083810605109544
0.0,0.0,1.0,0.0,0.0,0.2,0,5.0,0,14.0,25.8,0,0.0,0.1,1.25,15.0,any,bus,1.0,0.9210293123397663,0.07897068766023374
0.0,0.0,0.0,0.0,1.0,0.3,0,8.0,0,14.0,25.8,0,0.0,0.1,2.0,24.0,any,car,1.0,0.964540182270085,0.03545981772991502
0.0,0.0,1.0,0.0,0.0,0.2,0,5.0,0,14.0,25.8,0,0.0,0.1,1.25,15.0,any,bus,1.0,0.9210293123397663,0.07897068766023374
0.0,1.0,0.0,0.0,0.0,0.3,0,3.0,0,14.0,25.8,0,0.0,0.1,0.75,9.0,sunny,bike,1.0,0.9554693287556876,0.044530671244312425
0.0,1.0,0.0,0.0,0.0,0.3,0,2.5,1,14.0,25.8,0,0.0,0.1,0.625,7.5,rain,bike,0.7,0.6966919760994077,0.0033080239005922607
0.0,0.0,0.0,0.0,1.0,0.3,0,8.0,0,14.0,25.8,0,0.0,0.1,2.0,24.0,any,car,1.0,0.964540182270085,0.03545981772991502
0.0,1.0,0.0,0.0,0.0,0.3,0,2.5,1,14.0,25.8,0,0.0,0.1,0.625,7.5,rain,bike,0.4,0.6966919760994077,0.2966919760994077
0.0,1.0,0.0,0.0,0.0,0.3,0,3.0,0,14.0,25.8,0,0.0,0.1,0.75,9.0,sunny,bike,1.0,0.9554693287556876,0.044530671244312425
0.0,0.0,1.0,0.0,0.0,0.2,0,5.0,0,14.0,25.8,0,0.0,0.1,1.25,15.0,any,bus,1.0,0.9210293123397663,0.07897068766023374
0.0,0.0,0.0,0.0,1.0,0.3,0,8.0,0,14.0,25.8,0,0.0,0.1,2.0,24.0,any,car,1.0,0.964540182270085,0.03545981772991502
0.0,1.0,0.0,0.0,0.0,0.3,0,3.0,0,14.0,25.8,0,0.0,0.1,0.75,9.0,sunny,bike,1.0,0.9554693287556876,0.044530671244312425
1.0,0.0,0.0,0.0,0.0,0.3,0,0.8,0,14.0,25.8,0,0.0,0.1,0.2,2.4,sunny,walk,1.0,0.9527346589689272,0.04726534103107283
1.0,0.0,0.0,0.0,0.0,0.8,2,5.0,1,14.0,25.8,0,0.3,0.1,1.25,15.0,rain,walk,0.7,0.6384317886151736,0.06156821138482638
0.0,1.0,0.0,0.0,0.0,0.3,0,3.0,0,14.0,25.8,0,0.0,0.1,0.75,9.0,sunny,bike,1.0,0.9554693287556876,0.044530671244312425
0.0,0.0,1.0,0.0,0.0,0.8,0,5.0,0,14.0,25.8,0,0.0,0.1,1.25,15.0,any,bus,0.8,0.8733736115265892,0.07337361152658917
0.0,0.0,1.0,0.0,0.0,0.8,0,5.0,0,14.0,25.8,0,0.0,0.1,1.25,15.0,any,bus,0.9,0.8733736115265892,0.02662638847341081
1.0,0.0,0.0,0.0,0.0,0.5,1,3.0,0,14.0,25.8,0,0.15,0.1,0.75,9.0,sunny,walk,0.7,0.9150509780792535,0.21505097807925355
0.0,0.0,0.0,0.0,1.0,0.3,0,8.0,0,14.0,25.8,0,0.0,0.1,2.0,24.0,any,car,1.0,0.964540182270085,0.03545981772991502
0.0,0.0,0.0,0.0,1.0,0.3,0,8.0,0,14.0,25.8,0,0.0,0.1,2.0,24.0,any,car,1.0,0.964540182270085,0.03545981772991502
1.0,0.0,0.0,0.0,0.0,0.8,2,5.0,1,14.0,25.8,0,0.3,0.1,1.25,15.0,rain,walk,0.6,0.6384317886151736,0.0384317886151736
0.0,0.0,1.0,0.0,0.0,0.8,0,5.0,0,14.0,25.8,0,0.0,0.1,1.25,15.0,any,bus,1.0,0.8733736115265892,0.1266263884734108
0.0,0.0,1.0,0.0,0.0,0.2,0,5.0,0,14.0,25.8,0,0.0,0.1,1.25,15.0,any,bus,0.9,0.9210293123397663,0.021029312339766237
1.0,0.0,0.0,0.0,0.0,0.3,0,0.8,1,14.0,25.8,0,0.0,0.1,0.2,2.4,rain,walk,0.7,0.7402647411194302,0.040264741119430236
0.0,1.0,0.0,0.0,0.0,0.3,0,3.0,0,14.0,25.8,0,0.0,0.1,0.75,9.0,sunny,bike,1.0,0.9554693287556876,0.044530671244312425
1.0,0.0,0.0,0.0,0.0,0.3,0,0.8,1,14.0,25.8,0,0.0,0.1,0.2,2.4,rain,walk,0.7,0.7402647411194302,0.040264741119430236
0.0,0.0,0.0,0.0,1.0,0.3,0,8.0,0,14.0,25.8,0,0.0,0.1,2.0,24.0,any,car,0.8,0.964540182270085,0.16454018227008493
0.0,1.0,0.0,0.0,0.0,0.3,0,2.5,1,14.0,25.8,0,0.0,0.1,0.625,7.5,rain,bike,0.7,0.6966919760994077,0.0033080239005922607
0.0,0.0,1.0,0.0,0.0,0.8,0,5.0,0,14.0,25.8,0,0.0,0.1,1.25,15.0,any,bus,0.9,0.8733736115265892,0.02662638847341081
1.0,0.0,0.0,0.0,0.0,0.8,1,3.0,1,14.0,25.8,0,0.15,0.1,0.75,9.0,rain,walk,0.6,0.6787532098231681,0.07875320982316814
1.0,0.0,0.0,0.0,0.0,0.5,1,3.0,0,14.0,25.8,0,0.15,0.1,0.75,9.0,sunny,walk,0.9,0.9150509780792535,0.015050978079253485
0.0,0.0,1.0,0.0,0.0,0.8,0,5.0,0,14.0,25.8,0,0.0,0.1,1.25,15.0,any,bus,0.8,0.8733736115265892,0.07337361152658917
0.0,1.0,0.0,0.0,0.0,0.3,0,2.5,0,14.0,25.8,0,0.0,0.1,0.625,7.5,sunny,bike,0.8,0.9091618939489046,0.10916189394890452
1.0,0.0,0.0,0.0,0.0,0.8,1,3.0,1,14.0,25.8,0,0.15,0.1,0.75,9.0,rain,walk,0.8,0.6787532098231681,0.12124679017683193
0.0,0.0,0.0,0.0,1.0,0.3,0,8.0,0,14.0,25.8,0,0.0,0.1,2.0,24.0,any,car,1.0,0.964540182270085,0.03545981772991502
0.0,0.0,1.0,0.0,0.0,0.8,0,5.0,0,14.0,25.8,0,0.0,0.1,1.25,15.0,any,bus,0.9,0.8733736115265892,0.02662638847341081
1.0,0.0,0.0,0.0,0.0,0.3,0,0.8,1,14.0,25.8,0,0.0,0.1,0.2,2.4,rain,walk,0.8,0.7402647411194302,0.05973525888056985
0.0,1.0,0.0,0.0,0.0,0.3,0,3.0,0,14.0,25.8,0,0.0,0.1,0.75,9.0,sunny,bike,1.0,0.9554693287556876,0.044530671244312425
0.0,1.0,0.0,0.0,0.0,0.3,0,2.5,0,14.0,25.8,0,0.0,0.1,0.625,7.5,sunny,bike,1.0,0.9091618939489046,0.09083810605109544
0.0,1.0,0.0,0.0,0.0,0.3,0,2.5,1,14.0,25.8,0,0.0,0.1,0.625,7.5,rain,bike,0.7,0.6966919760994077,0.0033080239005922607
0.0,0.0,1.0,0.0,0.0,0.2,0,5.0,0,14.0,25.8,0,0.0,0.1,1.25,15.0,any,bus,1.0,0.9210293123397663,0.07897068766023374
1.0,0.0,0.0,0.0,0.0,0.5,1,3.0,0,14.0,25.8,0,0.15,0.1,0.75,9.0,sunny,walk,0.9,0.9150509780792535,0.015050978079253485
0.0,0.0,1.0,0.0,0.0,0.8,0,5.0,0,14.0,25.8,0,0.0,0.1,1.25,15.0,any,bus,0.9,0.8733736115265892,0.02662638847341081
1.0,0.0,0.0,0.0,0.0,0.3,0,0.8,1,14.0,25.8,0,0.0,0.1,0.2,2.4,rain,walk,0.7,0.7402647411194302,0.040264741119430236
0.0,1.0,0.0,0.0,0.0,0.3,0,3.0,0,14.0,25.8,0,0.0,0.1,0.75,9.0,sunny,bike,1.0,0.9554693287556876,0.044530671244312425
0.0,0.0,0.0,0.0,1.0,0.3,0,8.0,0,14.0,25.8,0,0.0,0.1,2.0,24.0,any,car,0.8,0.964540182270085,0.16454018227008493
0.0,0.0,1.0,0.0,0.0,0.2,0,5.0,0,14.0,25.8,0,0.0,0.1,1.25,15.0,any,bus,0.9,0.9210293123397663,0.021029312339766237
0.0,0.0,0.0,0.0,1.0,0.3,0,8.0,0,14.0,25.8,0,0.0,0.1,2.0,24.0,any,car,1.0,0.964540182270085,0.03545981772991502
1.0,0.0,0.0,0.0,0.0,0.8,2,5.0,1,14.0,25.8,0,0.3,0.1,1.25,15.0,rain,walk,0.6,0.6384317886151736,0.0384317886151736
1.0,0.0,0.0,0.0,0.0,0.3,0,0.8,1,14.0,25.8,0,0.0,0.1,0.2,2.4,rain,walk,0.7,0.7402647411194302,0.040264741119430236
1.0,0.0,0.0,0.0,0.0,0.5,1,3.0,0,14.0,25.8,0,0.15,0.1,0.75,9.0,sunny,walk,1.0,0.9150509780792535,0.08494902192074649
0.0,0.0,0.0,0.0,1.0,0.3,0,8.0,0,14.0,25.8,0,0.0,0.1,2.0,24.0,any,car,1.0,0.964540182270085,0.03545981772991502
0.0,1.0,0.0,0.0,0.0,0.3,0,3.0,0,14.0,25.8,0,0.0,0.1,0.75,9.0,sunny,bike,1.0,0.9554693287556876,0.044530671244312425
1.0,0.0,0.0,0.0,0.0,0.5,1,3.0,0,14.0,25.8,0,0.15,0.1,0.75,9.0,sunny,walk,1.0,0.9150509780792535,0.08494902192074649
1.0,0.0,0.0,0.0,0.0,0.3,0,0.8,0,14.0,25.8,0,0.0,0.1,0.2,2.4,sunny,walk,0.8,0.9527346589689272,0.15273465896892713
1.0,0.0,0.0,0.0,0.0,0.5,1,3.0,0,14.0,25.8,0,0.15,0.1,0.75,9.0,sunny,walk,0.9,0.9150509780792535,0.015050978079253485
0.0,1.0,0.0,0.0,0.0,0.3,0,3.0,0,14.0,25.8,0,0.0,0.1,0.75,9.0,sunny,bike,1.0,0.9554693287556876,0.044530671244312425
1.0,0.0,0.0,0.0,0.0,0.8,2,5.0,1,14.0,25.8,0,0.3,0.1,1.25,15.0,rain,walk,0.6,0.6384317886151736,0.0384317886151736
1.0,0.0,0.0,0.0,0.0,0.8,1,3.0,1,14.0,25.8,0,0.15,0.1,0.75,9.0,rain,walk,0.7,0.6787532098231681,0.021246790176831842
0.0,0.0,1.0,0.0,0.0,0.2,0,5.0,0,14.0,25.8,0,0.0,0.1,1.25,15.0,any,bus,1.0,0.9210293123397663,0.07897068766023374
1.0,0.0,0.0,0.0,0.0,0.5,1,3.0,0,14.0,25.8,0,0.15,0.1,0.75,9.0,sunny,walk,0.9,0.9150509780792535,0.015050978079253485
0.0,0.0,1.0,0.0,0.0,0.2,0,5.0,0,14.0,25.8,0,0.0,0.1,1.25,15.0,any,bus,1.0,0.9210293123397663,0.07897068766023374
0.0,1.0,0.0,0.0,0.0,0.3,0,2.5,1,14.0,25.8,0,0.0,0.1,0.625,7.5,rain,bike,0.5,0.6966919760994077,0.1966919760994077
1.0,0.0,0.0,0.0,0.0,0.8,1,3.0,1,14.0,25.8,0,0.15,0.1,0.75,9.0,rain,walk,0.7,0.6787532098231681,0.021246790176831842
0.0,1.0,0.0,0.0,0.0,0.3,0,2.5,1,14.0,25.8,0,0.0,0.1,0.625,7.5,rain,bike,0.7,0.6966919760994077,0.0033080239005922607
1.0,0.0,0.0,0.0,0.0,0.8,2,5.0,1,14.0,25.8,0,0.3,0.1,1.25,15.0,rain,walk,0.8,0.6384317886151736,0.16156821138482647
0.0,1.0,0.0,0.0,0.0,0.3,0,2.5,0,14.0,25.8,0,0.0,0.1,0.625,7.5,sunny,bike,0.9,0.9091618939489046,0.009161893948904543
1.0,0.0,0.0,0.0,0.0,0.5,1,3.0,0,14.0,25.8,0,0.15,0.1,0.75,9.0,sunny,walk,0.9,0.9150509780792535,0.015050978079253485
0.0,0.0,1.0,0.0,0.0,0.2,0,5.0,0,14.0,25.8,0,0.0,0.1,1.25,15.0,any,bus,0.9,0.9210293123397663,0.021029312339766237
0.0,0.0,0.0,0.0,1.0,0.3,0,8.0,0,14.0,25.8,0,0.0,0.1,2.0,24.0,any,car,1.0,0.964540182270085,0.03545981772991502
0.0,0.0,0.0,0.0,1.0,0.3,0,8.0,0,14.0,25.8,0,0.0,0.1,2.0,24.0,any,car,1.0,0.964540182270085,0.03545981772991502
1.0,0.0,0.0,0.0,0.0,0.3,0,0.8,1,14.0,25.8,0,0.0,0.1,0.2,2.4,rain,walk,0.9,0.7402647411194302,0.15973525888056983
0.0,1.0,0.0,0.0,0.0,0.3,0,2.5,0,14.0,25.8,0,0.0,0.1,0.625,7.5,sunny,bike,1.0,0.9091618939489046,0.09083810605109544
0.0,1.0,0.0,0.0,0.0,0.3,0,3.0,0,14.0,25.8,0,0.0,0.1,0.75,9.0,sunny,bike,1.0,0.9554693287556876,0.044530671244312425
0.0,1.0,0.0,0.0,0.0,0.3,0,2.5,1,14.0,25.8,0,0.0,0.1,0.625,7.5,rain,bike,0.7,0.6966919760994077,0.0033080239005922607
0.0,1.0,0.0,0.0,0.0,0.3,0,2.5,0,14.0,25.8,0,0.0,0.1,0.625,7.5,sunny,bike,1.0,0.9091618939489046,0.09083810605109544
0.0,0.0,0.0,0.0,1.0,0.3,0,8.0,0,14.0,25.8,0,0.0,0.1,2.0,24.0,any,car,0.9,0.964540182270085,0.06454018227008496
1.0,0.0,0.0,0.0,0.0,0.3,0,0.8,0,14.0,25.8,0,0.0,0.1,0.2,2.4,sunny,walk,1.0,0.9527346589689272,0.04726534103107283
0.0,1.0,0.0,0.0,0.0,0.3,0,3.0,0,14.0,25.8,0,0.0,0.1,0.75,9.0,sunny,bike,1.0,0.9554693287556876,0.044530671244312425
0.0,0.0,0.0,0.0,1.0,0.3,0,8.0,0,14.0,25.8,0,0.0,0.1,2.0,24.0,any,car,1.0,0.964540182270085,0.03545981772991502
0.0,1.0,0.0,0.0,0.0,0.3,0,2.5,0,14.0,25.8,0,0.0,0.1,0.625,7.5,sunny,bike,1.0,0.9091618939489046,0.09083810605109544
0.0,0.0,0.0,0.0,1.0,0.3,0,8.0,0,14.0,25.8,0,0.0,0.1,2.0,24.0,any,car,0.9,0.964540182270085,0.06454018227008496
1.0,0.0,0.0,0.0,0.0,0.8,1,3.0,1,14.0,25.8,0,0.15,0.1,0.75,9.0,rain,walk,0.7,0.6787532098231681,0.021246790176831842
1.0,0.0,0.0,0.0,0.0,0.8,1,3.0,1,14.0,25.8,0,0.15,0.1,0.75,9.0,rain,walk,0.7,0.6787532098231681,0.021246790176831842
1.0,0.0,0.0,0.0,0.0,0.3,0,0.8,1,14.0,25.8,0,0.0,0.1,0.2,2.4,rain,walk,0.7,0.7402647411194302,0.040264741119430236
0.0,1.0,0.0,0.0,0.0,0.3,0,3.0,0,14.0,25.8,0,0.0,0.1,0.75,9.0,sunny,bike,1.0,0.9554693287556876,0.044530671244312425
0.0,0.0,0.0,0.0,1.0,0.3,0,8.0,0,14.0,25.8,0,0.0,0.1,2.0,24.0,any,car,0.9,0.964540182270085,0.06454018227008496
0.0,0.0,0.0,0.0,1.0,0.3,0,8.0,0,14.0,25.8,0,0.0,0.1,2.0,24.0,any,car,1.0,0.964540182270085,0.03545981772991502
1.0,0.0,0.0,0.0,0.0,0.5,1,3.0,0,14.0,25.8,0,0.15,0.1,0.75,9.0,sunny,walk,0.8,0.9150509780792535,0.11505097807925346
1.0,0.0,0.0,0.0,0.0,0.8,1,3.0,1,14.0,25.8,0,0.15,0.1,0.75,9.0,rain,walk,0.7,0.6787532098231681,0.021246790176831842
0.0,1.0,0.0,0.0,0.0,0.3,0,3.0,0,14.0,25.8,0,0.0,0.1,0.75,9.0,sunny,bike,0.9,0.9554693287556876,0.05546932875568755
0.0,0.0,0.0,0.0,1.0,0.3,0,8.0,0,14.0,25.8,0,0.0,0.1,2.0,24.0,any,car,1.0,0.964540182270085,0.03545981772991502
0.0,1.0,0.0,0.0,0.0,0.3,0,3.0,0,14.0,25.8,0,0.0,0.1,0.75,9.0,sunny,bike,0.8,0.9554693287556876,0.15546932875568753
0.0,0.0,1.0,0.0,0.0,0.8,0,5.0,0,14.0,25.8,0,0.0,0.1,1.25,15.0,any,bus,1.0,0.8733736115265892,0.1266263884734108
0.0,0.0,1.0,0.0,0.0,0.8,0,5.0,0,14.0,25.8,0,0.0,0.1,1.25,15.0,any,bus,0.9,0.8733736115265892,0.02662638847341081
0.0,0.0,1.0,0.0,0.0,0.8,0,5.0,0,14.0,25.8,0,0.0,0.1,1.25,15.0,any,bus,0.8,0.8733736115265892,0.07337361152658917
0.0,0.0,1.0,0.0,0.0,0.8,0,5.0,0,14.0,25.8,0,0.0,0.1,1.25,15.0,any,bus,0.8,0.8733736115265892,0.07337361152658917
0.0,0.0,0.0,0.0,1.0,0.3,0,8.0,0,14.0,25.8,0,0.0,0.1,2.0,24.0,any,car,1.0,0.964540182270085,0.03545981772991502
1.0,0.0,0.0,0.0,0.0,0.3,0,0.8,0,14.0,25.8,0,0.0,0.1,0.2,2.4,sunny,walk,0.9,0.9527346589689272,0.05273465896892715
0.0,0.0,1.0,0.0,0.0,0.8,0,5.0,0,14.0,25.8,0,0.0,0.1,1.25,15.0,any,bus,1.0,0.8733736115265892,0.1266263884734108
1.0,0.0,0.0,0.0,0.0,0.8,1,3.0,1,14.0,25.8,0,0.15,0.1,0.75,9.0,rain,walk,0.7,0.6787532098231681,0.021246790176831842
1.0,0.0,0.0,0.0,0.0,0.5,1,3.0,0,14.0,25.8,0,0.15,0.1,0.75,9.0,sunny,walk,0.9,0.9150509780792535,0.015050978079253485
0.0,1.0,0.0,0.0,0.0,0.3,0,3.0,0,14.0,25.8,0,0.0,0.1,0.75,9.0,sunny,bike,0.7,0.9554693287556876,0.2554693287556876
0.0,0.0,1.0,0.0,0.0,0.8,0,5.0,0,14.0,25.8,0,0.0,0.1,1.25,15.0,any,bus,0.9,0.8733736115265892,0.02662638847341081
1.0,0.0,0.0,0.0,0.0,0.8,1,3.0,1,14.0,25.8,0,0.15,0.1,0.75,9.0,rain,walk,0.9,0.6787532098231681,0.2212467901768319
0.0,1.0,0.0,0.0,0.0,0.3,0,3.0,0,14.0,25.8,0,0.0,0.1,0.75,9.0,sunny,bike,1.0,0.9554693287556876,0.044530671244312425
0.0,0.0,0.0,0.0,1.0,0.3,0,8.0,0,14.0,25.8,0,0.0,0.1,2.0,24.0,any,car,1.0,0.964540182270085,0.03545981772991502
0.0,0.0,0.0,0.0,1.0,0.3,0,8.0,0,14.0,25.8,0,0.0,0.1,2.0,24.0,any,car,0.9,0.964540182270085,0.06454018227008496
0.0,1.0,0.0,0.0,0.0,0.3,0,3.0,0,14.0,25.8,0,0.0,0.1,0.75,9.0,sunny,bike,1.0,0.9554693287556876,0.044530671244312425
1.0,0.0,0.0,0.0,0.0,0.8,1,3.0,1,14.0,25.8,0,0.15,0.1,0.75,9.0,rain,walk,0.7,0.6787532098231681,0.021246790176831842
0.0,0.0,0.0,0.0,1.0,0.3,0,8.0,0,14.0,25.8,0,0.0,0.1,2.0,24.0,any,car,1.0,0.964540182270085,0.03545981772991502
1.0,0.0,0.0,0.0,0.0,0.5,1,3.0,0,14.0,25.8,0,0.15,0.1,0.75,9.0,sunny,walk,0.8,0.9150509780792535,0.11505097807925346
0.0,0.0,1.0,0.0,0.0,0.8,0,5.0,0,14.0,25.8,0,0.0,0.1,1.25,15.0,any,bus,0.9,0.8733736115265892,0.02662638847341081
0.0,0.0,0.0,0.0,1.0,0.3,0,8.0,0,14.0,25.8,0,0.0,0.1,2.0,24.0,any,car,1.0,0.964540182270085,0.03545981772991502
0.0,0.0,0.0,0.0,1.0,0.3,0,8.0,0,14.0,25.8,0,0.0,0.1,2.0,24.0,any,car,1.0,0.964540182270085,0.03545981772991502
1.0,0.0,0.0,0.0,0.0,0.3,0,0.8,0,14.0,25.8,0,0.0,0.1,0.2,2.4,sunny,walk,0.8,0.9527346589689272,0.15273465896892713
0.0,0.0,0.0,0.0,1.0,0.3,0,8.0,0,14.0,25.8,0,0.0,0.1,2.0,24.0,any,car,1.0,0.964540182270085,0.03545981772991502
1.0,0.0,0.0,0.0,0.0,0.3,0,0.8,0,14.0,25.8,0,0.0,0.1,0.2,2.4,sunny,walk,1.0,0.9527346589689272,0.04726534103107283
0.0,0.0,1.0,0.0,0.0,0.8,0,5.0,0,14.0,25.8,0,0.0,0.1,1.25,15.0,any,bus,1.0,0.8733736115265892,0.1266263884734108
0.0,1.0,0.0,0.0,0.0,0.3,0,2.5,1,14.0,25.8,0,0.0,0.1,0.625,7.5,rain,bike,0.6,0.6966919760994077,0.09669197609940772
1.0,0.0,0.0,0.0,0.0,0.5,1,3.0,0,14.0,25.8,0,0.15,0.1,0.75,9.0,sunny,walk,1.0,0.9150509780792535,0.08494902192074649
0.0,0.0,1.0,0.0,0.0,0.8,0,5.0,0,14.0,25.8,0,0.0,0.1,1.25,15.0,any,bus,0.9,0.8733736115265892,0.02662638847341081
0.0,1.0,0.0,0.0,0.0,0.3,0,2.5,1,14.0,25.8,0,0.0,0.1,0.625,7.5,rain,bike,0.6,0.6966919760994077,0.09669197609940772
0.0,1.0,0.0,0.0,0.0,0.3,0,3.0,0,14.0,25.8,0,0.0,0.1,0.75,9.0,sunny,bike,1.0,0.9554693287556876,0.044530671244312425
0.0,0.0,0.0,0.0,1.0,0.3,0,8.0,0,14.0,25.8,0,0.0,0.1,2.0,24.0,any,car,1.0,0.964540182270085,0.03545981772991502
0.0,1.0,0.0,0.0,0.0,0.3,0,2.5,1,14.0,25.8,0,0.0,0.1,0.625,7.5,rain,bike,0.5,0.6966919760994077,0.1966919760994077
0.0,1.0,0.0,0.0,0.0,0.3,0,2.5,1,14.0,25.8,0,0.0,0.1,0.625,7.5,rain,bike,0.5,0.6966919760994077,0.1966919760994077
0.0,1.0,0.0,0.0,0.0,0.3,0,2.5,1,14.0,25.8,0,0.0,0.1,0.625,7.5,rain,bike,0.8,0.6966919760994077,0.10330802390059235
0.0,0.0,1.0,0.0,0.0,0.8,0,5.0,0,14.0,25.8,0,0.0,0.1,1.25,15.0,any,bus,0.8,0.8733736115265892,0.07337361152658917
1.0,0.0,0.0,0.0,0.0,0.5,1,3.0,0,14.0,25.8,0,0.15,0.1,0.75,9.0,sunny,walk,0.9,0.9150509780792535,0.015050978079253485
1.0,0.0,0.0,0.0,0.0,0.8,2,5.0,1,14.0,25.8,0,0.3,0.1,1.25,15.0,rain,walk,0.7,0.6384317886151736,0.06156821138482638
1.0,0.0,0.0,0.0,0.0,0.3,0,0.8,0,14.0,25.8,0,0.0,0.1,0.2,2.4,sunny,walk,1.0,0.9527346589689272,0.04726534103107283
1.0,0.0,0.0,0.0,0.0,0.3,0,0.8,0,14.0,25.8,0,0.0,0.1,0.2,2.4,sunny,walk,1.0,0.9527346589689272,0.04726534103107283
0.0,0.0,0.0,0.0,1.0,0.3,0,8.0,0,14.0,25.8,0,0.0,0.1,2.0,24.0,any,car,1.0,0.964540182270085,0.03545981772991502
0.0,0.0,1.0,0.0,0.0,0.8,0,5.0,0,14.0,25.8,0,0.0,0.1,1.25,15.0,any,bus,0.9,0.8733736115265892,0.02662638847341081
1.0,0.0,0.0,0.0,0.0,0.3,0,0.8,0,14.0,25.8,0,0.0,0.1,0.2,2.4,sunny,walk,0.9,0.9527346589689272,0.05273465896892715
0.0,0.0,0.0,0.0,1.0,0.3,0,8.0,0,14.0,25.8,0,0.0,0.1,2.0,24.0,any,car,1.0,0.964540182270085,0.03545981772991502
0.0,1.0,0.0,0.0,0.0,0.3,0,3.0,0,14.0,25.8,0,0.0,0.1,0.75,9.0,sunny,bike,1.0,0.9554693287556876,0.044530671244312425
0.0,0.0,1.0,0.0,0.0,0.8,0,5.0,0,14.0,25.8,0,0.0,0.1,1.25,15.0,any,bus,1.0,0.8733736115265892,0.1266263884734108
0.0,1.0,0.0,0.0,0.0,0.3,0,2.5,0,14.0,25.8,0,0.0,0.1,0.625,7.5,sunny,bike,1.0,0.9091618939489046,0.09083810605109544
1.0,0.0,0.0,0.0,0.0,0.3,0,0.8,1,14.0,25.8,0,0.0,0.1,0.2,2.4,rain,walk,0.8,0.7402647411194302,0.05973525888056985
0.0,0.0,1.0,0.0,0.0,0.8,0,5.0,0,14.0,25.8,0,0.0,0.1,1.25,15.0,any,bus,0.7,0.8733736115265892,0.17337361152658926
0.0,0.0,0.0,0.0,1.0,0.3,0,8.0,0,14.0,25.8,0,0.0,0.1,2.0,24.0,any,car,1.0,0.964540182270085,0.03545981772991502
0.0,0.0,1.0,0.0,0.0,0.8,0,5.0,0,14.0,25.8,0,0.0,0.1,1.25,15.0,any,bus,0.9,0.8733736115265892,0.02662638847341081
0.0,0.0,1.0,0.0,0.0,0.8,0,5.0,0,14.0,25.8,0,0.0,0.1,1.25,15.0,any,bus,1.0,0.8733736115265892,0.1266263884734108
1.0,0.0,0.0,0.0,0.0,0.8,2,5.0,1,14.0,25.8,0,0.3,0.1,1.25,15.0,rain,walk,0.6,0.6384317886151736,0.0384317886151736
0.0,0.0,1.0,0.0,0.0,0.8,0,5.0,0,14.0,25.8,0,0.0,0.1,1.25,15.0,any,bus,0.6,0.8733736115265892,0.27337361152658923
1.0,0.0,0.0,0.0,0.0,0.3,0,0.8,1,14.0,25.8,0,0.0,0.1,0.2,2.4,rain,walk,0.8,0.7402647411194302,0.05973525888056985
0.0,1.0,0.0,0.0,0.0,0.3,0,3.0,0,14.0,25.8,0,0.0,0.1,0.75,9.0,sunny,bike,0.9,0.9554693287556876,0.05546932875568755
0.0,1.0,0.0,0.0,0.0,0.3,0,2.5,0,14.0,25.8,0,0.0,0.1,0.625,7.5,sunny,bike,1.0,0.9091618939489046,0.09083810605109544
1.0,0.0,0.0,0.0,0.0,0.8,1,3.0,1,14.0,25.8,0,0.15,0.1,0.75,9.0,rain,walk,0.7,0.6787532098231681,0.021246790176831842
1.0,0.0,0.0,0.0,0.0,0.3,0,0.8,0,14.0,25.8,0,0.0,0.1,0.2,2.4,sunny,walk,1.0,0.9527346589689272,0.04726534103107283
0.0,0.0,1.0,0.0,0.0,0.2,0,5.0,0,14.0,25.8,0,0.0,0.1,1.25,15.0,any,bus,1.0,0.9210293123397663,0.07897068766023374
0.0,1.0,0.0,0.0,0.0,0.3,0,2.5,0,14.0,25.8,0,0.0,0.1,0.625,7.5,sunny,bike,1.0,0.9091618939489046,0.09083810605109544
0.0,1.0,0.0,0.0,0.0,0.3,0,2.5,0,14.0,25.8,0,0.0,0.1,0.625,7.5,sunny,bike,1.0,0.9091618939489046,0.09083810605109544
0.0,0.0,1.0,0.0,0.0,0.8,0,5.0,0,14.0,25.8,0,0.0,0.1,1.25,15.0,any,bus,0.9,0.8733736115265892,0.02662638847341081
1.0,0.0,0.0,0.0,0.0,0.3,0,0.8,0,14.0,25.8,0,0.0,0.1,0.2,2.4,sunny,walk,1.0,0.9527346589689272,0.04726534103107283
1.0,0.0,0.0,0.0,0.0,0.3,0,0.8,1,14.0,25.8,0,0.0,0.1,0.2,2.4,rain,walk,0.8,0.7402647411194302,0.05973525888056985
1.0,0.0,0.0,0.0,0.0,0.3,0,0.8,0,14.0,25.8,0,0.0,0.1,0.2,2.4,sunny,walk,1.0,0.9527346589689272,0.04726534103107283
1.0,0.0,0.0,0.0,0.0,0.8,2,5.0,1,14.0,25.8,0,0.3,0.1,1.25,15.0,rain,walk,0.8,0.6384317886151736,0.16156821138482647
1.0,0.0,0.0,0.0,0.0,0.3,0,0.8,0,14.0,25.8,0,0.0,0.1,0.2,2.4,sunny,walk,0.9,0.9527346589689272,0.05273465896892715
1.0,0.0,0.0,0.0,0.0,0.8,1,3.0,1,14.0,25.8,0,0.15,0.1,0.75,9.0,rain,walk,0.7,0.6787532098231681,0.021246790176831842
1.0,0.0,0.0,0.0,0.0,0.8,1,3.0,1,14.0,25.8,0,0.15,0.1,0.75,9.0,rain,walk,0.9,0.6787532098231681,0.2212467901768319
1.0,0.0,0.0,0.0,0.0,0.3,0,0.8,1,14.0,25.8,0,0.0,0.1,0.2,2.4,rain,walk,0.6,0.7402647411194302,0.14026474111943021
0.0,0.0,0.0,0.0,1.0,0.3,0,8.0,0,14.0,25.8,0,0.0,0.1,2.0,24.0,any,car,0.9,0.964540182270085,0.06454018227008496
0.0,0.0,1.0,0.0,0.0,0.8,0,5.0,0,14.0,25.8,0,0.0,0.1,1.25,15.0,any,bus,1.0,0.8733736115265892,0.1266263884734108
0.0,1.0,0.0,0.0,0.0,0.3,0,2.5,1,14.0,25.8,0,0.0,0.1,0.625,7.5,rain,bike,0.6,0.6966919760994077,0.09669197609940772
1.0,0.0,0.0,0.0,0.0,0.3,0,0.8,1,14.0,25.8,0,0.0,0.1,0.2,2.4,rain,walk,0.7,0.7402647411194302,0.040264741119430236
1.0,0.0,0.0,0.0,0.0,0.8,1,3.0,1,14.0,25.8,0,0.15,0.1,0.75,9.0,rain,walk,0.6,0.6787532098231681,0.07875320982316814
0.0,0.0,1.0,0.0,0.0,0.2,0,5.0,0,14.0,25.8,0,0.0,0.1,1.25,15.0,any,bus,1.0,0.9210293123397663,0.07897068766023374
0.0,1.0,0.0,0.0,0.0,0.3,0,3.0,0,14.0,25.8,0,0.0,0.1,0.75,9.0,sunny,bike,1.0,0.9554693287556876,0.044530671244312425
0.0,0.0,1.0,0.0,0.0,0.8,0,5.0,0,14.0,25.8,0,0.0,0.1,1.25,15.0,any,bus,0.7,0.8733736115265892,0.17337361152658926
0.0,0.0,0.0,0.0,1.0,0.3,0,8.0,0,14.0,25.8,0,0.0,0.1,2.0,24.0,any,car,0.9,0.964540182270085,0.06454018227008496
1.0,0.0,0.0,0.0,0.0,0.3,0,0.8,1,14.0,25.8,0,0.0,0.1,0.2,2.4,rain,walk,0.9,0.7402647411194302,0.15973525888056983
1.0,0.0,0.0,0.0,0.0,0.5,1,3.0,0,14.0,25.8,0,0.15,0.1,0.75,9.0,sunny,walk,1.0,0.9150509780792535,0.08494902192074649
1.0,0.0,0.0,0.0,0.0,0.3,0,0.8,1,14.0,25.8,0,0.0,0.1,0.2,2.4,rain,walk,0.8,0.7402647411194302,0.05973525888056985
1.0,0.0,0.0,0.0,0.0,0.5,1,3.0,0,14.0,25.8,0,0.15,0.1,0.75,9.0,sunny,walk,0.9,0.9150509780792535,0.015050978079253485
0.0,1.0,0.0,0.0,0.0,0.3,0,3.0,0,14.0,25.8,0,0.0,0.1,0.75,9.0,sunny,bike,1.0,0.9554693287556876,0.044530671244312425
0.0,0.0,1.0,0.0,0.0,0.2,0,5.0,0,14.0,25.8,0,0.0,0.1,1.25,15.0,any,bus,1.0,0.9210293123397663,0.07897068766023374
1.0,0.0,0.0,0.0,0.0,0.5,1,3.0,0,14.0,25.8,0,0.15,0.1,0.75,9.0,sunny,walk,0.8,0.9150509780792535,0.11505097807925346
0.0,1.0,0.0,0.0,0.0,0.3,0,2.5,0,14.0,25.8,0,0.0,0.1,0.625,7.5,sunny,bike,1.0,0.9091618939489046,0.09083810605109544
0.0,1.0,0.0,0.0,0.0,0.3,0,3.0,0,14.0,25.8,0,0.0,0.1,0.75,9.0,sunny,bike,1.0,0.9554693287556876,0.044530671244312425
1.0,0.0,0.0,0.0,0.0,0.3,0,0.8,1,14.0,25.8,0,0.0,0.1,0.2,2.4,rain,walk,0.8,0.7402647411194302,0.05973525888056985
0.0,0.0,1.0,0.0,0.0,0.8,0,5.0,0,14.0,25.8,0,0.0,0.1,1.25,15.0,any,bus,0.9,0.8733736115265892,0.02662638847341081
0.0,1.0,0.0,0.0,0.0,0.3,0,2.5,0,14.0,25.8,0,0.0,0.1,0.625,7.5,sunny,bike,1.0,0.9091618939489046,0.09083810605109544
1.0,0.0,0.0,0.0,0.0,0.5,1,3.0,0,14.0,25.8,0,0.15,0.1,0.75,9.0,sunny,walk,0.9,0.9150509780792535,0.015050978079253485
1.0,0.0,0.0,0.0,0.0,0.8,1,3.0,1,14.0,25.8,0,0.15,0.1,0.75,9.0,rain,walk,0.7,0.6787532098231681,0.021246790176831842
1.0,0.0,0.0,0.0,0.0,0.5,1,3.0,0,14.0,25.8,0,0.15,0.1,0.75,9.0,sunny,walk,0.8,0.9150509780792535,0.11505097807925346
0.0,0.0,1.0,0.0,0.0,0.2,0,5.0,0,14.0,25.8,0,0.0,0.1,1.25,15.0,any,bus,1.0,0.9210293123397663,0.07897068766023374
1.0,0.0,0.0,0.0,0.0,0.5,1,3.0,0,14.0,25.8,0,0.15,0.1,0.75,9.0,sunny,walk,0.8,0.9150509780792535,0.11505097807925346
1.0,0.0,0.0,0.0,0.0,0.8,1,3.0,1,14.0,25.8,0,0.15,0.1,0.75,9.0,rain,walk,0.7,0.6787532098231681,0.021246790176831842
0.0,1.0,0.0,0.0,0.0,0.3,0,2.5,1,14.0,25.8,0,0.0,0.1,0.625,7.5,rain,bike,0.5,0.6966919760994077,0.1966919760994077
0.0,1.0,0.0,0.0,0.0,0.3,0,2.5,0,14.0,25.8,0,0.0,0.1,0.625,7.5,sunny,bike,1.0,0.9091618939489046,0.09083810605109544
1.0,0.0,0.0,0.0,0.0,0.8,2,5.0,1,14.0,25.8,0,0.3,0.1,1.25,15.0,rain,walk,0.7,0.6384317886151736,0.06156821138482638
1.0,0.0,0.0,0.0,0.0,0.8,2,5.0,1,14.0,25.8,0,0.3,0.1,1.25,15.0,rain,walk,0.7,0.6384317886151736,0.06156821138482638
1.0,0.0,0.0,0.0,0.0,0.8,1,3.0,1,14.0,25.8,0,0.15,0.1,0.75,9.0,rain,walk,0.7,0.6787532098231681,0.021246790176831842
0.0,0.0,0.0,0.0,1.0,0.3,0,8.0,0,14.0,25.8,0,0.0,0.1,2.0,24.0,any,car,0.9,0.964540182270085,0.06454018227008496
1.0,0.0,0.0,0.0,0.0,0.5,1,3.0,0,14.0,25.8,0,0.15,0.1,0.75,9.0,sunny,walk,0.8,0.9150509780792535,0.11505097807925346
0.0,0.0,0.0,0.0,1.0,0.3,0,8.0,0,14.0,25.8,0,0.0,0.1,2.0,24.0,any,car,1.0,0.964540182270085,0.03545981772991502
1.0,0.0,0.0,0.0,0.0,0.5,1,3.0,0,14.0,25.8,0,0.15,0.1,0.75,9.0,sunny,walk,0.8,0.9150509780792535,0.11505097807925346
0.0,0.0,1.0,0.0,0.0,0.2,0,5.0,0,14.0,25.8,0,0.0,0.1,1.25,15.0,any,bus,0.9,0.9210293123397663,0.021029312339766237
1.0,0.0,0.0,0.0,0.0,0.8,1,3.0,1,14.0,25.8,0,0.15,0.1,0.75,9.0,rain,walk,0.7,0.6787532098231681,0.021246790176831842
0.0,1.0,0.0,0.0,0.0,0.3,0,2.5,1,14.0,25.8,0,0.0,0.1,0.625,7.5,rain,bike,0.5,0.6966919760994077,0.1966919760994077
1.0,0.0,0.0,0.0,0.0,0.8,1,3.0,1,14.0,25.8,0,0.15,0.1,0.75,9.0,rain,walk,0.7,0.6787532098231681,0.021246790176831842
1.0,0.0,0.0,0.0,0.0,0.8,1,3.0,1,14.0,25.8,0,0.15,0.1,0.75,9.0,rain,walk,0.8,0.6787532098231681,0.12124679017683193
0.0,0.0,0.0,0.0,1.0,0.3,0,8.0,0,14.0,25.8,0,0.0,0.1,2.0,24.0,any,car,1.0,0.964540182270085,0.03545981772991502
1.0,0.0,0.0,0.0,0.0,0.8,1,3.0,1,14.0,25.8,0,0.15,0.1,0.75,9.0,rain,walk,0.7,0.6787532098231681,0.021246790176831842
1.0,0.0,0.0,0.0,0.0,0.8,2,5.0,1,14.0,25.8,0,0.3,0.1,1.25,15.0,rain,walk,0.6,0.6384317886151736,0.0384317886151736
0.0,1.0,0.0,0.0,0.0,0.3,0,3.0,0,14.0,25.8,0,0.0,0.1,0.75,9.0,sunny,bike,1.0,0.9554693287556876,0.044530671244312425
1.0,0.0,0.0,0.0,0.0,0.5,1,3.0,0,14.0,25.8,0,0.15,0.1,0.75,9.0,sunny,walk,1.0,0.9150509780792535,0.08494902192074649
1.0,0.0,0.0,0.0,0.0,0.3,0,0.8,0,14.0,25.8,0,0.0,0.1,0.2,2.4,sunny,walk,0.9,0.9527346589689272,0.05273465896892715
0.0,1.0,0.0,0.0,0.0,0.3,0,3.0,0,14.0,25.8,0,0.0,0.1,0.75,9.0,sunny,bike,0.9,0.9554693287556876,0.05546932875568755
0.0,1.0,0.0,0.0,0.0,0.3,0,2.5,0,14.0,25.8,0,0.0,0.1,0.625,7.5,sunny,bike,1.0,0.9091618939489046,0.09083810605109544
0.0,1.0,0.0,0.0,0.0,0.3,0,2.5,0,14.0,25.8,0,0.0,0.1,0.625,7.5,sunny,bike,1.0,0.9091618939489046,0.09083810605109544
1.0,0.0,0.0,0.0,0.0,0.3,0,0.8,0,14.0,25.8,0,0.0,0.1,0.2,2.4,sunny,walk,1.0,0.9527346589689272,0.04726534103107283
1.0,0.0,0.0,0.0,0.0,0.3,0,0.8,1,14.0,25.8,0,0.0,0.1,0.2,2.4,rain,walk,0.7,0.7402647411194302,0.040264741119430236
0.0,1.0,0.0,0.0,0.0,0.3,0,2.5,0,14.0,25.8,0,0.0,0.1,0.625,7.5,sunny,bike,1.0,0.9091618939489046,0.09083810605109544
1.0,0.0,0.0,0.0,0.0,0.8,1,3.0,1,14.0,25.8,0,0.15,0.1,0.75,9.0,rain,walk,0.8,0.6787532098231681,0.12124679017683193
0.0,0.0,0.0,0.0,1.0,0.3,0,8.0,0,14.0,25.8,0,0.0,0.1,2.0,24.0,any,car,0.9,0.964540182270085,0.06454018227008496
1.0,0.0,0.0,0.0,0.0,0.5,1,3.0,0,14.0,25.8,0,0.15,0.1,0.75,9.0,sunny,walk,0.8,0.9150509780792535,0.11505097807925346
1.0,0.0,0.0,0.0,0.0,0.8,1,3.0,1,14.0,25.8,0,0.15,0.1,0.75,9.0,rain,walk,0.8,0.6787532098231681,0.12124679017683193
0.0,1.0,0.0,0.0,0.0,0.3,0,2.5,1,14.0,25.8,0,0.0,0.1,0.625,7.5,rain,bike,0.9,0.6966919760994077,0.20330802390059233
0.0,1.0,0.0,0.0,0.0,0.3,0,2.5,0,14.0,25.8,0,0.0,0.1,0.625,7.5,sunny,bike,0.9,0.9091618939489046,0.009161893948904543
0.0,1.0,0.0,0.0,0.0,0.3,0,2.5,0,14.0,25.8,0,0.0,0.1,0.625,7.5,sunny,bike,1.0,0.9091618939489046,0.09083810605109544
1.0,0.0,0.0,0.0,0.0,0.3,0,0.8,1,14.0,25.8,0,0.0,0.1,0.2,2.4,rain,walk,0.8,0.7402647411194302,0.05973525888056985
0.0,1.0,0.0,0.0,0.0,0.3,0,3.0,0,14.0,25.8,0,0.0,0.1,0.75,9.0,sunny,bike,0.7,0.9554693287556876,0.2554693287556876
0.0,0.0,0.0,0.0,1.0,0.3,0,8.0,0,14.0,25.8,0,0.0,0.1,2.0,24.0,any,car,0.9,0.964540182270085,0.06454018227008496
0.0,0.0,1.0,0.0,0.0,0.8,0,5.0,0,14.0,25.8,0,0.0,0.1,1.25,15.0,any,bus,0.8,0.8733736115265892,0.07337361152658917
0.0,1.0,0.0,0.0,0.0,0.3,0,2.5,0,14.0,25.8,0,0.0,0.1,0.625,7.5,sunny,bike,1.0,0.9091618939489046,0.09083810605109544
0.0,1.0,0.0,0.0,0.0,0.3,0,2.5,1,14.0,25.8,0,0.0,0.1,0.625,7.5,rain,bike,0.6,0.6966919760994077,0.09669197609940772
1.0,0.0,0.0,0.0,0.0,0.3,0,0.8,0,14.0,25.8,0,0.0,0.1,0.2,2.4,sunny,walk,1.0,0.9527346589689272,0.04726534103107283
1.0,0.0,0.0,0.0,0.0,0.3,0,0.8,1,14.0,25.8,0,0.0,0.1,0.2,2.4,rain,walk,0.8,0.7402647411194302,0.05973525888056985
1.0,0.0,0.0,0.0,0.0,0.8,1,3.0,1,14.0,25.8,0,0.15,0.1,0.75,9.0,rain,walk,0.8,0.6787532098231681,0.12124679017683193
0.0,0.0,1.0,0.0,0.0,0.2,0,5.0,0,14.0,25.8,0,0.0,0.1,1.25,15.0,any,bus,1.0,0.9210293123397663,0.07897068766023374
1.0,0.0,0.0,0.0,0.0,0.8,1,3.0,1,14.0,25.8,0,0.15,0.1,0.75,9.0,rain,walk,0.8,0.6787532098231681,0.12124679017683193
0.0,0.0,1.0,0.0,0.0,0.2,0,5.0,0,14.0,25.8,0,0.0,0.1,1.25,15.0,any,bus,1.0,0.9210293123397663,0.07897068766023374
0.0,0.0,1.0,0.0,0.0,0.8,0,5.0,0,14.0,25.8,0,0.0,0.1,1.25,15.0,any,bus,0.8,0.8733736115265892,0.07337361152658917
0.0,0.0,0.0,0.0,1.0,0.3,0,8.0,0,14.0,25.8,0,0.0,0.1,2.0,24.0,any,car,0.8,0.964540182270085,0.16454018227008493
1.0,0.0,0.0,0.0,0.0,0.3,0,0.8,1,14.0,25.8,0,0.0,0.1,0.2,2.4,rain,walk,0.7,0.7402647411194302,0.040264741119430236
1.0,0.0,0.0,0.0,0.0,0.3,0,0.8,0,14.0,25.8,0,0.0,0.1,0.2,2.4,sunny,walk,1.0,0.9527346589689272,0.04726534103107283
1.0,0.0,0.0,0.0,0.0,0.3,0,0.8,1,14.0,25.8,0,0.0,0.1,0.2,2.4,rain,walk,0.7,0.7402647411194302,0.040264741119430236
0.0,0.0,0.0,0.0,1.0,0.3,0,8.0,0,14.0,25.8,0,0.0,0.1,2.0,24.0,any,car,1.0,0.964540182270085,0.03545981772991502
0.0,1.0,0.0,0.0,0.0,0.3,0,3.0,0,14.0,25.8,0,0.0,0.1,0.75,9.0,sunny,bike,0.7,0.9554693287556876,0.2554693287556876
0.0,0.0,0.0,0.0,1.0,0.3,0,8.0,0,14.0,25.8,0,0.0,0.1,2.0,24.0,any,car,1.0,0.964540182270085,0.03545981772991502
0.0,0.0,1.0,0.0,0.0,0.8,0,5.0,0,14.0,25.8,0,0.0,0.1,1.25,15.0,any,bus,0.9,0.8733736115265892,0.02662638847341081
0.0,0.0,1.0,0.0,0.0,0.8,0,5.0,0,14.0,25.8,0,0.0,0.1,1.25,15.0,any,bus,0.9,0.8733736115265892,0.02662638847341081
0.0,0.0,0.0,0.0,1.0,0.3,0,8.0,0,14.0,25.8,0,0.0,0.1,2.0,24.0,any,car,1.0,0.964540182270085,0.03545981772991502
0.0,0.0,0.0,0.0,1.0,0.3,0,8.0,0,14.0,25.8,0,0.0,0.1,2.0,24.0,any,car,1.0,0.964540182270085,0.03545981772991502
0.0,0.0,1.0,0.0,0.0,0.8,0,5.0,0,14.0,25.8,0,0.0,0.1,1.25,15.0,any,bus,1.0,0.8733736115265892,0.1266263884734108
1.0,0.0,0.0,0.0,0.0,0.8,2,5.0,1,14.0,25.8,0,0.3,0.1,1.25,15.0,rain,walk,0.6,0.6384317886151736,0.0384317886151736
0.0,1.0,0.0,0.0,0.0,0.3,0,2.5,1,14.0,25.8,0,0.0,0.1,0.625,7.5,rain,bike,0.7,0.6966919760994077,0.0033080239005922607
1.0,0.0,0.0,0.0,0.0,0.3,0,0.8,1,14.0,25.8,0,0.0,0.1,0.2,2.4,rain,walk,0.7,0.7402647411194302,0.040264741119430236
1.0,0.0,0.0,0.0,0.0,0.8,1,3.0,1,14.0,25.8,0,0.15,0.1,0.75,9.0,rain,walk,0.7,0.6787532098231681,0.021246790176831842
1.0,0.0,0.0,0.0,0.0,0.8,1,3.0,1,14.0,25.8,0,0.15,0.1,0.75,9.0,rain,walk,0.8,0.6787532098231681,0.12124679017683193
0.0,1.0,0.0,0.0,0.0,0.3,0,3.0,0,14.0,25.8,0,0.0,0.1,0.75,9.0,sunny,bike,1.0,0.9554693287556876,0.044530671244312425
0.0,0.0,1.0,0.0,0.0,0.8,0,5.0,0,14.0,25.8,0,0.0,0.1,1.25,15.0,any,bus,0.9,0.8733736115265892,0.02662638847341081
0.0,0.0,0.0,0.0,1.0,0.3,0,8.0,0,14.0,25.8,0,0.0,0.1,2.0,24.0,any,car,1.0,0.964540182270085,0.03545981772991502
0.0,0.0,0.0,0.0,1.0,0.3,0,8.0,0,14.0,25.8,0,0.0,0.1,2.0,24.0,any,car,1.0,0.964540182270085,0.03545981772991502
1.0,0.0,0.0,0.0,0.0,0.8,2,5.0,1,14.0,25.8,0,0.3,0.1,1.25,15.0,rain,walk,0.8,0.6384317886151736,0.16156821138482647
1.0,0.0,0.0,0.0,0.0,0.8,1,3.0,1,14.0,25.8,0,0.15,0.1,0.75,9.0,rain,walk,0.7,0.6787532098231681,0.021246790176831842
1.0,0.0,0.0,0.0,0.0,0.8,1,3.0,1,14.0,25.8,0,0.15,0.1,0.75,9.0,rain,walk,0.7,0.6787532098231681,0.021246790176831842
1.0,0.0,0.0,0.0,0.0,0.8,1,3.0,1,14.0,25.8,0,0.15,0.1,0.75,9.0,rain,walk,0.7,0.6787532098231681,0.021246790176831842
0.0,0.0,1.0,0.0,0.0,0.2,0,5.0,0,14.0,25.8,0,0.0,0.1,1.25,15.0,any,bus,1.0,0.9210293123397663,0.07897068766023374
0.0,0.0,1.0,0.0,0.0,0.2,0,5.0,0,14.0,25.8,0,0.0,0.1,1.25,15.0,any,bus,0.9,0.9210293123397663,0.021029312339766237
0.0,0.0,1.0,0.0,0.0,0.8,0,5.0,0,14.0,25.8,0,0.0,0.1,1.25,15.0,any,bus,0.7,0.8733736115265892,0.17337361152658926
1.0,0.0,0.0,0.0,0.0,0.3,0,0.8,0,14.0,25.8,0,0.0,0.1,0.2,2.4,sunny,walk,0.9,0.9527346589689272,0.05273465896892715
1.0,0.0,0.0,0.0,0.0,0.5,1,3.0,0,14.0,25.8,0,0.15,0.1,0.75,9.0,sunny,walk,0.9,0.9150509780792535,0.015050978079253485
0.0,0.0,1.0,0.0,0.0,0.8,0,5.0,0,14.0,25.8,0,0.0,0.1,1.25,15.0,any,bus,0.8,0.8733736115265892,0.07337361152658917
0.0,0.0,1.0,0.0,0.0,0.8,0,5.0,0,14.0,25.8,0,0.0,0.1,1.25,15.0,any,bus,0.9,0.8733736115265892,0.02662638847341081
1.0,0.0,0.0,0.0,0.0,0.3,0,0.8,1,14.0,25.8,0,0.0,0.1,0.2,2.4,rain,walk,0.6,0.7402647411194302,0.14026474111943021
0.0,1.0,0.0,0.0,0.0,0.3,0,2.5,1,14.0,25.8,0,0.0,0.1,0.625,7.5,rain,bike,0.8,0.6966919760994077,0.10330802390059235
0.0,1.0,0.0,0.0,0.0,0.3,0,2.5,0,14.0,25.8,0,0.0,0.1,0.625,7.5,sunny,bike,1.0,0.9091618939489046,0.09083810605109544
0.0,0.0,0.0,0.0,1.0,0.3,0,8.0,0,14.0,25.8,0,0.0,0.1,2.0,24.0,any,car,1.0,0.964540182270085,0.03545981772991502
0.0,0.0,0.0,0.0,1.0,0.3,0,8.0,0,14.0,25.8,0,0.0,0.1,2.0,24.0,any,car,1.0,0.964540182270085,0.03545981772991502
0.0,1.0,0.0,0.0,0.0,0.3,0,2.5,1,14.0,25.8,0,0.0,0.1,0.625,7.5,rain,bike,0.6,0.6966919760994077,0.09669197609940772
1.0,0.0,0.0,0.0,0.0,0.8,2,5.0,1,14.0,25.8,0,0.3,0.1,1.25,15.0,rain,walk,0.6,0.6384317886151736,0.0384317886151736
1.0,0.0,0.0,0.0,0.0,0.3,0,0.8,1,14.0,25.8,0,0.0,0.1,0.2,2.4,rain,walk,0.6,0.7402647411194302,0.14026474111943021
1.0,0.0,0.0,0.0,0.0,0.8,2,5.0,1,14.0,25.8,0,0.3,0.1,1.25,15.0,rain,walk,0.7,0.6384317886151736,0.06156821138482638
0.0,1.0,0.0,0.0,0.0,0.3,0,2.5,1,14.0,25.8,0,0.0,0.1,0.625,7.5,rain,bike,0.7,0.6966919760994077,0.0033080239005922607
0.0,0.0,0.0,0.0,1.0,0.3,0,8.0,0,14.0,25.8,0,0.0,0.1,2.0,24.0,any,car,1.0,0.964540182270085,0.03545981772991502
1.0,0.0,0.0,0.0,0.0,0.8,1,3.0,1,14.0,25.8,0,0.15,0.1,0.75,9.0,rain,walk,0.6,0.6787532098231681,0.07875320982316814
1.0,0.0,0.0,0.0,0.0,0.8,2,5.0,1,14.0,25.8,0,0.3,0.1,1.25,15.0,rain,walk,0.6,0.6384317886151736,0.0384317886151736
1.0,0.0,0.0,0.0,0.0,0.3,0,0.8,1,14.0,25.8,0,0.0,0.1,0.2,2.4,rain,walk,0.7,0.7402647411194302,0.040264741119430236
1.0,0.0,0.0,0.0,0.0,0.8,2,5.0,1,14.0,25.8,0,0.3,0.1,1.25,15.0,rain,walk,0.6,0.6384317886151736,0.0384317886151736
0.0,0.0,0.0,0.0,1.0,0.3,0,8.0,0,14.0,25.8,0,0.0,0.1,2.0,24.0,any,car,1.0,0.964540182270085,0.03545981772991502
0.0,1.0,0.0,0.0,0.0,0.3,0,2.5,1,14.0,25.8,0,0.0,0.1,0.625,7.5,rain,bike,0.6,0.6966919760994077,0.09669197609940772
1.0,0.0,0.0,0.0,0.0,0.3,0,0.8,0,14.0,25.8,0,0.0,0.1,0.2,2.4,sunny,walk,0.8,0.9527346589689272,0.15273465896892713
0.0,1.0,0.0,0.0,0.0,0.3,0,3.0,0,14.0,25.8,0,0.0,0.1,0.75,9.0,sunny,bike,0.9,0.9554693287556876,0.05546932875568755
0.0,0.0,1.0,0.0,0.0,0.8,0,5.0,0,14.0,25.8,0,0.0,0.1,1.25,15.0,any,bus,0.7,0.8733736115265892,0.17337361152658926
0.0,1.0,0.0,0.0,0.0,0.3,0,2.5,0,14.0,25.8,0,0.0,0.1,0.625,7.5,sunny,bike,1.0,0.9091618939489046,0.09083810605109544
0.0,0.0,0.0,0.0,1.0,0.3,0,8.0,0,14.0,25.8,0,0.0,0.1,2.0,24.0,any,car,1.0,0.964540182270085,0.03545981772991502
0.0,1.0,0.0,0.0,0.0,0.3,0,2.5,1,14.0,25.8,0,0.0,0.1,0.625,7.5,rain,bike,0.6,0.6966919760994077,0.09669197609940772
1.0,0.0,0.0,0.0,0.0,0.3,0,0.8,0,14.0,25.8,0,0.0,0.1,0.2,2.4,sunny,walk,0.9,0.9527346589689272,0.05273465896892715
0.0,0.0,1.0,0.0,0.0,0.8,0,5.0,0,14.0,25.8,0,0.0,0.1,1.25,15.0,any,bus,0.9,0.8733736115265892,0.02662638847341081
0.0,1.0,0.0,0.0,0.0,0.3,0,2.5,1,14.0,25.8,0,0.0,0.1,0.625,7.5,rain,bike,0.5,0.6966919760994077,0.1966919760994077
1.0,0.0,0.0,0.0,0.0,0.8,1,3.0,1,14.0,25.8,0,0.15,0.1,0.75,9.0,rain,walk,0.8,0.6787532098231681,0.12124679017683193
0.0,0.0,0.0,0.0,1.0,0.3,0,8.0,0,14.0,25.8,0,0.0,0.1,2.0,24.0,any,car,1.0,0.964540182270085,0.03545981772991502
1.0,0.0,0.0,0.0,0.0,0.3,0,0.8,0,14.0,25.8,0,0.0,0.1,0.2,2.4,sunny,walk,1.0,0.9527346589689272,0.04726534103107283
1.0,0.0,0.0,0.0,0.0,0.5,1,3.0,0,14.0,25.8,0,0.15,0.1,0.75,9.0,sunny,walk,0.8,0.9150509780792535,0.11505097807925346
1.0,0.0,0.0,0.0,0.0,0.8,1,3.0,1,14.0,25.8,0,0.15,0.1,0.75,9.0,rain,walk,0.6,0.6787532098231681,0.07875320982316814
0.0,0.0,0.0,0.0,1.0,0.3,0,8.0,0,14.0,25.8,0,0.0,0.1,2.0,24.0,any,car,1.0,0.964540182270085,0.03545981772991502
0.0,1.0,0.0,0.0,0.0,0.3,0,2.5,0,14.0,25.8,0,0.0,0.1,0.625,7.5,sunny,bike,0.9,0.9091618939489046,0.009161893948904543
1.0,0.0,0.0,0.0,0.0,0.8,2,5.0,1,14.0,25.8,0,0.3,0.1,1.25,15.0,rain,walk,0.7,0.6384317886151736,0.06156821138482638
1.0,0.0,0.0,0.0,0.0,0.5,1,3.0,0,14.0,25.8,0,0.15,0.1,0.75,9.0,sunny,walk,0.8,0.9150509780792535,0.11505097807925346
0.0,1.0,0.0,0.0,0.0,0.3,0,2.5,0,14.0,25.8,0,0.0,0.1,0.625,7.5,sunny,bike,1.0,0.9091618939489046,0.09083810605109544
0.0,0.0,0.0,0.0,1.0,0.3,0,8.0,0,14.0,25.8,0,0.0,0.1,2.0,24.0,any,car,1.0,0.964540182270085,0.03545981772991502
1.0,0.0,0.0,0.0,0.0,0.3,0,0.8,1,14.0,25.8,0,0.0,0.1,0.2,2.4,rain,walk,0.9,0.7402647411194302,0.15973525888056983
1.0,0.0,0.0,0.0,0.0,0.8,1,3.0,1,14.0,25.8,0,0.15,0.1,0.75,9.0,rain,walk,0.7,0.6787532098231681,0.021246790176831842
1.0,0.0,0.0,0.0,0.0,0.8,2,5.0,1,14.0,25.8,0,0.3,0.1,1.25,15.0,rain,walk,0.7,0.6384317886151736,0.06156821138482638
1.0,0.0,0.0,0.0,0.0,0.8,1,3.0,1,14.0,25.8,0,0.15,0.1,0.75,9.0,rain,walk,0.7,0.6787532098231681,0.021246790176831842
0.0,0.0,1.0,0.0,0.0,0.2,0,5.0,0,14.0,25.8,0,0.0,0.1,1.25,15.0,any,bus,1.0,0.9210293123397663,0.07897068766023374
1.0,0.0,0.0,0.0,0.0,0.5,1,3.0,0,14.0,25.8,0,0.15,0.1,0.75,9.0,sunny,walk,0.8,0.9150509780792535,0.11505097807925346
1.0,0.0,0.0,0.0,0.0,0.8,2,5.0,1,14.0,25.8,0,0.3,0.1,1.25,15.0,rain,walk,0.5,0.6384317886151736,0.13843178861517358
1.0,0.0,0.0,0.0,0.0,0.5,1,3.0,0,14.0,25.8,0,0.15,0.1,0.75,9.0,sunny,walk,0.8,0.9150509780792535,0.11505097807925346
1.0,0.0,0.0,0.0,0.0,0.8,2,5.0,1,14.0,25.8,0,0.3,0.1,1.25,15.0,rain,walk,0.6,0.6384317886151736,0.0384317886151736
1.0,0.0,0.0,0.0,0.0,0.3,0,0.8,1,14.0,25.8,0,0.0,0.1,0.2,2.4,rain,walk,0.8,0.7402647411194302,0.05973525888056985
1.0,0.0,0.0,0.0,0.0,0.3,0,0.8,0,14.0,25.8,0,0.0,0.1,0.2,2.4,sunny,walk,1.0,0.9527346589689272,0.04726534103107283
0.0,0.0,0.0,0.0,1.0,0.3,0,8.0,0,14.0,25.8,0,0.0,0.1,2.0,24.0,any,car,1.0,0.964540182270085,0.03545981772991502
1.0,0.0,0.0,0.0,0.0,0.3,0,0.8,0,14.0,25.8,0,0.0,0.1,0.2,2.4,sunny,walk,1.0,0.9527346589689272,0.04726534103107283
0.0,1.0,0.0,0.0,0.0,0.3,0,2.5,1,14.0,25.8,0,0.0,0.1,0.625,7.5,rain,bike,0.7,0.6966919760994077,0.0033080239005922607
1.0,0.0,0.0,0.0,0.0,0.8,1,3.0,1,14.0,25.8,0,0.15,0.1,0.75,9.0,rain,walk,0.6,0.6787532098231681,0.07875320982316814
0.0,0.0,0.0,0.0,1.0,0.3,0,8.0,0,14.0,25.8,0,0.0,0.1,2.0,24.0,any,car,1.0,0.964540182270085,0.03545981772991502
1.0,0.0,0.0,0.0,0.0,0.3,0,0.8,1,14.0,25.8,0,0.0,0.1,0.2,2.4,rain,walk,0.8,0.7402647411194302,0.05973525888056985
0.0,1.0,0.0,0.0,0.0,0.3,0,2.5,0,14.0,25.8,0,0.0,0.1,0.625,7.5,sunny,bike,0.9,0.9091618939489046,0.009161893948904543
0.0,0.0,0.0,0.0,1.0,0.3,0,8.0,0,14.0,25.8,0,0.0,0.1,2.0,24.0,any,car,1.0,0.964540182270085,0.03545981772991502
0.0,0.0,0.0,0.0,1.0,0.3,0,8.0,0,14.0,25.8,0,0.0,0.1,2.0,24.0,any,car,1.0,0.964540182270085,0.03545981772991502
0.0,1.0,0.0,0.0,0.0,0.3,0,3.0,0,14.0,25.8,0,0.0,0.1,0.75,9.0,sunny,bike,1.0,0.9554693287556876,0.044530671244312425
1.0,0.0,0.0,0.0,0.0,0.8,1,3.0,1,14.0,25.8,0,0.15,0.1,0.75,9.0,rain,walk,0.8,0.6787532098231681,0.12124679017683193
1.0,0.0,0.0,0.0,0.0,0.8,2,5.0,1,14.0,25.8,0,0.3,0.1,1.25,15.0,rain,walk,0.7,0.6384317886151736,0.06156821138482638
0.0,0.0,0.0,0.0,1.0,0.3,0,8.0,0,14.0,25.8,0,0.0,0.1,2.0,24.0,any,car,1.0,0.964540182270085,0.03545981772991502
0.0,0.0,1.0,0.0,0.0,0.8,0,5.0,0,14.0,25.8,0,0.0,0.1,1.25,15.0,any,bus,0.8,0.8733736115265892,0.07337361152658917
1.0,0.0,0.0,0.0,0.0,0.8,2,5.0,1,14.0,25.8,0,0.3,0.1,1.25,15.0,rain,walk,0.6,0.6384317886151736,0.0384317886151736
1.0,0.0,0.0,0.0,0.0,0.8,1,3.0,1,14.0,25.8,0,0.15,0.1,0.75,9.0,rain,walk,0.8,0.6787532098231681,0.12124679017683193
0.0,1.0,0.0,0.0,0.0,0.3,0,2.5,1,14.0,25.8,0,0.0,0.1,0.625,7.5,rain,bike,0.6,0.6966919760994077,0.09669197609940772
0.0,0.0,0.0,0.0,1.0,0.3,0,8.0,0,14.0,25.8,0,0.0,0.1,2.0,24.0,any,car,1.0,0.964540182270085,0.03545981772991502
0.0,1.0,0.0,0.0,0.0,0.3,0,2.5,0,14.0,25.8,0,0.0,0.1,0.625,7.5,sunny,bike,0.7,0.9091618939489046,0.2091618939489046
0.0,0.0,1.0,0.0,0.0,0.2,0,5.0,0,14.0,25.8,0,0.0,0.1,1.25,15.0,any,bus,1.0,0.9210293123397663,0.07897068766023374
0.0,1.0,0.0,0.0,0.0,0.3,0,3.0,0,14.0,25.8,0,0.0,0.1,0.75,9.0,sunny,bike,1.0,0.9554693287556876,0.044530671244312425
0.0,1.0,0.0,0.0,0.0,0.3,0,2.5,1,14.0,25.8,0,0.0,0.1,0.625,7.5,rain,bike,0.6,0.6966919760994077,0.09669197609940772
0.0,0.0,1.0,0.0,0.0,0.8,0,5.0,0,14.0,25.8,0,0.0,0.1,1.25,15.0,any,bus,0.7,0.8733736115265892,0.17337361152658926
0.0,1.0,0.0,0.0,0.0,0.3,0,2.5,1,14.0,25.8,0,0.0,0.1,0.625,7.5,rain,bike,0.6,0.6966919760994077,0.09669197609940772
0.0,1.0,0.0,0.0,0.0,0.3,0,3.0,0,14.0,25.8,0,0.0,0.1,0.75,9.0,sunny,bike,1.0,0.9554693287556876,0.044530671244312425
0.0,0.0,1.0,0.0,0.0,0.8,0,5.0,0,14.0,25.8,0,0.0,0.1,1.25,15.0,any,bus,1.0,0.8733736115265892,0.1266263884734108
1.0,0.0,0.0,0.0,0.0,0.5,1,3.0,0,14.0,25.8,0,0.15,0.1,0.75,9.0,sunny,walk,0.8,0.9150509780792535,0.11505097807925346
0.0,0.0,0.0,0.0,1.0,0.3,0,8.0,0,14.0,25.8,0,0.0,0.1,2.0,24.0,any,car,1.0,0.964540182270085,0.03545981772991502
1.0,0.0,0.0,0.0,0.0,0.3,0,0.8,1,14.0,25.8,0,0.0,0.1,0.2,2.4,rain,walk,0.8,0.7402647411194302,0.05973525888056985
0.0,1.0,0.0,0.0,0.0,0.3,0,2.5,0,14.0,25.8,0,0.0,0.1,0.625,7.5,sunny,bike,1.0,0.9091618939489046,0.09083810605109544
0.0,1.0,0.0,0.0,0.0,0.3,0,2.5,0,14.0,25.8,0,0.0,0.1,0.625,7.5,sunny,bike,1.0,0.9091618939489046,0.09083810605109544
0.0,0.0,0.0,0.0,1.0,0.3,0,8.0,0,14.0,25.8,0,0.0,0.1,2.0,24.0,any,car,0.9,0.964540182270085,0.06454018227008496
1.0,0.0,0.0,0.0,0.0,0.8,1,3.0,1,14.0,25.8,0,0.15,0.1,0.75,9.0,rain,walk,0.7,0.6787532098231681,0.021246790176831842
0.0,0.0,0.0,0.0,1.0,0.3,0,8.0,0,14.0,25.8,0,0.0,0.1,2.0,24.0,any,car,1.0,0.964540182270085,0.03545981772991502
0.0,0.0,0.0,0.0,1.0,0.3,0,8.0,0,14.0,25.8,0,0.0,0.1,2.0,24.0,any,car,0.8,0.964540182270085,0.16454018227008493
0.0,0.0,1.0,0.0,0.0,0.8,0,5.0,0,14.0,25.8,0,0.0,0.1,1.25,15.0,any,bus,0.8,0.8733736115265892,0.07337361152658917
0.0,0.0,1.0,0.0,0.0,0.2,0,5.0,0,14.0,25.8,0,0.0,0.1,1.25,15.0,any,bus,1.0,0.9210293123397663,0.07897068766023374
0.0,1.0,0.0,0.0,0.0,0.3,0,3.0,0,14.0,25.8,0,0.0,0.1,0.75,9.0,sunny,bike,1.0,0.9554693287556876,0.044530671244312425
1.0,0.0,0.0,0.0,0.0,0.5,1,3.0,0,14.0,25.8,0,0.15,0.1,0.75,9.0,sunny,walk,0.8,0.9150509780792535,0.11505097807925346
1.0,0.0,0.0,0.0,0.0,0.3,0,0.8,1,14.0,25.8,0,0.0,0.1,0.2,2.4,rain,walk,0.7,0.7402647411194302,0.040264741119430236
0.0,1.0,0.0,0.0,0.0,0.3,0,2.5,0,14.0,25.8,0,0.0,0.1,0.625,7.5,sunny,bike,1.0,0.9091618939489046,0.09083810605109544
0.0,0.0,0.0,0.0,1.0,0.3,0,8.0,0,14.0,25.8,0,0.0,0.1,2.0,24.0,any,car,0.9,0.964540182270085,0.06454018227008496
1.0,0.0,0.0,0.0,0.0,0.3,0,0.8,1,14.0,25.8,0,0.0,0.1,0.2,2.4,rain,walk,0.7,0.7402647411194302,0.040264741119430236
1.0,0.0,0.0,0.0,0.0,0.3,0,0.8,1,14.0,25.8,0,0.0,0.1,0.2,2.4,rain,walk,0.9,0.7402647411194302,0.15973525888056983
0.0,1.0,0.0,0.0,0.0,0.3,0,2.5,1,14.0,25.8,0,0.0,0.1,0.625,7.5,rain,bike,0.8,0.6966919760994077,0.10330802390059235
1.0,0.0,0.0,0.0,0.0,0.5,1,3.0,0,14.0,25.8,0,0.15,0.1,0.75,9.0,sunny,walk,0.9,0.9150509780792535,0.015050978079253485
1.0,0.0,0.0,0.0,0.0,0.3,0,0.8,1,14.0,25.8,0,0.0,0.1,0.2,2.4,rain,walk,0.7,0.7402647411194302,0.040264741119430236
0.0,0.0,1.0,0.0,0.0,0.2,0,5.0,0,14.0,25.8,0,0.0,0.1,1.25,15.0,any,bus,1.0,0.9210293123397663,0.07897068766023374
0.0,1.0,0.0,0.0,0.0,0.3,0,3.0,0,14.0,25.8,0,0.0,0.1,0.75,9.0,sunny,bike,1.0,0.9554693287556876,0.044530671244312425
1.0,0.0,0.0,0.0,0.0,0.8,2,5.0,1,14.0,25.8,0,0.3,0.1,1.25,15.0,rain,walk,0.7,0.6384317886151736,0.06156821138482638
1.0,0.0,0.0,0.0,0.0,0.8,2,5.0,1,14.0,25.8,0,0.3,0.1,1.25,15.0,rain,walk,0.6,0.6384317886151736,0.0384317886151736
0.0,0.0,1.0,0.0,0.0,0.8,0,5.0,0,14.0,25.8,0,0.0,0.1,1.25,15.0,any,bus,0.8,0.8733736115265892,0.07337361152658917
0.0,0.0,0.0,0.0,1.0,0.3,0,8.0,0,14.0,25.8,0,0.0,0.1,2.0,24.0,any,car,0.9,0.964540182270085,0.06454018227008496
0.0,1.0,0.0,0.0,0.0,0.3,0,2.5,0,14.0,25.8,0,0.0,0.1,0.625,7.5,sunny,bike,1.0,0.9091618939489046,0.09083810605109544
0.0,0.0,1.0,0.0,0.0,0.2,0,5.0,0,14.0,25.8,0,0.0,0.1,1.25,15.0,any,bus,1.0,0.9210293123397663,0.07897068766023374
1.0,0.0,0.0,0.0,0.0,0.3,0,0.8,0,14.0,25.8,0,0.0,0.1,0.2,2.4,sunny,walk,1.0,0.9527346589689272,0.04726534103107283
0.0,1.0,0.0,0.0,0.0,0.3,0,2.5,0,14.0,25.8,0,0.0,0.1,0.625,7.5,sunny,bike,1.0,0.9091618939489046,0.09083810605109544
1.0,0.0,0.0,0.0,0.0,0.8,1,3.0,1,14.0,25.8,0,0.15,0.1,0.75,9.0,rain,walk,0.7,0.6787532098231681,0.021246790176831842
1.0,0.0,0.0,0.0,0.0,0.3,0,0.8,1,14.0,25.8,0,0.0,0.1,0.2,2.4,rain,walk,0.8,0.7402647411194302,0.05973525888056985
0.0,1.0,0.0,0.0,0.0,0.3,0,2.5,1,14.0,25.8,0,0.0,0.1,0.625,7.5,rain,bike,0.7,0.6966919760994077,0.0033080239005922607
0.0,0.0,1.0,0.0,0.0,0.2,0,5.0,0,14.0,25.8,0,0.0,0.1,1.25,15.0,any,bus,1.0,0.9210293123397663,0.07897068766023374
0.0,1.0,0.0,0.0,0.0,0.3,0,3.0,0,14.0,25.8,0,0.0,0.1,0.75,9.0,sunny,bike,1.0,0.9554693287556876,0.044530671244312425
0.0,1.0,0.0,0.0,0.0,0.3,0,2.5,0,14.0,25.8,0,0.0,0.1,0.625,7.5,sunny,bike,0.9,0.9091618939489046,0.009161893948904543
0.0,0.0,1.0,0.0,0.0,0.2,0,5.0,0,14.0,25.8,0,0.0,0.1,1.25,15.0,any,bus,0.9,0.9210293123397663,0.021029312339766237
0.0,0.0,1.0,0.0,0.0,0.8,0,5.0,0,14.0,25.8,0,0.0,0.1,1.25,15.0,any,bus,0.9,0.8733736115265892,0.02662638847341081
0.0,1.0,0.0,0.0,0.0,0.3,0,2.5,0,14.0,25.8,0,0.0,0.1,0.625,7.5,sunny,bike,1.0,0.9091618939489046,0.09083810605109544
1.0,0.0,0.0,0.0,0.0,0.5,1,3.0,0,14.0,25.8,0,0.15,0.1,0.75,9.0,sunny,walk,0.8,0.9150509780792535,0.11505097807925346
0.0,0.0,0.0,0.0,1.0,0.3,0,8.0,0,14.0,25.8,0,0.0,0.1,2.0,24.0,any,car,1.0,0.964540182270085,0.03545981772991502
0.0,0.0,1.0,0.0,0.0,0.2,0,5.0,0,14.0,25.8,0,0.0,0.1,1.25,15.0,any,bus,0.9,0.9210293123397663,0.021029312339766237
0.0,0.0,1.0,0.0,0.0,0.2,0,5.0,0,14.0,25.8,0,0.0,0.1,1.25,15.0,any,bus,0.9,0.9210293123397663,0.021029312339766237
1.0,0.0,0.0,0.0,0.0,0.8,2,5.0,1,14.0,25.8,0,0.3,0.1,1.25,15.0,rain,walk,0.6,0.6384317886151736,0.0384317886151736
0.0,0.0,1.0,0.0,0.0,0.2,0,5.0,0,14.0,25.8,0,0.0,0.1,1.25,15.0,any,bus,1.0,0.9210293123397663,0.07897068766023374
1.0,0.0,0.0,0.0,0.0,0.8,2,5.0,1,14.0,25.8,0,0.3,0.1,1.25,15.0,rain,walk,0.7,0.6384317886151736,0.06156821138482638
1.0,0.0,0.0,0.0,0.0,0.8,1,3.0,1,14.0,25.8,0,0.15,0.1,0.75,9.0,rain,walk,0.6,0.6787532098231681,0.07875320982316814
0.0,0.0,0.0,0.0,1.0,0.3,0,8.0,0,14.0,25.8,0,0.0,0.1,2.0,24.0,any,car,1.0,0.964540182270085,0.03545981772991502
0.0,0.0,1.0,0.0,0.0,0.8,0,5.0,0,14.0,25.8,0,0.0,0.1,1.25,15.0,any,bus,0.7,0.8733736115265892,0.17337361152658926
1.0,0.0,0.0,0.0,0.0,0.8,2,5.0,1,14.0,25.8,0,0.3,0.1,1.25,15.0,rain,walk,0.6,0.6384317886151736,0.0384317886151736
1.0,0.0,0.0,0.0,0.0,0.5,1,3.0,0,14.0,25.8,0,0.15,0.1,0.75,9.0,sunny,walk,0.8,0.9150509780792535,0.11505097807925346
1.0,0.0,0.0,0.0,0.0,0.5,1,3.0,0,14.0,25.8,0,0.15,0.1,0.75,9.0,sunny,walk,1.0,0.9150509780792535,0.08494902192074649
1.0,0.0,0.0,0.0,0.0,0.3,0,0.8,0,14.0,25.8,0,0.0,0.1,0.2,2.4,sunny,walk,0.9,0.9527346589689272,0.05273465896892715
1.0,0.0,0.0,0.0,0.0,0.3,0,0.8,0,14.0,25.8,0,0.0,0.1,0.2,2.4,sunny,walk,1.0,0.9527346589689272,0.04726534103107283
0.0,0.0,1.0,0.0,0.0,0.8,0,5.0,0,14.0,25.8,0,0.0,0.1,1.25,15.0,any,bus,0.9,0.8733736115265892,0.02662638847341081
1.0,0.0,0.0,0.0,0.0,0.3,0,0.8,1,14.0,25.8,0,0.0,0.1,0.2,2.4,rain,walk,0.8,0.7402647411194302,0.05973525888056985
1.0,0.0,0.0,0.0,0.0,0.8,2,5.0,1,14.0,25.8,0,0.3,0.1,1.25,15.0,rain,walk,0.7,0.6384317886151736,0.06156821138482638
0.0,0.0,1.0,0.0,0.0,0.2,0,5.0,0,14.0,25.8,0,0.0,0.1,1.25,15.0,any,bus,1.0,0.9210293123397663,0.07897068766023374
1.0,0.0,0.0,0.0,0.0,0.3,0,0.8,0,14.0,25.8,0,0.0,0.1,0.2,2.4,sunny,walk,0.9,0.9527346589689272,0.05273465896892715
0.0,0.0,1.0,0.0,0.0,0.8,0,5.0,0,14.0,25.8,0,0.0,0.1,1.25,15.0,any,bus,0.8,0.8733736115265892,0.07337361152658917
1.0,0.0,0.0,0.0,0.0,0.3,0,0.8,0,14.0,25.8,0,0.0,0.1,0.2,2.4,sunny,walk,1.0,0.9527346589689272,0.04726534103107283
1.0,0.0,0.0,0.0,0.0,0.8,2,5.0,1,14.0,25.8,0,0.3,0.1,1.25,15.0,rain,walk,0.8,0.6384317886151736,0.16156821138482647
1.0,0.0,0.0,0.0,0.0,0.3,0,0.8,1,14.0,25.8,0,0.0,0.1,0.2,2.4,rain,walk,0.8,0.7402647411194302,0.05973525888056985
1.0,0.0,0.0,0.0,0.0,0.3,0,0.8,1,14.0,25.8,0,0.0,0.1,0.2,2.4,rain,walk,0.7,0.7402647411194302,0.040264741119430236
1.0,0.0,0.0,0.0,0.0,0.8,2,5.0,1,14.0,25.8,0,0.3,0.1,1.25,15.0,rain,walk,0.7,0.6384317886151736,0.06156821138482638
1.0,0.0,0.0,0.0,0.0,0.3,0,0.8,1,14.0,25.8,0,0.0,0.1,0.2,2.4,rain,walk,0.7,0.7402647411194302,0.040264741119430236
0.0,0.0,0.0,0.0,1.0,0.3,0,8.0,0,14.0,25.8,0,0.0,0.1,2.0,24.0,any,car,1.0,0.964540182270085,0.03545981772991502
0.0,1.0,0.0,0.0,0.0,0.3,0,3.0,0,14.0,25.8,0,0.0,0.1,0.75,9.0,sunny,bike,1.0,0.9554693287556876,0.044530671244312425
1.0,0.0,0.0,0.0,0.0,0.3,0,0.8,1,14.0,25.8,0,0.0,0.1,0.2,2.4,rain,walk,0.7,0.7402647411194302,0.040264741119430236
1.0,0.0,0.0,0.0,0.0,0.8,1,3.0,1,14.0,25.8,0,0.15,0.1,0.75,9.0,rain,walk,0.8,0.6787532098231681,0.12124679017683193
0.0,0.0,1.0,0.0,0.0,0.2,0,5.0,0,14.0,25.8,0,0.0,0.1,1.25,15.0,any,bus,1.0,0.9210293123397663,0.07897068766023374
1.0,0.0,0.0,0.0,0.0,0.3,0,0.8,0,14.0,25.8,0,0.0,0.1,0.2,2.4,sunny,walk,1.0,0.9527346589689272,0.04726534103107283
0.0,0.0,0.0,0.0,1.0,0.3,0,8.0,0,14.0,25.8,0,0.0,0.1,2.0,24.0,any,car,1.0,0.964540182270085,0.03545981772991502
1.0,0.0,0.0,0.0,0.0,0.8,2,5.0,1,14.0,25.8,0,0.3,0.1,1.25,15.0,rain,walk,0.6,0.6384317886151736,0.0384317886151736
0.0,1.0,0.0,0.0,0.0,0.3,0,2.5,1,14.0,25.8,0,0.0,0.1,0.625,7.5,rain,bike,0.5,0.6966919760994077,0.1966919760994077
0.0,0.0,1.0,0.0,0.0,0.8,0,5.0,0,14.0,25.8,0,0.0,0.1,1.25,15.0,any,bus,0.9,0.8733736115265892,0.02662638847341081
1.0,0.0,0.0,0.0,0.0,0.8,1,3.0,1,14.0,25.8,0,0.15,0.1,0.75,9.0,rain,walk,0.7,0.6787532098231681,0.021246790176831842
1.0,0.0,0.0,0.0,0.0,0.8,1,3.0,1,14.0,25.8,0,0.15,0.1,0.75,9.0,rain,walk,0.6,0.6787532098231681,0.07875320982316814
1.0,0.0,0.0,0.0,0.0,0.3,0,0.8,1,14.0,25.8,0,0.0,0.1,0.2,2.4,rain,walk,0.8,0.7402647411194302,0.05973525888056985
0.0,0.0,1.0,0.0,0.0,0.8,0,5.0,0,14.0,25.8,0,0.0,0.1,1.25,15.0,any,bus,1.0,0.8733736115265892,0.1266263884734108
1.0,0.0,0.0,0.0,0.0,0.8,2,5.0,1,14.0,25.8,0,0.3,0.1,1.25,15.0,rain,walk,0.8,0.6384317886151736,0.16156821138482647
0.0,0.0,1.0,0.0,0.0,0.2,0,5.0,0,14.0,25.8,0,0.0,0.1,1.25,15.0,any,bus,1.0,0.9210293123397663,0.07897068766023374
0.0,0.0,1.0,0.0,0.0,0.8,0,5.0,0,14.0,25.8,0,0.0,0.1,1.25,15.0,any,bus,0.9,0.8733736115265892,0.02662638847341081
0.0,1.0,0.0,0.0,0.0,0.3,0,3.0,0,14.0,25.8,0,0.0,0.1,0.75,9.0,sunny,bike,1.0,0.9554693287556876,0.044530671244312425
0.0,1.0,0.0,0.0,0.0,0.3,0,2.5,0,14.0,25.8,0,0.0,0.1,0.625,7.5,sunny,bike,1.0,0.9091618939489046,0.09083810605109544
0.0,0.0,1.0,0.0,0.0,0.8,0,5.0,0,14.0,25.8,0,0.0,0.1,1.25,15.0,any,bus,1.0,0.8733736115265892,0.1266263884734108
1.0,0.0,0.0,0.0,0.0,0.8,2,5.0,1,14.0,25.8,0,0.3,0.1,1.25,15.0,rain,walk,0.7,0.6384317886151736,0.06156821138482638
1.0,0.0,0.0,0.0,0.0,0.8,1,3.0,1,14.0,25.8,0,0.15,0.1,0.75,9.0,rain,walk,0.7,0.6787532098231681,0.021246790176831842
0.0,1.0,0.0,0.0,0.0,0.3,0,2.5,1,14.0,25.8,0,0.0,0.1,0.625,7.5,rain,bike,0.6,0.6966919760994077,0.09669197609940772
1.0,0.0,0.0,0.0,0.0,0.5,1,3.0,0,14.0,25.8,0,0.15,0.1,0.75,9.0,sunny,walk,0.9,0.9150509780792535,0.015050978079253485
1.0,0.0,0.0,0.0,0.0,0.5,1,3.0,0,14.0,25.8,0,0.15,0.1,0.75,9.0,sunny,walk,0.9,0.9150509780792535,0.015050978079253485
0.0,0.0,1.0,0.0,0.0,0.8,0,5.0,0,14.0,25.8,0,0.0,0.1,1.25,15.0,any,bus,0.9,0.8733736115265892,0.02662638847341081
1.0,0.0,0.0,0.0,0.0,0.5,1,3.0,0,14.0,25.8,0,0.15,0.1,0.75,9.0,sunny,walk,0.9,0.9150509780792535,0.015050978079253485
0.0,1.0,0.0,0.0,0.0,0.3,0,2.5,0,14.0,25.8,0,0.0,0.1,0.625,7.5,sunny,bike,0.9,0.9091618939489046,0.009161893948904543
0.0,0.0,1.0,0.0,0.0,0.8,0,5.0,0,14.0,25.8,0,0.0,0.1,1.25,15.0,any,bus,0.8,0.8733736115265892,0.07337361152658917
0.0,0.0,0.0,0.0,1.0,0.3,0,8.0,0,14.0,25.8,0,0.0,0.1,2.0,24.0,any,car,1.0,0.964540182270085,0.03545981772991502
0.0,0.0,1.0,0.0,0.0,0.2,0,5.0,0,14.0,25.8,0,0.0,0.1,1.25,15.0,any,bus,1.0,0.9210293123397663,0.07897068766023374
1.0,0.0,0.0,0.0,0.0,0.8,2,5.0,1,14.0,25.8,0,0.3,0.1,1.25,15.0,rain,walk,0.7,0.6384317886151736,0.06156821138482638
0.0,0.0,1.0,0.0,0.0,0.8,0,5.0,0,14.0,25.8,0,0.0,0.1,1.25,15.0,any,bus,0.9,0.8733736115265892,0.02662638847341081
0.0,0.0,1.0,0.0,0.0,0.8,0,5.0,0,14.0,25.8,0,0.0,0.1,1.25,15.0,any,bus,0.7,0.8733736115265892,0.17337361152658926
0.0,0.0,1.0,0.0,0.0,0.2,0,5.0,0,14.0,25.8,0,0.0,0.1,1.25,15.0,any,bus,1.0,0.9210293123397663,0.07897068766023374
0.0,1.0,0.0,0.0,0.0,0.3,0,2.5,0,14.0,25.8,0,0.0,0.1,0.625,7.5,sunny,bike,1.0,0.9091618939489046,0.09083810605109544
1.0,0.0,0.0,0.0,0.0,0.3,0,0.8,0,14.0,25.8,0,0.0,0.1,0.2,2.4,sunny,walk,1.0,0.9527346589689272,0.04726534103107283
0.0,1.0,0.0,0.0,0.0,0.3,0,2.5,0,14.0,25.8,0,0.0,0.1,0.625,7.5,sunny,bike,0.8,0.9091618939489046,0.10916189394890452
1.0,0.0,0.0,0.0,0.0,0.3,0,0.8,1,14.0,25.8,0,0.0,0.1,0.2,2.4,rain,walk,0.6,0.7402647411194302,0.14026474111943021
0.0,1.0,0.0,0.0,0.0,0.3,0,3.0,0,14.0,25.8,0,0.0,0.1,0.75,9.0,sunny,bike,0.9,0.9554693287556876,0.05546932875568755
1.0,0.0,0.0,0.0,0.0,0.3,0,0.8,1,14.0,25.8,0,0.0,0.1,0.2,2.4,rain,walk,0.8,0.7402647411194302,0.05973525888056985
1.0,0.0,0.0,0.0,0.0,0.3,0,0.8,0,14.0,25.8,0,0.0,0.1,0.2,2.4,sunny,walk,1.0,0.9527346589689272,0.04726534103107283
1.0,0.0,0.0,0.0,0.0,0.5,1,3.0,0,14.0,25.8,0,0.15,0.1,0.75,9.0,sunny,walk,0.9,0.9150509780792535,0.015050978079253485
1.0,0.0,0.0,0.0,0.0,0.3,0,0.8,1,14.0,25.8,0,0.0,0.1,0.2,2.4,rain,walk,0.9,0.7402647411194302,0.15973525888056983
0.0,0.0,0.0,0.0,1.0,0.3,0,8.0,0,14.0,25.8,0,0.0,0.1,2.0,24.0,any,car,1.0,0.964540182270085,0.03545981772991502
0.0,1.0,0.0,0.0,0.0,0.3,0,3.0,0,14.0,25.8,0,0.0,0.1,0.75,9.0,sunny,bike,0.9,0.9554693287556876,0.05546932875568755
1.0,0.0,0.0,0.0,0.0,0.8,2,5.0,1,14.0,25.8,0,0.3,0.1,1.25,15.0,rain,walk,0.6,0.6384317886151736,0.0384317886151736
0.0,1.0,0.0,0.0,0.0,0.3,0,2.5,1,14.0,25.8,0,0.0,0.1,0.625,7.5,rain,bike,0.7,0.6966919760994077,0.0033080239005922607
1.0,0.0,0.0,0.0,0.0,0.5,1,3.0,0,14.0,25.8,0,0.15,0.1,0.75,9.0,sunny,walk,0.7,0.9150509780792535,0.21505097807925355
1.0,0.0,0.0,0.0,0.0,0.8,1,3.0,1,14.0,25.8,0,0.15,0.1,0.75,9.0,rain,walk,0.7,0.6787532098231681,0.021246790176831842
0.0,0.0,0.0,0.0,1.0,0.3,0,8.0,0,14.0,25.8,0,0.0,0.1,2.0,24.0,any,car,1.0,0.964540182270085,0.03545981772991502
1.0,0.0,0.0,0.0,0.0,0.8,2,5.0,1,14.0,25.8,0,0.3,0.1,1.25,15.0,rain,walk,0.6,0.6384317886151736,0.0384317886151736
1.0,0.0,0.0,0.0,0.0,0.8,2,5.0,1,14.0,25.8,0,0.3,0.1,1.25,15.0,rain,walk,0.7,0.6384317886151736,0.06156821138482638
0.0,0.0,1.0,0.0,0.0,0.8,0,5.0,0,14.0,25.8,0,0.0,0.1,1.25,15.0,any,bus,0.7,0.8733736115265892,0.17337361152658926
0.0,0.0,1.0,0.0,0.0,0.2,0,5.0,0,14.0,25.8,0,0.0,0.1,1.25,15.0,any,bus,1.0,0.9210293123397663,0.07897068766023374
1.0,0.0,0.0,0.0,0.0,0.3,0,0.8,0,14.0,25.8,0,0.0,0.1,0.2,2.4,sunny,walk,1.0,0.9527346589689272,0.04726534103107283
1.0,0.0,0.0,0.0,0.0,0.3,0,0.8,1,14.0,25.8,0,0.0,0.1,0.2,2.4,rain,walk,0.7,0.7402647411194302,0.040264741119430236
0.0,0.0,1.0,0.0,0.0,0.2,0,5.0,0,14.0,25.8,0,0.0,0.1,1.25,15.0,any,bus,1.0,0.9210293123397663,0.07897068766023374
0.0,1.0,0.0,0.0,0.0,0.3,0,2.5,0,14.0,25.8,0,0.0,0.1,0.625,7.5,sunny,bike,0.7,0.9091618939489046,0.2091618939489046
0.0,0.0,1.0,0.0,0.0,0.8,0,5.0,0,14.0,25.8,0,0.0,0.1,1.25,15.0,any,bus,1.0,0.8733736115265892,0.1266263884734108
0.0,1.0,0.0,0.0,0.0,0.3,0,2.5,0,14.0,25.8,0,0.0,0.1,0.625,7.5,sunny,bike,1.0,0.9091618939489046,0.09083810605109544
0.0,0.0,1.0,0.0,0.0,0.8,0,5.0,0,14.0,25.8,0,0.0,0.1,1.25,15.0,any,bus,1.0,0.8733736115265892,0.1266263884734108
0.0,0.0,1.0,0.0,0.0,0.2,0,5.0,0,14.0,25.8,0,0.0,0.1,1.25,15.0,any,bus,1.0,0.9210293123397663,0.07897068766023374
1.0,0.0,0.0,0.0,0.0,0.5,1,3.0,0,14.0,25.8,0,0.15,0.1,0.75,9.0,sunny,walk,0.9,0.9150509780792535,0.015050978079253485
0.0,1.0,0.0,0.0,0.0,0.3,0,3.0,0,14.0,25.8,0,0.0,0.1,0.75,9.0,sunny,bike,1.0,0.9554693287556876,0.044530671244312425
0.0,1.0,0.0,0.0,0.0,0.3,0,3.0,0,14.0,25.8,0,0.0,0.1,0.75,9.0,sunny,bike,1.0,0.9554693287556876,0.044530671244312425
1.0,0.0,0.0,0.0,0.0,0.8,2,5.0,1,14.0,25.8,0,0.3,0.1,1.25,15.0,rain,walk,0.7,0.6384317886151736,0.06156821138482638
0.0,1.0,0.0,0.0,0.0,0.3,0,2.5,0,14.0,25.8,0,0.0,0.1,0.625,7.5,sunny,bike,1.0,0.9091618939489046,0.09083810605109544
0.0,1.0,0.0,0.0,0.0,0.3,0,2.5,0,14.0,25.8,0,0.0,0.1,0.625,7.5,sunny,bike,1.0,0.9091618939489046,0.09083810605109544
1.0,0.0,0.0,0.0,0.0,0.8,1,3.0,1,14.0,25.8,0,0.15,0.1,0.75,9.0,rain,walk,0.9,0.6787532098231681,0.2212467901768319
0.0,0.0,0.0,0.0,1.0,0.3,0,8.0,0,14.0,25.8,0,0.0,0.1,2.0,24.0,any,car,0.9,0.964540182270085,0.06454018227008496
0.0,1.0,0.0,0.0,0.0,0.3,0,3.0,0,14.0,25.8,0,0.0,0.1,0.75,9.0,sunny,bike,0.9,0.9554693287556876,0.05546932875568755
1.0,0.0,0.0,0.0,0.0,0.3,0,0.8,1,14.0,25.8,0,0.0,0.1,0.2,2.4,rain,walk,0.7,0.7402647411194302,0.040264741119430236
0.0,0.0,1.0,0.0,0.0,0.2,0,5.0,0,14.0,25.8,0,0.0,0.1,1.25,15.0,any,bus,0.8,0.9210293123397663,0.12102931233976622
0.0,1.0,0.0,0.0,0.0,0.3,0,2.5,0,14.0,25.8,0,0.0,0.1,0.625,7.5,sunny,bike,0.9,0.9091618939489046,0.009161893948904543
0.0,1.0,0.0,0.0,0.0,0.3,0,2.5,0,14.0,25.8,0,0.0,0.1,0.625,7.5,sunny,bike,1.0,0.9091618939489046,0.09083810605109544
0.0,1.0,0.0,0.0,0.0,0.3,0,2.5,1,14.0,25.8,0,0.0,0.1,0.625,7.5,rain,bike,0.8,0.6966919760994077,0.10330802390059235
1.0,0.0,0.0,0.0,0.0,0.8,1,3.0,1,14.0,25.8,0,0.15,0.1,0.75,9.0,rain,walk,0.8,0.6787532098231681,0.12124679017683193
1.0,0.0,0.0,0.0,0.0,0.5,1,3.0,0,14.0,25.8,0,0.15,0.1,0.75,9.0,sunny,walk,0.9,0.9150509780792535,0.015050978079253485
0.0,1.0,0.0,0.0,0.0,0.3,0,2.5,0,14.0,25.8,0,0.0,0.1,0.625,7.5,sunny,bike,1.0,0.9091618939489046,0.09083810605109544
0.0,1.0,0.0,0.0,0.0,0.3,0,2.5,0,14.0,25.8,0,0.0,0.1,0.625,7.5,sunny,bike,0.8,0.9091618939489046,0.10916189394890452
0.0,0.0,0.0,0.0,1.0,0.3,0,8.0,0,14.0,25.8,0,0.0,0.1,2.0,24.0,any,car,1.0,0.964540182270085,0.03545981772991502
1.0,0.0,0.0,0.0,0.0,0.3,0,0.8,0,14.0,25.8,0,0.0,0.1,0.2,2.4,sunny,walk,1.0,0.9527346589689272,0.04726534103107283
0.0,0.0,1.0,0.0,0.0,0.2,0,5.0,0,14.0,25.8,0,0.0,0.1,1.25,15.0,any,bus,1.0,0.9210293123397663,0.07897068766023374
1.0,0.0,0.0,0.0,0.0,0.5,1,3.0,0,14.0,25.8,0,0.15,0.1,0.75,9.0,sunny,walk,0.9,0.9150509780792535,0.015050978079253485
0.0,0.0,0.0,0.0,1.0,0.3,0,8.0,0,14.0,25.8,0,0.0,0.1,2.0,24.0,any,car,1.0,0.964540182270085,0.03545981772991502
0.0,1.0,0.0,0.0,0.0,0.3,0,3.0,0,14.0,25.8,0,0.0,0.1,0.75,9.0,sunny,bike,0.8,0.9554693287556876,0.15546932875568753
1.0,0.0,0.0,0.0,0.0,0.8,2,5.0,1,14.0,25.8,0,0.3,0.1,1.25,15.0,rain,walk,0.8,0.6384317886151736,0.16156821138482647
1.0,0.0,0.0,0.0,0.0,0.3,0,0.8,0,14.0,25.8,0,0.0,0.1,0.2,2.4,sunny,walk,1.0,0.9527346589689272,0.04726534103107283
1.0,0.0,0.0,0.0,0.0,0.5,1,3.0,0,14.0,25.8,0,0.15,0.1,0.75,9.0,sunny,walk,0.8,0.9150509780792535,0.11505097807925346
0.0,0.0,1.0,0.0,0.0,0.2,0,5.0,0,14.0,25.8,0,0.0,0.1,1.25,15.0,any,bus,0.9,0.9210293123397663,0.021029312339766237
1.0,0.0,0.0,0.0,0.0,0.8,2,5.0,1,14.0,25.8,0,0.3,0.1,1.25,15.0,rain,walk,0.6,0.6384317886151736,0.0384317886151736
0.0,0.0,1.0,0.0,0.0,0.2,0,5.0,0,14.0,25.8,0,0.0,0.1,1.25,15.0,any,bus,1.0,0.9210293123397663,0.07897068766023374
1.0,0.0,0.0,0.0,0.0,0.3,0,0.8,0,14.0,25.8,0,0.0,0.1,0.2,2.4,sunny,walk,1.0,0.9527346589689272,0.04726534103107283
0.0,1.0,0.0,0.0,0.0,0.3,0,3.0,0,14.0,25.8,0,0.0,0.1,0.75,9.0,sunny,bike,1.0,0.9554693287556876,0.044530671244312425
0.0,0.0,1.0,0.0,0.0,0.8,0,5.0,0,14.0,25.8,0,0.0,0.1,1.25,15.0,any,bus,0.8,0.8733736115265892,0.07337361152658917
1.0,0.0,0.0,0.0,0.0,0.3,0,0.8,0,14.0,25.8,0,0.0,0.1,0.2,2.4,sunny,walk,1.0,0.9527346589689272,0.04726534103107283
0.0,0.0,0.0,0.0,1.0,0.3,0,8.0,0,14.0,25.8,0,0.0,0.1,2.0,24.0,any,car,1.0,0.964540182270085,0.03545981772991502
0.0,0.0,0.0,0.0,1.0,0.3,0,8.0,0,14.0,25.8,0,0.0,0.1,2.0,24.0,any,car,0.9,0.964540182270085,0.06454018227008496
0.0,0.0,1.0,0.0,0.0,0.8,0,5.0,0,14.0,25.8,0,0.0,0.1,1.25,15.0,any,bus,0.9,0.8733736115265892,0.02662638847341081
0.0,0.0,0.0,0.0,1.0,0.3,0,8.0,0,14.0,25.8,0,0.0,0.1,2.0,24.0,any,car,0.9,0.964540182270085,0.06454018227008496
0.0,1.0,0.0,0.0,0.0,0.3,0,2.5,0,14.0,25.8,0,0.0,0.1,0.625,7.5,sunny,bike,1.0,0.9091618939489046,0.09083810605109544
1.0,0.0,0.0,0.0,0.0,0.8,1,3.0,1,14.0,25.8,0,0.15,0.1,0.75,9.0,rain,walk,0.7,0.6787532098231681,0.021246790176831842
1.0,0.0,0.0,0.0,0.0,0.3,0,0.8,1,14.0,25.8,0,0.0,0.1,0.2,2.4,rain,walk,0.6,0.7402647411194302,0.14026474111943021
1.0,0.0,0.0,0.0,0.0,0.8,2,5.0,1,14.0,25.8,0,0.3,0.1,1.25,15.0,rain,walk,0.7,0.6384317886151736,0.06156821138482638
0.0,1.0,0.0,0.0,0.0,0.3,0,2.5,1,14.0,25.8,0,0.0,0.1,0.625,7.5,rain,bike,0.8,0.6966919760994077,0.10330802390059235
0.0,1.0,0.0,0.0,0.0,0.3,0,2.5,0,14.0,25.8,0,0.0,0.1,0.625,7.5,sunny,bike,0.9,0.9091618939489046,0.009161893948904543
0.0,0.0,1.0,0.0,0.0,0.2,0,5.0,0,14.0,25.8,0,0.0,0.1,1.25,15.0,any,bus,1.0,0.9210293123397663,0.07897068766023374
1.0,0.0,0.0,0.0,0.0,0.3,0,0.8,1,14.0,25.8,0,0.0,0.1,0.2,2.4,rain,walk,0.6,0.7402647411194302,0.14026474111943021
0.0,1.0,0.0,0.0,0.0,0.3,0,2.5,1,14.0,25.8,0,0.0,0.1,0.625,7.5,rain,bike,0.7,0.6966919760994077,0.0033080239005922607
0.0,1.0,0.0,0.0,0.0,0.3,0,3.0,0,14.0,25.8,0,0.0,0.1,0.75,9.0,sunny,bike,0.8,0.9554693287556876,0.15546932875568753
0.0,1.0,0.0,0.0,0.0,0.3,0,2.5,0,14.0,25.8,0,0.0,0.1,0.625,7.5,sunny,bike,1.0,0.9091618939489046,0.09083810605109544
0.0,0.0,1.0,0.0,0.0,0.8,0,5.0,0,14.0,25.8,0,0.0,0.1,1.25,15.0,any,bus,1.0,0.8733736115265892,0.1266263884734108
1.0,0.0,0.0,0.0,0.0,0.5,1,3.0,0,14.0,25.8,0,0.15,0.1,0.75,9.0,sunny,walk,0.8,0.9150509780792535,0.11505097807925346
1.0,0.0,0.0,0.0,0.0,0.3,0,0.8,1,14.0,25.8,0,0.0,0.1,0.2,2.4,rain,walk,0.7,0.7402647411194302,0.040264741119430236
1.0,0.0,0.0,0.0,0.0,0.5,1,3.0,0,14.0,25.8,0,0.15,0.1,0.75,9.0,sunny,walk,0.9,0.9150509780792535,0.015050978079253485
0.0,1.0,0.0,0.0,0.0,0.3,0,2.5,1,14.0,25.8,0,0.0,0.1,0.625,7.5,rain,bike,0.6,0.6966919760994077,0.09669197609940772
1.0,0.0,0.0,0.0,0.0,0.3,0,0.8,1,14.0,25.8,0,0.0,0.1,0.2,2.4,rain,walk,1.0,0.7402647411194302,0.2597352588805698
0.0,1.0,0.0,0.0,0.0,0.3,0,3.0,0,14.0,25.8,0,0.0,0.1,0.75,9.0,sunny,bike,1.0,0.9554693287556876,0.044530671244312425
0.0,1.0,0.0,0.0,0.0,0.3,0,2.5,1,14.0,25.8,0,0.0,0.1,0.625,7.5,rain,bike,0.7,0.6966919760994077,0.0033080239005922607
0.0,0.0,0.0,0.0,1.0,0.3,0,8.0,0,14.0,25.8,0,0.0,0.1,2.0,24.0,any,car,0.9,0.964540182270085,0.06454018227008496
0.0,0.0,1.0,0.0,0.0,0.2,0,5.0,0,14.0,25.8,0,0.0,0.1,1.25,15.0,any,bus,0.9,0.9210293123397663,0.021029312339766237
0.0,0.0,1.0,0.0,0.0,0.2,0,5.0,0,14.0,25.8,0,0.0,0.1,1.25,15.0,any,bus,1.0,0.9210293123397663,0.07897068766023374
1.0,0.0,0.0,0.0,0.0,0.3,0,0.8,1,14.0,25.8,0,0.0,0.1,0.2,2.4,rain,walk,0.8,0.7402647411194302,0.05973525888056985
0.0,0.0,0.0,0.0,1.0,0.3,0,8.0,0,14.0,25.8,0,0.0,0.1,2.0,24.0,any,car,1.0,0.964540182270085,0.03545981772991502
1.0,0.0,0.0,0.0,0.0,0.5,1,3.0,0,14.0,25.8,0,0.15,0.1,0.75,9.0,sunny,walk,0.9,0.9150509780792535,0.015050978079253485
0.0,1.0,0.0,0.0,0.0,0.3,0,3.0,0,14.0,25.8,0,0.0,0.1,0.75,9.0,sunny,bike,1.0,0.9554693287556876,0.044530671244312425
0.0,1.0,0.0,0.0,0.0,0.3,0,2.5,1,14.0,25.8,0,0.0,0.1,0.625,7.5,rain,bike,0.7,0.6966919760994077,0.0033080239005922607
1.0,0.0,0.0,0.0,0.0,0.3,0,0.8,0,14.0,25.8,0,0.0,0.1,0.2,2.4,sunny,walk,1.0,0.9527346589689272,0.04726534103107283
0.0,0.0,1.0,0.0,0.0,0.2,0,5.0,0,14.0,25.8,0,0.0,0.1,1.25,15.0,any,bus,1.0,0.9210293123397663,0.07897068766023374
1.0,0.0,0.0,0.0,0.0,0.3,0,0.8,1,14.0,25.8,0,0.0,0.1,0.2,2.4,rain,walk,0.7,0.7402647411194302,0.040264741119430236
1.0,0.0,0.0,0.0,0.0,0.3,0,0.8,1,14.0,25.8,0,0.0,0.1,0.2,2.4,rain,walk,0.7,0.7402647411194302,0.040264741119430236
0.0,0.0,1.0,0.0,0.0,0.2,0,5.0,0,14.0,25.8,0,0.0,0.1,1.25,15.0,any,bus,1.0,0.9210293123397663,0.07897068766023374
1.0,0.0,0.0,0.0,0.0,0.8,1,3.0,1,14.0,25.8,0,0.15,0.1,0.75,9.0,rain,walk,0.7,0.6787532098231681,0.021246790176831842
0.0,1.0,0.0,0.0,0.0,0.3,0,3.0,0,14.0,25.8,0,0.0,0.1,0.75,9.0,sunny,bike,1.0,0.9554693287556876,0.044530671244312425
0.0,1.0,0.0,0.0,0.0,0.3,0,2.5,0,14.0,25.8,0,0.0,0.1,0.625,7.5,sunny,bike,1.0,0.9091618939489046,0.09083810605109544
1.0,0.0,0.0,0.0,0.0,0.8,2,5.0,1,14.0,25.8,0,0.3,0.1,1.25,15.0,rain,walk,0.6,0.6384317886151736,0.0384317886151736
1.0,0.0,0.0,0.0,0.0,0.3,0,0.8,0,14.0,25.8,0,0.0,0.1,0.2,2.4,sunny,walk,1.0,0.9527346589689272,0.04726534103107283
0.0,0.0,0.0,0.0,1.0,0.3,0,8.0,0,14.0,25.8,0,0.0,0.1,2.0,24.0,any,car,1.0,0.964540182270085,0.03545981772991502
1.0,0.0,0.0,0.0,0.0,0.8,1,3.0,1,14.0,25.8,0,0.15,0.1,0.75,9.0,rain,walk,0.7,0.6787532098231681,0.021246790176831842
0.0,1.0,0.0,0.0,0.0,0.3,0,3.0,0,14.0,25.8,0,0.0,0.1,0.75,9.0,sunny,bike,1.0,0.9554693287556876,0.044530671244312425
0.0,0.0,0.0,0.0,1.0,0.3,0,8.0,0,14.0,25.8,0,0.0,0.1,2.0,24.0,any,car,0.8,0.964540182270085,0.16454018227008493
0.0,1.0,0.0,0.0,0.0,0.3,0,3.0,0,14.0,25.8,0,0.0,0.1,0.75,9.0,sunny,bike,1.0,0.9554693287556876,0.044530671244312425
0.0,1.0,0.0,0.0,0.0,0.3,0,3.0,0,14.0,25.8,0,0.0,0.1,0.75,9.0,sunny,bike,1.0,0.9554693287556876,0.044530671244312425
1.0,0.0,0.0,0.0,0.0,0.8,1,3.0,1,14.0,25.8,0,0.15,0.1,0.75,9.0,rain,walk,0.8,0.6787532098231681,0.12124679017683193
1.0,0.0,0.0,0.0,0.0,0.8,1,3.0,1,14.0,25.8,0,0.15,0.1,0.75,9.0,rain,walk,0.7,0.6787532098231681,0.021246790176831842
0.0,1.0,0.0,0.0,0.0,0.3,0,2.5,1,14.0,25.8,0,0.0,0.1,0.625,7.5,rain,bike,0.7,0.6966919760994077,0.0033080239005922607
1.0,0.0,0.0,0.0,0.0,0.5,1,3.0,0,14.0,25.8,0,0.15,0.1,0.75,9.0,sunny,walk,0.7,0.9150509780792535,0.21505097807925355
1.0,0.0,0.0,0.0,0.0,0.8,2,5.0,1,14.0,25.8,0,0.3,0.1,1.25,15.0,rain,walk,0.6,0.6384317886151736,0.0384317886151736
1.0,0.0,0.0,0.0,0.0,0.5,1,3.0,0,14.0,25.8,0,0.15,0.1,0.75,9.0,sunny,walk,0.9,0.9150509780792535,0.015050978079253485
0.0,0.0,1.0,0.0,0.0,0.8,0,5.0,0,14.0,25.8,0,0.0,0.1,1.25,15.0,any,bus,0.7,0.8733736115265892,0.17337361152658926
1.0,0.0,0.0,0.0,0.0,0.3,0,0.8,1,14.0,25.8,0,0.0,0.1,0.2,2.4,rain,walk,0.8,0.7402647411194302,0.05973525888056985
1.0,0.0,0.0,0.0,0.0,0.8,1,3.0,1,14.0,25.8,0,0.15,0.1,0.75,9.0,rain,walk,0.6,0.6787532098231681,0.07875320982316814
0.0,0.0,1.0,0.0,0.0,0.8,0,5.0,0,14.0,25.8,0,0.0,0.1,1.25,15.0,any,bus,0.8,0.8733736115265892,0.07337361152658917
0.0,0.0,1.0,0.0,0.0,0.2,0,5.0,0,14.0,25.8,0,0.0,0.1,1.25,15.0,any,bus,1.0,0.9210293123397663,0.07897068766023374
0.0,0.0,1.0,0.0,0.0,0.2,0,5.0,0,14.0,25.8,0,0.0,0.1,1.25,15.0,any,bus,0.9,0.9210293123397663,0.021029312339766237
1.0,0.0,0.0,0.0,0.0,0.8,1,3.0,1,14.0,25.8,0,0.15,0.1,0.75,9.0,rain,walk,0.7,0.6787532098231681,0.021246790176831842
1.0,0.0,0.0,0.0,0.0,0.8,1,3.0,1,14.0,25.8,0,0.15,0.1,0.75,9.0,rain,walk,0.7,0.6787532098231681,0.021246790176831842
0.0,0.0,1.0,0.0,0.0,0.8,0,5.0,0,14.0,25.8,0,0.0,0.1,1.25,15.0,any,bus,0.8,0.8733736115265892,0.07337361152658917
1.0,0.0,0.0,0.0,0.0,0.3,0,0.8,0,14.0,25.8,0,0.0,0.1,0.2,2.4,sunny,walk,0.8,0.9527346589689272,0.15273465896892713
1.0,0.0,0.0,0.0,0.0,0.8,2,5.0,1,14.0,25.8,0,0.3,0.1,1.25,15.0,rain,walk,0.7,0.6384317886151736,0.06156821138482638
0.0,0.0,1.0,0.0,0.0,0.8,0,5.0,0,14.0,25.8,0,0.0,0.1,1.25,15.0,any,bus,0.8,0.8733736115265892,0.07337361152658917
0.0,0.0,1.0,0.0,0.0,0.8,0,5.0,0,14.0,25.8,0,0.0,0.1,1.25,15.0,any,bus,0.9,0.8733736115265892,0.02662638847341081
1.0,0.0,0.0,0.0,0.0,0.3,0,0.8,1,14.0,25.8,0,0.0,0.1,0.2,2.4,rain,walk,0.6,0.7402647411194302,0.14026474111943021
1.0,0.0,0.0,0.0,0.0,0.3,0,0.8,1,14.0,25.8,0,0.0,0.1,0.2,2.4,rain,walk,1.0,0.7402647411194302,0.2597352588805698
0.0,0.0,0.0,0.0,1.0,0.3,0,8.0,0,14.0,25.8,0,0.0,0.1,2.0,24.0,any,car,1.0,0.964540182270085,0.03545981772991502
1.0,0.0,0.0,0.0,0.0,0.3,0,0.8,1,14.0,25.8,0,0.0,0.1,0.2,2.4,rain,walk,0.9,0.7402647411194302,0.15973525888056983
1.0,0.0,0.0,0.0,0.0,0.8,1,3.0,1,14.0,25.8,0,0.15,0.1,0.75,9.0,rain,walk,0.6,0.6787532098231681,0.07875320982316814
0.0,0.0,1.0,0.0,0.0,0.8,0,5.0,0,14.0,25.8,0,0.0,0.1,1.25,15.0,any,bus,0.9,0.8733736115265892,0.02662638847341081
0.0,1.0,0.0,0.0,0.0,0.3,0,3.0,0,14.0,25.8,0,0.0,0.1,0.75,9.0,sunny,bike,0.9,0.9554693287556876,0.05546932875568755
0.0,1.0,0.0,0.0,0.0,0.3,0,2.5,0,14.0,25.8,0,0.0,0.1,0.625,7.5,sunny,bike,1.0,0.9091618939489046,0.09083810605109544
0.0,0.0,1.0,0.0,0.0,0.2,0,5.0,0,14.0,25.8,0,0.0,0.1,1.25,15.0,any,bus,1.0,0.9210293123397663,0.07897068766023374
1.0,0.0,0.0,0.0,0.0,0.3,0,0.8,1,14.0,25.8,0,0.0,0.1,0.2,2.4,rain,walk,0.8,0.7402647411194302,0.05973525888056985
0.0,1.0,0.0,0.0,0.0,0.3,0,2.5,0,14.0,25.8,0,0.0,0.1,0.625,7.5,sunny,bike,1.0,0.9091618939489046,0.09083810605109544
1.0,0.0,0.0,0.0,0.0,0.8,2,5.0,1,14.0,25.8,0,0.3,0.1,1.25,15.0,rain,walk,0.5,0.6384317886151736,0.13843178861517358
0.0,1.0,0.0,0.0,0.0,0.3,0,2.5,0,14.0,25.8,0,0.0,0.1,0.625,7.5,sunny,bike,1.0,0.9091618939489046,0.09083810605109544
0.0,1.0,0.0,0.0,0.0,0.3,0,2.5,1,14.0,25.8,0,0.0,0.1,0.625,7.5,rain,bike,0.6,0.6966919760994077,0.09669197609940772
1.0,0.0,0.0,0.0,0.0,0.5,1,3.0,0,14.0,25.8,0,0.15,0.1,0.75,9.0,sunny,walk,1.0,0.9150509780792535,0.08494902192074649
1.0,0.0,0.0,0.0,0.0,0.8,2,5.0,1,14.0,25.8,0,0.3,0.1,1.25,15.0,rain,walk,0.8,0.6384317886151736,0.16156821138482647
0.0,0.0,1.0,0.0,0.0,0.8,0,5.0,0,14.0,25.8,0,0.0,0.1,1.25,15.0,any,bus,0.8,0.8733736115265892,0.07337361152658917
0.0,0.0,1.0,0.0,0.0,0.8,0,5.0,0,14.0,25.8,0,0.0,0.1,1.25,15.0,any,bus,1.0,0.8733736115265892,0.1266263884734108
1.0,0.0,0.0,0.0,0.0,0.8,1,3.0,1,14.0,25.8,0,0.15,0.1,0.75,9.0,rain,walk,0.7,0.6787532098231681,0.021246790176831842
0.0,0.0,0.0,0.0,1.0,0.3,0,8.0,0,14.0,25.8,0,0.0,0.1,2.0,24.0,any,car,1.0,0.964540182270085,0.03545981772991502
0.0,1.0,0.0,0.0,0.0,0.3,0,3.0,0,14.0,25.8,0,0.0,0.1,0.75,9.0,sunny,bike,1.0,0.9554693287556876,0.044530671244312425
0.0,0.0,0.0,0.0,1.0,0.3,0,8.0,0,14.0,25.8,0,0.0,0.1,2.0,24.0,any,car,0.9,0.964540182270085,0.06454018227008496
0.0,0.0,0.0,0.0,1.0,0.3,0,8.0,0,14.0,25.8,0,0.0,0.1,2.0,24.0,any,car,1.0,0.964540182270085,0.03545981772991502
1.0,0.0,0.0,0.0,0.0,0.5,1,3.0,0,14.0,25.8,0,0.15,0.1,0.75,9.0,sunny,walk,0.9,0.9150509780792535,0.015050978079253485
1.0,0.0,0.0,0.0,0.0,0.8,1,3.0,1,14.0,25.8,0,0.15,0.1,0.75,9.0,rain,walk,0.7,0.6787532098231681,0.021246790176831842
1.0,0.0,0.0,0.0,0.0,0.3,0,0.8,0,14.0,25.8,0,0.0,0.1,0.2,2.4,sunny,walk,1.0,0.9527346589689272,0.04726534103107283
0.0,0.0,0.0,0.0,1.0,0.3,0,8.0,0,14.0,25.8,0,0.0,0.1,2.0,24.0,any,car,1.0,0.964540182270085,0.03545981772991502
1.0,0.0,0.0,0.0,0.0,0.8,1,3.0,1,14.0,25.8,0,0.15,0.1,0.75,9.0,rain,walk,0.8,0.6787532098231681,0.12124679017683193
1.0,0.0,0.0,0.0,0.0,0.3,0,0.8,1,14.0,25.8,0,0.0,0.1,0.2,2.4,rain,walk,0.8,0.7402647411194302,0.05973525888056985
0.0,0.0,1.0,0.0,0.0,0.8,0,5.0,0,14.0,25.8,0,0.0,0.1,1.25,15.0,any,bus,1.0,0.8733736115265892,0.1266263884734108
0.0,0.0,1.0,0.0,0.0,0.2,0,5.0,0,14.0,25.8,0,0.0,0.1,1.25,15.0,any,bus,1.0,0.9210293123397663,0.07897068766023374
1.0,0.0,0.0,0.0,0.0,0.8,1,3.0,1,14.0,25.8,0,0.15,0.1,0.75,9.0,rain,walk,0.8,0.6787532098231681,0.12124679017683193
0.0,0.0,0.0,0.0,1.0,0.3,0,8.0,0,14.0,25.8,0,0.0,0.1,2.0,24.0,any,car,1.0,0.964540182270085,0.03545981772991502
0.0,1.0,0.0,0.0,0.0,0.3,0,2.5,1,14.0,25.8,0,0.0,0.1,0.625,7.5,rain,bike,0.6,0.6966919760994077,0.09669197609940772
0.0,0.0,0.0,0.0,1.0,0.3,0,8.0,0,14.0,25.8,0,0.0,0.1,2.0,24.0,any,car,0.9,0.964540182270085,0.06454018227008496
0.0,1.0,0.0,0.0,0.0,0.3,0,3.0,0,14.0,25.8,0,0.0,0.1,0.75,9.0,sunny,bike,0.8,0.9554693287556876,0.15546932875568753
0.0,0.0,0.0,0.0,1.0,0.3,0,8.0,0,14.0,25.8,0,0.0,0.1,2.0,24.0,any,car,1.0,0.964540182270085,0.03545981772991502
0.0,0.0,1.0,0.0,0.0,0.8,0,5.0,0,14.0,25.8,0,0.0,0.1,1.25,15.0,any,bus,0.8,0.8733736115265892,0.07337361152658917
0.0,1.0,0.0,0.0,0.0,0.3,0,2.5,1,14.0,25.8,0,0.0,0.1,0.625,7.5,rain,bike,0.7,0.6966919760994077,0.0033080239005922607
0.0,1.0,0.0,0.0,0.0,0.3,0,2.5,1,14.0,25.8,0,0.0,0.1,0.625,7.5,rain,bike,0.7,0.6966919760994077,0.0033080239005922607
0.0,0.0,0.0,0.0,1.0,0.3,0,8.0,0,14.0,25.8,0,0.0,0.1,2.0,24.0,any,car,1.0,0.964540182270085,0.03545981772991502
1.0,0.0,0.0,0.0,0.0,0.8,1,3.0,1,14.0,25.8,0,0.15,0.1,0.75,9.0,rain,walk,0.6,0.6787532098231681,0.07875320982316814
0.0,1.0,0.0,0.0,0.0,0.3,0,3.0,0,14.0,25.8,0,0.0,0.1,0.75,9.0,sunny,bike,1.0,0.9554693287556876,0.044530671244312425
1.0,0.0,0.0,0.0,0.0,0.8,1,3.0,1,14.0,25.8,0,0.15,0.1,0.75,9.0,rain,walk,0.8,0.6787532098231681,0.12124679017683193
0.0,1.0,0.0,0.0,0.0,0.3,0,2.5,1,14.0,25.8,0,0.0,0.1,0.625,7.5,rain,bike,0.6,0.6966919760994077,0.09669197609940772
0.0,1.0,0.0,0.0,0.0,0.3,0,2.5,1,14.0,25.8,0,0.0,0.1,0.625,7.5,rain,bike,0.8,0.6966919760994077,0.10330802390059235
1.0,0.0,0.0,0.0,0.0,0.8,2,5.0,1,14.0,25.8,0,0.3,0.1,1.25,15.0,rain,walk,0.7,0.6384317886151736,0.06156821138482638
1.0,0.0,0.0,0.0,0.0,0.8,2,5.0,1,14.0,25.8,0,0.3,0.1,1.25,15.0,rain,walk,0.7,0.6384317886151736,0.06156821138482638
0.0,0.0,1.0,0.0,0.0,0.8,0,5.0,0,14.0,25.8,0,0.0,0.1,1.25,15.0,any,bus,0.8,0.8733736115265892,0.07337361152658917
1.0,0.0,0.0,0.0,0.0,0.3,0,0.8,0,14.0,25.8,0,0.0,0.1,0.2,2.4,sunny,walk,1.0,0.9527346589689272,0.04726534103107283
0.0,0.0,1.0,0.0,0.0,0.2,0,5.0,0,14.0,25.8,0,0.0,0.1,1.25,15.0,any,bus,1.0,0.9210293123397663,0.07897068766023374
0.0,1.0,0.0,0.0,0.0,0.3,0,2.5,0,14.0,25.8,0,0.0,0.1,0.625,7.5,sunny,bike,0.9,0.9091618939489046,0.009161893948904543
0.0,1.0,0.0,0.0,0.0,0.3,0,3.0,0,14.0,25.8,0,0.0,0.1,0.75,9.0,sunny,bike,1.0,0.9554693287556876,0.044530671244312425
0.0,1.0,0.0,0.0,0.0,0.3,0,3.0,0,14.0,25.8,0,0.0,0.1,0.75,9.0,sunny,bike,1.0,0.9554693287556876,0.044530671244312425
1.0,0.0,0.0,0.0,0.0,0.3,0,0.8,1,14.0,25.8,0,0.0,0.1,0.2,2.4,rain,walk,0.8,0.7402647411194302,0.05973525888056985
0.0,0.0,0.0,0.0,1.0,0.3,0,8.0,0,14.0,25.8,0,0.0,0.1,2.0,24.0,any,car,1.0,0.964540182270085,0.03545981772991502
0.0,1.0,0.0,0.0,0.0,0.3,0,2.5,0,14.0,25.8,0,0.0,0.1,0.625,7.5,sunny,bike,1.0,0.9091618939489046,0.09083810605109544
1.0,0.0,0.0,0.0,0.0,0.3,0,0.8,1,14.0,25.8,0,0.0,0.1,0.2,2.4,rain,walk,0.6,0.7402647411194302,0.14026474111943021
1.0,0.0,0.0,0.0,0.0,0.3,0,0.8,1,14.0,25.8,0,0.0,0.1,0.2,2.4,rain,walk,0.9,0.7402647411194302,0.15973525888056983
1.0,0.0,0.0,0.0,0.0,0.8,2,5.0,1,14.0,25.8,0,0.3,0.1,1.25,15.0,rain,walk,0.4,0.6384317886151736,0.23843178861517356
1.0,0.0,0.0,0.0,0.0,0.3,0,0.8,1,14.0,25.8,0,0.0,0.1,0.2,2.4,rain,walk,0.6,0.7402647411194302,0.14026474111943021
0.0,0.0,0.0,0.0,1.0,0.3,0,8.0,0,14.0,25.8,0,0.0,0.1,2.0,24.0,any,car,1.0,0.964540182270085,0.03545981772991502
1.0,0.0,0.0,0.0,0.0,0.5,1,3.0,0,14.0,25.8,0,0.15,0.1,0.75,9.0,sunny,walk,0.9,0.9150509780792535,0.015050978079253485
0.0,1.0,0.0,0.0,0.0,0.3,0,2.5,0,14.0,25.8,0,0.0,0.1,0.625,7.5,sunny,bike,1.0,0.9091618939489046,0.09083810605109544
0.0,0.0,0.0,0.0,1.0,0.3,0,8.0,0,14.0,25.8,0,0.0,0.1,2.0,24.0,any,car,1.0,0.964540182270085,0.03545981772991502
1.0,0.0,0.0,0.0,0.0,0.5,1,3.0,0,14.0,25.8,0,0.15,0.1,0.75,9.0,sunny,walk,0.8,0.9150509780792535,0.11505097807925346
0.0,1.0,0.0,0.0,0.0,0.3,0,2.5,0,14.0,25.8,0,0.0,0.1,0.625,7.5,sunny,bike,1.0,0.9091618939489046,0.09083810605109544
0.0,0.0,0.0,0.0,1.0,0.3,0,8.0,0,14.0,25.8,0,0.0,0.1,2.0,24.0,any,car,0.8,0.964540182270085,0.16454018227008493
1.0,0.0,0.0,0.0,0.0,0.8,1,3.0,1,14.0,25.8,0,0.15,0.1,0.75,9.0,rain,walk,0.7,0.6787532098231681,0.021246790176831842
0.0,0.0,0.0,0.0,1.0,0.3,0,8.0,0,14.0,25.8,0,0.0,0.1,2.0,24.0,any,car,1.0,0.964540182270085,0.03545981772991502
0.0,1.0,0.0,0.0,0.0,0.3,0,3.0,0,14.0,25.8,0,0.0,0.1,0.75,9.0,sunny,bike,0.9,0.9554693287556876,0.05546932875568755
1.0,0.0,0.0,0.0,0.0,0.8,2,5.0,1,14.0,25.8,0,0.3,0.1,1.25,15.0,rain,walk,0.6,0.6384317886151736,0.0384317886151736
0.0,0.0,1.0,0.0,0.0,0.2,0,5.0,0,14.0,25.8,0,0.0,0.1,1.25,15.0,any,bus,0.9,0.9210293123397663,0.021029312339766237
1.0,0.0,0.0,0.0,0.0,0.3,0,0.8,1,14.0,25.8,0,0.0,0.1,0.2,2.4,rain,walk,0.7,0.7402647411194302,0.040264741119430236
0.0,1.0,0.0,0.0,0.0,0.3,0,3.0,0,14.0,25.8,0,0.0,0.1,0.75,9.0,sunny,bike,1.0,0.9554693287556876,0.044530671244312425
0.0,0.0,0.0,0.0,1.0,0.3,0,8.0,0,14.0,25.8,0,0.0,0.1,2.0,24.0,any,car,1.0,0.964540182270085,0.03545981772991502
0.0,1.0,0.0,0.0,0.0,0.3,0,2.5,1,14.0,25.8,0,0.0,0.1,0.625,7.5,rain,bike,0.6,0.6966919760994077,0.09669197609940772
0.0,0.0,1.0,0.0,0.0,0.2,0,5.0,0,14.0,25.8,0,0.0,0.1,1.25,15.0,any,bus,1.0,0.9210293123397663,0.07897068766023374
1.0,0.0,0.0,0.0,0.0,0.8,2,5.0,1,14.0,25.8,0,0.3,0.1,1.25,15.0,rain,walk,0.6,0.6384317886151736,0.0384317886151736
0.0,1.0,0.0,0.0,0.0,0.3,0,2.5,1,14.0,25.8,0,0.0,0.1,0.625,7.5,rain,bike,0.7,0.6966919760994077,0.0033080239005922607
0.0,0.0,0.0,0.0,1.0,0.3,0,8.0,0,14.0,25.8,0,0.0,0.1,2.0,24.0,any,car,0.9,0.964540182270085,0.06454018227008496
0.0,1.0,0.0,0.0,0.0,0.3,0,2.5,1,14.0,25.8,0,0.0,0.1,0.625,7.5,rain,bike,0.6,0.6966919760994077,0.09669197609940772
0.0,0.0,0.0,0.0,1.0,0.3,0,8.0,0,14.0,25.8,0,0.0,0.1,2.0,24.0,any,car,0.9,0.964540182270085,0.06454018227008496
0.0,0.0,0.0,0.0,1.0,0.3,0,8.0,0,14.0,25.8,0,0.0,0.1,2.0,24.0,any,car,1.0,0.964540182270085,0.03545981772991502
0.0,1.0,0.0,0.0,0.0,0.3,0,2.5,1,14.0,25.8,0,0.0,0.1,0.625,7.5,rain,bike,0.2,0.6966919760994077,0.4966919760994077
1.0,0.0,0.0,0.0,0.0,0.8,1,3.0,1,14.0,25.8,0,0.15,0.1,0.75,9.0,rain,walk,0.8,0.6787532098231681,0.12124679017683193
0.0,0.0,0.0,0.0,1.0,0.3,0,8.0,0,14.0,25.8,0,0.0,0.1,2.0,24.0,any,car,1.0,0.964540182270085,0.03545981772991502
0.0,0.0,1.0,0.0,0.0,0.8,0,5.0,0,14.0,25.8,0,0.0,0.1,1.25,15.0,any,bus,0.8,0.8733736115265892,0.07337361152658917
1.0,0.0,0.0,0.0,0.0,0.3,0,0.8,1,14.0,25.8,0,0.0,0.1,0.2,2.4,rain,walk,0.7,0.7402647411194302,0.040264741119430236
1.0,0.0,0.0,0.0,0.0,0.3,0,0.8,1,14.0,25.8,0,0.0,0.1,0.2,2.4,rain,walk,0.7,0.7402647411194302,0.040264741119430236
0.0,0.0,1.0,0.0,0.0,0.8,0,5.0,0,14.0,25.8,0,0.0,0.1,1.25,15.0,any,bus,1.0,0.8733736115265892,0.1266263884734108
1.0,0.0,0.0,0.0,0.0,0.3,0,0.8,1,14.0,25.8,0,0.0,0.1,0.2,2.4,rain,walk,0.7,0.7402647411194302,0.040264741119430236
0.0,0.0,0.0,0.0,1.0,0.3,0,8.0,0,14.0,25.8,0,0.0,0.1,2.0,24.0,any,car,0.9,0.964540182270085,0.06454018227008496
1.0,0.0,0.0,0.0,0.0,0.8,1,3.0,1,14.0,25.8,0,0.15,0.1,0.75,9.0,rain,walk,0.9,0.6787532098231681,0.2212467901768319
1.0,0.0,0.0,0.0,0.0,0.3,0,0.8,0,14.0,25.8,0,0.0,0.1,0.2,2.4,sunny,walk,1.0,0.9527346589689272,0.04726534103107283
0.0,0.0,1.0,0.0,0.0,0.8,0,5.0,0,14.0,25.8,0,0.0,0.1,1.25,15.0,any,bus,1.0,0.8733736115265892,0.1266263884734108
0.0,1.0,0.0,0.0,0.0,0.3,0,2.5,0,14.0,25.8,0,0.0,0.1,0.625,7.5,sunny,bike,1.0,0.9091618939489046,0.09083810605109544
0.0,0.0,0.0,0.0,1.0,0.3,0,8.0,0,14.0,25.8,0,0.0,0.1,2.0,24.0,any,car,1.0,0.964540182270085,0.03545981772991502
1.0,0.0,0.0,0.0,0.0,0.3,0,0.8,1,14.0,25.8,0,0.0,0.1,0.2,2.4,rain,walk,0.6,0.7402647411194302,0.14026474111943021
0.0,0.0,1.0,0.0,0.0,0.8,0,5.0,0,14.0,25.8,0,0.0,0.1,1.25,15.0,any,bus,0.9,0.8733736115265892,0.02662638847341081
0.0,0.0,1.0,0.0,0.0,0.8,0,5.0,0,14.0,25.8,0,0.0,0.1,1.25,15.0,any,bus,0.8,0.8733736115265892,0.07337361152658917
1.0,0.0,0.0,0.0,0.0,0.3,0,0.8,1,14.0,25.8,0,0.0,0.1,0.2,2.4,rain,walk,0.9,0.7402647411194302,0.15973525888056983
1.0,0.0,0.0,0.0,0.0,0.5,1,3.0,0,14.0,25.8,0,0.15,0.1,0.75,9.0,sunny,walk,0.9,0.9150509780792535,0.015050978079253485
0.0,1.0,0.0,0.0,0.0,0.3,0,2.5,0,14.0,25.8,0,0.0,0.1,0.625,7.5,sunny,bike,1.0,0.9091618939489046,0.09083810605109544
1.0,0.0,0.0,0.0,0.0,0.8,2,5.0,1,14.0,25.8,0,0.3,0.1,1.25,15.0,rain,walk,0.5,0.6384317886151736,0.13843178861517358
1.0,0.0,0.0,0.0,0.0,0.8,2,5.0,1,14.0,25.8,0,0.3,0.1,1.25,15.0,rain,walk,0.6,0.6384317886151736,0.0384317886151736
0.0,0.0,0.0,0.0,1.0,0.3,0,8.0,0,14.0,25.8,0,0.0,0.1,2.0,24.0,any,car,1.0,0.964540182270085,0.03545981772991502
0.0,1.0,0.0,0.0,0.0,0.3,0,2.5,1,14.0,25.8,0,0.0,0.1,0.625,7.5,rain,bike,0.5,0.6966919760994077,0.1966919760994077
0.0,0.0,1.0,0.0,0.0,0.8,0,5.0,0,14.0,25.8,0,0.0,0.1,1.25,15.0,any,bus,0.8,0.8733736115265892,0.07337361152658917
0.0,0.0,1.0,0.0,0.0,0.2,0,5.0,0,14.0,25.8,0,0.0,0.1,1.25,15.0,any,bus,1.0,0.9210293123397663,0.07897068766023374
0.0,1.0,0.0,0.0,0.0,0.3,0,3.0,0,14.0,25.8,0,0.0,0.1,0.75,9.0,sunny,bike,1.0,0.9554693287556876,0.044530671244312425
0.0,0.0,1.0,0.0,0.0,0.8,0,5.0,0,14.0,25.8,0,0.0,0.1,1.25,15.0,any,bus,1.0,0.8733736115265892,0.1266263884734108
1.0,0.0,0.0,0.0,0.0,0.3,0,0.8,1,14.0,25.8,0,0.0,0.1,0.2,2.4,rain,walk,0.5,0.7402647411194302,0.2402647411194302
1.0,0.0,0.0,0.0,0.0,0.5,1,3.0,0,14.0,25.8,0,0.15,0.1,0.75,9.0,sunny,walk,1.0,0.9150509780792535,0.08494902192074649
1.0,0.0,0.0,0.0,0.0,0.3,0,0.8,1,14.0,25.8,0,0.0,0.1,0.2,2.4,rain,walk,0.8,0.7402647411194302,0.05973525888056985
1.0,0.0,0.0,0.0,0.0,0.3,0,0.8,0,14.0,25.8,0,0.0,0.1,0.2,2.4,sunny,walk,1.0,0.9527346589689272,0.04726534103107283
0.0,0.0,1.0,0.0,0.0,0.2,0,5.0,0,14.0,25.8,0,0.0,0.1,1.25,15.0,any,bus,0.9,0.9210293123397663,0.021029312339766237
1.0,0.0,0.0,0.0,0.0,0.3,0,0.8,1,14.0,25.8,0,0.0,0.1,0.2,2.4,rain,walk,0.8,0.7402647411194302,0.05973525888056985
0.0,0.0,0.0,0.0,1.0,0.3,0,8.0,0,14.0,25.8,0,0.0,0.1,2.0,24.0,any,car,1.0,0.964540182270085,0.03545981772991502
1.0,0.0,0.0,0.0,0.0,0.5,1,3.0,0,14.0,25.8,0,0.15,0.1,0.75,9.0,sunny,walk,0.7,0.9150509780792535,0.21505097807925355
0.0,0.0,0.0,0.0,1.0,0.3,0,8.0,0,14.0,25.8,0,0.0,0.1,2.0,24.0,any,car,1.0,0.964540182270085,0.03545981772991502
0.0,0.0,0.0,0.0,1.0,0.3,0,8.0,0,14.0,25.8,0,0.0,0.1,2.0,24.0,any,car,0.8,0.964540182270085,0.16454018227008493
0.0,1.0,0.0,0.0,0.0,0.3,0,2.5,1,14.0,25.8,0,0.0,0.1,0.625,7.5,rain,bike,0.6,0.6966919760994077,0.09669197609940772
0.0,0.0,1.0,0.0,0.0,0.8,0,5.0,0,14.0,25.8,0,0.0,0.1,1.25,15.0,any,bus,1.0,0.8733736115265892,0.1266263884734108
1.0,0.0,0.0,0.0,0.0,0.8,1,3.0,1,14.0,25.8,0,0.15,0.1,0.75,9.0,rain,walk,0.9,0.6787532098231681,0.2212467901768319
0.0,0.0,1.0,0.0,0.0,0.2,0,5.0,0,14.0,25.8,0,0.0,0.1,1.25,15.0,any,bus,1.0,0.9210293123397663,0.07897068766023374
1.0,0.0,0.0,0.0,0.0,0.3,0,0.8,1,14.0,25.8,0,0.0,0.1,0.2,2.4,rain,walk,0.7,0.7402647411194302,0.040264741119430236
0.0,0.0,0.0,0.0,1.0,0.3,0,8.0,0,14.0,25.8,0,0.0,0.1,2.0,24.0,any,car,1.0,0.964540182270085,0.03545981772991502
1.0,0.0,0.0,0.0,0.0,0.8,2,5.0,1,14.0,25.8,0,0.3,0.1,1.25,15.0,rain,walk,0.6,0.6384317886151736,0.0384317886151736
1.0,0.0,0.0,0.0,0.0,0.8,2,5.0,1,14.0,25.8,0,0.3,0.1,1.25,15.0,rain,walk,0.7,0.6384317886151736,0.06156821138482638
0.0,0.0,1.0,0.0,0.0,0.2,0,5.0,0,14.0,25.8,0,0.0,0.1,1.25,15.0,any,bus,0.8,0.9210293123397663,0.12102931233976622
1.0,0.0,0.0,0.0,0.0,0.8,1,3.0,1,14.0,25.8,0,0.15,0.1,0.75,9.0,rain,walk,0.7,0.6787532098231681,0.021246790176831842
0.0,0.0,1.0,0.0,0.0,0.8,0,5.0,0,14.0,25.8,0,0.0,0.1,1.25,15.0,any,bus,0.8,0.8733736115265892,0.07337361152658917
1.0,0.0,0.0,0.0,0.0,0.3,0,0.8,0,14.0,25.8,0,0.0,0.1,0.2,2.4,sunny,walk,1.0,0.9527346589689272,0.04726534103107283
0.0,0.0,1.0,0.0,0.0,0.2,0,5.0,0,14.0,25.8,0,0.0,0.1,1.25,15.0,any,bus,0.9,0.9210293123397663,0.021029312339766237
1.0,0.0,0.0,0.0,0.0,0.8,2,5.0,1,14.0,25.8,0,0.3,0.1,1.25,15.0,rain,walk,0.7,0.6384317886151736,0.06156821138482638
0.0,0.0,0.0,0.0,1.0,0.3,0,8.0,0,14.0,25.8,0,0.0,0.1,2.0,24.0,any,car,1.0,0.964540182270085,0.03545981772991502
0.0,1.0,0.0,0.0,0.0,0.3,0,2.5,0,14.0,25.8,0,0.0,0.1,0.625,7.5,sunny,bike,0.9,0.9091618939489046,0.009161893948904543
1.0,0.0,0.0,0.0,0.0,0.3,0,0.8,1,14.0,25.8,0,0.0,0.1,0.2,2.4,rain,walk,0.7,0.7402647411194302,0.040264741119430236
0.0,1.0,0.0,0.0,0.0,0.3,0,2.5,1,14.0,25.8,0,0.0,0.1,0.625,7.5,rain,bike,0.7,0.6966919760994077,0.0033080239005922607
1.0,0.0,0.0,0.0,0.0,0.3,0,0.8,0,14.0,25.8,0,0.0,0.1,0.2,2.4,sunny,walk,1.0,0.9527346589689272,0.04726534103107283
1.0,0.0,0.0,0.0,0.0,0.3,0,0.8,0,14.0,25.8,0,0.0,0.1,0.2,2.4,sunny,walk,1.0,0.9527346589689272,0.04726534103107283
0.0,1.0,0.0,0.0,0.0,0.3,0,2.5,1,14.0,25.8,0,0.0,0.1,0.625,7.5,rain,bike,0.5,0.6966919760994077,0.1966919760994077
0.0,0.0,1.0,0.0,0.0,0.2,0,5.0,0,14.0,25.8,0,0.0,0.1,1.25,15.0,any,bus,1.0,0.9210293123397663,0.07897068766023374
0.0,1.0,0.0,0.0,0.0,0.3,0,3.0,0,14.0,25.8,0,0.0,0.1,0.75,9.0,sunny,bike,1.0,0.9554693287556876,0.044530671244312425
0.0,1.0,0.0,0.0,0.0,0.3,0,2.5,1,14.0,25.8,0,0.0,0.1,0.625,7.5,rain,bike,0.6,0.6966919760994077,0.09669197609940772
0.0,1.0,0.0,0.0,0.0,0.3,0,2.5,0,14.0,25.8,0,0.0,0.1,0.625,7.5,sunny,bike,1.0,0.9091618939489046,0.09083810605109544
0.0,1.0,0.0,0.0,0.0,0.3,0,2.5,0,14.0,25.8,0,0.0,0.1,0.625,7.5,sunny,bike,1.0,0.9091618939489046,0.09083810605109544
0.0,0.0,1.0,0.0,0.0,0.2,0,5.0,0,14.0,25.8,0,0.0,0.1,1.25,15.0,any,bus,1.0,0.9210293123397663,0.07897068766023374
1.0,0.0,0.0,0.0,0.0,0.5,1,3.0,0,14.0,25.8,0,0.15,0.1,0.75,9.0,sunny,walk,0.8,0.9150509780792535,0.11505097807925346
1.0,0.0,0.0,0.0,0.0,0.8,2,5.0,1,14.0,25.8,0,0.3,0.1,1.25,15.0,rain,walk,0.6,0.6384317886151736,0.0384317886151736
0.0,1.0,0.0,0.0,0.0,0.3,0,2.5,1,14.0,25.8,0,0.0,0.1,0.625,7.5,rain,bike,0.5,0.6966919760994077,0.1966919760994077
0.0,0.0,0.0,0.0,1.0,0.3,0,8.0,0,14.0,25.8,0,0.0,0.1,2.0,24.0,any,car,1.0,0.964540182270085,0.03545981772991502
1.0,0.0,0.0,0.0,0.0,0.8,2,5.0,1,14.0,25.8,0,0.3,0.1,1.25,15.0,rain,walk,0.5,0.6384317886151736,0.13843178861517358
0.0,0.0,1.0,0.0,0.0,0.8,0,5.0,0,14.0,25.8,0,0.0,0.1,1.25,15.0,any,bus,1.0,0.8733736115265892,0.1266263884734108
1.0,0.0,0.0,0.0,0.0,0.8,2,5.0,1,14.0,25.8,0,0.3,0.1,1.25,15.0,rain,walk,0.8,0.6384317886151736,0.16156821138482647
0.0,0.0,1.0,0.0,0.0,0.8,0,5.0,0,14.0,25.8,0,0.0,0.1,1.25,15.0,any,bus,0.8,0.8733736115265892,0.07337361152658917
0.0,0.0,1.0,0.0,0.0,0.8,0,5.0,0,14.0,25.8,0,0.0,0.1,1.25,15.0,any,bus,0.8,0.8733736115265892,0.07337361152658917
1.0,0.0,0.0,0.0,0.0,0.3,0,0.8,1,14.0,25.8,0,0.0,0.1,0.2,2.4,rain,walk,0.7,0.7402647411194302,0.040264741119430236
0.0,1.0,0.0,0.0,0.0,0.3,0,2.5,1,14.0,25.8,0,0.0,0.1,0.625,7.5,rain,bike,0.6,0.6966919760994077,0.09669197609940772
1.0,0.0,0.0,0.0,0.0,0.5,1,3.0,0,14.0,25.8,0,0.15,0.1,0.75,9.0,sunny,walk,0.8,0.9150509780792535,0.11505097807925346
1.0,0.0,0.0,0.0,0.0,0.8,1,3.0,1,14.0,25.8,0,0.15,0.1,0.75,9.0,rain,walk,0.7,0.6787532098231681,0.021246790176831842
0.0,0.0,1.0,0.0,0.0,0.8,0,5.0,0,14.0,25.8,0,0.0,0.1,1.25,15.0,any,bus,1.0,0.8733736115265892,0.1266263884734108
1.0,0.0,0.0,0.0,0.0,0.8,2,5.0,1,14.0,25.8,0,0.3,0.1,1.25,15.0,rain,walk,0.6,0.6384317886151736,0.0384317886151736
0.0,0.0,0.0,0.0,1.0,0.3,0,8.0,0,14.0,25.8,0,0.0,0.1,2.0,24.0,any,car,0.9,0.964540182270085,0.06454018227008496
0.0,0.0,1.0,0.0,0.0,0.2,0,5.0,0,14.0,25.8,0,0.0,0.1,1.25,15.0,any,bus,0.9,0.9210293123397663,0.021029312339766237
1.0,0.0,0.0,0.0,0.0,0.8,1,3.0,1,14.0,25.8,0,0.15,0.1,0.75,9.0,rain,walk,0.7,0.6787532098231681,0.021246790176831842
0.0,1.0,0.0,0.0,0.0,0.3,0,3.0,0,14.0,25.8,0,0.0,0.1,0.75,9.0,sunny,bike,1.0,0.9554693287556876,0.044530671244312425
1.0,0.0,0.0,0.0,0.0,0.3,0,0.8,0,14.0,25.8,0,0.0,0.1,0.2,2.4,sunny,walk,1.0,0.9527346589689272,0.04726534103107283
0.0,1.0,0.0,0.0,0.0,0.3,0,2.5,0,14.0,25.8,0,0.0,0.1,0.625,7.5,sunny,bike,1.0,0.9091618939489046,0.09083810605109544
0.0,0.0,1.0,0.0,0.0,0.8,0,5.0,0,14.0,25.8,0,0.0,0.1,1.25,15.0,any,bus,0.9,0.8733736115265892,0.02662638847341081
0.0,0.0,0.0,0.0,1.0,0.3,0,8.0,0,14.0,25.8,0,0.0,0.1,2.0,24.0,any,car,1.0,0.964540182270085,0.03545981772991502
1.0,0.0,0.0,0.0,0.0,0.3,0,0.8,0,14.0,25.8,0,0.0,0.1,0.2,2.4,sunny,walk,0.9,0.9527346589689272,0.05273465896892715
0.0,1.0,0.0,0.0,0.0,0.3,0,2.5,1,14.0,25.8,0,0.0,0.1,0.625,7.5,rain,bike,0.5,0.6966919760994077,0.1966919760994077
0.0,0.0,0.0,0.0,1.0,0.3,0,8.0,0,14.0,25.8,0,0.0,0.1,2.0,24.0,any,car,1.0,0.964540182270085,0.03545981772991502
1.0,0.0,0.0,0.0,0.0,0.5,1,3.0,0,14.0,25.8,0,0.15,0.1,0.75,9.0,sunny,walk,0.7,0.9150509780792535,0.21505097807925355
0.0,1.0,0.0,0.0,0.0,0.3,0,2.5,0,14.0,25.8,0,0.0,0.1,0.625,7.5,sunny,bike,0.9,0.9091618939489046,0.009161893948904543
1.0,0.0,0.0,0.0,0.0,0.3,0,0.8,1,14.0,25.8,0,0.0,0.1,0.2,2.4,rain,walk,0.7,0.7402647411194302,0.040264741119430236
1.0,0.0,0.0,0.0,0.0,0.8,1,3.0,1,14.0,25.8,0,0.15,0.1,0.75,9.0,rain,walk,0.8,0.6787532098231681,0.12124679017683193
1.0,0.0,0.0,0.0,0.0,0.3,0,0.8,1,14.0,25.8,0,0.0,0.1,0.2,2.4,rain,walk,0.8,0.7402647411194302,0.05973525888056985
1.0,0.0,0.0,0.0,0.0,0.3,0,0.8,0,14.0,25.8,0,0.0,0.1,0.2,2.4,sunny,walk,1.0,0.9527346589689272,0.04726534103107283
1.0,0.0,0.0,0.0,0.0,0.5,1,3.0,0,14.0,25.8,0,0.15,0.1,0.75,9.0,sunny,walk,0.7,0.9150509780792535,0.21505097807925355
1.0,0.0,0.0,0.0,0.0,0.3,0,0.8,0,14.0,25.8,0,0.0,0.1,0.2,2.4,sunny,walk,1.0,0.9527346589689272,0.04726534103107283
1.0,0.0,0.0,0.0,0.0,0.3,0,0.8,0,14.0,25.8,0,0.0,0.1,0.2,2.4,sunny,walk,1.0,0.9527346589689272,0.04726534103107283
0.0,1.0,0.0,0.0,0.0,0.3,0,2.5,1,14.0,25.8,0,0.0,0.1,0.625,7.5,rain,bike,0.7,0.6966919760994077,0.0033080239005922607
1.0,0.0,0.0,0.0,0.0,0.3,0,0.8,1,14.0,25.8,0,0.0,0.1,0.2,2.4,rain,walk,0.8,0.7402647411194302,0.05973525888056985
1.0,0.0,0.0,0.0,0.0,0.3,0,0.8,0,14.0,25.8,0,0.0,0.1,0.2,2.4,sunny,walk,0.9,0.9527346589689272,0.05273465896892715
1.0,0.0,0.0,0.0,0.0,0.3,0,0.8,0,14.0,25.8,0,0.0,0.1,0.2,2.4,sunny,walk,1.0,0.9527346589689272,0.04726534103107283
0.0,0.0,1.0,0.0,0.0,0.8,0,5.0,0,14.0,25.8,0,0.0,0.1,1.25,15.0,any,bus,0.8,0.8733736115265892,0.07337361152658917
0.0,0.0,1.0,0.0,0.0,0.8,0,5.0,0,14.0,25.8,0,0.0,0.1,1.25,15.0,any,bus,0.7,0.8733736115265892,0.17337361152658926
1.0,0.0,0.0,0.0,0.0,0.8,2,5.0,1,14.0,25.8,0,0.3,0.1,1.25,15.0,rain,walk,0.8,0.6384317886151736,0.16156821138482647
1.0,0.0,0.0,0.0,0.0,0.3,0,0.8,1,14.0,25.8,0,0.0,0.1,0.2,2.4,rain,walk,0.8,0.7402647411194302,0.05973525888056985
0.0,0.0,1.0,0.0,0.0,0.2,0,5.0,0,14.0,25.8,0,0.0,0.1,1.25,15.0,any,bus,1.0,0.9210293123397663,0.07897068766023374
1.0,0.0,0.0,0.0,0.0,0.5,1,3.0,0,14.0,25.8,0,0.15,0.1,0.75,9.0,sunny,walk,0.8,0.9150509780792535,0.11505097807925346
0.0,0.0,1.0,0.0,0.0,0.8,0,5.0,0,14.0,25.8,0,0.0,0.1,1.25,15.0,any,bus,0.8,0.8733736115265892,0.07337361152658917
0.0,1.0,0.0,0.0,0.0,0.3,0,2.5,0,14.0,25.8,0,0.0,0.1,0.625,7.5,sunny,bike,1.0,0.9091618939489046,0.09083810605109544
0.0,0.0,0.0,0.0,1.0,0.3,0,8.0,0,14.0,25.8,0,0.0,0.1,2.0,24.0,any,car,1.0,0.964540182270085,0.03545981772991502
1.0,0.0,0.0,0.0,0.0,0.3,0,0.8,0,14.0,25.8,0,0.0,0.1,0.2,2.4,sunny,walk,1.0,0.9527346589689272,0.04726534103107283
0.0,0.0,1.0,0.0,0.0,0.2,0,5.0,0,14.0,25.8,0,0.0,0.1,1.25,15.0,any,bus,1.0,0.9210293123397663,0.07897068766023374
0.0,0.0,1.0,0.0,0.0,0.2,0,5.0,0,14.0,25.8,0,0.0,0.1,1.25,15.0,any,bus,0.9,0.9210293123397663,0.021029312339766237
0.0,1.0,0.0,0.0,0.0,0.3,0,2.5,0,14.0,25.8,0,0.0,0.1,0.625,7.5,sunny,bike,0.8,0.9091618939489046,0.10916189394890452
1.0,0.0,0.0,0.0,0.0,0.5,1,3.0,0,14.0,25.8,0,0.15,0.1,0.75,9.0,sunny,walk,0.9,0.9150509780792535,0.015050978079253485
0.0,0.0,1.0,0.0,0.0,0.8,0,5.0,0,14.0,25.8,0,0.0,0.1,1.25,15.0,any,bus,0.8,0.8733736115265892,0.07337361152658917
1.0,0.0,0.0,0.0,0.0,0.3,0,0.8,1,14.0,25.8,0,0.0,0.1,0.2,2.4,rain,walk,0.6,0.7402647411194302,0.14026474111943021
1.0,0.0,0.0,0.0,0.0,0.8,1,3.0,1,14.0,25.8,0,0.15,0.1,0.75,9.0,rain,walk,0.7,0.6787532098231681,0.021246790176831842
0.0,1.0,0.0,0.0,0.0,0.3,0,3.0,0,14.0,25.8,0,0.0,0.1,0.75,9.0,sunny,bike,0.8,0.9554693287556876,0.15546932875568753
0.0,1.0,0.0,0.0,0.0,0.3,0,2.5,1,14.0,25.8,0,0.0,0.1,0.625,7.5,rain,bike,0.7,0.6966919760994077,0.0033080239005922607
1.0,0.0,0.0,0.0,0.0,0.3,0,0.8,1,14.0,25.8,0,0.0,0.1,0.2,2.4,rain,walk,0.9,0.7402647411194302,0.15973525888056983
1.0,0.0,0.0,0.0,0.0,0.8,1,3.0,1,14.0,25.8,0,0.15,0.1,0.75,9.0,rain,walk,0.8,0.6787532098231681,0.12124679017683193
0.0,0.0,1.0,0.0,0.0,0.2,0,5.0,0,14.0,25.8,0,0.0,0.1,1.25,15.0,any,bus,1.0,0.9210293123397663,0.07897068766023374
0.0,1.0,0.0,0.0,0.0,0.3,0,3.0,0,14.0,25.8,0,0.0,0.1,0.75,9.0,sunny,bike,1.0,0.9554693287556876,0.044530671244312425
1.0,0.0,0.0,0.0,0.0,0.8,2,5.0,1,14.0,25.8,0,0.3,0.1,1.25,15.0,rain,walk,0.5,0.6384317886151736,0.13843178861517358
1.0,0.0,0.0,0.0,0.0,0.8,1,3.0,1,14.0,25.8,0,0.15,0.1,0.75,9.0,rain,walk,0.7,0.6787532098231681,0.021246790176831842
0.0,0.0,1.0,0.0,0.0,0.2,0,5.0,0,14.0,25.8,0,0.0,0.1,1.25,15.0,any,bus,1.0,0.9210293123397663,0.07897068766023374
0.0,1.0,0.0,0.0,0.0,0.3,0,3.0,0,14.0,25.8,0,0.0,0.1,0.75,9.0,sunny,bike,0.8,0.9554693287556876,0.15546932875568753
1.0,0.0,0.0,0.0,0.0,0.3,0,0.8,0,14.0,25.8,0,0.0,0.1,0.2,2.4,sunny,walk,1.0,0.9527346589689272,0.04726534103107283
1.0,0.0,0.0,0.0,0.0,0.8,1,3.0,1,14.0,25.8,0,0.15,0.1,0.75,9.0,rain,walk,0.7,0.6787532098231681,0.021246790176831842
1.0,0.0,0.0,0.0,0.0,0.5,1,3.0,0,14.0,25.8,0,0.15,0.1,0.75,9.0,sunny,walk,0.7,0.9150509780792535,0.21505097807925355
0.0,0.0,1.0,0.0,0.0,0.8,0,5.0,0,14.0,25.8,0,0.0,0.1,1.25,15.0,any,bus,0.8,0.8733736115265892,0.07337361152658917
0.0,1.0,0.0,0.0,0.0,0.3,0,2.5,0,14.0,25.8,0,0.0,0.1,0.625,7.5,sunny,bike,1.0,0.9091618939489046,0.09083810605109544
0.0,1.0,0.0,0.0,0.0,0.3,0,2.5,1,14.0,25.8,0,0.0,0.1,0.625,7.5,rain,bike,0.6,0.6966919760994077,0.09669197609940772
0.0,1.0,0.0,0.0,0.0,0.3,0,2.5,1,14.0,25.8,0,0.0,0.1,0.625,7.5,rain,bike,0.7,0.6966919760994077,0.0033080239005922607
1.0,0.0,0.0,0.0,0.0,0.3,0,0.8,0,14.0,25.8,0,0.0,0.1,0.2,2.4,sunny,walk,1.0,0.9527346589689272,0.04726534103107283
0.0,0.0,1.0,0.0,0.0,0.2,0,5.0,0,14.0,25.8,0,0.0,0.1,1.25,15.0,any,bus,1.0,0.9210293123397663,0.07897068766023374
1.0,0.0,0.0,0.0,0.0,0.8,2,5.0,1,14.0,25.8,0,0.3,0.1,1.25,15.0,rain,walk,0.8,0.6384317886151736,0.16156821138482647
1.0,0.0,0.0,0.0,0.0,0.3,0,0.8,0,14.0,25.8,0,0.0,0.1,0.2,2.4,sunny,walk,1.0,0.9527346589689272,0.04726534103107283
0.0,1.0,0.0,0.0,0.0,0.3,0,2.5,1,14.0,25.8,0,0.0,0.1,0.625,7.5,rain,bike,0.6,0.6966919760994077,0.09669197609940772
0.0,1.0,0.0,0.0,0.0,0.3,0,2.5,0,14.0,25.8,0,0.0,0.1,0.625,7.5,sunny,bike,1.0,0.9091618939489046,0.09083810605109544
0.0,0.0,1.0,0.0,0.0,0.2,0,5.0,0,14.0,25.8,0,0.0,0.1,1.25,15.0,any,bus,0.9,0.9210293123397663,0.021029312339766237
1.0,0.0,0.0,0.0,0.0,0.3,0,0.8,0,14.0,25.8,0,0.0,0.1,0.2,2.4,sunny,walk,1.0,0.9527346589689272,0.04726534103107283
1.0,0.0,0.0,0.0,0.0,0.3,0,0.8,1,14.0,25.8,0,0.0,0.1,0.2,2.4,rain,walk,0.8,0.7402647411194302,0.05973525888056985
1.0,0.0,0.0,0.0,0.0,0.5,1,3.0,0,14.0,25.8,0,0.15,0.1,0.75,9.0,sunny,walk,0.9,0.9150509780792535,0.015050978079253485
0.0,0.0,0.0,0.0,1.0,0.3,0,8.0,0,14.0,25.8,0,0.0,0.1,2.0,24.0,any,car,0.9,0.964540182270085,0.06454018227008496
1.0,0.0,0.0,0.0,0.0,0.5,1,3.0,0,14.0,25.8,0,0.15,0.1,0.75,9.0,sunny,walk,1.0,0.9150509780792535,0.08494902192074649
0.0,0.0,0.0,0.0,1.0,0.3,0,8.0,0,14.0,25.8,0,0.0,0.1,2.0,24.0,any,car,1.0,0.964540182270085,0.03545981772991502
1.0,0.0,0.0,0.0,0.0,0.5,1,3.0,0,14.0,25.8,0,0.15,0.1,0.75,9.0,sunny,walk,1.0,0.9150509780792535,0.08494902192074649
0.0,0.0,1.0,0.0,0.0,0.8,0,5.0,0,14.0,25.8,0,0.0,0.1,1.25,15.0,any,bus,0.8,0.8733736115265892,0.07337361152658917
0.0,0.0,1.0,0.0,0.0,0.8,0,5.0,0,14.0,25.8,0,0.0,0.1,1.25,15.0,any,bus,0.9,0.8733736115265892,0.02662638847341081
0.0,0.0,1.0,0.0,0.0,0.2,0,5.0,0,14.0,25.8,0,0.0,0.1,1.25,15.0,any,bus,1.0,0.9210293123397663,0.07897068766023374
0.0,1.0,0.0,0.0,0.0,0.3,0,2.5,0,14.0,25.8,0,0.0,0.1,0.625,7.5,sunny,bike,1.0,0.9091618939489046,0.09083810605109544
0.0,1.0,0.0,0.0,0.0,0.3,0,2.5,0,14.0,25.8,0,0.0,0.1,0.625,7.5,sunny,bike,0.9,0.9091618939489046,0.009161893948904543
0.0,1.0,0.0,0.0,0.0,0.3,0,3.0,0,14.0,25.8,0,0.0,0.1,0.75,9.0,sunny,bike,1.0,0.9554693287556876,0.044530671244312425
0.0,1.0,0.0,0.0,0.0,0.3,0,2.5,0,14.0,25.8,0,0.0,0.1,0.625,7.5,sunny,bike,1.0,0.9091618939489046,0.09083810605109544
0.0,1.0,0.0,0.0,0.0,0.3,0,2.5,0,14.0,25.8,0,0.0,0.1,0.625,7.5,sunny,bike,1.0,0.9091618939489046,0.09083810605109544
1.0,0.0,0.0,0.0,0.0,0.3,0,0.8,0,14.0,25.8,0,0.0,0.1,0.2,2.4,sunny,walk,1.0,0.9527346589689272,0.04726534103107283
1.0,0.0,0.0,0.0,0.0,0.3,0,0.8,1,14.0,25.8,0,0.0,0.1,0.2,2.4,rain,walk,0.6,0.7402647411194302,0.14026474111943021
1.0,0.0,0.0,0.0,0.0,0.3,0,0.8,1,14.0,25.8,0,0.0,0.1,0.2,2.4,rain,walk,0.8,0.7402647411194302,0.05973525888056985
0.0,0.0,1.0,0.0,0.0,0.8,0,5.0,0,14.0,25.8,0,0.0,0.1,1.25,15.0,any,bus,0.9,0.8733736115265892,0.02662638847341081
1.0,0.0,0.0,0.0,0.0,0.8,2,5.0,1,14.0,25.8,0,0.3,0.1,1.25,15.0,rain,walk,0.7,0.6384317886151736,0.06156821138482638
1.0,0.0,0.0,0.0,0.0,0.5,1,3.0,0,14.0,25.8,0,0.15,0.1,0.75,9.0,sunny,walk,0.7,0.9150509780792535,0.21505097807925355
0.0,0.0,0.0,0.0,1.0,0.3,0,8.0,0,14.0,25.8,0,0.0,0.1,2.0,24.0,any,car,1.0,0.964540182270085,0.03545981772991502
0.0,0.0,0.0,0.0,1.0,0.3,0,8.0,0,14.0,25.8,0,0.0,0.1,2.0,24.0,any,car,1.0,0.964540182270085,0.03545981772991502
0.0,0.0,0.0,0.0,1.0,0.3,0,8.0,0,14.0,25.8,0,0.0,0.1,2.0,24.0,any,car,1.0,0.964540182270085,0.03545981772991502
1.0,0.0,0.0,0.0,0.0,0.8,1,3.0,1,14.0,25.8,0,0.15,0.1,0.75,9.0,rain,walk,0.6,0.6787532098231681,0.07875320982316814
0.0,1.0,0.0,0.0,0.0,0.3,0,2.5,1,14.0,25.8,0,0.0,0.1,0.625,7.5,rain,bike,0.8,0.6966919760994077,0.10330802390059235
1.0,0.0,0.0,0.0,0.0,0.8,1,3.0,1,14.0,25.8,0,0.15,0.1,0.75,9.0,rain,walk,0.7,0.6787532098231681,0.021246790176831842
0.0,1.0,0.0,0.0,0.0,0.3,0,3.0,0,14.0,25.8,0,0.0,0.1,0.75,9.0,sunny,bike,0.9,0.9554693287556876,0.05546932875568755
1.0,0.0,0.0,0.0,0.0,0.3,0,0.8,1,14.0,25.8,0,0.0,0.1,0.2,2.4,rain,walk,0.9,0.7402647411194302,0.15973525888056983
1.0,0.0,0.0,0.0,0.0,0.3,0,0.8,1,14.0,25.8,0,0.0,0.1,0.2,2.4,rain,walk,0.8,0.7402647411194302,0.05973525888056985
0.0,1.0,0.0,0.0,0.0,0.3,0,2.5,0,14.0,25.8,0,0.0,0.1,0.625,7.5,sunny,bike,1.0,0.9091618939489046,0.09083810605109544
1.0,0.0,0.0,0.0,0.0,0.8,2,5.0,1,14.0,25.8,0,0.3,0.1,1.25,15.0,rain,walk,0.5,0.6384317886151736,0.13843178861517358
1.0,0.0,0.0,0.0,0.0,0.3,0,0.8,0,14.0,25.8,0,0.0,0.1,0.2,2.4,sunny,walk,1.0,0.9527346589689272,0.04726534103107283
0.0,0.0,0.0,0.0,1.0,0.3,0,8.0,0,14.0,25.8,0,0.0,0.1,2.0,24.0,any,car,1.0,0.964540182270085,0.03545981772991502
0.0,0.0,1.0,0.0,0.0,0.8,0,5.0,0,14.0,25.8,0,0.0,0.1,1.25,15.0,any,bus,0.9,0.8733736115265892,0.02662638847341081
0.0,0.0,0.0,0.0,1.0,0.3,0,8.0,0,14.0,25.8,0,0.0,0.1,2.0,24.0,any,car,1.0,0.964540182270085,0.03545981772991502
0.0,1.0,0.0,0.0,0.0,0.3,0,2.5,1,14.0,25.8,0,0.0,0.1,0.625,7.5,rain,bike,0.6,0.6966919760994077,0.09669197609940772
0.0,1.0,0.0,0.0,0.0,0.3,0,2.5,0,14.0,25.8,0,0.0,0.1,0.625,7.5,sunny,bike,1.0,0.9091618939489046,0.09083810605109544
0.0,1.0,0.0,0.0,0.0,0.3,0,2.5,0,14.0,25.8,0,0.0,0.1,0.625,7.5,sunny,bike,1.0,0.9091618939489046,0.09083810605109544
1.0,0.0,0.0,0.0,0.0,0.8,1,3.0,1,14.0,25.8,0,0.15,0.1,0.75,9.0,rain,walk,0.6,0.6787532098231681,0.07875320982316814
1.0,0.0,0.0,0.0,0.0,0.3,0,0.8,1,14.0,25.8,0,0.0,0.1,0.2,2.4,rain,walk,0.7,0.7402647411194302,0.040264741119430236
0.0,1.0,0.0,0.0,0.0,0.3,0,3.0,0,14.0,25.8,0,0.0,0.1,0.75,9.0,sunny,bike,0.9,0.9554693287556876,0.05546932875568755
1.0,0.0,0.0,0.0,0.0,0.5,1,3.0,0,14.0,25.8,0,0.15,0.1,0.75,9.0,sunny,walk,1.0,0.9150509780792535,0.08494902192074649
0.0,1.0,0.0,0.0,0.0,0.3,0,3.0,0,14.0,25.8,0,0.0,0.1,0.75,9.0,sunny,bike,1.0,0.9554693287556876,0.044530671244312425
0.0,1.0,0.0,0.0,0.0,0.3,0,2.5,0,14.0,25.8,0,0.0,0.1,0.625,7.5,sunny,bike,1.0,0.9091618939489046,0.09083810605109544
1.0,0.0,0.0,0.0,0.0,0.8,1,3.0,1,14.0,25.8,0,0.15,0.1,0.75,9.0,rain,walk,0.8,0.6787532098231681,0.12124679017683193
0.0,0.0,0.0,0.0,1.0,0.3,0,8.0,0,14.0,25.8,0,0.0,0.1,2.0,24.0,any,car,1.0,0.964540182270085,0.03545981772991502
0.0,0.0,0.0,0.0,1.0,0.3,0,8.0,0,14.0,25.8,0,0.0,0.1,2.0,24.0,any,car,1.0,0.964540182270085,0.03545981772991502
1.0,0.0,0.0,0.0,0.0,0.8,1,3.0,1,14.0,25.8,0,0.15,0.1,0.75,9.0,rain,walk,0.8,0.6787532098231681,0.12124679017683193
0.0,1.0,0.0,0.0,0.0,0.3,0,2.5,0,14.0,25.8,0,0.0,0.1,0.625,7.5,sunny,bike,0.9,0.9091618939489046,0.009161893948904543
0.0,0.0,0.0,0.0,1.0,0.3,0,8.0,0,14.0,25.8,0,0.0,0.1,2.0,24.0,any,car,1.0,0.964540182270085,0.03545981772991502
1.0,0.0,0.0,0.0,0.0,0.8,1,3.0,1,14.0,25.8,0,0.15,0.1,0.75,9.0,rain,walk,0.7,0.6787532098231681,0.021246790176831842
0.0,1.0,0.0,0.0,0.0,0.3,0,2.5,1,14.0,25.8,0,0.0,0.1,0.625,7.5,rain,bike,0.6,0.6966919760994077,0.09669197609940772
0.0,1.0,0.0,0.0,0.0,0.3,0,2.5,0,14.0,25.8,0,0.0,0.1,0.625,7.5,sunny,bike,1.0,0.9091618939489046,0.09083810605109544
1.0,0.0,0.0,0.0,0.0,0.3,0,0.8,1,14.0,25.8,0,0.0,0.1,0.2,2.4,rain,walk,0.8,0.7402647411194302,0.05973525888056985
0.0,1.0,0.0,0.0,0.0,0.3,0,2.5,0,14.0,25.8,0,0.0,0.1,0.625,7.5,sunny,bike,1.0,0.9091618939489046,0.09083810605109544
0.0,1.0,0.0,0.0,0.0,0.3,0,3.0,0,14.0,25.8,0,0.0,0.1,0.75,9.0,sunny,bike,0.9,0.9554693287556876,0.05546932875568755
1.0,0.0,0.0,0.0,0.0,0.3,0,0.8,0,14.0,25.8,0,0.0,0.1,0.2,2.4,sunny,walk,1.0,0.9527346589689272,0.04726534103107283
0.0,1.0,0.0,0.0,0.0,0.3,0,3.0,0,14.0,25.8,0,0.0,0.1,0.75,9.0,sunny,bike,1.0,0.9554693287556876,0.044530671244312425
0.0,1.0,0.0,0.0,0.0,0.3,0,2.5,1,14.0,25.8,0,0.0,0.1,0.625,7.5,rain,bike,0.7,0.6966919760994077,0.0033080239005922607
0.0,0.0,0.0,0.0,1.0,0.3,0,8.0,0,14.0,25.8,0,0.0,0.1,2.0,24.0,any,car,1.0,0.964540182270085,0.03545981772991502
0.0,0.0,1.0,0.0,0.0,0.8,0,5.0,0,14.0,25.8,0,0.0,0.1,1.25,15.0,any,bus,0.9,0.8733736115265892,0.02662638847341081
1.0,0.0,0.0,0.0,0.0,0.3,0,0.8,1,14.0,25.8,0,0.0,0.1,0.2,2.4,rain,walk,0.6,0.7402647411194302,0.14026474111943021
1.0,0.0,0.0,0.0,0.0,0.3,0,0.8,1,14.0,25.8,0,0.0,0.1,0.2,2.4,rain,walk,0.7,0.7402647411194302,0.040264741119430236
0.0,0.0,1.0,0.0,0.0,0.2,0,5.0,0,14.0,25.8,0,0.0,0.1,1.25,15.0,any,bus,1.0,0.9210293123397663,0.07897068766023374
1.0,0.0,0.0,0.0,0.0,0.3,0,0.8,0,14.0,25.8,0,0.0,0.1,0.2,2.4,sunny,walk,1.0,0.9527346589689272,0.04726534103107283
0.0,1.0,0.0,0.0,0.0,0.3,0,2.5,0,14.0,25.8,0,0.0,0.1,0.625,7.5,sunny,bike,1.0,0.9091618939489046,0.09083810605109544
1.0,0.0,0.0,0.0,0.0,0.8,2,5.0,1,14.0,25.8,0,0.3,0.1,1.25,15.0,rain,walk,0.7,0.6384317886151736,0.06156821138482638
1.0,0.0,0.0,0.0,0.0,0.3,0,0.8,0,14.0,25.8,0,0.0,0.1,0.2,2.4,sunny,walk,1.0,0.9527346589689272,0.04726534103107283
0.0,0.0,1.0,0.0,0.0,0.2,0,5.0,0,14.0,25.8,0,0.0,0.1,1.25,15.0,any,bus,1.0,0.9210293123397663,0.07897068766023374
1.0,0.0,0.0,0.0,0.0,0.5,1,3.0,0,14.0,25.8,0,0.15,0.1,0.75,9.0,sunny,walk,1.0,0.9150509780792535,0.08494902192074649
0.0,1.0,0.0,0.0,0.0,0.3,0,2.5,1,14.0,25.8,0,0.0,0.1,0.625,7.5,rain,bike,0.7,0.6966919760994077,0.0033080239005922607
1.0,0.0,0.0,0.0,0.0,0.8,1,3.0,1,14.0,25.8,0,0.15,0.1,0.75,9.0,rain,walk,0.8,0.6787532098231681,0.12124679017683193
0.0,1.0,0.0,0.0,0.0,0.3,0,3.0,0,14.0,25.8,0,0.0,0.1,0.75,9.0,sunny,bike,1.0,0.9554693287556876,0.044530671244312425
1.0,0.0,0.0,0.0,0.0,0.8,1,3.0,1,14.0,25.8,0,0.15,0.1,0.75,9.0,rain,walk,0.9,0.6787532098231681,0.2212467901768319
1.0,0.0,0.0,0.0,0.0,0.3,0,0.8,0,14.0,25.8,0,0.0,0.1,0.2,2.4,sunny,walk,1.0,0.9527346589689272,0.04726534103107283
1.0,0.0,0.0,0.0,0.0,0.5,1,3.0,0,14.0,25.8,0,0.15,0.1,0.75,9.0,sunny,walk,0.8,0.9150509780792535,0.11505097807925346
0.0,1.0,0.0,0.0,0.0,0.3,0,2.5,0,14.0,25.8,0,0.0,0.1,0.625,7.5,sunny,bike,0.8,0.9091618939489046,0.10916189394890452
0.0,1.0,0.0,0.0,0.0,0.3,0,3.0,0,14.0,25.8,0,0.0,0.1,0.75,9.0,sunny,bike,1.0,0.9554693287556876,0.044530671244312425
0.0,0.0,0.0,0.0,1.0,0.3,0,8.0,0,14.0,25.8,0,0.0,0.1,2.0,24.0,any,car,0.9,0.964540182270085,0.06454018227008496
0.0,1.0,0.0,0.0,0.0,0.3,0,3.0,0,14.0,25.8,0,0.0,0.1,0.75,9.0,sunny,bike,0.9,0.9554693287556876,0.05546932875568755
1.0,0.0,0.0,0.0,0.0,0.3,0,0.8,0,14.0,25.8,0,0.0,0.1,0.2,2.4,sunny,walk,1.0,0.9527346589689272,0.04726534103107283
0.0,0.0,1.0,0.0,0.0,0.8,0,5.0,0,14.0,25.8,0,0.0,0.1,1.25,15.0,any,bus,0.8,0.8733736115265892,0.07337361152658917
1.0,0.0,0.0,0.0,0.0,0.3,0,0.8,1,14.0,25.8,0,0.0,0.1,0.2,2.4,rain,walk,0.7,0.7402647411194302,0.040264741119430236
1.0,0.0,0.0,0.0,0.0,0.8,1,3.0,1,14.0,25.8,0,0.15,0.1,0.75,9.0,rain,walk,0.6,0.6787532098231681,0.07875320982316814
1.0,0.0,0.0,0.0,0.0,0.3,0,0.8,1,14.0,25.8,0,0.0,0.1,0.2,2.4,rain,walk,0.7,0.7402647411194302,0.040264741119430236
1.0,0.0,0.0,0.0,0.0,0.8,2,5.0,1,14.0,25.8,0,0.3,0.1,1.25,15.0,rain,walk,0.7,0.6384317886151736,0.06156821138482638
1.0,0.0,0.0,0.0,0.0,0.3,0,0.8,1,14.0,25.8,0,0.0,0.1,0.2,2.4,rain,walk,0.8,0.7402647411194302,0.05973525888056985
1.0,0.0,0.0,0.0,0.0,0.3,0,0.8,0,14.0,25.8,0,0.0,0.1,0.2,2.4,sunny,walk,1.0,0.9527346589689272,0.04726534103107283
0.0,1.0,0.0,0.0,0.0,0.3,0,3.0,0,14.0,25.8,0,0.0,0.1,0.75,9.0,sunny,bike,0.9,0.9554693287556876,0.05546932875568755
0.0,1.0,0.0,0.0,0.0,0.3,0,2.5,1,14.0,25.8,0,0.0,0.1,0.625,7.5,rain,bike,0.6,0.6966919760994077,0.09669197609940772
0.0,0.0,1.0,0.0,0.0,0.8,0,5.0,0,14.0,25.8,0,0.0,0.1,1.25,15.0,any,bus,1.0,0.8733736115265892,0.1266263884734108
0.0,1.0,0.0,0.0,0.0,0.3,0,3.0,0,14.0,25.8,0,0.0,0.1,0.75,9.0,sunny,bike,1.0,0.9554693287556876,0.044530671244312425
0.0,0.0,0.0,0.0,1.0,0.3,0,8.0,0,14.0,25.8,0,0.0,0.1,2.0,24.0,any,car,1.0,0.964540182270085,0.03545981772991502
0.0,0.0,0.0,0.0,1.0,0.3,0,8.0,0,14.0,25.8,0,0.0,0.1,2.0,24.0,any,car,1.0,0.964540182270085,0.03545981772991502
1.0,0.0,0.0,0.0,0.0,0.3,0,0.8,0,14.0,25.8,0,0.0,0.1,0.2,2.4,sunny,walk,1.0,0.9527346589689272,0.04726534103107283
1.0,0.0,0.0,0.0,0.0,0.3,0,0.8,0,14.0,25.8,0,0.0,0.1,0.2,2.4,sunny,walk,0.8,0.9527346589689272,0.15273465896892713
1.0,0.0,0.0,0.0,0.0,0.3,0,0.8,1,14.0,25.8,0,0.0,0.1,0.2,2.4,rain,walk,0.9,0.7402647411194302,0.15973525888056983
0.0,0.0,1.0,0.0,0.0,0.8,0,5.0,0,14.0,25.8,0,0.0,0.1,1.25,15.0,any,bus,0.9,0.8733736115265892,0.02662638847341081
1.0,0.0,0.0,0.0,0.0,0.5,1,3.0,0,14.0,25.8,0,0.15,0.1,0.75,9.0,sunny,walk,0.9,0.9150509780792535,0.015050978079253485
0.0,0.0,0.0,0.0,1.0,0.3,0,8.0,0,14.0,25.8,0,0.0,0.1,2.0,24.0,any,car,1.0,0.964540182270085,0.03545981772991502
0.0,1.0,0.0,0.0,0.0,0.3,0,2.5,1,14.0,25.8,0,0.0,0.1,0.625,7.5,rain,bike,0.6,0.6966919760994077,0.09669197609940772
0.0,1.0,0.0,0.0,0.0,0.3,0,3.0,0,14.0,25.8,0,0.0,0.1,0.75,9.0,sunny,bike,0.8,0.9554693287556876,0.15546932875568753
0.0,1.0,0.0,0.0,0.0,0.3,0,3.0,0,14.0,25.8,0,0.0,0.1,0.75,9.0,sunny,bike,1.0,0.9554693287556876,0.044530671244312425
0.0,0.0,0.0,0.0,1.0,0.3,0,8.0,0,14.0,25.8,0,0.0,0.1,2.0,24.0,any,car,0.9,0.964540182270085,0.06454018227008496
1.0,0.0,0.0,0.0,0.0,0.3,0,0.8,1,14.0,25.8,0,0.0,0.1,0.2,2.4,rain,walk,0.8,0.7402647411194302,0.05973525888056985
0.0,0.0,1.0,0.0,0.0,0.2,0,5.0,0,14.0,25.8,0,0.0,0.1,1.25,15.0,any,bus,1.0,0.9210293123397663,0.07897068766023374
0.0,1.0,0.0,0.0,0.0,0.3,0,2.5,1,14.0,25.8,0,0.0,0.1,0.625,7.5,rain,bike,0.8,0.6966919760994077,0.10330802390059235
0.0,0.0,0.0,0.0,1.0,0.3,0,8.0,0,14.0,25.8,0,0.0,0.1,2.0,24.0,any,car,1.0,0.964540182270085,0.03545981772991502
0.0,0.0,0.0,0.0,1.0,0.3,0,8.0,0,14.0,25.8,0,0.0,0.1,2.0,24.0,any,car,1.0,0.964540182270085,0.03545981772991502
0.0,1.0,0.0,0.0,0.0,0.3,0,2.5,1,14.0,25.8,0,0.0,0.1,0.625,7.5,rain,bike,0.7,0.6966919760994077,0.0033080239005922607
1.0,0.0,0.0,0.0,0.0,0.3,0,0.8,0,14.0,25.8,0,0.0,0.1,0.2,2.4,sunny,walk,1.0,0.9527346589689272,0.04726534103107283
0.0,1.0,0.0,0.0,0.0,0.3,0,3.0,0,14.0,25.8,0,0.0,0.1,0.75,9.0,sunny,bike,1.0,0.9554693287556876,0.044530671244312425
1.0,0.0,0.0,0.0,0.0,0.8,1,3.0,1,14.0,25.8,0,0.15,0.1,0.75,9.0,rain,walk,0.8,0.6787532098231681,0.12124679017683193
0.0,0.0,0.0,0.0,1.0,0.3,0,8.0,0,14.0,25.8,0,0.0,0.1,2.0,24.0,any,car,0.9,0.964540182270085,0.06454018227008496
0.0,0.0,1.0,0.0,0.0,0.2,0,5.0,0,14.0,25.8,0,0.0,0.1,1.25,15.0,any,bus,0.9,0.9210293123397663,0.021029312339766237
1.0,0.0,0.0,0.0,0.0,0.3,0,0.8,0,14.0,25.8,0,0.0,0.1,0.2,2.4,sunny,walk,0.9,0.9527346589689272,0.05273465896892715
0.0,0.0,1.0,0.0,0.0,0.8,0,5.0,0,14.0,25.8,0,0.0,0.1,1.25,15.0,any,bus,0.9,0.8733736115265892,0.02662638847341081
1.0,0.0,0.0,0.0,0.0,0.3,0,0.8,0,14.0,25.8,0,0.0,0.1,0.2,2.4,sunny,walk,1.0,0.9527346589689272,0.04726534103107283
0.0,1.0,0.0,0.0,0.0,0.3,0,3.0,0,14.0,25.8,0,0.0,0.1,0.75,9.0,sunny,bike,1.0,0.9554693287556876,0.044530671244312425
0.0,0.0,0.0,0.0,1.0,0.3,0,8.0,0,14.0,25.8,0,0.0,0.1,2.0,24.0,any,car,1.0,0.964540182270085,0.03545981772991502
1.0,0.0,0.0,0.0,0.0,0.8,2,5.0,1,14.0,25.8,0,0.3,0.1,1.25,15.0,rain,walk,0.7,0.6384317886151736,0.06156821138482638
0.0,1.0,0.0,0.0,0.0,0.3,0,2.5,1,14.0,25.8,0,0.0,0.1,0.625,7.5,rain,bike,0.7,0.6966919760994077,0.0033080239005922607
1.0,0.0,0.0,0.0,0.0,0.3,0,0.8,1,14.0,25.8,0,0.0,0.1,0.2,2.4,rain,walk,0.7,0.7402647411194302,0.040264741119430236
0.0,1.0,0.0,0.0,0.0,0.3,0,3.0,0,14.0,25.8,0,0.0,0.1,0.75,9.0,sunny,bike,1.0,0.9554693287556876,0.044530671244312425
0.0,0.0,0.0,0.0,1.0,0.3,0,8.0,0,14.0,25.8,0,0.0,0.1,2.0,24.0,any,car,1.0,0.964540182270085,0.03545981772991502
0.0,1.0,0.0,0.0,0.0,0.3,0,2.5,0,14.0,25.8,0,0.0,0.1,0.625,7.5,sunny,bike,1.0,0.9091618939489046,0.09083810605109544
1.0,0.0,0.0,0.0,0.0,0.3,0,0.8,0,14.0,25.8,0,0.0,0.1,0.2,2.4,sunny,walk,1.0,0.9527346589689272,0.04726534103107283
0.0,0.0,1.0,0.0,0.0,0.8,0,5.0,0,14.0,25.8,0,0.0,0.1,1.25,15.0,any,bus,1.0,0.8733736115265892,0.1266263884734108
0.0,1.0,0.0,0.0,0.0,0.3,0,2.5,1,14.0,25.8,0,0.0,0.1,0.625,7.5,rain,bike,0.7,0.6966919760994077,0.0033080239005922607
1.0,0.0,0.0,0.0,0.0,0.3,0,0.8,0,14.0,25.8,0,0.0,0.1,0.2,2.4,sunny,walk,0.9,0.9527346589689272,0.05273465896892715
0.0,0.0,1.0,0.0,0.0,0.2,0,5.0,0,14.0,25.8,0,0.0,0.1,1.25,15.0,any,bus,1.0,0.9210293123397663,0.07897068766023374
0.0,1.0,0.0,0.0,0.0,0.3,0,3.0,0,14.0,25.8,0,0.0,0.1,0.75,9.0,sunny,bike,1.0,0.9554693287556876,0.044530671244312425
1.0,0.0,0.0,0.0,0.0,0.8,2,5.0,1,14.0,25.8,0,0.3,0.1,1.25,15.0,rain,walk,0.7,0.6384317886151736,0.06156821138482638
1.0,0.0,0.0,0.0,0.0,0.8,1,3.0,1,14.0,25.8,0,0.15,0.1,0.75,9.0,rain,walk,0.8,0.6787532098231681,0.12124679017683193
1.0,0.0,0.0,0.0,0.0,0.5,1,3.0,0,14.0,25.8,0,0.15,0.1,0.75,9.0,sunny,walk,0.7,0.9150509780792535,0.21505097807925355
0.0,1.0,0.0,0.0,0.0,0.3,0,3.0,0,14.0,25.8,0,0.0,0.1,0.75,9.0,sunny,bike,0.8,0.9554693287556876,0.15546932875568753
1.0,0.0,0.0,0.0,0.0,0.3,0,0.8,0,14.0,25.8,0,0.0,0.1,0.2,2.4,sunny,walk,1.0,0.9527346589689272,0.04726534103107283
0.0,1.0,0.0,0.0,0.0,0.3,0,2.5,1,14.0,25.8,0,0.0,0.1,0.625,7.5,rain,bike,0.7,0.6966919760994077,0.0033080239005922607
0.0,1.0,0.0,0.0,0.0,0.3,0,3.0,0,14.0,25.8,0,0.0,0.1,0.75,9.0,sunny,bike,1.0,0.9554693287556876,0.044530671244312425
1.0,0.0,0.0,0.0,0.0,0.8,2,5.0,1,14.0,25.8,0,0.3,0.1,1.25,15.0,rain,walk,0.6,0.6384317886151736,0.0384317886151736
1.0,0.0,0.0,0.0,0.0,0.5,1,3.0,0,14.0,25.8,0,0.15,0.1,0.75,9.0,sunny,walk,0.9,0.9150509780792535,0.015050978079253485
0.0,1.0,0.0,0.0,0.0,0.3,0,2.5,1,14.0,25.8,0,0.0,0.1,0.625,7.5,rain,bike,0.4,0.6966919760994077,0.2966919760994077
0.0,1.0,0.0,0.0,0.0,0.3,0,3.0,0,14.0,25.8,0,0.0,0.1,0.75,9.0,sunny,bike,1.0,0.9554693287556876,0.044530671244312425
1.0,0.0,0.0,0.0,0.0,0.5,1,3.0,0,14.0,25.8,0,0.15,0.1,0.75,9.0,sunny,walk,0.8,0.9150509780792535,0.11505097807925346
1.0,0.0,0.0,0.0,0.0,0.3,0,0.8,1,14.0,25.8,0,0.0,0.1,0.2,2.4,rain,walk,0.7,0.7402647411194302,0.040264741119430236
1.0,0.0,0.0,0.0,0.0,0.5,1,3.0,0,14.0,25.8,0,0.15,0.1,0.75,9.0,sunny,walk,0.7,0.9150509780792535,0.21505097807925355
0.0,0.0,1.0,0.0,0.0,0.2,0,5.0,0,14.0,25.8,0,0.0,0.1,1.25,15.0,any,bus,0.9,0.9210293123397663,0.021029312339766237
0.0,0.0,1.0,0.0,0.0,0.8,0,5.0,0,14.0,25.8,0,0.0,0.1,1.25,15.0,any,bus,0.9,0.8733736115265892,0.02662638847341081
0.0,1.0,0.0,0.0,0.0,0.3,0,2.5,1,14.0,25.8,0,0.0,0.1,0.625,7.5,rain,bike,0.7,0.6966919760994077,0.0033080239005922607
1.0,0.0,0.0,0.0,0.0,0.5,1,3.0,0,14.0,25.8,0,0.15,0.1,0.75,9.0,sunny,walk,0.8,0.9150509780792535,0.11505097807925346
0.0,0.0,0.0,0.0,1.0,0.3,0,8.0,0,14.0,25.8,0,0.0,0.1,2.0,24.0,any,car,1.0,0.964540182270085,0.03545981772991502
1.0,0.0,0.0,0.0,0.0,0.3,0,0.8,0,14.0,25.8,0,0.0,0.1,0.2,2.4,sunny,walk,1.0,0.9527346589689272,0.04726534103107283
1.0,0.0,0.0,0.0,0.0,0.3,0,0.8,1,14.0,25.8,0,0.0,0.1,0.2,2.4,rain,walk,0.6,0.7402647411194302,0.14026474111943021
0.0,0.0,1.0,0.0,0.0,0.2,0,5.0,0,14.0,25.8,0,0.0,0.1,1.25,15.0,any,bus,0.8,0.9210293123397663,0.12102931233976622
0.0,1.0,0.0,0.0,0.0,0.3,0,3.0,0,14.0,25.8,0,0.0,0.1,0.75,9.0,sunny,bike,1.0,0.9554693287556876,0.044530671244312425
0.0,1.0,0.0,0.0,0.0,0.3,0,2.5,1,14.0,25.8,0,0.0,0.1,0.625,7.5,rain,bike,0.7,0.6966919760994077,0.0033080239005922607
1.0,0.0,0.0,0.0,0.0,0.5,1,3.0,0,14.0,25.8,0,0.15,0.1,0.75,9.0,sunny,walk,0.8,0.9150509780792535,0.11505097807925346
1.0,0.0,0.0,0.0,0.0,0.8,2,5.0,1,14.0,25.8,0,0.3,0.1,1.25,15.0,rain,walk,0.7,0.6384317886151736,0.06156821138482638
0.0,1.0,0.0,0.0,0.0,0.3,0,3.0,0,14.0,25.8,0,0.0,0.1,0.75,9.0,sunny,bike,1.0,0.9554693287556876,0.044530671244312425
1.0,0.0,0.0,0.0,0.0,0.8,2,5.0,1,14.0,25.8,0,0.3,0.1,1.25,15.0,rain,walk,0.6,0.6384317886151736,0.0384317886151736
1.0,0.0,0.0,0.0,0.0,0.3,0,0.8,1,14.0,25.8,0,0.0,0.1,0.2,2.4,rain,walk,0.5,0.7402647411194302,0.2402647411194302
1.0,0.0,0.0,0.0,0.0,0.8,2,5.0,1,14.0,25.8,0,0.3,0.1,1.25,15.0,rain,walk,0.8,0.6384317886151736,0.16156821138482647
1.0,0.0,0.0,0.0,0.0,0.8,1,3.0,1,14.0,25.8,0,0.15,0.1,0.75,9.0,rain,walk,0.9,0.6787532098231681,0.2212467901768319
0.0,0.0,0.0,0.0,1.0,0.3,0,8.0,0,14.0,25.8,0,0.0,0.1,2.0,24.0,any,car,1.0,0.964540182270085,0.03545981772991502
1.0,0.0,0.0,0.0,0.0,0.3,0,0.8,0,14.0,25.8,0,0.0,0.1,0.2,2.4,sunny,walk,0.9,0.9527346589689272,0.05273465896892715
1.0,0.0,0.0,0.0,0.0,0.3,0,0.8,0,14.0,25.8,0,0.0,0.1,0.2,2.4,sunny,walk,1.0,0.9527346589689272,0.04726534103107283
0.0,1.0,0.0,0.0,0.0,0.3,0,2.5,0,14.0,25.8,0,0.0,0.1,0.625,7.5,sunny,bike,0.8,0.9091618939489046,0.10916189394890452
0.0,0.0,1.0,0.0,0.0,0.8,0,5.0,0,14.0,25.8,0,0.0,0.1,1.25,15.0,any,bus,0.8,0.8733736115265892,0.07337361152658917
0.0,1.0,0.0,0.0,0.0,0.3,0,3.0,0,14.0,25.8,0,0.0,0.1,0.75,9.0,sunny,bike,1.0,0.9554693287556876,0.044530671244312425
0.0,1.0,0.0,0.0,0.0,0.3,0,2.5,1,14.0,25.8,0,0.0,0.1,0.625,7.5,rain,bike,0.6,0.6966919760994077,0.09669197609940772
0.0,1.0,0.0,0.0,0.0,0.3,0,2.5,1,14.0,25.8,0,0.0,0.1,0.625,7.5,rain,bike,0.7,0.6966919760994077,0.0033080239005922607
0.0,0.0,1.0,0.0,0.0,0.2,0,5.0,0,14.0,25.8,0,0.0,0.1,1.25,15.0,any,bus,0.9,0.9210293123397663,0.021029312339766237
0.0,0.0,0.0,0.0,1.0,0.3,0,8.0,0,14.0,25.8,0,0.0,0.1,2.0,24.0,any,car,1.0,0.964540182270085,0.03545981772991502
0.0,0.0,1.0,0.0,0.0,0.8,0,5.0,0,14.0,25.8,0,0.0,0.1,1.25,15.0,any,bus,0.8,0.8733736115265892,0.07337361152658917
1.0,0.0,0.0,0.0,0.0,0.5,1,3.0,0,14.0,25.8,0,0.15,0.1,0.75,9.0,sunny,walk,0.7,0.9150509780792535,0.21505097807925355
0.0,1.0,0.0,0.0,0.0,0.3,0,2.5,0,14.0,25.8,0,0.0,0.1,0.625,7.5,sunny,bike,1.0,0.9091618939489046,0.09083810605109544
1.0,0.0,0.0,0.0,0.0,0.8,1,3.0,1,14.0,25.8,0,0.15,0.1,0.75,9.0,rain,walk,0.6,0.6787532098231681,0.07875320982316814
0.0,0.0,1.0,0.0,0.0,0.8,0,5.0,0,14.0,25.8,0,0.0,0.1,1.25,15.0,any,bus,0.8,0.8733736115265892,0.07337361152658917
0.0,0.0,0.0,0.0,1.0,0.3,0,8.0,0,14.0,25.8,0,0.0,0.1,2.0,24.0,any,car,1.0,0.964540182270085,0.03545981772991502
0.0,0.0,0.0,0.0,1.0,0.3,0,8.0,0,14.0,25.8,0,0.0,0.1,2.0,24.0,any,car,1.0,0.964540182270085,0.03545981772991502
0.0,1.0,0.0,0.0,0.0,0.3,0,3.0,0,14.0,25.8,0,0.0,0.1,0.75,9.0,sunny,bike,0.9,0.9554693287556876,0.05546932875568755
0.0,1.0,0.0,0.0,0.0,0.3,0,3.0,0,14.0,25.8,0,0.0,0.1,0.75,9.0,sunny,bike,1.0,0.9554693287556876,0.044530671244312425
0.0,0.0,0.0,0.0,1.0,0.3,0,8.0,0,14.0,25.8,0,0.0,0.1,2.0,24.0,any,car,1.0,0.964540182270085,0.03545981772991502
1.0,0.0,0.0,0.0,0.0,0.5,1,3.0,0,14.0,25.8,0,0.15,0.1,0.75,9.0,sunny,walk,0.9,0.9150509780792535,0.015050978079253485
0.0,0.0,0.0,0.0,1.0,0.3,0,8.0,0,14.0,25.8,0,0.0,0.1,2.0,24.0,any,car,1.0,0.964540182270085,0.03545981772991502
1.0,0.0,0.0,0.0,0.0,0.5,1,3.0,0,14.0,25.8,0,0.15,0.1,0.75,9.0,sunny,walk,0.9,0.9150509780792535,0.015050978079253485
0.0,0.0,0.0,0.0,1.0,0.3,0,8.0,0,14.0,25.8,0,0.0,0.1,2.0,24.0,any,car,1.0,0.964540182270085,0.03545981772991502
1.0,0.0,0.0,0.0,0.0,0.3,0,0.8,0,14.0,25.8,0,0.0,0.1,0.2,2.4,sunny,walk,1.0,0.9527346589689272,0.04726534103107283
0.0,0.0,0.0,0.0,1.0,0.3,0,8.0,0,14.0,25.8,0,0.0,0.1,2.0,24.0,any,car,1.0,0.964540182270085,0.03545981772991502
0.0,0.0,1.0,0.0,0.0,0.8,0,5.0,0,14.0,25.8,0,0.0,0.1,1.25,15.0,any,bus,0.9,0.8733736115265892,0.02662638847341081
1.0,0.0,0.0,0.0,0.0,0.8,2,5.0,1,14.0,25.8,0,0.3,0.1,1.25,15.0,rain,walk,0.5,0.6384317886151736,0.13843178861517358
0.0,1.0,0.0,0.0,0.0,0.3,0,2.5,0,14.0,25.8,0,0.0,0.1,0.625,7.5,sunny,bike,1.0,0.9091618939489046,0.09083810605109544
1.0,0.0,0.0,0.0,0.0,0.8,2,5.0,1,14.0,25.8,0,0.3,0.1,1.25,15.0,rain,walk,0.5,0.6384317886151736,0.13843178861517358
0.0,0.0,0.0,0.0,1.0,0.3,0,8.0,0,14.0,25.8,0,0.0,0.1,2.0,24.0,any,car,0.9,0.964540182270085,0.06454018227008496
0.0,1.0,0.0,0.0,0.0,0.3,0,2.5,1,14.0,25.8,0,0.0,0.1,0.625,7.5,rain,bike,0.7,0.6966919760994077,0.0033080239005922607
0.0,1.0,0.0,0.0,0.0,0.3,0,2.5,1,14.0,25.8,0,0.0,0.1,0.625,7.5,rain,bike,0.6,0.6966919760994077,0.09669197609940772
1.0,0.0,0.0,0.0,0.0,0.3,0,0.8,1,14.0,25.8,0,0.0,0.1,0.2,2.4,rain,walk,0.7,0.7402647411194302,0.040264741119430236
0.0,1.0,0.0,0.0,0.0,0.3,0,2.5,1,14.0,25.8,0,0.0,0.1,0.625,7.5,rain,bike,0.3,0.6966919760994077,0.3966919760994077
0.0,0.0,0.0,0.0,1.0,0.3,0,8.0,0,14.0,25.8,0,0.0,0.1,2.0,24.0,any,car,1.0,0.964540182270085,0.03545981772991502
0.0,1.0,0.0,0.0,0.0,0.3,0,3.0,0,14.0,25.8,0,0.0,0.1,0.75,9.0,sunny,bike,1.0,0.9554693287556876,0.044530671244312425
1.0,0.0,0.0,0.0,0.0,0.3,0,0.8,1,14.0,25.8,0,0.0,0.1,0.2,2.4,rain,walk,0.8,0.7402647411194302,0.05973525888056985
1.0,0.0,0.0,0.0,0.0,0.3,0,0.8,1,14.0,25.8,0,0.0,0.1,0.2,2.4,rain,walk,0.6,0.7402647411194302,0.14026474111943021
0.0,0.0,0.0,0.0,1.0,0.3,0,8.0,0,14.0,25.8,0,0.0,0.1,2.0,24.0,any,car,1.0,0.964540182270085,0.03545981772991502
0.0,1.0,0.0,0.0,0.0,0.3,0,2.5,1,14.0,25.8,0,0.0,0.1,0.625,7.5,rain,bike,0.5,0.6966919760994077,0.1966919760994077
0.0,0.0,0.0,0.0,1.0,0.3,0,8.0,0,14.0,25.8,0,0.0,0.1,2.0,24.0,any,car,0.9,0.964540182270085,0.06454018227008496
1.0,0.0,0.0,0.0,0.0,0.5,1,3.0,0,14.0,25.8,0,0.15,0.1,0.75,9.0,sunny,walk,0.7,0.9150509780792535,0.21505097807925355
0.0,1.0,0.0,0.0,0.0,0.3,0,2.5,1,14.0,25.8,0,0.0,0.1,0.625,7.5,rain,bike,0.7,0.6966919760994077,0.0033080239005922607
1.0,0.0,0.0,0.0,0.0,0.8,1,3.0,1,14.0,25.8,0,0.15,0.1,0.75,9.0,rain,walk,0.7,0.6787532098231681,0.021246790176831842
0.0,0.0,1.0,0.0,0.0,0.2,0,5.0,0,14.0,25.8,0,0.0,0.1,1.25,15.0,any,bus,0.9,0.9210293123397663,0.021029312339766237
1.0,0.0,0.0,0.0,0.0,0.8,1,3.0,1,14.0,25.8,0,0.15,0.1,0.75,9.0,rain,walk,0.7,0.6787532098231681,0.021246790176831842
0.0,0.0,0.0,0.0,1.0,0.3,0,8.0,0,14.0,25.8,0,0.0,0.1,2.0,24.0,any,car,1.0,0.964540182270085,0.03545981772991502
0.0,0.0,0.0,0.0,1.0,0.3,0,8.0,0,14.0,25.8,0,0.0,0.1,2.0,24.0,any,car,1.0,0.964540182270085,0.03545981772991502
0.0,0.0,0.0,0.0,1.0,0.3,0,8.0,0,14.0,25.8,0,0.0,0.1,2.0,24.0,any,car,1.0,0.964540182270085,0.03545981772991502
0.0,1.0,0.0,0.0,0.0,0.3,0,2.5,0,14.0,25.8,0,0.0,0.1,0.625,7.5,sunny,bike,1.0,0.9091618939489046,0.09083810605109544
0.0,1.0,0.0,0.0,0.0,0.3,0,2.5,0,14.0,25.8,0,0.0,0.1,0.625,7.5,sunny,bike,1.0,0.9091618939489046,0.09083810605109544
0.0,1.0,0.0,0.0,0.0,0.3,0,2.5,0,14.0,25.8,0,0.0,0.1,0.625,7.5,sunny,bike,0.8,0.9091618939489046,0.10916189394890452
0.0,0.0,1.0,0.0,0.0,0.8,0,5.0,0,14.0,25.8,0,0.0,0.1,1.25,15.0,any,bus,1.0,0.8733736115265892,0.1266263884734108
0.0,0.0,0.0,0.0,1.0,0.3,0,8.0,0,14.0,25.8,0,0.0,0.1,2.0,24.0,any,car,1.0,0.964540182270085,0.03545981772991502
1.0,0.0,0.0,0.0,0.0,0.5,1,3.0,0,14.0,25.8,0,0.15,0.1,0.75,9.0,sunny,walk,0.9,0.9150509780792535,0.015050978079253485
1.0,0.0,0.0,0.0,0.0,0.3,0,0.8,1,14.0,25.8,0,0.0,0.1,0.2,2.4,rain,walk,0.6,0.7402647411194302,0.14026474111943021
1.0,0.0,0.0,0.0,0.0,0.3,0,0.8,0,14.0,25.8,0,0.0,0.1,0.2,2.4,sunny,walk,0.9,0.9527346589689272,0.05273465896892715
0.0,0.0,1.0,0.0,0.0,0.2,0,5.0,0,14.0,25.8,0,0.0,0.1,1.25,15.0,any,bus,1.0,0.9210293123397663,0.07897068766023374
1.0,0.0,0.0,0.0,0.0,0.8,2,5.0,1,14.0,25.8,0,0.3,0.1,1.25,15.0,rain,walk,0.5,0.6384317886151736,0.13843178861517358
1.0,0.0,0.0,0.0,0.0,0.3,0,0.8,0,14.0,25.8,0,0.0,0.1,0.2,2.4,sunny,walk,1.0,0.9527346589689272,0.04726534103107283
0.0,1.0,0.0,0.0,0.0,0.3,0,2.5,1,14.0,25.8,0,0.0,0.1,0.625,7.5,rain,bike,0.6,0.6966919760994077,0.09669197609940772
1.0,0.0,0.0,0.0,0.0,0.8,2,5.0,1,14.0,25.8,0,0.3,0.1,1.25,15.0,rain,walk,0.7,0.6384317886151736,0.06156821138482638
1.0,0.0,0.0,0.0,0.0,0.3,0,0.8,0,14.0,25.8,0,0.0,0.1,0.2,2.4,sunny,walk,1.0,0.9527346589689272,0.04726534103107283
1.0,0.0,0.0,0.0,0.0,0.8,1,3.0,1,14.0,25.8,0,0.15,0.1,0.75,9.0,rain,walk,0.6,0.6787532098231681,0.07875320982316814
0.0,1.0,0.0,0.0,0.0,0.3,0,2.5,1,14.0,25.8,0,0.0,0.1,0.625,7.5,rain,bike,0.6,0.6966919760994077,0.09669197609940772
1.0,0.0,0.0,0.0,0.0,0.3,0,0.8,0,14.0,25.8,0,0.0,0.1,0.2,2.4,sunny,walk,1.0,0.9527346589689272,0.04726534103107283
1.0,0.0,0.0,0.0,0.0,0.8,2,5.0,1,14.0,25.8,0,0.3,0.1,1.25,15.0,rain,walk,0.7,0.6384317886151736,0.06156821138482638
0.0,1.0,0.0,0.0,0.0,0.3,0,2.5,1,14.0,25.8,0,0.0,0.1,0.625,7.5,rain,bike,0.8,0.6966919760994077,0.10330802390059235
1.0,0.0,0.0,0.0,0.0,0.8,2,5.0,1,14.0,25.8,0,0.3,0.1,1.25,15.0,rain,walk,0.7,0.6384317886151736,0.06156821138482638
0.0,0.0,0.0,0.0,1.0,0.3,0,8.0,0,14.0,25.8,0,0.0,0.1,2.0,24.0,any,car,1.0,0.964540182270085,0.03545981772991502
0.0,0.0,1.0,0.0,0.0,0.2,0,5.0,0,14.0,25.8,0,0.0,0.1,1.25,15.0,any,bus,1.0,0.9210293123397663,0.07897068766023374
1.0,0.0,0.0,0.0,0.0,0.3,0,0.8,0,14.0,25.8,0,0.0,0.1,0.2,2.4,sunny,walk,1.0,0.9527346589689272,0.04726534103107283
0.0,0.0,1.0,0.0,0.0,0.2,0,5.0,0,14.0,25.8,0,0.0,0.1,1.25,15.0,any,bus,1.0,0.9210293123397663,0.07897068766023374
1.0,0.0,0.0,0.0,0.0,0.3,0,0.8,1,14.0,25.8,0,0.0,0.1,0.2,2.4,rain,walk,0.7,0.7402647411194302,0.040264741119430236
1.0,0.0,0.0,0.0,0.0,0.5,1,3.0,0,14.0,25.8,0,0.15,0.1,0.75,9.0,sunny,walk,0.9,0.9150509780792535,0.015050978079253485
0.0,0.0,0.0,0.0,1.0,0.3,0,8.0,0,14.0,25.8,0,0.0,0.1,2.0,24.0,any,car,0.9,0.964540182270085,0.06454018227008496
0.0,1.0,0.0,0.0,0.0,0.3,0,3.0,0,14.0,25.8,0,0.0,0.1,0.75,9.0,sunny,bike,1.0,0.9554693287556876,0.044530671244312425
1.0,0.0,0.0,0.0,0.0,0.5,1,3.0,0,14.0,25.8,0,0.15,0.1,0.75,9.0,sunny,walk,0.9,0.9150509780792535,0.015050978079253485
1.0,0.0,0.0,0.0,0.0,0.5,1,3.0,0,14.0,25.8,0,0.15,0.1,0.75,9.0,sunny,walk,0.9,0.9150509780792535,0.015050978079253485
1.0,0.0,0.0,0.0,0.0,0.5,1,3.0,0,14.0,25.8,0,0.15,0.1,0.75,9.0,sunny,walk,0.9,0.9150509780792535,0.015050978079253485
1.0,0.0,0.0,0.0,0.0,0.5,1,3.0,0,14.0,25.8,0,0.15,0.1,0.75,9.0,sunny,walk,1.0,0.9150509780792535,0.08494902192074649
0.0,1.0,0.0,0.0,0.0,0.3,0,2.5,0,14.0,25.8,0,0.0,0.1,0.625,7.5,sunny,bike,0.9,0.9091618939489046,0.009161893948904543
1.0,0.0,0.0,0.0,0.0,0.5,1,3.0,0,14.0,25.8,0,0.15,0.1,0.75,9.0,sunny,walk,0.9,0.9150509780792535,0.015050978079253485
0.0,0.0,0.0,0.0,1.0,0.3,0,8.0,0,14.0,25.8,0,0.0,0.1,2.0,24.0,any,car,1.0,0.964540182270085,0.03545981772991502
1.0,0.0,0.0,0.0,0.0,0.3,0,0.8,0,14.0,25.8,0,0.0,0.1,0.2,2.4,sunny,walk,1.0,0.9527346589689272,0.04726534103107283
1.0,0.0,0.0,0.0,0.0,0.5,1,3.0,0,14.0,25.8,0,0.15,0.1,0.75,9.0,sunny,walk,0.9,0.9150509780792535,0.015050978079253485
1.0,0.0,0.0,0.0,0.0,0.8,1,3.0,1,14.0,25.8,0,0.15,0.1,0.75,9.0,rain,walk,0.6,0.6787532098231681,0.07875320982316814
0.0,1.0,0.0,0.0,0.0,0.3,0,3.0,0,14.0,25.8,0,0.0,0.1,0.75,9.0,sunny,bike,1.0,0.9554693287556876,0.044530671244312425
1.0,0.0,0.0,0.0,0.0,0.8,2,5.0,1,14.0,25.8,0,0.3,0.1,1.25,15.0,rain,walk,0.7,0.6384317886151736,0.06156821138482638
1.0,0.0,0.0,0.0,0.0,0.5,1,3.0,0,14.0,25.8,0,0.15,0.1,0.75,9.0,sunny,walk,0.6,0.9150509780792535,0.31505097807925353
1.0,0.0,0.0,0.0,0.0,0.8,1,3.0,1,14.0,25.8,0,0.15,0.1,0.75,9.0,rain,walk,0.6,0.6787532098231681,0.07875320982316814
0.0,1.0,0.0,0.0,0.0,0.3,0,2.5,1,14.0,25.8,0,0.0,0.1,0.625,7.5,rain,bike,0.8,0.6966919760994077,0.10330802390059235
0.0,0.0,0.0,0.0,1.0,0.3,0,8.0,0,14.0,25.8,0,0.0,0.1,2.0,24.0,any,car,1.0,0.964540182270085,0.03545981772991502
0.0,0.0,1.0,0.0,0.0,0.2,0,5.0,0,14.0,25.8,0,0.0,0.1,1.25,15.0,any,bus,0.9,0.9210293123397663,0.021029312339766237
0.0,0.0,1.0,0.0,0.0,0.2,0,5.0,0,14.0,25.8,0,0.0,0.1,1.25,15.0,any,bus,1.0,0.9210293123397663,0.07897068766023374
0.0,0.0,1.0,0.0,0.0,0.8,0,5.0,0,14.0,25.8,0,0.0,0.1,1.25,15.0,any,bus,0.9,0.8733736115265892,0.02662638847341081
1.0,0.0,0.0,0.0,0.0,0.3,0,0.8,1,14.0,25.8,0,0.0,0.1,0.2,2.4,rain,walk,0.8,0.7402647411194302,0.05973525888056985
1.0,0.0,0.0,0.0,0.0,0.8,1,3.0,1,14.0,25.8,0,0.15,0.1,0.75,9.0,rain,walk,0.7,0.6787532098231681,0.021246790176831842
0.0,1.0,0.0,0.0,0.0,0.3,0,2.5,0,14.0,25.8,0,0.0,0.1,0.625,7.5,sunny,bike,1.0,0.9091618939489046,0.09083810605109544
0.0,0.0,1.0,0.0,0.0,0.8,0,5.0,0,14.0,25.8,0,0.0,0.1,1.25,15.0,any,bus,0.9,0.8733736115265892,0.02662638847341081
1.0,0.0,0.0,0.0,0.0,0.3,0,0.8,0,14.0,25.8,0,0.0,0.1,0.2,2.4,sunny,walk,1.0,0.9527346589689272,0.04726534103107283
1.0,0.0,0.0,0.0,0.0,0.5,1,3.0,0,14.0,25.8,0,0.15,0.1,0.75,9.0,sunny,walk,1.0,0.9150509780792535,0.08494902192074649
0.0,0.0,0.0,0.0,1.0,0.3,0,8.0,0,14.0,25.8,0,0.0,0.1,2.0,24.0,any,car,0.9,0.964540182270085,0.06454018227008496
0.0,1.0,0.0,0.0,0.0,0.3,0,2.5,0,14.0,25.8,0,0.0,0.1,0.625,7.5,sunny,bike,1.0,0.9091618939489046,0.09083810605109544
1.0,0.0,0.0,0.0,0.0,0.5,1,3.0,0,14.0,25.8,0,0.15,0.1,0.75,9.0,sunny,walk,1.0,0.9150509780792535,0.08494902192074649
0.0,1.0,0.0,0.0,0.0,0.3,0,3.0,0,14.0,25.8,0,0.0,0.1,0.75,9.0,sunny,bike,1.0,0.9554693287556876,0.044530671244312425
0.0,0.0,0.0,0.0,1.0,0.3,0,8.0,0,14.0,25.8,0,0.0,0.1,2.0,24.0,any,car,1.0,0.964540182270085,0.03545981772991502
1.0,0.0,0.0,0.0,0.0,0.3,0,0.8,0,14.0,25.8,0,0.0,0.1,0.2,2.4,sunny,walk,1.0,0.9527346589689272,0.04726534103107283
1.0,0.0,0.0,0.0,0.0,0.3,0,0.8,0,14.0,25.8,0,0.0,0.1,0.2,2.4,sunny,walk,0.8,0.9527346589689272,0.15273465896892713
0.0,0.0,1.0,0.0,0.0,0.2,0,5.0,0,14.0,25.8,0,0.0,0.1,1.25,15.0,any,bus,1.0,0.9210293123397663,0.07897068766023374
1.0,0.0,0.0,0.0,0.0,0.8,1,3.0,1,14.0,25.8,0,0.15,0.1,0.75,9.0,rain,walk,0.7,0.6787532098231681,0.021246790176831842
0.0,0.0,1.0,0.0,0.0,0.2,0,5.0,0,14.0,25.8,0,0.0,0.1,1.25,15.0,any,bus,1.0,0.9210293123397663,0.07897068766023374
0.0,1.0,0.0,0.0,0.0,0.3,0,3.0,0,14.0,25.8,0,0.0,0.1,0.75,9.0,sunny,bike,1.0,0.9554693287556876,0.044530671244312425
1.0,0.0,0.0,0.0,0.0,0.8,2,5.0,1,14.0,25.8,0,0.3,0.1,1.25,15.0,rain,walk,0.8,0.6384317886151736,0.16156821138482647
1.0,0.0,0.0,0.0,0.0,0.3,0,0.8,0,14.0,25.8,0,0.0,0.1,0.2,2.4,sunny,walk,1.0,0.9527346589689272,0.04726534103107283
1.0,0.0,0.0,0.0,0.0,0.8,2,5.0,1,14.0,25.8,0,0.3,0.1,1.25,15.0,rain,walk,0.4,0.6384317886151736,0.23843178861517356
0.0,1.0,0.0,0.0,0.0,0.3,0,2.5,1,14.0,25.8,0,0.0,0.1,0.625,7.5,rain,bike,0.8,0.6966919760994077,0.10330802390059235
1.0,0.0,0.0,0.0,0.0,0.5,1,3.0,0,14.0,25.8,0,0.15,0.1,0.75,9.0,sunny,walk,1.0,0.9150509780792535,0.08494902192074649
1.0,0.0,0.0,0.0,0.0,0.8,1,3.0,1,14.0,25.8,0,0.15,0.1,0.75,9.0,rain,walk,0.6,0.6787532098231681,0.07875320982316814
1.0,0.0,0.0,0.0,0.0,0.8,2,5.0,1,14.0,25.8,0,0.3,0.1,1.25,15.0,rain,walk,0.6,0.6384317886151736,0.0384317886151736
1.0,0.0,0.0,0.0,0.0,0.8,2,5.0,1,14.0,25.8,0,0.3,0.1,1.25,15.0,rain,walk,0.8,0.6384317886151736,0.16156821138482647
0.0,0.0,0.0,0.0,1.0,0.3,0,8.0,0,14.0,25.8,0,0.0,0.1,2.0,24.0,any,car,1.0,0.964540182270085,0.03545981772991502
0.0,1.0,0.0,0.0,0.0,0.3,0,2.5,0,14.0,25.8,0,0.0,0.1,0.625,7.5,sunny,bike,1.0,0.9091618939489046,0.09083810605109544
0.0,1.0,0.0,0.0,0.0,0.3,0,2.5,0,14.0,25.8,0,0.0,0.1,0.625,7.5,sunny,bike,1.0,0.9091618939489046,0.09083810605109544
1.0,0.0,0.0,0.0,0.0,0.3,0,0.8,1,14.0,25.8,0,0.0,0.1,0.2,2.4,rain,walk,0.6,0.7402647411194302,0.14026474111943021
0.0,0.0,1.0,0.0,0.0,0.8,0,5.0,0,14.0,25.8,0,0.0,0.1,1.25,15.0,any,bus,0.8,0.8733736115265892,0.07337361152658917
0.0,1.0,0.0,0.0,0.0,0.3,0,2.5,0,14.0,25.8,0,0.0,0.1,0.625,7.5,sunny,bike,1.0,0.9091618939489046,0.09083810605109544
0.0,0.0,0.0,0.0,1.0,0.3,0,8.0,0,14.0,25.8,0,0.0,0.1,2.0,24.0,any,car,1.0,0.964540182270085,0.03545981772991502
0.0,0.0,0.0,0.0,1.0,0.3,0,8.0,0,14.0,25.8,0,0.0,0.1,2.0,24.0,any,car,0.9,0.964540182270085,0.06454018227008496
1.0,0.0,0.0,0.0,0.0,0.5,1,3.0,0,14.0,25.8,0,0.15,0.1,0.75,9.0,sunny,walk,0.8,0.9150509780792535,0.11505097807925346
0.0,0.0,1.0,0.0,0.0,0.2,0,5.0,0,14.0,25.8,0,0.0,0.1,1.25,15.0,any,bus,0.8,0.9210293123397663,0.12102931233976622
0.0,0.0,1.0,0.0,0.0,0.8,0,5.0,0,14.0,25.8,0,0.0,0.1,1.25,15.0,any,bus,0.9,0.8733736115265892,0.02662638847341081
1.0,0.0,0.0,0.0,0.0,0.8,1,3.0,1,14.0,25.8,0,0.15,0.1,0.75,9.0,rain,walk,0.7,0.6787532098231681,0.021246790176831842
0.0,0.0,0.0,0.0,1.0,0.3,0,8.0,0,14.0,25.8,0,0.0,0.1,2.0,24.0,any,car,1.0,0.964540182270085,0.03545981772991502
0.0,0.0,0.0,0.0,1.0,0.3,0,8.0,0,14.0,25.8,0,0.0,0.1,2.0,24.0,any,car,1.0,0.964540182270085,0.03545981772991502
0.0,0.0,0.0,0.0,1.0,0.3,0,8.0,0,14.0,25.8,0,0.0,0.1,2.0,24.0,any,car,1.0,0.964540182270085,0.03545981772991502
0.0,1.0,0.0,0.0,0.0,0.3,0,2.5,1,14.0,25.8,0,0.0,0.1,0.625,7.5,rain,bike,0.5,0.6966919760994077,0.1966919760994077
0.0,1.0,0.0,0.0,0.0,0.3,0,2.5,1,14.0,25.8,0,0.0,0.1,0.625,7.5,rain,bike,0.6,0.6966919760994077,0.09669197609940772
0.0,1.0,0.0,0.0,0.0,0.3,0,2.5,0,14.0,25.8,0,0.0,0.1,0.625,7.5,sunny,bike,1.0,0.9091618939489046,0.09083810605109544
0.0,0.0,1.0,0.0,0.0,0.8,0,5.0,0,14.0,25.8,0,0.0,0.1,1.25,15.0,any,bus,0.7,0.8733736115265892,0.17337361152658926
0.0,0.0,1.0,0.0,0.0,0.2,0,5.0,0,14.0,25.8,0,0.0,0.1,1.25,15.0,any,bus,1.0,0.9210293123397663,0.07897068766023374
0.0,1.0,0.0,0.0,0.0,0.3,0,2.5,1,14.0,25.8,0,0.0,0.1,0.625,7.5,rain,bike,0.6,0.6966919760994077,0.09669197609940772
0.0,0.0,1.0,0.0,0.0,0.2,0,5.0,0,14.0,25.8,0,0.0,0.1,1.25,15.0,any,bus,1.0,0.9210293123397663,0.07897068766023374
0.0,1.0,0.0,0.0,0.0,0.3,0,2.5,1,14.0,25.8,0,0.0,0.1,0.625,7.5,rain,bike,0.6,0.6966919760994077,0.09669197609940772
1.0,0.0,0.0,0.0,0.0,0.8,2,5.0,1,14.0,25.8,0,0.3,0.1,1.25,15.0,rain,walk,0.6,0.6384317886151736,0.0384317886151736
1.0,0.0,0.0,0.0,0.0,0.8,1,3.0,1,14.0,25.8,0,0.15,0.1,0.75,9.0,rain,walk,0.8,0.6787532098231681,0.12124679017683193
0.0,0.0,1.0,0.0,0.0,0.8,0,5.0,0,14.0,25.8,0,0.0,0.1,1.25,15.0,any,bus,1.0,0.8733736115265892,0.1266263884734108
0.0,1.0,0.0,0.0,0.0,0.3,0,3.0,0,14.0,25.8,0,0.0,0.1,0.75,9.0,sunny,bike,1.0,0.9554693287556876,0.044530671244312425
1.0,0.0,0.0,0.0,0.0,0.8,1,3.0,1,14.0,25.8,0,0.15,0.1,0.75,9.0,rain,walk,0.6,0.6787532098231681,0.07875320982316814
1.0,0.0,0.0,0.0,0.0,0.8,1,3.0,1,14.0,25.8,0,0.15,0.1,0.75,9.0,rain,walk,0.5,0.6787532098231681,0.1787532098231681
0.0,0.0,1.0,0.0,0.0,0.8,0,5.0,0,14.0,25.8,0,0.0,0.1,1.25,15.0,any,bus,0.9,0.8733736115265892,0.02662638847341081
1.0,0.0,0.0,0.0,0.0,0.5,1,3.0,0,14.0,25.8,0,0.15,0.1,0.75,9.0,sunny,walk,1.0,0.9150509780792535,0.08494902192074649
1.0,0.0,0.0,0.0,0.0,0.5,1,3.0,0,14.0,25.8,0,0.15,0.1,0.75,9.0,sunny,walk,0.7,0.9150509780792535,0.21505097807925355
0.0,1.0,0.0,0.0,0.0,0.3,0,2.5,0,14.0,25.8,0,0.0,0.1,0.625,7.5,sunny,bike,1.0,0.9091618939489046,0.09083810605109544
0.0,0.0,1.0,0.0,0.0,0.8,0,5.0,0,14.0,25.8,0,0.0,0.1,1.25,15.0,any,bus,0.8,0.8733736115265892,0.07337361152658917
0.0,1.0,0.0,0.0,0.0,0.3,0,2.5,0,14.0,25.8,0,0.0,0.1,0.625,7.5,sunny,bike,1.0,0.9091618939489046,0.09083810605109544
1.0,0.0,0.0,0.0,0.0,0.8,1,3.0,1,14.0,25.8,0,0.15,0.1,0.75,9.0,rain,walk,0.9,0.6787532098231681,0.2212467901768319
1.0,0.0,0.0,0.0,0.0,0.3,0,0.8,1,14.0,25.8,0,0.0,0.1,0.2,2.4,rain,walk,0.8,0.7402647411194302,0.05973525888056985
1.0,0.0,0.0,0.0,0.0,0.5,1,3.0,0,14.0,25.8,0,0.15,0.1,0.75,9.0,sunny,walk,0.9,0.9150509780792535,0.015050978079253485
1.0,0.0,0.0,0.0,0.0,0.8,2,5.0,1,14.0,25.8,0,0.3,0.1,1.25,15.0,rain,walk,0.7,0.6384317886151736,0.06156821138482638
0.0,0.0,0.0,0.0,1.0,0.3,0,8.0,0,14.0,25.8,0,0.0,0.1,2.0,24.0,any,car,1.0,0.964540182270085,0.03545981772991502
1.0,0.0,0.0,0.0,0.0,0.3,0,0.8,1,14.0,25.8,0,0.0,0.1,0.2,2.4,rain,walk,0.7,0.7402647411194302,0.040264741119430236
0.0,0.0,0.0,0.0,1.0,0.3,0,8.0,0,14.0,25.8,0,0.0,0.1,2.0,24.0,any,car,1.0,0.964540182270085,0.03545981772991502
1.0,0.0,0.0,0.0,0.0,0.8,2,5.0,1,14.0,25.8,0,0.3,0.1,1.25,15.0,rain,walk,0.6,0.6384317886151736,0.0384317886151736
0.0,0.0,1.0,0.0,0.0,0.8,0,5.0,0,14.0,25.8,0,0.0,0.1,1.25,15.0,any,bus,0.8,0.8733736115265892,0.07337361152658917
0.0,0.0,0.0,0.0,1.0,0.3,0,8.0,0,14.0,25.8,0,0.0,0.1,2.0,24.0,any,car,0.8,0.964540182270085,0.16454018227008493
1.0,0.0,0.0,0.0,0.0,0.8,2,5.0,1,14.0,25.8,0,0.3,0.1,1.25,15.0,rain,walk,0.6,0.6384317886151736,0.0384317886151736
0.0,0.0,1.0,0.0,0.0,0.2,0,5.0,0,14.0,25.8,0,0.0,0.1,1.25,15.0,any,bus,1.0,0.9210293123397663,0.07897068766023374
1.0,0.0,0.0,0.0,0.0,0.3,0,0.8,0,14.0,25.8,0,0.0,0.1,0.2,2.4,sunny,walk,1.0,0.9527346589689272,0.04726534103107283
1.0,0.0,0.0,0.0,0.0,0.3,0,0.8,0,14.0,25.8,0,0.0,0.1,0.2,2.4,sunny,walk,0.9,0.9527346589689272,0.05273465896892715
0.0,1.0,0.0,0.0,0.0,0.3,0,2.5,0,14.0,25.8,0,0.0,0.1,0.625,7.5,sunny,bike,0.9,0.9091618939489046,0.009161893948904543
1.0,0.0,0.0,0.0,0.0,0.8,2,5.0,1,14.0,25.8,0,0.3,0.1,1.25,15.0,rain,walk,0.7,0.6384317886151736,0.06156821138482638
0.0,0.0,1.0,0.0,0.0,0.8,0,5.0,0,14.0,25.8,0,0.0,0.1,1.25,15.0,any,bus,0.8,0.8733736115265892,0.07337361152658917
1.0,0.0,0.0,0.0,0.0,0.8,2,5.0,1,14.0,25.8,0,0.3,0.1,1.25,15.0,rain,walk,0.7,0.6384317886151736,0.06156821138482638
0.0,1.0,0.0,0.0,0.0,0.3,0,2.5,1,14.0,25.8,0,0.0,0.1,0.625,7.5,rain,bike,0.8,0.6966919760994077,0.10330802390059235
0.0,1.0,0.0,0.0,0.0,0.3,0,2.5,0,14.0,25.8,0,0.0,0.1,0.625,7.5,sunny,bike,1.0,0.9091618939489046,0.09083810605109544
1.0,0.0,0.0,0.0,0.0,0.3,0,0.8,0,14.0,25.8,0,0.0,0.1,0.2,2.4,sunny,walk,1.0,0.9527346589689272,0.04726534103107283
0.0,1.0,0.0,0.0,0.0,0.3,0,2.5,1,14.0,25.8,0,0.0,0.1,0.625,7.5,rain,bike,0.6,0.6966919760994077,0.09669197609940772
0.0,0.0,1.0,0.0,0.0,0.8,0,5.0,0,14.0,25.8,0,0.0,0.1,1.25,15.0,any,bus,1.0,0.8733736115265892,0.1266263884734108
0.0,0.0,0.0,0.0,1.0,0.3,0,8.0,0,14.0,25.8,0,0.0,0.1,2.0,24.0,any,car,1.0,0.964540182270085,0.03545981772991502
1.0,0.0,0.0,0.0,0.0,0.3,0,0.8,1,14.0,25.8,0,0.0,0.1,0.2,2.4,rain,walk,0.8,0.7402647411194302,0.05973525888056985
0.0,1.0,0.0,0.0,0.0,0.3,0,2.5,1,14.0,25.8,0,0.0,0.1,0.625,7.5,rain,bike,0.8,0.6966919760994077,0.10330802390059235
0.0,0.0,1.0,0.0,0.0,0.8,0,5.0,0,14.0,25.8,0,0.0,0.1,1.25,15.0,any,bus,0.9,0.8733736115265892,0.02662638847341081
0.0,1.0,0.0,0.0,0.0,0.3,0,2.5,1,14.0,25.8,0,0.0,0.1,0.625,7.5,rain,bike,0.7,0.6966919760994077,0.0033080239005922607
1.0,0.0,0.0,0.0,0.0,0.8,1,3.0,1,14.0,25.8,0,0.15,0.1,0.75,9.0,rain,walk,0.8,0.6787532098231681,0.12124679017683193
0.0,0.0,1.0,0.0,0.0,0.2,0,5.0,0,14.0,25.8,0,0.0,0.1,1.25,15.0,any,bus,0.9,0.9210293123397663,0.021029312339766237
1.0,0.0,0.0,0.0,0.0,0.5,1,3.0,0,14.0,25.8,0,0.15,0.1,0.75,9.0,sunny,walk,1.0,0.9150509780792535,0.08494902192074649
0.0,0.0,1.0,0.0,0.0,0.8,0,5.0,0,14.0,25.8,0,0.0,0.1,1.25,15.0,any,bus,0.6,0.8733736115265892,0.27337361152658923
1.0,0.0,0.0,0.0,0.0,0.8,2,5.0,1,14.0,25.8,0,0.3,0.1,1.25,15.0,rain,walk,0.7,0.6384317886151736,0.06156821138482638
0.0,0.0,0.0,0.0,1.0,0.3,0,8.0,0,14.0,25.8,0,0.0,0.1,2.0,24.0,any,car,0.9,0.964540182270085,0.06454018227008496
0.0,1.0,0.0,0.0,0.0,0.3,0,2.5,0,14.0,25.8,0,0.0,0.1,0.625,7.5,sunny,bike,1.0,0.9091618939489046,0.09083810605109544
0.0,0.0,0.0,0.0,1.0,0.3,0,8.0,0,14.0,25.8,0,0.0,0.1,2.0,24.0,any,car,1.0,0.964540182270085,0.03545981772991502
0.0,0.0,1.0,0.0,0.0,0.2,0,5.0,0,14.0,25.8,0,0.0,0.1,1.25,15.0,any,bus,1.0,0.9210293123397663,0.07897068766023374
0.0,0.0,1.0,0.0,0.0,0.2,0,5.0,0,14.0,25.8,0,0.0,0.1,1.25,15.0,any,bus,1.0,0.9210293123397663,0.07897068766023374
0.0,0.0,1.0,0.0,0.0,0.8,0,5.0,0,14.0,25.8,0,0.0,0.1,1.25,15.0,any,bus,0.8,0.8733736115265892,0.07337361152658917
0.0,0.0,0.0,0.0,1.0,0.3,0,8.0,0,14.0,25.8,0,0.0,0.1,2.0,24.0,any,car,1.0,0.964540182270085,0.03545981772991502
1.0,0.0,0.0,0.0,0.0,0.8,1,3.0,1,14.0,25.8,0,0.15,0.1,0.75,9.0,rain,walk,0.7,0.6787532098231681,0.021246790176831842
1.0,0.0,0.0,0.0,0.0,0.8,1,3.0,1,14.0,25.8,0,0.15,0.1,0.75,9.0,rain,walk,0.9,0.6787532098231681,0.2212467901768319
0.0,1.0,0.0,0.0,0.0,0.3,0,2.5,1,14.0,25.8,0,0.0,0.1,0.625,7.5,rain,bike,0.7,0.6966919760994077,0.0033080239005922607
1.0,0.0,0.0,0.0,0.0,0.8,2,5.0,1,14.0,25.8,0,0.3,0.1,1.25,15.0,rain,walk,0.7,0.6384317886151736,0.06156821138482638
0.0,1.0,0.0,0.0,0.0,0.3,0,2.5,1,14.0,25.8,0,0.0,0.1,0.625,7.5,rain,bike,0.6,0.6966919760994077,0.09669197609940772
0.0,1.0,0.0,0.0,0.0,0.3,0,3.0,0,14.0,25.8,0,0.0,0.1,0.75,9.0,sunny,bike,1.0,0.9554693287556876,0.044530671244312425
1.0,0.0,0.0,0.0,0.0,0.8,1,3.0,1,14.0,25.8,0,0.15,0.1,0.75,9.0,rain,walk,0.5,0.6787532098231681,0.1787532098231681
0.0,1.0,0.0,0.0,0.0,0.3,0,2.5,0,14.0,25.8,0,0.0,0.1,0.625,7.5,sunny,bike,1.0,0.9091618939489046,0.09083810605109544
0.0,1.0,0.0,0.0,0.0,0.3,0,3.0,0,14.0,25.8,0,0.0,0.1,0.75,9.0,sunny,bike,1.0,0.9554693287556876,0.044530671244312425
1.0,0.0,0.0,0.0,0.0,0.3,0,0.8,0,14.0,25.8,0,0.0,0.1,0.2,2.4,sunny,walk,1.0,0.9527346589689272,0.04726534103107283
0.0,1.0,0.0,0.0,0.0,0.3,0,2.5,0,14.0,25.8,0,0.0,0.1,0.625,7.5,sunny,bike,1.0,0.9091618939489046,0.09083810605109544
0.0,1.0,0.0,0.0,0.0,0.3,0,3.0,0,14.0,25.8,0,0.0,0.1,0.75,9.0,sunny,bike,1.0,0.9554693287556876,0.044530671244312425
0.0,1.0,0.0,0.0,0.0,0.3,0,2.5,0,14.0,25.8,0,0.0,0.1,0.625,7.5,sunny,bike,1.0,0.9091618939489046,0.09083810605109544
0.0,0.0,1.0,0.0,0.0,0.8,0,5.0,0,14.0,25.8,0,0.0,0.1,1.25,15.0,any,bus,0.7,0.8733736115265892,0.17337361152658926
1.0,0.0,0.0,0.0,0.0,0.8,1,3.0,1,14.0,25.8,0,0.15,0.1,0.75,9.0,rain,walk,0.7,0.6787532098231681,0.021246790176831842
1.0,0.0,0.0,0.0,0.0,0.8,1,3.0,1,14.0,25.8,0,0.15,0.1,0.75,9.0,rain,walk,0.6,0.6787532098231681,0.07875320982316814
1.0,0.0,0.0,0.0,0.0,0.8,1,3.0,1,14.0,25.8,0,0.15,0.1,0.75,9.0,rain,walk,0.7,0.6787532098231681,0.021246790176831842
1.0,0.0,0.0,0.0,0.0,0.5,1,3.0,0,14.0,25.8,0,0.15,0.1,0.75,9.0,sunny,walk,0.8,0.9150509780792535,0.11505097807925346
0.0,0.0,1.0,0.0,0.0,0.8,0,5.0,0,14.0,25.8,0,0.0,0.1,1.25,15.0,any,bus,0.8,0.8733736115265892,0.07337361152658917
1.0,0.0,0.0,0.0,0.0,0.3,0,0.8,0,14.0,25.8,0,0.0,0.1,0.2,2.4,sunny,walk,1.0,0.9527346589689272,0.04726534103107283
1.0,0.0,0.0,0.0,0.0,0.8,1,3.0,1,14.0,25.8,0,0.15,0.1,0.75,9.0,rain,walk,0.7,0.6787532098231681,0.021246790176831842
0.0,0.0,0.0,0.0,1.0,0.3,0,8.0,0,14.0,25.8,0,0.0,0.1,2.0,24.0,any,car,1.0,0.964540182270085,0.03545981772991502
0.0,1.0,0.0,0.0,0.0,0.3,0,3.0,0,14.0,25.8,0,0.0,0.1,0.75,9.0,sunny,bike,1.0,0.9554693287556876,0.044530671244312425
0.0,1.0,0.0,0.0,0.0,0.3,0,3.0,0,14.0,25.8,0,0.0,0.1,0.75,9.0,sunny,bike,0.9,0.9554693287556876,0.05546932875568755
0.0,1.0,0.0,0.0,0.0,0.3,0,3.0,0,14.0,25.8,0,0.0,0.1,0.75,9.0,sunny,bike,0.9,0.9554693287556876,0.05546932875568755
1.0,0.0,0.0,0.0,0.0,0.8,1,3.0,1,14.0,25.8,0,0.15,0.1,0.75,9.0,rain,walk,0.6,0.6787532098231681,0.07875320982316814
0.0,0.0,1.0,0.0,0.0,0.2,0,5.0,0,14.0,25.8,0,0.0,0.1,1.25,15.0,any,bus,0.9,0.9210293123397663,0.021029312339766237
0.0,1.0,0.0,0.0,0.0,0.3,0,3.0,0,14.0,25.8,0,0.0,0.1,0.75,9.0,sunny,bike,1.0,0.9554693287556876,0.044530671244312425
0.0,0.0,1.0,0.0,0.0,0.2,0,5.0,0,14.0,25.8,0,0.0,0.1,1.25,15.0,any,bus,0.9,0.9210293123397663,0.021029312339766237
0.0,1.0,0.0,0.0,0.0,0.3,0,3.0,0,14.0,25.8,0,0.0,0.1,0.75,9.0,sunny,bike,1.0,0.9554693287556876,0.044530671244312425
0.0,0.0,1.0,0.0,0.0,0.8,0,5.0,0,14.0,25.8,0,0.0,0.1,1.25,15.0,any,bus,0.8,0.8733736115265892,0.07337361152658917
0.0,1.0,0.0,0.0,0.0,0.3,0,3.0,0,14.0,25.8,0,0.0,0.1,0.75,9.0,sunny,bike,1.0,0.9554693287556876,0.044530671244312425
0.0,1.0,0.0,0.0,0.0,0.3,0,2.5,1,14.0,25.8,0,0.0,0.1,0.625,7.5,rain,bike,0.5,0.6966919760994077,0.1966919760994077
0.0,0.0,0.0,0.0,1.0,0.3,0,8.0,0,14.0,25.8,0,0.0,0.1,2.0,24.0,any,car,1.0,0.964540182270085,0.03545981772991502
0.0,0.0,0.0,0.0,1.0,0.3,0,8.0,0,14.0,25.8,0,0.0,0.1,2.0,24.0,any,car,1.0,0.964540182270085,0.03545981772991502
1.0,0.0,0.0,0.0,0.0,0.3,0,0.8,1,14.0,25.8,0,0.0,0.1,0.2,2.4,rain,walk,0.7,0.7402647411194302,0.040264741119430236
1.0,0.0,0.0,0.0,0.0,0.3,0,0.8,1,14.0,25.8,0,0.0,0.1,0.2,2.4,rain,walk,0.8,0.7402647411194302,0.05973525888056985
0.0,0.0,0.0,0.0,1.0,0.3,0,8.0,0,14.0,25.8,0,0.0,0.1,2.0,24.0,any,car,1.0,0.964540182270085,0.03545981772991502
1.0,0.0,0.0,0.0,0.0,0.8,2,5.0,1,14.0,25.8,0,0.3,0.1,1.25,15.0,rain,walk,0.7,0.6384317886151736,0.06156821138482638
0.0,1.0,0.0,0.0,0.0,0.3,0,3.0,0,14.0,25.8,0,0.0,0.1,0.75,9.0,sunny,bike,1.0,0.9554693287556876,0.044530671244312425
1.0,0.0,0.0,0.0,0.0,0.3,0,0.8,1,14.0,25.8,0,0.0,0.1,0.2,2.4,rain,walk,0.8,0.7402647411194302,0.05973525888056985
0.0,1.0,0.0,0.0,0.0,0.3,0,2.5,0,14.0,25.8,0,0.0,0.1,0.625,7.5,sunny,bike,1.0,0.9091618939489046,0.09083810605109544
1.0,0.0,0.0,0.0,0.0,0.3,0,0.8,0,14.0,25.8,0,0.0,0.1,0.2,2.4,sunny,walk,0.9,0.9527346589689272,0.05273465896892715
1.0,0.0,0.0,0.0,0.0,0.3,0,0.8,0,14.0,25.8,0,0.0,0.1,0.2,2.4,sunny,walk,0.8,0.9527346589689272,0.15273465896892713
0.0,1.0,0.0,0.0,0.0,0.3,0,2.5,1,14.0,25.8,0,0.0,0.1,0.625,7.5,rain,bike,0.7,0.6966919760994077,0.0033080239005922607
0.0,1.0,0.0,0.0,0.0,0.3,0,2.5,0,14.0,25.8,0,0.0,0.1,0.625,7.5,sunny,bike,1.0,0.9091618939489046,0.09083810605109544
0.0,0.0,0.0,0.0,1.0,0.3,0,8.0,0,14.0,25.8,0,0.0,0.1,2.0,24.0,any,car,1.0,0.964540182270085,0.03545981772991502
0.0,0.0,0.0,0.0,1.0,0.3,0,8.0,0,14.0,25.8,0,0.0,0.1,2.0,24.0,any,car,1.0,0.964540182270085,0.03545981772991502
0.0,0.0,0.0,0.0,1.0,0.3,0,8.0,0,14.0,25.8,0,0.0,0.1,2.0,24.0,any,car,1.0,0.964540182270085,0.03545981772991502
1.0,0.0,0.0,0.0,0.0,0.8,1,3.0,1,14.0,25.8,0,0.15,0.1,0.75,9.0,rain,walk,0.8,0.6787532098231681,0.12124679017683193
1.0,0.0,0.0,0.0,0.0,0.3,0,0.8,0,14.0,25.8,0,0.0,0.1,0.2,2.4,sunny,walk,1.0,0.9527346589689272,0.04726534103107283
0.0,1.0,0.0,0.0,0.0,0.3,0,2.5,1,14.0,25.8,0,0.0,0.1,0.625,7.5,rain,bike,0.6,0.6966919760994077,0.09669197609940772
0.0,0.0,0.0,0.0,1.0,0.3,0,8.0,0,14.0,25.8,0,0.0,0.1,2.0,24.0,any,car,1.0,0.964540182270085,0.03545981772991502
0.0,1.0,0.0,0.0,0.0,0.3,0,2.5,0,14.0,25.8,0,0.0,0.1,0.625,7.5,sunny,bike,1.0,0.9091618939489046,0.09083810605109544
1.0,0.0,0.0,0.0,0.0,0.5,1,3.0,0,14.0,25.8,0,0.15,0.1,0.75,9.0,sunny,walk,0.9,0.9150509780792535,0.015050978079253485
0.0,1.0,0.0,0.0,0.0,0.3,0,3.0,0,14.0,25.8,0,0.0,0.1,0.75,9.0,sunny,bike,1.0,0.9554693287556876,0.044530671244312425
1.0,0.0,0.0,0.0,0.0,0.8,1,3.0,1,14.0,25.8,0,0.15,0.1,0.75,9.0,rain,walk,0.7,0.6787532098231681,0.021246790176831842
0.0,0.0,0.0,0.0,1.0,0.3,0,8.0,0,14.0,25.8,0,0.0,0.1,2.0,24.0,any,car,1.0,0.964540182270085,0.03545981772991502
0.0,0.0,0.0,0.0,1.0,0.3,0,8.0,0,14.0,25.8,0,0.0,0.1,2.0,24.0,any,car,1.0,0.964540182270085,0.03545981772991502
0.0,1.0,0.0,0.0,0.0,0.3,0,2.5,0,14.0,25.8,0,0.0,0.1,0.625,7.5,sunny,bike,1.0,0.9091618939489046,0.09083810605109544
0.0,1.0,0.0,0.0,0.0,0.3,0,3.0,0,14.0,25.8,0,0.0,0.1,0.75,9.0,sunny,bike,1.0,0.9554693287556876,0.044530671244312425
0.0,1.0,0.0,0.0,0.0,0.3,0,2.5,1,14.0,25.8,0,0.0,0.1,0.625,7.5,rain,bike,0.4,0.6966919760994077,0.2966919760994077
0.0,1.0,0.0,0.0,0.0,0.3,0,2.5,0,14.0,25.8,0,0.0,0.1,0.625,7.5,sunny,bike,1.0,0.9091618939489046,0.09083810605109544
0.0,1.0,0.0,0.0,0.0,0.3,0,2.5,0,14.0,25.8,0,0.0,0.1,0.625,7.5,sunny,bike,1.0,0.9091618939489046,0.09083810605109544
0.0,0.0,0.0,0.0,1.0,0.3,0,8.0,0,14.0,25.8,0,0.0,0.1,2.0,24.0,any,car,1.0,0.964540182270085,0.03545981772991502
