profile_id,archetype,seed,rho,algorithm,raw_hv,nHV
ECO__0000,eco_conscious,1,0.1,PI-NSGA-III,6.403695213960859e-06,0.6112956602157229
ECO__0000,eco_conscious,1,0.1,NSGA-II,6.677840361854859e-06,0.63746550958823
ECO__0000,eco_conscious,0,0.1,PI-NSGA-III,4.442735277605822e-06,0.4241027569155533
ECO__0000,eco_conscious,0,0.1,NSGA-II,5.083147273074975e-06,0.48523637750494464
ECO__0000,eco_conscious,2,0.1,PI-NSGA-III,3.7445968442707444e-06,0.35745858034744826
ECO__0000,eco_conscious,2,0.1,NSGA-II,3.986121154175516e-06,0.3805144500521001
ECO__0000,eco_conscious,3,0.1,PI-NSGA-III,4.908507272721326e-06,0.46856527265855613
ECO__0000,eco_conscious,3,0.1,NSGA-II,5.3463910248428535e-06,0.510365581450158
ECO__0000,eco_conscious,4,0.1,PI-NSGA-III,7.72212909646528e-06,0.7371531352715689
ECO__0000,eco_conscious,4,0.1,NSGA-II,8.17882967539634e-06,0.7807496951624769
ECO__0000,eco_conscious,6,0.1,PI-NSGA-III,8.322691458013033e-06,0.794482716558117
ECO__0000,eco_conscious,6,0.1,NSGA-II,9.566845048418237e-06,0.91324940751468
ECO__0000,eco_conscious,5,0.1,PI-NSGA-III,9.959287939491907e-06,0.9507119394092082
ECO__0000,eco_conscious,5,0.1,NSGA-II,1.0475610462703153e-05,1.0
ECO__0000,eco_conscious,7,0.1,PI-NSGA-III,4.839990615570178e-06,0.46202468417494547
ECO__0000,eco_conscious,7,0.1,NSGA-II,5.012046412393996e-06,0.47844910139019003
ECO__0000,eco_conscious,8,0.1,PI-NSGA-III,4.446177012422106e-06,0.4244313043380198
ECO__0000,eco_conscious,8,0.1,NSGA-II,5.077831447832677e-06,0.48472892972791776
ECO__0000,eco_conscious,9,0.1,PI-NSGA-III,8.323231013277006e-06,0.7945342224122047
ECO__0000,eco_conscious,9,0.1,NSGA-II,8.896361826048396e-06,0.8492451926999924
ECO__0001,eco_conscious,0,0.1,PI-NSGA-III,0.013609599064786235,0.4868477521545006
ECO__0001,eco_conscious,0,0.1,NSGA-II,0.014393411884554282,0.5148866023511466
ECO__0001,eco_conscious,1,0.1,PI-NSGA-III,0.024475088121246946,0.8755321577726105
ECO__0001,eco_conscious,1,0.1,NSGA-II,0.027326316617138666,0.9775273875729782
ECO__0001,eco_conscious,2,0.1,PI-NSGA-III,0.01997504823198069,0.7145550199255835
ECO__0001,eco_conscious,2,0.1,NSGA-II,0.023514331804562447,0.8411636175298394
ECO__0001,eco_conscious,3,0.1,PI-NSGA-III,0.019136340402827627,0.6845524445819752
ECO__0001,eco_conscious,3,0.1,NSGA-II,0.019883708427019402,0.71128757769485
ECO__0001,eco_conscious,4,0.1,PI-NSGA-III,0.018873176507175453,0.6751384456510305
ECO__0001,eco_conscious,4,0.1,NSGA-II,0.01949298409772614,0.6973104384328502
ECO__0001,eco_conscious,5,0.1,PI-NSGA-III,0.01376858356419412,0.4925350061136864
ECO__0001,eco_conscious,5,0.1,NSGA-II,0.015777089062692616,0.5643840284455802
ECO__0001,eco_conscious,7,0.1,PI-NSGA-III,0.004548701633624335,0.16271788426754036
ECO__0001,eco_conscious,7,0.1,NSGA-II,0.005282213681347519,0.18895735612209835
ECO__0001,eco_conscious,6,0.1,PI-NSGA-III,0.02537939585524855,0.9078813978537346
ECO__0001,eco_conscious,6,0.1,NSGA-II,0.02795452788794482,1.0
ECO__0001,eco_conscious,9,0.1,PI-NSGA-III,0.016678840335915237,0.5966418178397447
ECO__0001,eco_conscious,9,0.1,NSGA-II,0.01788771463044713,0.6398861287212464
ECO__0001,eco_conscious,8,0.1,PI-NSGA-III,0.015367713857515116,0.5497397029603325
ECO__0001,eco_conscious,8,0.1,NSGA-II,0.01634404870465003,0.5846655243173782
ECO__0002,eco_conscious,0,0.1,PI-NSGA-III,1.8880629868746548e-05,0.8213757659578417
ECO__0002,eco_conscious,0,0.1,NSGA-II,1.9964193476336325e-05,0.8685147064664606
ECO__0002,eco_conscious,1,0.1,PI-NSGA-III,1.0655808731840653e-05,0.46356626446578036
ECO__0002,eco_conscious,1,0.1,NSGA-II,1.2477359286757286e-05,0.5428103094302035
ECO__0002,eco_conscious,2,0.1,PI-NSGA-III,2.203100685749462e-05,0.9584285724678766
ECO__0002,eco_conscious,2,0.1,NSGA-II,2.298659231409029e-05,1.0
ECO__0002,eco_conscious,3,0.1,PI-NSGA-III,1.8342956025497037e-05,0.797985006862161
ECO__0002,eco_conscious,3,0.1,NSGA-II,1.9378936646131176e-05,0.8430539151404493
ECO__0002,eco_conscious,4,0.1,PI-NSGA-III,1.7706555591404666e-05,0.7702992835763188
ECO__0002,eco_conscious,4,0.1,NSGA-II,1.9533977194600643e-05,0.8497987403999301
ECO__0002,eco_conscious,5,0.1,PI-NSGA-III,1.1567090562125363e-05,0.5032103238301653
ECO__0002,eco_conscious,5,0.1,NSGA-II,1.1810145250439181e-05,0.5137840828716406
ECO__0002,eco_conscious,7,0.1,PI-NSGA-III,1.5236415103177783e-05,0.6628392279719594
ECO__0002,eco_conscious,7,0.1,NSGA-II,1.5966068350677805e-05,0.6945817863090106
ECO__0002,eco_conscious,6,0.1,PI-NSGA-III,1.6690011899703392e-05,0.7260759520876338
ECO__0002,eco_conscious,6,0.1,NSGA-II,1.816351155513273e-05,0.790178522633774
ECO__0002,eco_conscious,8,0.1,PI-NSGA-III,2.0345014076986863e-05,0.8850817815442703
ECO__0002,eco_conscious,8,0.1,NSGA-II,2.0110873744532928e-05,0.8748958292615384
ECO__0002,eco_conscious,9,0.1,PI-NSGA-III,1.6929523076506087e-05,0.7364955555473376
ECO__0002,eco_conscious,9,0.1,NSGA-II,1.7511141706007306e-05,0.7617980719688212
ECO__0003,eco_conscious,0,0.1,PI-NSGA-III,7.242342284180121e-07,0.5189045728630433
ECO__0003,eco_conscious,0,0.1,NSGA-II,8.100247553801998e-07,0.5803723894922721
ECO__0003,eco_conscious,1,0.1,PI-NSGA-III,1.0404866961926041e-06,0.7454954260265592
ECO__0003,eco_conscious,1,0.1,NSGA-II,1.1341163574897185e-06,0.8125798822650019
ECO__0003,eco_conscious,2,0.1,PI-NSGA-III,1.3318185140087544e-06,0.954230951846045
ECO__0003,eco_conscious,2,0.1,NSGA-II,1.345260778458646e-06,0.9638621626049172
ECO__0003,eco_conscious,4,0.1,PI-NSGA-III,1.3344764714431312e-06,0.9561353443934479
ECO__0003,eco_conscious,4,0.1,NSGA-II,1.32613346927345e-06,0.9501576899173396
ECO__0003,eco_conscious,3,0.1,PI-NSGA-III,1.262257059003818e-06,0.9043910579543761
ECO__0003,eco_conscious,3,0.1,NSGA-II,1.3956982965520376e-06,1.0
ECO__0003,eco_conscious,5,0.1,PI-NSGA-III,7.926222283425901e-07,0.5679037011800477
ECO__0003,eco_conscious,5,0.1,NSGA-II,8.817259632382864e-07,0.6317453889687482
ECO__0003,eco_conscious,6,0.1,PI-NSGA-III,9.498200600585909e-07,0.6805339394660338
ECO__0003,eco_conscious,6,0.1,NSGA-II,1.0042819860684197e-06,0.7195552137230653
ECO__0003,eco_conscious,7,0.1,PI-NSGA-III,8.329603332618509e-07,0.5968054380517721
ECO__0003,eco_conscious,7,0.1,NSGA-II,8.390596901908568e-07,0.6011755493745944
ECO__0003,eco_conscious,8,0.1,PI-NSGA-III,7.607631874030046e-07,0.5450771053331582
ECO__0003,eco_conscious,8,0.1,NSGA-II,8.42215090608601e-07,0.6034363534649478
ECO__0003,eco_conscious,9,0.1,PI-NSGA-III,8.12873554985088e-07,0.5824135180169152
ECO__0003,eco_conscious,9,0.1,NSGA-II,9.081329991877245e-07,0.6506656928873492
ECO__0004,eco_conscious,0,0.1,PI-NSGA-III,0.00010933033702702776,0.0018559180887424895
ECO__0004,eco_conscious,0,0.1,NSGA-II,0.00011121691449089848,0.001887943355802135
ECO__0004,eco_conscious,1,0.1,PI-NSGA-III,0.017279544902166134,0.29332590405570835
ECO__0004,eco_conscious,1,0.1,NSGA-II,0.01964077312129783,0.3334085223179422
ECO__0004,eco_conscious,2,0.1,PI-NSGA-III,2.88816494690005e-06,4.902754088189346e-05
ECO__0004,eco_conscious,2,0.1,NSGA-II,2.917267260367974e-06,4.952156213398219e-05
ECO__0004,eco_conscious,3,0.1,PI-NSGA-III,0.05522317791378992,0.9374314357295979
ECO__0004,eco_conscious,3,0.1,NSGA-II,0.05890903143312024,1.0
ECO__0004,eco_conscious,4,0.1,PI-NSGA-III,3.3375431970089075e-06,5.6655883076231516e-05
ECO__0004,eco_conscious,4,0.1,NSGA-II,3.5995698568411547e-06,6.11038709901005e-05
ECO__0004,eco_conscious,5,0.1,PI-NSGA-III,0.0007153131232139442,0.012142673301733764
ECO__0004,eco_conscious,5,0.1,NSGA-II,0.000736430594723373,0.012501149260269996
ECO__0004,eco_conscious,6,0.1,PI-NSGA-III,2.7149632506259063e-06,4.6087385661878004e-05
ECO__0004,eco_conscious,6,0.1,NSGA-II,2.752154508930573e-06,4.671871938779217e-05
ECO__0004,eco_conscious,7,0.1,PI-NSGA-III,2.581204255067248e-06,4.381678313617673e-05
ECO__0004,eco_conscious,7,0.1,NSGA-II,2.727839414238708e-06,4.630596273401031e-05
ECO__0004,eco_conscious,9,0.1,PI-NSGA-III,3.0832533405159057e-06,5.2339229919547066e-05
ECO__0004,eco_conscious,9,0.1,NSGA-II,3.3384343143497364e-06,5.667101008340088e-05
ECO__0004,eco_conscious,8,0.1,PI-NSGA-III,0.026912136247893154,0.45684228026133233
ECO__0004,eco_conscious,8,0.1,NSGA-II,0.028777057906883927,0.48849993297809835
COST_0005,cost_sensitive,0,0.1,PI-NSGA-III,7.955501502086248e-06,0.9107631677697356
COST_0005,cost_sensitive,0,0.1,NSGA-II,8.100448539141978e-06,0.9273570207899499
COST_0005,cost_sensitive,1,0.1,PI-NSGA-III,4.013575747764661e-06,0.45948290766576216
COST_0005,cost_sensitive,1,0.1,NSGA-II,4.763953502343473e-06,0.5453877900424321
COST_0005,cost_sensitive,2,0.1,PI-NSGA-III,7.820118344885357e-06,0.8952642085799702
COST_0005,cost_sensitive,2,0.1,NSGA-II,7.81055581233506e-06,0.8941694689918845
COST_0005,cost_sensitive,3,0.1,PI-NSGA-III,7.603185610371831e-06,0.8704292758699861
COST_0005,cost_sensitive,3,0.1,NSGA-II,8.734983784607333e-06,1.0
COST_0005,cost_sensitive,4,0.1,PI-NSGA-III,3.448407682295362e-06,0.394781234553875
COST_0005,cost_sensitive,4,0.1,NSGA-II,3.821042687563173e-06,0.437441302901622
COST_0005,cost_sensitive,5,0.1,PI-NSGA-III,7.752341518658368e-06,0.8875049696508237
COST_0005,cost_sensitive,5,0.1,NSGA-II,7.810530160893193e-06,0.894166532358858
COST_0005,cost_sensitive,8,0.1,PI-NSGA-III,7.469115765724364e-06,0.855080667566474
COST_0005,cost_sensitive,8,0.1,NSGA-II,7.699152193373901e-06,0.881415739653832
COST_0005,cost_sensitive,6,0.1,PI-NSGA-III,7.890037202919841e-06,0.9032686719835193
COST_0005,cost_sensitive,6,0.1,NSGA-II,8.329154871812871e-06,0.9535398207024027
COST_0005,cost_sensitive,7,0.1,PI-NSGA-III,6.951507134614932e-06,0.7958237022562974
COST_0005,cost_sensitive,7,0.1,NSGA-II,7.475909818169894e-06,0.8558584655124191
COST_0005,cost_sensitive,9,0.1,PI-NSGA-III,4.950683352930573e-06,0.5667650307095702
COST_0005,cost_sensitive,9,0.1,NSGA-II,5.4814368929841025e-06,0.6275268538727473
COST_0006,cost_sensitive,0,0.1,PI-NSGA-III,0.0015716042444020558,0.8607233720256328
COST_0006,cost_sensitive,0,0.1,NSGA-II,0.0018259109668457482,1.0
COST_0006,cost_sensitive,1,0.1,PI-NSGA-III,0.0014260246121327283,0.7809935084601515
COST_0006,cost_sensitive,1,0.1,NSGA-II,0.0015346793966044521,0.8405006730725775
COST_0006,cost_sensitive,2,0.1,PI-NSGA-III,0.000637848237005086,0.3493315110029519
COST_0006,cost_sensitive,2,0.1,NSGA-II,0.0006958659509648767,0.38110617855972545
COST_0006,cost_sensitive,3,0.1,PI-NSGA-III,0.001661996100724083,0.9102284453634519
COST_0006,cost_sensitive,3,0.1,NSGA-II,0.0016607111826573754,0.9095247319349011
COST_0006,cost_sensitive,4,0.1,PI-NSGA-III,0.001462905169640948,0.8011919508693839
COST_0006,cost_sensitive,4,0.1,NSGA-II,0.00148762441971982,0.8147299877877855
COST_0006,cost_sensitive,5,0.1,PI-NSGA-III,0.0015286508550186035,0.837199010672103
COST_0006,cost_sensitive,5,0.1,NSGA-II,0.0015817002546017714,0.8662526724039291
COST_0006,cost_sensitive,6,0.1,PI-NSGA-III,0.0015014986932011837,0.8223285365304612
COST_0006,cost_sensitive,6,0.1,NSGA-II,0.0015754023932119656,0.862803511133659
COST_0006,cost_sensitive,7,0.1,PI-NSGA-III,0.0013922294359355828,0.7624848424787393
COST_0006,cost_sensitive,7,0.1,NSGA-II,0.001556701394398512,0.8525615008971142
COST_0006,cost_sensitive,8,0.1,PI-NSGA-III,0.001369114190081542,0.7498252734889257
COST_0006,cost_sensitive,8,0.1,NSGA-II,0.0014196484343351305,0.777501455499534
COST_0006,cost_sensitive,9,0.1,PI-NSGA-III,0.0014722533933079426,0.8063117096291134
COST_0006,cost_sensitive,9,0.1,NSGA-II,0.0015823331584897593,0.8665992960342593
COST_0007,cost_sensitive,0,0.1,PI-NSGA-III,9.011262788605244,0.30356795561236277
COST_0007,cost_sensitive,0,0.1,NSGA-II,8.93019598744999,0.3008370083886448
COST_0007,cost_sensitive,1,0.1,PI-NSGA-III,4.890098565774896,0.16473576003491502
COST_0007,cost_sensitive,1,0.1,NSGA-II,5.344062904142192,0.18002873609741968
COST_0007,cost_sensitive,2,0.1,PI-NSGA-III,0.0003348789684771866,1.1281273914988228e-05
COST_0007,cost_sensitive,2,0.1,NSGA-II,0.00032478767395227647,1.0941322265560928e-05
COST_0007,cost_sensitive,3,0.1,PI-NSGA-III,13.044548694074308,0.4394397402274588
COST_0007,cost_sensitive,3,0.1,NSGA-II,12.865175752832178,0.43339709355934647
COST_0007,cost_sensitive,4,0.1,PI-NSGA-III,0.00021148051935280368,7.124274412788261e-06
COST_0007,cost_sensitive,4,0.1,NSGA-II,0.0002068185030854406,6.9672222015149905e-06
COST_0007,cost_sensitive,5,0.1,PI-NSGA-III,8.800213659978853,0.296458213724478
COST_0007,cost_sensitive,5,0.1,NSGA-II,9.00832986121879,0.30346915228240207
COST_0007,cost_sensitive,6,0.1,PI-NSGA-III,29.684450386269486,0.9999983496909198
COST_0007,cost_sensitive,6,0.1,NSGA-II,29.684499374868345,1.0
COST_0007,cost_sensitive,7,0.1,PI-NSGA-III,0.00016971170137944865,5.717182534772034e-06
COST_0007,cost_sensitive,7,0.1,NSGA-II,0.0001740251873625903,5.862493591855029e-06
COST_0007,cost_sensitive,9,0.1,PI-NSGA-III,1.88257871686258,0.06341958788284027
COST_0007,cost_sensitive,9,0.1,NSGA-II,2.008528257198195,0.06766252756476217
COST_0007,cost_sensitive,8,0.1,PI-NSGA-III,0.00020392204612516723,6.869647473247025e-06
COST_0007,cost_sensitive,8,0.1,NSGA-II,0.00021651663396993643,7.293929105411997e-06
COST_0008,cost_sensitive,0,0.1,PI-NSGA-III,0.00021370384648068569,0.9840702426698841
COST_0008,cost_sensitive,0,0.1,NSGA-II,0.0002171632036153081,1.0
COST_0008,cost_sensitive,2,0.1,PI-NSGA-III,3.157808603383405e-05,0.14541177100045355
COST_0008,cost_sensitive,2,0.1,NSGA-II,3.3927752439175476e-05,0.1562315893040356
COST_0008,cost_sensitive,3,0.1,PI-NSGA-III,3.9858490015433676e-05,0.18354163758810935
COST_0008,cost_sensitive,3,0.1,NSGA-II,4.415097478167252e-05,0.20330780743078086
COST_0008,cost_sensitive,1,0.1,PI-NSGA-III,9.780249172880056e-05,0.45036401241368657
COST_0008,cost_sensitive,1,0.1,NSGA-II,9.950236816423175e-05,0.45819165727769595
COST_0008,cost_sensitive,4,0.1,PI-NSGA-III,6.584417450343502e-05,0.303201340776286
COST_0008,cost_sensitive,4,0.1,NSGA-II,6.732952078973589e-05,0.3100411104130062
COST_0008,cost_sensitive,6,0.1,PI-NSGA-III,3.274313874177104e-05,0.15077664262023685
COST_0008,cost_sensitive,6,0.1,NSGA-II,3.448196323894685e-05,0.15878363675288942
COST_0008,cost_sensitive,7,0.1,PI-NSGA-III,9.533587062080237e-05,0.4390056373900446
COST_0008,cost_sensitive,7,0.1,NSGA-II,9.809917724363607e-05,0.45173019927175606
COST_0008,cost_sensitive,5,0.1,PI-NSGA-III,3.067635514816356e-05,0.14125945205019597
COST_0008,cost_sensitive,5,0.1,NSGA-II,3.30824277320885e-05,0.15233901131193514
COST_0008,cost_sensitive,8,0.1,PI-NSGA-III,3.382846518790542e-05,0.15577438822384737
COST_0008,cost_sensitive,8,0.1,NSGA-II,3.663916698230828e-05,0.16871719689313674
COST_0008,cost_sensitive,9,0.1,PI-NSGA-III,3.446760100273571e-05,0.15871750107257143
COST_0008,cost_sensitive,9,0.1,NSGA-II,3.6611252490574515e-05,0.16858865535723633
COST_0009,cost_sensitive,1,0.1,PI-NSGA-III,1.3859816824983554e-05,0.6341688903225079
COST_0009,cost_sensitive,1,0.1,NSGA-II,1.632465677278061e-05,0.7469499489941762
COST_0009,cost_sensitive,0,0.1,PI-NSGA-III,6.127196945238109e-06,0.2803556307140244
COST_0009,cost_sensitive,0,0.1,NSGA-II,7.01520082559209e-06,0.3209870793483994
COST_0009,cost_sensitive,2,0.1,PI-NSGA-III,2.0182384960098135e-05,0.9234639126785352
COST_0009,cost_sensitive,2,0.1,NSGA-II,2.0947120288212165e-05,0.9584550933373077
COST_0009,cost_sensitive,3,0.1,PI-NSGA-III,4.596497748970179e-06,0.21031705639715642
COST_0009,cost_sensitive,3,0.1,NSGA-II,5.758625642287905e-06,0.26349130579918706
COST_0009,cost_sensitive,4,0.1,PI-NSGA-III,1.8363816807094587e-05,0.8402536248277446
COST_0009,cost_sensitive,4,0.1,NSGA-II,1.9416989623272698e-05,0.8884425327034657
COST_0009,cost_sensitive,5,0.1,PI-NSGA-III,1.1442546769151199e-05,0.5235644365786648
COST_0009,cost_sensitive,5,0.1,NSGA-II,1.2197591224295956e-05,0.5581122022749753
COST_0009,cost_sensitive,6,0.1,PI-NSGA-III,2.0862149811411812e-05,0.9545671896468693
COST_0009,cost_sensitive,6,0.1,NSGA-II,2.1855087874044274e-05,1.0
COST_0009,cost_sensitive,7,0.1,PI-NSGA-III,2.0379165532335366e-05,0.9324677919295051
COST_0009,cost_sensitive,7,0.1,NSGA-II,2.1027782283179543e-05,0.9621458584091414
COST_0009,cost_sensitive,8,0.1,PI-NSGA-III,1.1854515395052322e-05,0.5424144466209666
COST_0009,cost_sensitive,8,0.1,NSGA-II,1.2411172269288336e-05,0.5678848028805319
COST_0009,cost_sensitive,9,0.1,PI-NSGA-III,1.0625350855122832e-05,0.48617287271316817
COST_0009,cost_sensitive,9,0.1,NSGA-II,1.0373769923619929e-05,0.47466155173597424
TIME_0010,time_sensitive,0,0.1,PI-NSGA-III,2.169709872352294e-05,0.3638296439794354
TIME_0010,time_sensitive,0,0.1,NSGA-II,2.2136359448745792e-05,0.37119542478305567
TIME_0010,time_sensitive,1,0.1,PI-NSGA-III,2.0526454614024942e-05,0.34419959873640377
TIME_0010,time_sensitive,1,0.1,NSGA-II,2.317738903467605e-05,0.38865201787171755
TIME_0010,time_sensitive,2,0.1,PI-NSGA-III,1.5355684959358334e-05,0.25749310831898087
TIME_0010,time_sensitive,2,0.1,NSGA-II,1.658461688068139e-05,0.27810055768847575
TIME_0010,time_sensitive,3,0.1,PI-NSGA-III,1.9883889452881118e-05,0.333424690220221
TIME_0010,time_sensitive,3,0.1,NSGA-II,2.311177504576266e-05,0.3875517641220976
TIME_0010,time_sensitive,5,0.1,PI-NSGA-III,2.1575173451954256e-05,0.36178512970072046
TIME_0010,time_sensitive,5,0.1,NSGA-II,2.278716119565426e-05,0.3821084491876594
TIME_0010,time_sensitive,4,0.1,PI-NSGA-III,1.7611024115189776e-05,0.2953119546345679
TIME_0010,time_sensitive,4,0.1,NSGA-II,1.957904854962703e-05,0.3283129396256098
TIME_0010,time_sensitive,6,0.1,PI-NSGA-III,2.7301862435399366e-05,0.4578136006302885
TIME_0010,time_sensitive,6,0.1,NSGA-II,2.856841168860475e-05,0.47905183942654506
TIME_0010,time_sensitive,7,0.1,PI-NSGA-III,2.9006657526728696e-05,0.4864006020095922
TIME_0010,time_sensitive,7,0.1,NSGA-II,3.211227665530382e-05,0.5384774403133333
TIME_0010,time_sensitive,8,0.1,PI-NSGA-III,5.774386292528154e-05,0.9682828731071608
TIME_0010,time_sensitive,8,0.1,NSGA-II,5.963532406597775e-05,1.0
TIME_0010,time_sensitive,9,0.1,PI-NSGA-III,1.1131503657748351e-05,0.1866595651502283
TIME_0010,time_sensitive,9,0.1,NSGA-II,1.1412966059831957e-05,0.19137929136102594
TIME_0011,time_sensitive,0,0.1,PI-NSGA-III,0.04105033212302963,0.1081656623311421
TIME_0011,time_sensitive,0,0.1,NSGA-II,0.042955085812542565,0.11318459722760958
TIME_0011,time_sensitive,1,0.1,PI-NSGA-III,0.23539727570530278,0.6202605660119902
TIME_0011,time_sensitive,1,0.1,NSGA-II,0.25331110008592217,0.6674626367091578
TIME_0011,time_sensitive,2,0.1,PI-NSGA-III,0.17642183961885133,0.46486311182232687
TIME_0011,time_sensitive,2,0.1,NSGA-II,0.18941428000697197,0.4990975710142062
TIME_0011,time_sensitive,3,0.1,PI-NSGA-III,0.2266028682262589,0.597087722807463
TIME_0011,time_sensitive,3,0.1,NSGA-II,0.2377709843388662,0.6265151747630482
TIME_0011,time_sensitive,4,0.1,PI-NSGA-III,0.3533192156875526,0.9309792394523325
TIME_0011,time_sensitive,4,0.1,NSGA-II,0.37951352803033483,1.0
TIME_0011,time_sensitive,5,0.1,PI-NSGA-III,0.09975039352036909,0.2628375173819784
TIME_0011,time_sensitive,5,0.1,NSGA-II,0.10870751893843819,0.28643911457551285
TIME_0011,time_sensitive,6,0.1,PI-NSGA-III,0.24098329069194283,0.634979448407649
TIME_0011,time_sensitive,6,0.1,NSGA-II,0.2539701858426266,0.6691992961640264
TIME_0011,time_sensitive,8,0.1,PI-NSGA-III,0.1711986492717499,0.4511002550034682
TIME_0011,time_sensitive,8,0.1,NSGA-II,0.17791864408342517,0.4688071200170867
TIME_0011,time_sensitive,7,0.1,PI-NSGA-III,0.24111731662807048,0.6353326003409232
TIME_0011,time_sensitive,7,0.1,NSGA-II,0.24883834877408761,0.6556771508661419
TIME_0011,time_sensitive,9,0.1,PI-NSGA-III,0.10171439914776359,0.2680125783016448
TIME_0011,time_sensitive,9,0.1,NSGA-II,0.10966409391208777,0.2889596438926473
TIME_0012,time_sensitive,0,0.1,PI-NSGA-III,1.336354159656558e-06,0.7228031558828126
TIME_0012,time_sensitive,0,0.1,NSGA-II,1.4508954727147269e-06,0.7847559114148362
TIME_0012,time_sensitive,1,0.1,PI-NSGA-III,6.214814523154776e-07,0.3361449895675165
TIME_0012,time_sensitive,1,0.1,NSGA-II,6.93824607467387e-07,0.37527373434858446
TIME_0012,time_sensitive,2,0.1,PI-NSGA-III,1.19782821096595e-06,0.6478776638927517
TIME_0012,time_sensitive,2,0.1,NSGA-II,1.29648979447498e-06,0.7012414398120408
TIME_0012,time_sensitive,3,0.1,PI-NSGA-III,1.036965717425763e-06,0.5608708497530722
TIME_0012,time_sensitive,3,0.1,NSGA-II,1.1213164633219952e-06,0.606494223537859
TIME_0012,time_sensitive,5,0.1,PI-NSGA-III,1.0254784754010317e-06,0.5546576653753625
TIME_0012,time_sensitive,5,0.1,NSGA-II,1.079293125755756e-06,0.5837647690784119
TIME_0012,time_sensitive,4,0.1,PI-NSGA-III,1.3308810837696719e-06,0.7198428953150271
TIME_0012,time_sensitive,4,0.1,NSGA-II,1.3912563144401603e-06,0.7524984656594912
TIME_0012,time_sensitive,6,0.1,PI-NSGA-III,1.8244739390874903e-06,0.9868158911835905
TIME_0012,time_sensitive,6,0.1,NSGA-II,1.84884937037162e-06,1.0
TIME_0012,time_sensitive,7,0.1,PI-NSGA-III,1.2018679028909877e-06,0.6500626401216295
TIME_0012,time_sensitive,7,0.1,NSGA-II,1.3662568956931723e-06,0.7389768564101865
TIME_0012,time_sensitive,8,0.1,PI-NSGA-III,1.0611129200423544e-06,0.5739315149449249
TIME_0012,time_sensitive,8,0.1,NSGA-II,1.215771044267082e-06,0.6575825287609619
TIME_0012,time_sensitive,9,0.1,PI-NSGA-III,1.03900148019221e-06,0.5619719468998007
TIME_0012,time_sensitive,9,0.1,NSGA-II,1.0432888812338658e-06,0.5642909032790292
TIME_0013,time_sensitive,0,0.1,PI-NSGA-III,5.0999687456450724e-05,0.21766232813056668
TIME_0013,time_sensitive,0,0.1,NSGA-II,5.7629901736254954e-05,0.2459595187237255
TIME_0013,time_sensitive,1,0.1,PI-NSGA-III,0.00015495799307194746,0.6613475340075664
TIME_0013,time_sensitive,1,0.1,NSGA-II,0.0001684535508325066,0.7189454266239121
TIME_0013,time_sensitive,2,0.1,PI-NSGA-III,0.0002024026365248623,0.8638372367161247
TIME_0013,time_sensitive,2,0.1,NSGA-II,0.00020491328007644035,0.8745524498438347
TIME_0013,time_sensitive,3,0.1,PI-NSGA-III,4.756044740390303e-05,0.20298394412131845
TIME_0013,time_sensitive,3,0.1,NSGA-II,5.230072237390669e-05,0.22321503449478589
TIME_0013,time_sensitive,4,0.1,PI-NSGA-III,0.00015159685044925197,0.647002463186113
TIME_0013,time_sensitive,4,0.1,NSGA-II,0.00015499393507413013,0.6615009314157257
TIME_0013,time_sensitive,5,0.1,PI-NSGA-III,0.00023172641894162949,0.9889886458473665
TIME_0013,time_sensitive,5,0.1,NSGA-II,0.00023430645024552943,1.0
TIME_0013,time_sensitive,7,0.1,PI-NSGA-III,4.7479043480704406e-05,0.20263651910116506
TIME_0013,time_sensitive,7,0.1,NSGA-II,5.252870065202864e-05,0.2241880263944244
TIME_0013,time_sensitive,6,0.1,PI-NSGA-III,7.141051765539291e-05,0.3047740153143967
TIME_0013,time_sensitive,6,0.1,NSGA-II,7.281189121922272e-05,0.3107549584867306
TIME_0013,time_sensitive,8,0.1,PI-NSGA-III,0.00012382926284792203,0.5284927611602732
TIME_0013,time_sensitive,8,0.1,NSGA-II,0.00013152667325577185,0.5613446540543174
TIME_0013,time_sensitive,9,0.1,PI-NSGA-III,0.0001225217277577316,0.5229123126117153
TIME_0013,time_sensitive,9,0.1,NSGA-II,0.00012930011078919452,0.5518418748340095
TIME_0014,time_sensitive,0,0.1,PI-NSGA-III,3.1182274359586627e-06,0.9526066187847178
TIME_0014,time_sensitive,0,0.1,NSGA-II,3.27336318525345e-06,1.0
TIME_0014,time_sensitive,1,0.1,PI-NSGA-III,1.690028832705925e-06,0.5162973788913892
TIME_0014,time_sensitive,1,0.1,NSGA-II,1.7879257125162523e-06,0.5462045032371856
TIME_0014,time_sensitive,2,0.1,PI-NSGA-III,2.4208322824250307e-06,0.7395550525315725
TIME_0014,time_sensitive,2,0.1,NSGA-II,2.6057116297829634e-06,0.7960349897994006
TIME_0014,time_sensitive,3,0.1,PI-NSGA-III,1.7068949560192465e-06,0.5214499153985827
TIME_0014,time_sensitive,3,0.1,NSGA-II,1.8256770215441644e-06,0.5577373845251473
TIME_0014,time_sensitive,4,0.1,PI-NSGA-III,2.306193326491902e-06,0.7045332876233646
TIME_0014,time_sensitive,4,0.1,NSGA-II,2.4636386800059637e-06,0.752632244141039
TIME_0014,time_sensitive,5,0.1,PI-NSGA-III,1.902487433072426e-06,0.5812026730315659
TIME_0014,time_sensitive,5,0.1,NSGA-II,1.8041605076519996e-06,0.5511641713879382
TIME_0014,time_sensitive,6,0.1,PI-NSGA-III,1.866487196139115e-06,0.5702047376067733
TIME_0014,time_sensitive,6,0.1,NSGA-II,2.059267854499643e-06,0.629098495326359
TIME_0014,time_sensitive,7,0.1,PI-NSGA-III,1.6185364420458835e-06,0.4944567255284761
TIME_0014,time_sensitive,7,0.1,NSGA-II,1.8148063311224142e-06,0.5544164299574651
TIME_0014,time_sensitive,9,0.1,PI-NSGA-III,2.4867418839896625e-06,0.7596901850648506
TIME_0014,time_sensitive,9,0.1,NSGA-II,2.9315228090888053e-06,0.895569065570041
TIME_0014,time_sensitive,8,0.1,PI-NSGA-III,1.9531458994866638e-06,0.5966786417974074
TIME_0014,time_sensitive,8,0.1,NSGA-II,1.9866319528464307e-06,0.6069085037053747
COMF_0015,comfort_seeker,0,0.1,PI-NSGA-III,6.444078208042875e-06,0.3583551135948472
COMF_0015,comfort_seeker,0,0.1,NSGA-II,6.72732526443379e-06,0.37410647907977973
COMF_0015,comfort_seeker,1,0.1,PI-NSGA-III,1.251070481849523e-05,0.6957201482731649
COMF_0015,comfort_seeker,1,0.1,NSGA-II,1.314684531621556e-05,0.7310959138928821
COMF_0015,comfort_seeker,2,0.1,PI-NSGA-III,1.0287902683987086e-05,0.5721101476346943
COMF_0015,comfort_seeker,2,0.1,NSGA-II,1.0711513274866272e-05,0.5956671276268094
COMF_0015,comfort_seeker,4,0.1,PI-NSGA-III,1.7741953028578507e-05,0.9866297999014589
COMF_0015,comfort_seeker,4,0.1,NSGA-II,1.798238106162059e-05,1.0
COMF_0015,comfort_seeker,3,0.1,PI-NSGA-III,1.360064703724144e-05,0.7563318222784751
COMF_0015,comfort_seeker,3,0.1,NSGA-II,1.4176713948849863e-05,0.7883668964788495
COMF_0015,comfort_seeker,5,0.1,PI-NSGA-III,7.863544142646243e-06,0.43729159757543096
COMF_0015,comfort_seeker,5,0.1,NSGA-II,9.016711978140125e-06,0.5014192473867823
COMF_0015,comfort_seeker,6,0.1,PI-NSGA-III,8.489906049400711e-06,0.47212357586618686
COMF_0015,comfort_seeker,6,0.1,NSGA-II,8.958587941479766e-06,0.4981869703895825
COMF_0015,comfort_seeker,7,0.1,PI-NSGA-III,8.663633508234783e-06,0.48178455781505986
COMF_0015,comfort_seeker,7,0.1,NSGA-II,9.59375122807311e-06,0.5335083933099853
COMF_0015,comfort_seeker,8,0.1,PI-NSGA-III,7.231858395443963e-06,0.40216356057979236
COMF_0015,comfort_seeker,8,0.1,NSGA-II,8.608550769130811e-06,0.4787214073393126
COMF_0015,comfort_seeker,9,0.1,PI-NSGA-III,1.297993858490651e-05,0.721814232521705
COMF_0015,comfort_seeker,9,0.1,NSGA-II,1.4853661091925218e-05,0.8260119191683167
COMF_0016,comfort_seeker,0,0.1,PI-NSGA-III,1.1425632634998141e-05,0.9121253991487971
COMF_0016,comfort_seeker,0,0.1,NSGA-II,1.2526383593375029e-05,1.0
COMF_0016,comfort_seeker,1,0.1,PI-NSGA-III,7.049989848273334e-06,0.5628112691680576
COMF_0016,comfort_seeker,1,0.1,NSGA-II,7.302108264946211e-06,0.5829382607130249
COMF_0016,comfort_seeker,2,0.1,PI-NSGA-III,6.358953270175716e-06,0.5076447821331966
COMF_0016,comfort_seeker,2,0.1,NSGA-II,6.311497398076776e-06,0.5038563086487954
COMF_0016,comfort_seeker,3,0.1,PI-NSGA-III,9.616790993320589e-06,0.7677228564520993
COMF_0016,comfort_seeker,3,0.1,NSGA-II,1.0387311813089165e-05,0.8292346897777281
COMF_0016,comfort_seeker,4,0.1,PI-NSGA-III,8.2004678179025e-06,0.6546556519504619
COMF_0016,comfort_seeker,4,0.1,NSGA-II,8.889013259329794e-06,0.709623267806602
COMF_0016,comfort_seeker,5,0.1,PI-NSGA-III,1.0461742904032329e-05,0.8351766354628761
COMF_0016,comfort_seeker,5,0.1,NSGA-II,9.945635113260845e-06,0.793974976027471
COMF_0016,comfort_seeker,6,0.1,PI-NSGA-III,4.48057302131479e-06,0.3576908680718098
COMF_0016,comfort_seeker,6,0.1,NSGA-II,4.975708295843262e-06,0.39721826006308963
COMF_0016,comfort_seeker,7,0.1,PI-NSGA-III,1.0941335307929093e-05,0.873463216767189
COMF_0016,comfort_seeker,7,0.1,NSGA-II,1.1990138402453137e-05,0.9571907416913608
COMF_0016,comfort_seeker,9,0.1,PI-NSGA-III,5.177528245634745e-06,0.4133298495164273
COMF_0016,comfort_seeker,9,0.1,NSGA-II,6.035998397293725e-06,0.4818628099881958
COMF_0016,comfort_seeker,8,0.1,PI-NSGA-III,2.7845762610922535e-06,0.22229690160254745
COMF_0016,comfort_seeker,8,0.1,NSGA-II,3.098507430110591e-06,0.24735849792667483
COMF_0017,comfort_seeker,0,0.1,PI-NSGA-III,8.359801217862599e-06,0.6614753677049138
COMF_0017,comfort_seeker,0,0.1,NSGA-II,8.765251850263478e-06,0.6935569446663972
COMF_0017,comfort_seeker,1,0.1,PI-NSGA-III,6.555634905968359e-06,0.5187193925973875
COMF_0017,comfort_seeker,1,0.1,NSGA-II,7.256332605045074e-06,0.5741626090169835
COMF_0017,comfort_seeker,2,0.1,PI-NSGA-III,8.143539964010009e-06,0.6443635382864337
COMF_0017,comfort_seeker,2,0.1,NSGA-II,9.155652989122056e-06,0.7244477194765812
COMF_0017,comfort_seeker,4,0.1,PI-NSGA-III,4.985933107262106e-06,0.394515593077887
COMF_0017,comfort_seeker,4,0.1,NSGA-II,5.474712961803549e-06,0.43319065550864405
COMF_0017,comfort_seeker,3,0.1,PI-NSGA-III,8.323048004953807e-06,0.6585672429314164
COMF_0017,comfort_seeker,3,0.1,NSGA-II,8.940858581232583e-06,0.7074519553146223
COMF_0017,comfort_seeker,5,0.1,PI-NSGA-III,5.107727491739818e-06,0.404152662567607
COMF_0017,comfort_seeker,5,0.1,NSGA-II,5.824499960586353e-06,0.4608678068676821
COMF_0017,comfort_seeker,6,0.1,PI-NSGA-III,1.198494721296232e-05,0.9483176881860317
COMF_0017,comfort_seeker,6,0.1,NSGA-II,1.2638114170249696e-05,1.0
COMF_0017,comfort_seeker,7,0.1,PI-NSGA-III,7.547326939102265e-06,0.5971877479053626
COMF_0017,comfort_seeker,7,0.1,NSGA-II,8.15519580478002e-06,0.645285815187322
COMF_0017,comfort_seeker,8,0.1,PI-NSGA-III,7.439847875508196e-06,0.588683388619934
COMF_0017,comfort_seeker,8,0.1,NSGA-II,8.366253780610502e-06,0.6619859314378395
COMF_0017,comfort_seeker,9,0.1,PI-NSGA-III,9.272679916646687e-06,0.7337075604582454
COMF_0017,comfort_seeker,9,0.1,NSGA-II,9.875083136078314e-06,0.781373154495186
COMF_0018,comfort_seeker,0,0.1,PI-NSGA-III,1.1159349025569984e-05,0.7947825686340897
COMF_0018,comfort_seeker,0,0.1,NSGA-II,1.1679795592387422e-05,0.8318494135068648
COMF_0018,comfort_seeker,1,0.1,PI-NSGA-III,1.1618954069058084e-05,0.8275162053528315
COMF_0018,comfort_seeker,1,0.1,NSGA-II,1.1035332070427247e-05,0.7859499284920283
COMF_0018,comfort_seeker,2,0.1,PI-NSGA-III,5.251008684769326e-06,0.373983299638548
COMF_0018,comfort_seeker,2,0.1,NSGA-II,6.296007026203125e-06,0.4484093673347948
COMF_0018,comfort_seeker,3,0.1,PI-NSGA-III,7.868470545917922e-06,0.5604021540483096
COMF_0018,comfort_seeker,3,0.1,NSGA-II,8.265974625550595e-06,0.5887128837090703
COMF_0018,comfort_seeker,4,0.1,PI-NSGA-III,1.1920025518870123e-05,0.8489588844621337
COMF_0018,comfort_seeker,4,0.1,NSGA-II,1.2358103156551881e-05,0.8801593128509285
COMF_0018,comfort_seeker,5,0.1,PI-NSGA-III,7.737058384057973e-06,0.5510428181844084
COMF_0018,comfort_seeker,5,0.1,NSGA-II,8.114303873959807e-06,0.5779107061573352
COMF_0018,comfort_seeker,6,0.1,PI-NSGA-III,1.3116176200316068e-05,0.9341502077996048
COMF_0018,comfort_seeker,6,0.1,NSGA-II,1.404075714034393e-05,1.0
COMF_0018,comfort_seeker,7,0.1,PI-NSGA-III,6.771498124995371e-06,0.48227442845931184
COMF_0018,comfort_seeker,7,0.1,NSGA-II,8.304102965076783e-06,0.5914284309651817
COMF_0018,comfort_seeker,8,0.1,PI-NSGA-III,6.140795935462271e-06,0.4373550424725779
COMF_0018,comfort_seeker,8,0.1,NSGA-II,6.918469434888176e-06,0.4927419059908835
COMF_0018,comfort_seeker,9,0.1,PI-NSGA-III,7.399585913786198e-06,0.527007613608289
COMF_0018,comfort_seeker,9,0.1,NSGA-II,8.36091113574079e-06,0.595474378779547
COMF_0019,comfort_seeker,0,0.1,PI-NSGA-III,7.168916857617707e-07,0.9508783132288066
COMF_0019,comfort_seeker,0,0.1,NSGA-II,7.492780033418734e-07,0.9938352168223211
COMF_0019,comfort_seeker,1,0.1,PI-NSGA-III,7.203263932026189e-07,0.9554340765088866
COMF_0019,comfort_seeker,1,0.1,NSGA-II,7.539257923839804e-07,1.0
COMF_0019,comfort_seeker,2,0.1,PI-NSGA-III,5.784585756827706e-07,0.7672619527362675
COMF_0019,comfort_seeker,2,0.1,NSGA-II,6.084496351580907e-07,0.807041808762264
COMF_0019,comfort_seeker,3,0.1,PI-NSGA-III,4.084692551024446e-07,0.5417897347838817
COMF_0019,comfort_seeker,3,0.1,NSGA-II,4.2046431463316446e-07,0.5576998676535775
COMF_0019,comfort_seeker,4,0.1,PI-NSGA-III,2.7578115866532407e-07,0.36579350574183106
COMF_0019,comfort_seeker,4,0.1,NSGA-II,2.8347492502881967e-07,0.37599844426657264
COMF_0019,comfort_seeker,5,0.1,PI-NSGA-III,3.4933591798374474e-07,0.4633558388805263
COMF_0019,comfort_seeker,5,0.1,NSGA-II,4.453824556073726e-07,0.5907510528311197
COMF_0019,comfort_seeker,6,0.1,PI-NSGA-III,3.261325107876113e-07,0.43257906027641163
COMF_0019,comfort_seeker,6,0.1,NSGA-II,3.510063676387298e-07,0.46557150741429926
COMF_0019,comfort_seeker,7,0.1,PI-NSGA-III,4.7098506011369997e-07,0.6247101039273418
COMF_0019,comfort_seeker,7,0.1,NSGA-II,5.062312882009789e-07,0.6714603656153354
COMF_0019,comfort_seeker,8,0.1,PI-NSGA-III,7.066888921925675e-07,0.9373454248832028
COMF_0019,comfort_seeker,8,0.1,NSGA-II,7.25694285420931e-07,0.962553997690172
COMF_0019,comfort_seeker,9,0.1,PI-NSGA-III,7.111876376582566e-07,0.9433125180787595
COMF_0019,comfort_seeker,9,0.1,NSGA-II,7.144269483519295e-07,0.9476091089719161
ECO__0000,eco_conscious,0,0.2,PI-NSGA-III,4.442735277605822e-06,0.4241027569155533
ECO__0000,eco_conscious,0,0.2,NSGA-II,5.083147273074975e-06,0.48523637750494464
ECO__0000,eco_conscious,1,0.2,PI-NSGA-III,6.403695213960859e-06,0.6112956602157229
ECO__0000,eco_conscious,1,0.2,NSGA-II,6.677840361854859e-06,0.63746550958823
ECO__0000,eco_conscious,2,0.2,PI-NSGA-III,3.7445968442707444e-06,0.35745858034744826
ECO__0000,eco_conscious,2,0.2,NSGA-II,3.986121154175516e-06,0.3805144500521001
ECO__0000,eco_conscious,3,0.2,PI-NSGA-III,4.908507272721326e-06,0.46856527265855613
ECO__0000,eco_conscious,3,0.2,NSGA-II,5.3463910248428535e-06,0.510365581450158
ECO__0000,eco_conscious,4,0.2,PI-NSGA-III,7.72212909646528e-06,0.7371531352715689
ECO__0000,eco_conscious,4,0.2,NSGA-II,8.17882967539634e-06,0.7807496951624769
ECO__0000,eco_conscious,5,0.2,PI-NSGA-III,9.959287939491907e-06,0.9507119394092082
ECO__0000,eco_conscious,5,0.2,NSGA-II,1.0475610462703153e-05,1.0
ECO__0000,eco_conscious,6,0.2,PI-NSGA-III,8.322691458013033e-06,0.794482716558117
ECO__0000,eco_conscious,6,0.2,NSGA-II,9.566845048418237e-06,0.91324940751468
ECO__0000,eco_conscious,7,0.2,PI-NSGA-III,4.839990615570178e-06,0.46202468417494547
ECO__0000,eco_conscious,7,0.2,NSGA-II,5.012046412393996e-06,0.47844910139019003
ECO__0000,eco_conscious,8,0.2,PI-NSGA-III,4.446177012422106e-06,0.4244313043380198
ECO__0000,eco_conscious,8,0.2,NSGA-II,5.077831447832677e-06,0.48472892972791776
ECO__0000,eco_conscious,9,0.2,PI-NSGA-III,8.323231013277006e-06,0.7945342224122047
ECO__0000,eco_conscious,9,0.2,NSGA-II,8.896361826048396e-06,0.8492451926999924
ECO__0001,eco_conscious,0,0.2,PI-NSGA-III,0.023078546443344897,0.5629854370468573
ECO__0001,eco_conscious,0,0.2,NSGA-II,0.023210099944853457,0.5661945952026214
ECO__0001,eco_conscious,1,0.2,PI-NSGA-III,0.02390299562624034,0.583097313879948
ECO__0001,eco_conscious,1,0.2,NSGA-II,0.024958550887755136,0.6088468662484153
ECO__0001,eco_conscious,2,0.2,PI-NSGA-III,0.024201061376385665,0.5903684250405321
ECO__0001,eco_conscious,2,0.2,NSGA-II,0.024312587525938983,0.5930890295726488
ECO__0001,eco_conscious,3,0.2,PI-NSGA-III,0.01916136132108793,0.4674283713771851
ECO__0001,eco_conscious,3,0.2,NSGA-II,0.019883708427019402,0.48504953751651253
ECO__0001,eco_conscious,4,0.2,PI-NSGA-III,0.01437018793696123,0.3505509567509416
ECO__0001,eco_conscious,4,0.2,NSGA-II,0.014928382615857997,0.3641677361277272
ECO__0001,eco_conscious,5,0.2,PI-NSGA-III,0.009189108887300292,0.22416205871924558
ECO__0001,eco_conscious,5,0.2,NSGA-II,0.01051271014220442,0.25645041070871205
ECO__0001,eco_conscious,6,0.2,PI-NSGA-III,0.012524552268861103,0.30552793046176857
ECO__0001,eco_conscious,6,0.2,NSGA-II,0.012645652340057257,0.30848208429793583
ECO__0001,eco_conscious,7,0.2,PI-NSGA-III,0.002807730768678449,0.06849268162511037
ECO__0001,eco_conscious,7,0.2,NSGA-II,0.003171068293272921,0.07735605331021615
ECO__0001,eco_conscious,8,0.2,PI-NSGA-III,0.015236635248332082,0.37168734935121556
ECO__0001,eco_conscious,8,0.2,NSGA-II,0.015045450897358181,0.36702353719763
ECO__0001,eco_conscious,9,0.2,PI-NSGA-III,0.04067845502701543,0.9923232313610124
ECO__0001,eco_conscious,9,0.2,NSGA-II,0.04099314995500331,1.0
ECO__0002,eco_conscious,0,0.2,PI-NSGA-III,1.8880629868746548e-05,0.8213757659578417
ECO__0002,eco_conscious,0,0.2,NSGA-II,1.9964193476336325e-05,0.8685147064664606
ECO__0002,eco_conscious,1,0.2,PI-NSGA-III,1.0655808731840653e-05,0.46356626446578036
ECO__0002,eco_conscious,1,0.2,NSGA-II,1.2477359286757286e-05,0.5428103094302035
ECO__0002,eco_conscious,2,0.2,PI-NSGA-III,2.203100685749462e-05,0.9584285724678766
ECO__0002,eco_conscious,2,0.2,NSGA-II,2.298659231409029e-05,1.0
ECO__0002,eco_conscious,3,0.2,PI-NSGA-III,1.8342956025497037e-05,0.797985006862161
ECO__0002,eco_conscious,3,0.2,NSGA-II,1.9378936646131176e-05,0.8430539151404493
ECO__0002,eco_conscious,4,0.2,PI-NSGA-III,1.7706555591404666e-05,0.7702992835763188
ECO__0002,eco_conscious,4,0.2,NSGA-II,1.9533977194600643e-05,0.8497987403999301
ECO__0002,eco_conscious,5,0.2,PI-NSGA-III,1.1567090562125363e-05,0.5032103238301653
ECO__0002,eco_conscious,5,0.2,NSGA-II,1.1810145250439181e-05,0.5137840828716406
ECO__0002,eco_conscious,6,0.2,PI-NSGA-III,1.6690011899703392e-05,0.7260759520876338
ECO__0002,eco_conscious,6,0.2,NSGA-II,1.816351155513273e-05,0.790178522633774
ECO__0002,eco_conscious,7,0.2,PI-NSGA-III,1.5236415103177783e-05,0.6628392279719594
ECO__0002,eco_conscious,7,0.2,NSGA-II,1.5966068350677805e-05,0.6945817863090106
ECO__0002,eco_conscious,8,0.2,PI-NSGA-III,2.0345014076986863e-05,0.8850817815442703
ECO__0002,eco_conscious,8,0.2,NSGA-II,2.0110873744532928e-05,0.8748958292615384
ECO__0002,eco_conscious,9,0.2,PI-NSGA-III,1.6929523076506087e-05,0.7364955555473376
ECO__0002,eco_conscious,9,0.2,NSGA-II,1.7511141706007306e-05,0.7617980719688212
ECO__0003,eco_conscious,0,0.2,PI-NSGA-III,7.242342284180121e-07,0.5189045728630433
ECO__0003,eco_conscious,0,0.2,NSGA-II,8.100247553801998e-07,0.5803723894922721
ECO__0003,eco_conscious,1,0.2,PI-NSGA-III,1.0404866961926041e-06,0.7454954260265592
ECO__0003,eco_conscious,1,0.2,NSGA-II,1.1341163574897185e-06,0.8125798822650019
ECO__0003,eco_conscious,2,0.2,PI-NSGA-III,1.3318185140087544e-06,0.954230951846045
ECO__0003,eco_conscious,2,0.2,NSGA-II,1.345260778458646e-06,0.9638621626049172
ECO__0003,eco_conscious,3,0.2,PI-NSGA-III,1.262257059003818e-06,0.9043910579543761
ECO__0003,eco_conscious,3,0.2,NSGA-II,1.3956982965520376e-06,1.0
ECO__0003,eco_conscious,4,0.2,PI-NSGA-III,1.3344764714431312e-06,0.9561353443934479
ECO__0003,eco_conscious,4,0.2,NSGA-II,1.32613346927345e-06,0.9501576899173396
ECO__0003,eco_conscious,5,0.2,PI-NSGA-III,7.926222283425901e-07,0.5679037011800477
ECO__0003,eco_conscious,5,0.2,NSGA-II,8.817259632382864e-07,0.6317453889687482
ECO__0003,eco_conscious,6,0.2,PI-NSGA-III,9.498200600585909e-07,0.6805339394660338
ECO__0003,eco_conscious,6,0.2,NSGA-II,1.0042819860684197e-06,0.7195552137230653
ECO__0003,eco_conscious,7,0.2,PI-NSGA-III,8.329603332618509e-07,0.5968054380517721
ECO__0003,eco_conscious,7,0.2,NSGA-II,8.390596901908568e-07,0.6011755493745944
ECO__0003,eco_conscious,8,0.2,PI-NSGA-III,7.607631874030046e-07,0.5450771053331582
ECO__0003,eco_conscious,8,0.2,NSGA-II,8.42215090608601e-07,0.6034363534649478
ECO__0003,eco_conscious,9,0.2,PI-NSGA-III,8.12873554985088e-07,0.5824135180169152
ECO__0003,eco_conscious,9,0.2,NSGA-II,9.081329991877245e-07,0.6506656928873492
ECO__0004,eco_conscious,0,0.2,PI-NSGA-III,0.00010677381441513016,0.0018125202845399194
ECO__0004,eco_conscious,0,0.2,NSGA-II,0.0001124305335167913,0.0019085449341402654
ECO__0004,eco_conscious,1,0.2,PI-NSGA-III,0.018651495064939495,0.31661520502360735
ECO__0004,eco_conscious,1,0.2,NSGA-II,0.01964077312129783,0.3334085223179422
ECO__0004,eco_conscious,2,0.2,PI-NSGA-III,0.001432323101966317,0.024314151279035058
ECO__0004,eco_conscious,2,0.2,NSGA-II,0.0015251787366285948,0.02589040592799661
ECO__0004,eco_conscious,3,0.2,PI-NSGA-III,0.0553514143039345,0.9396082902292371
ECO__0004,eco_conscious,3,0.2,NSGA-II,0.05890903143312024,1.0
ECO__0004,eco_conscious,4,0.2,PI-NSGA-III,3.2533542604957126e-06,5.522674845179324e-05
ECO__0004,eco_conscious,4,0.2,NSGA-II,3.5995698568411547e-06,6.11038709901005e-05
ECO__0004,eco_conscious,5,0.2,PI-NSGA-III,0.006438176821921415,0.10929014898557131
ECO__0004,eco_conscious,5,0.2,NSGA-II,0.006391708937760139,0.10850134151359597
ECO__0004,eco_conscious,6,0.2,PI-NSGA-III,0.005911229149292976,0.10034504057334617
ECO__0004,eco_conscious,6,0.2,NSGA-II,0.006937462222537804,0.11776568131855884
ECO__0004,eco_conscious,7,0.2,PI-NSGA-III,2.5783138508455727e-06,4.3767717582876017e-05
ECO__0004,eco_conscious,7,0.2,NSGA-II,2.727839414238708e-06,4.630596273401031e-05
ECO__0004,eco_conscious,8,0.2,PI-NSGA-III,0.026775022995423066,0.45451473813180754
ECO__0004,eco_conscious,8,0.2,NSGA-II,0.028777057906883927,0.48849993297809835
ECO__0004,eco_conscious,9,0.2,PI-NSGA-III,0.0018926396199845995,0.032128174134611664
ECO__0004,eco_conscious,9,0.2,NSGA-II,0.0020557378423259457,0.034896819593101557
COST_0005,cost_sensitive,0,0.2,PI-NSGA-III,7.955501502086248e-06,0.9107631677697356
COST_0005,cost_sensitive,0,0.2,NSGA-II,8.100448539141978e-06,0.9273570207899499
COST_0005,cost_sensitive,1,0.2,PI-NSGA-III,4.013575747764661e-06,0.45948290766576216
COST_0005,cost_sensitive,1,0.2,NSGA-II,4.763953502343473e-06,0.5453877900424321
COST_0005,cost_sensitive,2,0.2,PI-NSGA-III,7.820118344885357e-06,0.8952642085799702
COST_0005,cost_sensitive,2,0.2,NSGA-II,7.81055581233506e-06,0.8941694689918845
COST_0005,cost_sensitive,3,0.2,PI-NSGA-III,7.603185610371831e-06,0.8704292758699861
COST_0005,cost_sensitive,3,0.2,NSGA-II,8.734983784607333e-06,1.0
COST_0005,cost_sensitive,4,0.2,PI-NSGA-III,3.448407682295362e-06,0.394781234553875
COST_0005,cost_sensitive,4,0.2,NSGA-II,3.821042687563173e-06,0.437441302901622
COST_0005,cost_sensitive,5,0.2,PI-NSGA-III,7.752341518658368e-06,0.8875049696508237
COST_0005,cost_sensitive,5,0.2,NSGA-II,7.810530160893193e-06,0.894166532358858
COST_0005,cost_sensitive,6,0.2,PI-NSGA-III,7.890037202919841e-06,0.9032686719835193
COST_0005,cost_sensitive,6,0.2,NSGA-II,8.329154871812871e-06,0.9535398207024027
COST_0005,cost_sensitive,7,0.2,PI-NSGA-III,6.951507134614932e-06,0.7958237022562974
COST_0005,cost_sensitive,7,0.2,NSGA-II,7.475909818169894e-06,0.8558584655124191
COST_0005,cost_sensitive,8,0.2,PI-NSGA-III,7.469115765724364e-06,0.855080667566474
COST_0005,cost_sensitive,8,0.2,NSGA-II,7.699152193373901e-06,0.881415739653832
COST_0005,cost_sensitive,9,0.2,PI-NSGA-III,4.950683352930573e-06,0.5667650307095702
COST_0005,cost_sensitive,9,0.2,NSGA-II,5.4814368929841025e-06,0.6275268538727473
COST_0006,cost_sensitive,0,0.2,PI-NSGA-III,0.0015716042444020558,0.8607233720256328
COST_0006,cost_sensitive,0,0.2,NSGA-II,0.0018259109668457482,1.0
COST_0006,cost_sensitive,1,0.2,PI-NSGA-III,0.0014260246121327283,0.7809935084601515
COST_0006,cost_sensitive,1,0.2,NSGA-II,0.0015346793966044521,0.8405006730725775
COST_0006,cost_sensitive,2,0.2,PI-NSGA-III,0.000637848237005086,0.3493315110029519
COST_0006,cost_sensitive,2,0.2,NSGA-II,0.0006958659509648767,0.38110617855972545
COST_0006,cost_sensitive,3,0.2,PI-NSGA-III,0.001661996100724083,0.9102284453634519
COST_0006,cost_sensitive,3,0.2,NSGA-II,0.0016607111826573754,0.9095247319349011
COST_0006,cost_sensitive,4,0.2,PI-NSGA-III,0.001462905169640948,0.8011919508693839
COST_0006,cost_sensitive,4,0.2,NSGA-II,0.00148762441971982,0.8147299877877855
COST_0006,cost_sensitive,5,0.2,PI-NSGA-III,0.0015286508550186035,0.837199010672103
COST_0006,cost_sensitive,5,0.2,NSGA-II,0.0015817002546017714,0.8662526724039291
COST_0006,cost_sensitive,6,0.2,PI-NSGA-III,0.0015014986932011837,0.8223285365304612
COST_0006,cost_sensitive,6,0.2,NSGA-II,0.0015754023932119656,0.862803511133659
COST_0006,cost_sensitive,7,0.2,PI-NSGA-III,0.0013922294359355828,0.7624848424787393
COST_0006,cost_sensitive,7,0.2,NSGA-II,0.001556701394398512,0.8525615008971142
COST_0006,cost_sensitive,8,0.2,PI-NSGA-III,0.001369114190081542,0.7498252734889257
COST_0006,cost_sensitive,8,0.2,NSGA-II,0.0014196484343351305,0.777501455499534
COST_0006,cost_sensitive,9,0.2,PI-NSGA-III,0.0014722533933079426,0.8063117096291134
COST_0006,cost_sensitive,9,0.2,NSGA-II,0.0015823331584897593,0.8665992960342593
COST_0007,cost_sensitive,0,0.2,PI-NSGA-III,9.011262788605244,0.30356795561236277
COST_0007,cost_sensitive,0,0.2,NSGA-II,8.93019598744999,0.3008370083886448
COST_0007,cost_sensitive,1,0.2,PI-NSGA-III,4.890098565774896,0.16473576003491502
COST_0007,cost_sensitive,1,0.2,NSGA-II,5.344062904142192,0.18002873609741968
COST_0007,cost_sensitive,2,0.2,PI-NSGA-III,0.0003348789684771866,1.1281273914988228e-05
COST_0007,cost_sensitive,2,0.2,NSGA-II,0.00032478767395227647,1.0941322265560928e-05
COST_0007,cost_sensitive,3,0.2,PI-NSGA-III,13.044548694074308,0.4394397402274588
COST_0007,cost_sensitive,3,0.2,NSGA-II,12.865175752832178,0.43339709355934647
COST_0007,cost_sensitive,4,0.2,PI-NSGA-III,0.00021148051935280368,7.124274412788261e-06
COST_0007,cost_sensitive,4,0.2,NSGA-II,0.0002068185030854406,6.9672222015149905e-06
COST_0007,cost_sensitive,5,0.2,PI-NSGA-III,8.800213659978853,0.296458213724478
COST_0007,cost_sensitive,5,0.2,NSGA-II,9.00832986121879,0.30346915228240207
COST_0007,cost_sensitive,6,0.2,PI-NSGA-III,29.684450386269486,0.9999983496909198
COST_0007,cost_sensitive,6,0.2,NSGA-II,29.684499374868345,1.0
COST_0007,cost_sensitive,7,0.2,PI-NSGA-III,0.00017024097520210721,5.735012507781673e-06
COST_0007,cost_sensitive,7,0.2,NSGA-II,0.0001740251873625903,5.862493591855029e-06
COST_0007,cost_sensitive,8,0.2,PI-NSGA-III,0.00020392204612516723,6.869647473247025e-06
COST_0007,cost_sensitive,8,0.2,NSGA-II,0.00021651663396993643,7.293929105411997e-06
COST_0007,cost_sensitive,9,0.2,PI-NSGA-III,1.88257871686258,0.06341958788284027
COST_0007,cost_sensitive,9,0.2,NSGA-II,2.008528257198195,0.06766252756476217
COST_0008,cost_sensitive,0,0.2,PI-NSGA-III,0.00021370384648068569,0.9840702426698841
COST_0008,cost_sensitive,0,0.2,NSGA-II,0.0002171632036153081,1.0
COST_0008,cost_sensitive,1,0.2,PI-NSGA-III,9.780249172880056e-05,0.45036401241368657
COST_0008,cost_sensitive,1,0.2,NSGA-II,9.950236816423175e-05,0.45819165727769595
COST_0008,cost_sensitive,2,0.2,PI-NSGA-III,3.157808603383405e-05,0.14541177100045355
COST_0008,cost_sensitive,2,0.2,NSGA-II,3.3927752439175476e-05,0.1562315893040356
COST_0008,cost_sensitive,3,0.2,PI-NSGA-III,3.9858490015433676e-05,0.18354163758810935
COST_0008,cost_sensitive,3,0.2,NSGA-II,4.415097478167252e-05,0.20330780743078086
COST_0008,cost_sensitive,4,0.2,PI-NSGA-III,6.584417450343502e-05,0.303201340776286
COST_0008,cost_sensitive,4,0.2,NSGA-II,6.732952078973589e-05,0.3100411104130062
COST_0008,cost_sensitive,5,0.2,PI-NSGA-III,3.067635514816356e-05,0.14125945205019597
COST_0008,cost_sensitive,5,0.2,NSGA-II,3.30824277320885e-05,0.15233901131193514
COST_0008,cost_sensitive,6,0.2,PI-NSGA-III,3.274313874177104e-05,0.15077664262023685
COST_0008,cost_sensitive,6,0.2,NSGA-II,3.448196323894685e-05,0.15878363675288942
COST_0008,cost_sensitive,7,0.2,PI-NSGA-III,9.533587062080237e-05,0.4390056373900446
COST_0008,cost_sensitive,7,0.2,NSGA-II,9.809917724363607e-05,0.45173019927175606
COST_0008,cost_sensitive,8,0.2,PI-NSGA-III,3.382846518790542e-05,0.15577438822384737
COST_0008,cost_sensitive,8,0.2,NSGA-II,3.663916698230828e-05,0.16871719689313674
COST_0008,cost_sensitive,9,0.2,PI-NSGA-III,3.446760100273571e-05,0.15871750107257143
COST_0008,cost_sensitive,9,0.2,NSGA-II,3.6611252490574515e-05,0.16858865535723633
COST_0009,cost_sensitive,0,0.2,PI-NSGA-III,6.127196945238109e-06,0.2803556307140244
COST_0009,cost_sensitive,0,0.2,NSGA-II,7.01520082559209e-06,0.3209870793483994
COST_0009,cost_sensitive,1,0.2,PI-NSGA-III,1.3859816824983554e-05,0.6341688903225079
COST_0009,cost_sensitive,1,0.2,NSGA-II,1.632465677278061e-05,0.7469499489941762
COST_0009,cost_sensitive,2,0.2,PI-NSGA-III,2.0182384960098135e-05,0.9234639126785352
COST_0009,cost_sensitive,2,0.2,NSGA-II,2.0947120288212165e-05,0.9584550933373077
COST_0009,cost_sensitive,3,0.2,PI-NSGA-III,4.596497748970179e-06,0.21031705639715642
COST_0009,cost_sensitive,3,0.2,NSGA-II,5.758625642287905e-06,0.26349130579918706
COST_0009,cost_sensitive,4,0.2,PI-NSGA-III,1.8363816807094587e-05,0.8402536248277446
COST_0009,cost_sensitive,4,0.2,NSGA-II,1.9416989623272698e-05,0.8884425327034657
COST_0009,cost_sensitive,5,0.2,PI-NSGA-III,1.1442546769151199e-05,0.5235644365786648
COST_0009,cost_sensitive,5,0.2,NSGA-II,1.2197591224295956e-05,0.5581122022749753
COST_0009,cost_sensitive,6,0.2,PI-NSGA-III,2.0862149811411812e-05,0.9545671896468693
COST_0009,cost_sensitive,6,0.2,NSGA-II,2.1855087874044274e-05,1.0
COST_0009,cost_sensitive,7,0.2,PI-NSGA-III,2.0379165532335366e-05,0.9324677919295051
COST_0009,cost_sensitive,7,0.2,NSGA-II,2.1027782283179543e-05,0.9621458584091414
COST_0009,cost_sensitive,8,0.2,PI-NSGA-III,1.1854515395052322e-05,0.5424144466209666
COST_0009,cost_sensitive,8,0.2,NSGA-II,1.2411172269288336e-05,0.5678848028805319
COST_0009,cost_sensitive,9,0.2,PI-NSGA-III,1.0625350855122832e-05,0.48617287271316817
COST_0009,cost_sensitive,9,0.2,NSGA-II,1.0373769923619929e-05,0.47466155173597424
TIME_0010,time_sensitive,0,0.2,PI-NSGA-III,2.169709872352294e-05,0.3638296439794354
TIME_0010,time_sensitive,0,0.2,NSGA-II,2.2136359448745792e-05,0.37119542478305567
TIME_0010,time_sensitive,1,0.2,PI-NSGA-III,2.0526454614024942e-05,0.34419959873640377
TIME_0010,time_sensitive,1,0.2,NSGA-II,2.317738903467605e-05,0.38865201787171755
TIME_0010,time_sensitive,2,0.2,PI-NSGA-III,1.5355684959358334e-05,0.25749310831898087
TIME_0010,time_sensitive,2,0.2,NSGA-II,1.658461688068139e-05,0.27810055768847575
TIME_0010,time_sensitive,4,0.2,PI-NSGA-III,1.7611024115189776e-05,0.2953119546345679
TIME_0010,time_sensitive,4,0.2,NSGA-II,1.957904854962703e-05,0.3283129396256098
TIME_0010,time_sensitive,3,0.2,PI-NSGA-III,1.9883889452881118e-05,0.333424690220221
TIME_0010,time_sensitive,3,0.2,NSGA-II,2.311177504576266e-05,0.3875517641220976
TIME_0010,time_sensitive,5,0.2,PI-NSGA-III,2.1575173451954256e-05,0.36178512970072046
TIME_0010,time_sensitive,5,0.2,NSGA-II,2.278716119565426e-05,0.3821084491876594
TIME_0010,time_sensitive,6,0.2,PI-NSGA-III,2.7301862435399366e-05,0.4578136006302885
TIME_0010,time_sensitive,6,0.2,NSGA-II,2.856841168860475e-05,0.47905183942654506
TIME_0010,time_sensitive,7,0.2,PI-NSGA-III,2.9006657526728696e-05,0.4864006020095922
TIME_0010,time_sensitive,7,0.2,NSGA-II,3.211227665530382e-05,0.5384774403133333
TIME_0010,time_sensitive,8,0.2,PI-NSGA-III,5.774386292528154e-05,0.9682828731071608
TIME_0010,time_sensitive,8,0.2,NSGA-II,5.963532406597775e-05,1.0
TIME_0010,time_sensitive,9,0.2,PI-NSGA-III,1.1131503657748351e-05,0.1866595651502283
TIME_0010,time_sensitive,9,0.2,NSGA-II,1.1412966059831957e-05,0.19137929136102594
TIME_0011,time_sensitive,0,0.2,PI-NSGA-III,0.0425473880737445,0.1584039035763546
TIME_0011,time_sensitive,0,0.2,NSGA-II,0.04371614135880354,0.16275517144619792
TIME_0011,time_sensitive,1,0.2,PI-NSGA-III,0.19174110577401043,0.7138520366516339
TIME_0011,time_sensitive,1,0.2,NSGA-II,0.19906026041495073,0.7411012455571125
TIME_0011,time_sensitive,2,0.2,PI-NSGA-III,0.2265035339164906,0.8432725384699202
TIME_0011,time_sensitive,2,0.2,NSGA-II,0.24957060069369655,0.9291512160336941
TIME_0011,time_sensitive,3,0.2,PI-NSGA-III,0.23912385939877465,0.890258003648958
TIME_0011,time_sensitive,3,0.2,NSGA-II,0.2462329518415545,0.9167251511003993
TIME_0011,time_sensitive,4,0.2,PI-NSGA-III,0.22107550425659134,0.8230639868811362
TIME_0011,time_sensitive,4,0.2,NSGA-II,0.23651391918507597,0.880541197596511
TIME_0011,time_sensitive,5,0.2,PI-NSGA-III,0.0899849529529222,0.3350139328452326
TIME_0011,time_sensitive,5,0.2,NSGA-II,0.09298715639948578,0.34619113470875945
TIME_0011,time_sensitive,6,0.2,PI-NSGA-III,0.2471471314447146,0.9201286412854949
TIME_0011,time_sensitive,6,0.2,NSGA-II,0.26860062860278955,1.0
TIME_0011,time_sensitive,7,0.2,PI-NSGA-III,0.11330624203030476,0.42183907989978553
TIME_0011,time_sensitive,7,0.2,NSGA-II,0.11702159457084915,0.4356713354677303
TIME_0011,time_sensitive,8,0.2,PI-NSGA-III,0.14742300041326142,0.5488557535405946
TIME_0011,time_sensitive,8,0.2,NSGA-II,0.14692835243894212,0.5470141793905549
TIME_0011,time_sensitive,9,0.2,PI-NSGA-III,0.17612611315804338,0.6557174272979874
TIME_0011,time_sensitive,9,0.2,NSGA-II,0.20242731649657125,0.7536367935903965
TIME_0012,time_sensitive,0,0.2,PI-NSGA-III,1.336354159656558e-06,0.7228031558828126
TIME_0012,time_sensitive,0,0.2,NSGA-II,1.4508954727147269e-06,0.7847559114148362
TIME_0012,time_sensitive,1,0.2,PI-NSGA-III,6.214814523154776e-07,0.3361449895675165
TIME_0012,time_sensitive,1,0.2,NSGA-II,6.93824607467387e-07,0.37527373434858446
TIME_0012,time_sensitive,2,0.2,PI-NSGA-III,1.19782821096595e-06,0.6478776638927517
TIME_0012,time_sensitive,2,0.2,NSGA-II,1.29648979447498e-06,0.7012414398120408
TIME_0012,time_sensitive,3,0.2,PI-NSGA-III,1.036965717425763e-06,0.5608708497530722
TIME_0012,time_sensitive,3,0.2,NSGA-II,1.1213164633219952e-06,0.606494223537859
TIME_0012,time_sensitive,4,0.2,PI-NSGA-III,1.3308810837696719e-06,0.7198428953150271
TIME_0012,time_sensitive,4,0.2,NSGA-II,1.3912563144401603e-06,0.7524984656594912
TIME_0012,time_sensitive,5,0.2,PI-NSGA-III,1.0254784754010317e-06,0.5546576653753625
TIME_0012,time_sensitive,5,0.2,NSGA-II,1.079293125755756e-06,0.5837647690784119
TIME_0012,time_sensitive,7,0.2,PI-NSGA-III,1.2018679028909877e-06,0.6500626401216295
TIME_0012,time_sensitive,7,0.2,NSGA-II,1.3662568956931723e-06,0.7389768564101865
TIME_0012,time_sensitive,6,0.2,PI-NSGA-III,1.8244739390874903e-06,0.9868158911835905
TIME_0012,time_sensitive,6,0.2,NSGA-II,1.84884937037162e-06,1.0
TIME_0012,time_sensitive,8,0.2,PI-NSGA-III,1.0611129200423544e-06,0.5739315149449249
TIME_0012,time_sensitive,8,0.2,NSGA-II,1.215771044267082e-06,0.6575825287609619
TIME_0012,time_sensitive,9,0.2,PI-NSGA-III,1.03900148019221e-06,0.5619719468998007
TIME_0012,time_sensitive,9,0.2,NSGA-II,1.0432888812338658e-06,0.5642909032790292
TIME_0013,time_sensitive,0,0.2,PI-NSGA-III,5.0999687456450724e-05,0.21766232813056668
TIME_0013,time_sensitive,0,0.2,NSGA-II,5.7629901736254954e-05,0.2459595187237255
TIME_0013,time_sensitive,1,0.2,PI-NSGA-III,0.00015495799307194746,0.6613475340075664
TIME_0013,time_sensitive,1,0.2,NSGA-II,0.0001684535508325066,0.7189454266239121
TIME_0013,time_sensitive,2,0.2,PI-NSGA-III,0.0002024026365248623,0.8638372367161247
TIME_0013,time_sensitive,2,0.2,NSGA-II,0.00020491328007644035,0.8745524498438347
TIME_0013,time_sensitive,3,0.2,PI-NSGA-III,4.756044740390303e-05,0.20298394412131845
TIME_0013,time_sensitive,3,0.2,NSGA-II,5.230072237390669e-05,0.22321503449478589
TIME_0013,time_sensitive,4,0.2,PI-NSGA-III,0.00015159685044925197,0.647002463186113
TIME_0013,time_sensitive,4,0.2,NSGA-II,0.00015499393507413013,0.6615009314157257
TIME_0013,time_sensitive,5,0.2,PI-NSGA-III,0.00023172641894162949,0.9889886458473665
TIME_0013,time_sensitive,5,0.2,NSGA-II,0.00023430645024552943,1.0
TIME_0013,time_sensitive,6,0.2,PI-NSGA-III,7.141051765539291e-05,0.3047740153143967
TIME_0013,time_sensitive,6,0.2,NSGA-II,7.281189121922272e-05,0.3107549584867306
TIME_0013,time_sensitive,7,0.2,PI-NSGA-III,4.7479043480704406e-05,0.20263651910116506
TIME_0013,time_sensitive,7,0.2,NSGA-II,5.252870065202864e-05,0.2241880263944244
TIME_0013,time_sensitive,8,0.2,PI-NSGA-III,0.00012382926284792203,0.5284927611602732
TIME_0013,time_sensitive,8,0.2,NSGA-II,0.00013152667325577185,0.5613446540543174
TIME_0013,time_sensitive,9,0.2,PI-NSGA-III,0.0001225217277577316,0.5229123126117153
TIME_0013,time_sensitive,9,0.2,NSGA-II,0.00012930011078919452,0.5518418748340095
TIME_0014,time_sensitive,0,0.2,PI-NSGA-III,3.1182274359586627e-06,0.9526066187847178
TIME_0014,time_sensitive,0,0.2,NSGA-II,3.27336318525345e-06,1.0
TIME_0014,time_sensitive,1,0.2,PI-NSGA-III,1.690028832705925e-06,0.5162973788913892
TIME_0014,time_sensitive,1,0.2,NSGA-II,1.7879257125162523e-06,0.5462045032371856
TIME_0014,time_sensitive,2,0.2,PI-NSGA-III,2.4208322824250307e-06,0.7395550525315725
TIME_0014,time_sensitive,2,0.2,NSGA-II,2.6057116297829634e-06,0.7960349897994006
TIME_0014,time_sensitive,3,0.2,PI-NSGA-III,1.7068949560192465e-06,0.5214499153985827
TIME_0014,time_sensitive,3,0.2,NSGA-II,1.8256770215441644e-06,0.5577373845251473
TIME_0014,time_sensitive,4,0.2,PI-NSGA-III,2.306193326491902e-06,0.7045332876233646
TIME_0014,time_sensitive,4,0.2,NSGA-II,2.4636386800059637e-06,0.752632244141039
TIME_0014,time_sensitive,5,0.2,PI-NSGA-III,1.902487433072426e-06,0.5812026730315659
TIME_0014,time_sensitive,5,0.2,NSGA-II,1.8041605076519996e-06,0.5511641713879382
TIME_0014,time_sensitive,6,0.2,PI-NSGA-III,1.866487196139115e-06,0.5702047376067733
TIME_0014,time_sensitive,6,0.2,NSGA-II,2.059267854499643e-06,0.629098495326359
TIME_0014,time_sensitive,7,0.2,PI-NSGA-III,1.6185364420458835e-06,0.4944567255284761
TIME_0014,time_sensitive,7,0.2,NSGA-II,1.8148063311224142e-06,0.5544164299574651
TIME_0014,time_sensitive,8,0.2,PI-NSGA-III,1.9531458994866638e-06,0.5966786417974074
TIME_0014,time_sensitive,8,0.2,NSGA-II,1.9866319528464307e-06,0.6069085037053747
TIME_0014,time_sensitive,9,0.2,PI-NSGA-III,2.4867418839896625e-06,0.7596901850648506
TIME_0014,time_sensitive,9,0.2,NSGA-II,2.9315228090888053e-06,0.895569065570041
COMF_0015,comfort_seeker,0,0.2,PI-NSGA-III,6.444078208042875e-06,0.3583551135948472
COMF_0015,comfort_seeker,0,0.2,NSGA-II,6.72732526443379e-06,0.37410647907977973
COMF_0015,comfort_seeker,1,0.2,PI-NSGA-III,1.251070481849523e-05,0.6957201482731649
COMF_0015,comfort_seeker,1,0.2,NSGA-II,1.314684531621556e-05,0.7310959138928821
COMF_0015,comfort_seeker,2,0.2,PI-NSGA-III,1.0287902683987086e-05,0.5721101476346943
COMF_0015,comfort_seeker,2,0.2,NSGA-II,1.0711513274866272e-05,0.5956671276268094
COMF_0015,comfort_seeker,3,0.2,PI-NSGA-III,1.360064703724144e-05,0.7563318222784751
COMF_0015,comfort_seeker,3,0.2,NSGA-II,1.4176713948849863e-05,0.7883668964788495
COMF_0015,comfort_seeker,4,0.2,PI-NSGA-III,1.7741953028578507e-05,0.9866297999014589
COMF_0015,comfort_seeker,4,0.2,NSGA-II,1.798238106162059e-05,1.0
COMF_0015,comfort_seeker,5,0.2,PI-NSGA-III,7.863544142646243e-06,0.43729159757543096
COMF_0015,comfort_seeker,5,0.2,NSGA-II,9.016711978140125e-06,0.5014192473867823
COMF_0015,comfort_seeker,6,0.2,PI-NSGA-III,8.489906049400711e-06,0.47212357586618686
COMF_0015,comfort_seeker,6,0.2,NSGA-II,8.958587941479766e-06,0.4981869703895825
COMF_0015,comfort_seeker,7,0.2,PI-NSGA-III,8.663633508234783e-06,0.48178455781505986
COMF_0015,comfort_seeker,7,0.2,NSGA-II,9.59375122807311e-06,0.5335083933099853
COMF_0015,comfort_seeker,9,0.2,PI-NSGA-III,1.297993858490651e-05,0.721814232521705
COMF_0015,comfort_seeker,9,0.2,NSGA-II,1.4853661091925218e-05,0.8260119191683167
COMF_0015,comfort_seeker,8,0.2,PI-NSGA-III,7.231858395443963e-06,0.40216356057979236
COMF_0015,comfort_seeker,8,0.2,NSGA-II,8.608550769130811e-06,0.4787214073393126
COMF_0016,comfort_seeker,0,0.2,PI-NSGA-III,8.581001724977926e-06,0.8551986429690552
COMF_0016,comfort_seeker,0,0.2,NSGA-II,9.303170563468904e-06,0.9271713368882621
COMF_0016,comfort_seeker,1,0.2,PI-NSGA-III,6.960577806721859e-06,0.6937041717707345
COMF_0016,comfort_seeker,1,0.2,NSGA-II,7.519404297639523e-06,0.7493978625547407
COMF_0016,comfort_seeker,3,0.2,PI-NSGA-III,9.028856396249096e-06,0.8998326751477915
COMF_0016,comfort_seeker,3,0.2,NSGA-II,8.577280389439549e-06,0.8548277677257617
COMF_0016,comfort_seeker,2,0.2,PI-NSGA-III,6.05841974213913e-06,0.6037934157422216
COMF_0016,comfort_seeker,2,0.2,NSGA-II,6.893371634381453e-06,0.6870062792371203
COMF_0016,comfort_seeker,4,0.2,PI-NSGA-III,5.0473459535147225e-06,0.5030279154328274
COMF_0016,comfort_seeker,4,0.2,NSGA-II,5.709052443393293e-06,0.5689748188742699
COMF_0016,comfort_seeker,5,0.2,PI-NSGA-III,1.0033928135323788e-05,1.0
COMF_0016,comfort_seeker,5,0.2,NSGA-II,9.945635113260845e-06,0.9912005526776584
COMF_0016,comfort_seeker,6,0.2,PI-NSGA-III,4.614473473929335e-06,0.45988703643236023
COMF_0016,comfort_seeker,6,0.2,NSGA-II,5.035450644500379e-06,0.5018424067413244
COMF_0016,comfort_seeker,7,0.2,PI-NSGA-III,6.9028456737696965e-06,0.6879504796799052
COMF_0016,comfort_seeker,7,0.2,NSGA-II,7.341093942979766e-06,0.7316271199049078
COMF_0016,comfort_seeker,8,0.2,PI-NSGA-III,4.628288569678864e-06,0.46126387465196966
COMF_0016,comfort_seeker,8,0.2,NSGA-II,4.739549202443708e-06,0.4723523169115029
COMF_0016,comfort_seeker,9,0.2,PI-NSGA-III,4.538701477775694e-06,0.4523354579147813
COMF_0016,comfort_seeker,9,0.2,NSGA-II,5.473420982408476e-06,0.5454913478141881
COMF_0017,comfort_seeker,0,0.2,PI-NSGA-III,8.359801217862599e-06,0.6614753677049138
COMF_0017,comfort_seeker,0,0.2,NSGA-II,8.765251850263478e-06,0.6935569446663972
COMF_0017,comfort_seeker,1,0.2,PI-NSGA-III,6.555634905968359e-06,0.5187193925973875
COMF_0017,comfort_seeker,1,0.2,NSGA-II,7.256332605045074e-06,0.5741626090169835
COMF_0017,comfort_seeker,2,0.2,PI-NSGA-III,8.143539964010009e-06,0.6443635382864337
COMF_0017,comfort_seeker,2,0.2,NSGA-II,9.155652989122056e-06,0.7244477194765812
COMF_0017,comfort_seeker,3,0.2,PI-NSGA-III,8.323048004953807e-06,0.6585672429314164
COMF_0017,comfort_seeker,3,0.2,NSGA-II,8.940858581232583e-06,0.7074519553146223
COMF_0017,comfort_seeker,4,0.2,PI-NSGA-III,4.985933107262106e-06,0.394515593077887
COMF_0017,comfort_seeker,4,0.2,NSGA-II,5.474712961803549e-06,0.43319065550864405
COMF_0017,comfort_seeker,5,0.2,PI-NSGA-III,5.107727491739818e-06,0.404152662567607
COMF_0017,comfort_seeker,5,0.2,NSGA-II,5.824499960586353e-06,0.4608678068676821
COMF_0017,comfort_seeker,6,0.2,PI-NSGA-III,1.198494721296232e-05,0.9483176881860317
COMF_0017,comfort_seeker,6,0.2,NSGA-II,1.2638114170249696e-05,1.0
COMF_0017,comfort_seeker,7,0.2,PI-NSGA-III,7.547326939102265e-06,0.5971877479053626
COMF_0017,comfort_seeker,7,0.2,NSGA-II,8.15519580478002e-06,0.645285815187322
COMF_0017,comfort_seeker,8,0.2,PI-NSGA-III,7.439847875508196e-06,0.588683388619934
COMF_0017,comfort_seeker,8,0.2,NSGA-II,8.366253780610502e-06,0.6619859314378395
COMF_0017,comfort_seeker,9,0.2,PI-NSGA-III,9.272679916646687e-06,0.7337075604582454
COMF_0017,comfort_seeker,9,0.2,NSGA-II,9.875083136078314e-06,0.781373154495186
COMF_0018,comfort_seeker,0,0.2,PI-NSGA-III,1.1159349025569984e-05,0.7947825686340897
COMF_0018,comfort_seeker,0,0.2,NSGA-II,1.1679795592387422e-05,0.8318494135068648
COMF_0018,comfort_seeker,1,0.2,PI-NSGA-III,1.1618954069058084e-05,0.8275162053528315
COMF_0018,comfort_seeker,1,0.2,NSGA-II,1.1035332070427247e-05,0.7859499284920283
COMF_0018,comfort_seeker,2,0.2,PI-NSGA-III,5.251008684769326e-06,0.373983299638548
COMF_0018,comfort_seeker,2,0.2,NSGA-II,6.296007026203125e-06,0.4484093673347948
COMF_0018,comfort_seeker,3,0.2,PI-NSGA-III,7.868470545917922e-06,0.5604021540483096
COMF_0018,comfort_seeker,3,0.2,NSGA-II,8.265974625550595e-06,0.5887128837090703
COMF_0018,comfort_seeker,4,0.2,PI-NSGA-III,1.1920025518870123e-05,0.8489588844621337
COMF_0018,comfort_seeker,4,0.2,NSGA-II,1.2358103156551881e-05,0.8801593128509285
COMF_0018,comfort_seeker,5,0.2,PI-NSGA-III,7.737058384057973e-06,0.5510428181844084
COMF_0018,comfort_seeker,5,0.2,NSGA-II,8.114303873959807e-06,0.5779107061573352
COMF_0018,comfort_seeker,6,0.2,PI-NSGA-III,1.3116176200316068e-05,0.9341502077996048
COMF_0018,comfort_seeker,6,0.2,NSGA-II,1.404075714034393e-05,1.0
COMF_0018,comfort_seeker,7,0.2,PI-NSGA-III,6.771498124995371e-06,0.48227442845931184
COMF_0018,comfort_seeker,7,0.2,NSGA-II,8.304102965076783e-06,0.5914284309651817
COMF_0018,comfort_seeker,8,0.2,PI-NSGA-III,6.140795935462271e-06,0.4373550424725779
COMF_0018,comfort_seeker,8,0.2,NSGA-II,6.918469434888176e-06,0.4927419059908835
COMF_0018,comfort_seeker,9,0.2,PI-NSGA-III,7.399585913786198e-06,0.527007613608289
COMF_0018,comfort_seeker,9,0.2,NSGA-II,8.36091113574079e-06,0.595474378779547
COMF_0019,comfort_seeker,0,0.2,PI-NSGA-III,7.449910220431153e-07,0.9942785170795917
COMF_0019,comfort_seeker,0,0.2,NSGA-II,7.492780033418734e-07,1.0
COMF_0019,comfort_seeker,1,0.2,PI-NSGA-III,5.558250647221705e-07,0.7418142027967207
COMF_0019,comfort_seeker,1,0.2,NSGA-II,5.588491915164804e-07,0.745850257212868
COMF_0019,comfort_seeker,2,0.2,PI-NSGA-III,6.105885044726061e-07,0.8149024817882083
COMF_0019,comfort_seeker,2,0.2,NSGA-II,6.391309602013803e-07,0.8529957603863673
COMF_0019,comfort_seeker,3,0.2,PI-NSGA-III,6.316243587093062e-07,0.8429773140172042
COMF_0019,comfort_seeker,3,0.2,NSGA-II,6.9886939062187e-07,0.9327237520717615
COMF_0019,comfort_seeker,4,0.2,PI-NSGA-III,4.3414241523745575e-07,0.5794143339336353
COMF_0019,comfort_seeker,4,0.2,NSGA-II,4.6858031619188474e-07,0.6253757805540241
COMF_0019,comfort_seeker,5,0.2,PI-NSGA-III,5.157005395023111e-07,0.6882632843914039
COMF_0019,comfort_seeker,5,0.2,NSGA-II,5.494002664437944e-07,0.7332395505985771
COMF_0019,comfort_seeker,6,0.2,PI-NSGA-III,3.5645778658139645e-07,0.47573502090218883
COMF_0019,comfort_seeker,6,0.2,NSGA-II,3.8408125052715727e-07,0.5126017964148246
COMF_0019,comfort_seeker,7,0.2,PI-NSGA-III,4.6952951573558505e-07,0.6266425994643174
COMF_0019,comfort_seeker,7,0.2,NSGA-II,5.062312882009789e-07,0.6756254500240554
COMF_0019,comfort_seeker,8,0.2,PI-NSGA-III,5.60361682426611e-07,0.7478688549875052
COMF_0019,comfort_seeker,8,0.2,NSGA-II,5.650951184181445e-07,0.7541861844305447
COMF_0019,comfort_seeker,9,0.2,PI-NSGA-III,6.815260622790972e-07,0.9095770318084955
COMF_0019,comfort_seeker,9,0.2,NSGA-II,7.144269483519295e-07,0.9534871505175597
ECO__0000,eco_conscious,0,0.3,PI-NSGA-III,4.442735277605822e-06,0.4241027569155533
ECO__0000,eco_conscious,0,0.3,NSGA-II,5.083147273074975e-06,0.48523637750494464
ECO__0000,eco_conscious,1,0.3,PI-NSGA-III,6.403695213960859e-06,0.6112956602157229
ECO__0000,eco_conscious,1,0.3,NSGA-II,6.677840361854859e-06,0.63746550958823
ECO__0000,eco_conscious,3,0.3,PI-NSGA-III,4.908507272721326e-06,0.46856527265855613
ECO__0000,eco_conscious,3,0.3,NSGA-II,5.3463910248428535e-06,0.510365581450158
ECO__0000,eco_conscious,2,0.3,PI-NSGA-III,3.7445968442707444e-06,0.35745858034744826
ECO__0000,eco_conscious,2,0.3,NSGA-II,3.986121154175516e-06,0.3805144500521001
ECO__0000,eco_conscious,4,0.3,PI-NSGA-III,7.72212909646528e-06,0.7371531352715689
ECO__0000,eco_conscious,4,0.3,NSGA-II,8.17882967539634e-06,0.7807496951624769
ECO__0000,eco_conscious,5,0.3,PI-NSGA-III,9.959287939491907e-06,0.9507119394092082
ECO__0000,eco_conscious,5,0.3,NSGA-II,1.0475610462703153e-05,1.0
ECO__0000,eco_conscious,6,0.3,PI-NSGA-III,8.322691458013033e-06,0.794482716558117
ECO__0000,eco_conscious,6,0.3,NSGA-II,9.566845048418237e-06,0.91324940751468
ECO__0000,eco_conscious,7,0.3,PI-NSGA-III,4.839990615570178e-06,0.46202468417494547
ECO__0000,eco_conscious,7,0.3,NSGA-II,5.012046412393996e-06,0.47844910139019003
ECO__0000,eco_conscious,8,0.3,PI-NSGA-III,4.446177012422106e-06,0.4244313043380198
ECO__0000,eco_conscious,8,0.3,NSGA-II,5.077831447832677e-06,0.48472892972791776
ECO__0000,eco_conscious,9,0.3,PI-NSGA-III,8.323231013277006e-06,0.7945342224122047
ECO__0000,eco_conscious,9,0.3,NSGA-II,8.896361826048396e-06,0.8492451926999924
ECO__0001,eco_conscious,0,0.3,PI-NSGA-III,0.0259572521647889,0.9031831201870989
ECO__0001,eco_conscious,0,0.3,NSGA-II,0.027449421620294734,0.9551031869228147
ECO__0001,eco_conscious,1,0.3,PI-NSGA-III,0.022979344906935355,0.7995667762189027
ECO__0001,eco_conscious,1,0.3,NSGA-II,0.024958550887755136,0.8684332888182079
ECO__0001,eco_conscious,2,0.3,PI-NSGA-III,0.01875002624755165,0.6524075469292426
ECO__0001,eco_conscious,2,0.3,NSGA-II,0.023073086770151446,0.8028285262675657
ECO__0001,eco_conscious,3,0.3,PI-NSGA-III,0.019431167786533157,0.676107880714992
ECO__0001,eco_conscious,3,0.3,NSGA-II,0.019883708427019402,0.6918540415601786
ECO__0001,eco_conscious,4,0.3,PI-NSGA-III,0.017276962300593716,0.6011522567543703
ECO__0001,eco_conscious,4,0.3,NSGA-II,0.018564672411853268,0.6459581564235788
ECO__0001,eco_conscious,5,0.3,PI-NSGA-III,0.007174032549853151,0.24962060936055452
ECO__0001,eco_conscious,5,0.3,NSGA-II,0.008127754399662644,0.2828053806388496
ECO__0001,eco_conscious,6,0.3,PI-NSGA-III,0.0121915590929284,0.424205548090842
ECO__0001,eco_conscious,6,0.3,NSGA-II,0.012645652340057257,0.4400057319159263
ECO__0001,eco_conscious,7,0.3,PI-NSGA-III,0.0033918300397072698,0.11801879563210142
ECO__0001,eco_conscious,7,0.3,NSGA-II,0.0037902027609329034,0.13188018261828124
ECO__0001,eco_conscious,8,0.3,PI-NSGA-III,0.016777203954318552,0.5837631548701332
ECO__0001,eco_conscious,8,0.3,NSGA-II,0.016917180823790703,0.5886336529074938
ECO__0001,eco_conscious,9,0.3,PI-NSGA-III,0.028138448333499044,0.9790778855069855
ECO__0001,eco_conscious,9,0.3,NSGA-II,0.028739744559676587,1.0
ECO__0002,eco_conscious,0,0.3,PI-NSGA-III,1.8880629868746548e-05,0.8213757659578417
ECO__0002,eco_conscious,0,0.3,NSGA-II,1.9964193476336325e-05,0.8685147064664606
ECO__0002,eco_conscious,1,0.3,PI-NSGA-III,1.0655808731840653e-05,0.46356626446578036
ECO__0002,eco_conscious,1,0.3,NSGA-II,1.2477359286757286e-05,0.5428103094302035
ECO__0002,eco_conscious,2,0.3,PI-NSGA-III,2.203100685749462e-05,0.9584285724678766
ECO__0002,eco_conscious,2,0.3,NSGA-II,2.298659231409029e-05,1.0
ECO__0002,eco_conscious,3,0.3,PI-NSGA-III,1.8342956025497037e-05,0.797985006862161
ECO__0002,eco_conscious,3,0.3,NSGA-II,1.9378936646131176e-05,0.8430539151404493
ECO__0002,eco_conscious,4,0.3,PI-NSGA-III,1.7706555591404666e-05,0.7702992835763188
ECO__0002,eco_conscious,4,0.3,NSGA-II,1.9533977194600643e-05,0.8497987403999301
ECO__0002,eco_conscious,5,0.3,PI-NSGA-III,1.1567090562125363e-05,0.5032103238301653
ECO__0002,eco_conscious,5,0.3,NSGA-II,1.1810145250439181e-05,0.5137840828716406
ECO__0002,eco_conscious,6,0.3,PI-NSGA-III,1.6690011899703392e-05,0.7260759520876338
ECO__0002,eco_conscious,6,0.3,NSGA-II,1.816351155513273e-05,0.790178522633774
ECO__0002,eco_conscious,7,0.3,PI-NSGA-III,1.5236415103177783e-05,0.6628392279719594
ECO__0002,eco_conscious,7,0.3,NSGA-II,1.5966068350677805e-05,0.6945817863090106
ECO__0002,eco_conscious,8,0.3,PI-NSGA-III,2.0345014076986863e-05,0.8850817815442703
ECO__0002,eco_conscious,8,0.3,NSGA-II,2.0110873744532928e-05,0.8748958292615384
ECO__0002,eco_conscious,9,0.3,PI-NSGA-III,1.6929523076506087e-05,0.7364955555473376
ECO__0002,eco_conscious,9,0.3,NSGA-II,1.7511141706007306e-05,0.7617980719688212
ECO__0003,eco_conscious,0,0.3,PI-NSGA-III,7.242342284180121e-07,0.5189045728630433
ECO__0003,eco_conscious,0,0.3,NSGA-II,8.100247553801998e-07,0.5803723894922721
ECO__0003,eco_conscious,1,0.3,PI-NSGA-III,1.0404866961926041e-06,0.7454954260265592
ECO__0003,eco_conscious,1,0.3,NSGA-II,1.1341163574897185e-06,0.8125798822650019
ECO__0003,eco_conscious,2,0.3,PI-NSGA-III,1.3318185140087544e-06,0.954230951846045
ECO__0003,eco_conscious,2,0.3,NSGA-II,1.345260778458646e-06,0.9638621626049172
ECO__0003,eco_conscious,3,0.3,PI-NSGA-III,1.262257059003818e-06,0.9043910579543761
ECO__0003,eco_conscious,3,0.3,NSGA-II,1.3956982965520376e-06,1.0
ECO__0003,eco_conscious,4,0.3,PI-NSGA-III,1.3344764714431312e-06,0.9561353443934479
ECO__0003,eco_conscious,4,0.3,NSGA-II,1.32613346927345e-06,0.9501576899173396
ECO__0003,eco_conscious,5,0.3,PI-NSGA-III,7.926222283425901e-07,0.5679037011800477
ECO__0003,eco_conscious,5,0.3,NSGA-II,8.817259632382864e-07,0.6317453889687482
ECO__0003,eco_conscious,6,0.3,PI-NSGA-III,9.498200600585909e-07,0.6805339394660338
ECO__0003,eco_conscious,6,0.3,NSGA-II,1.0042819860684197e-06,0.7195552137230653
ECO__0003,eco_conscious,7,0.3,PI-NSGA-III,8.329603332618509e-07,0.5968054380517721
ECO__0003,eco_conscious,7,0.3,NSGA-II,8.390596901908568e-07,0.6011755493745944
ECO__0003,eco_conscious,8,0.3,PI-NSGA-III,7.607631874030046e-07,0.5450771053331582
ECO__0003,eco_conscious,8,0.3,NSGA-II,8.42215090608601e-07,0.6034363534649478
ECO__0003,eco_conscious,9,0.3,PI-NSGA-III,8.12873554985088e-07,0.5824135180169152
ECO__0003,eco_conscious,9,0.3,NSGA-II,9.081329991877245e-07,0.6506656928873492
ECO__0004,eco_conscious,1,0.3,PI-NSGA-III,0.019407854617443612,0.3294546548346744
ECO__0004,eco_conscious,1,0.3,NSGA-II,0.01964077312129783,0.3334085223179422
ECO__0004,eco_conscious,0,0.3,PI-NSGA-III,0.00011199404488256325,0.0019011353973746917
ECO__0004,eco_conscious,0,0.3,NSGA-II,0.00011879583364318125,0.0020165979774773727
ECO__0004,eco_conscious,2,0.3,PI-NSGA-III,3.124193472668007e-06,5.3034202000332017e-05
ECO__0004,eco_conscious,2,0.3,NSGA-II,3.3342903495034938e-06,5.660066493011233e-05
ECO__0004,eco_conscious,3,0.3,PI-NSGA-III,0.05598776767682382,0.9504105960456514
ECO__0004,eco_conscious,3,0.3,NSGA-II,0.05890903143312024,1.0
ECO__0004,eco_conscious,4,0.3,PI-NSGA-III,3.3634203060913004e-06,5.709515543316666e-05
ECO__0004,eco_conscious,4,0.3,NSGA-II,3.5995698568411547e-06,6.11038709901005e-05
ECO__0004,eco_conscious,5,0.3,PI-NSGA-III,0.0075789415486395145,0.12865500186068973
ECO__0004,eco_conscious,5,0.3,NSGA-II,0.008896207991224085,0.15101602886348592
ECO__0004,eco_conscious,6,0.3,PI-NSGA-III,2.803060843000882e-06,4.758287099293447e-05
ECO__0004,eco_conscious,6,0.3,NSGA-II,2.752154508930573e-06,4.671871938779217e-05
ECO__0004,eco_conscious,7,0.3,PI-NSGA-III,0.04415960992192637,0.7496237647712988
ECO__0004,eco_conscious,7,0.3,NSGA-II,0.046241027282426815,0.7849565025513027
ECO__0004,eco_conscious,8,0.3,PI-NSGA-III,0.02796277282044865,0.4746771783575316
ECO__0004,eco_conscious,8,0.3,NSGA-II,0.028777057906883927,0.48849993297809835
ECO__0004,eco_conscious,9,0.3,PI-NSGA-III,2.8782891320140764e-06,4.8859895706854635e-05
ECO__0004,eco_conscious,9,0.3,NSGA-II,3.264379463255051e-06,5.541390486043078e-05
COST_0005,cost_sensitive,0,0.3,PI-NSGA-III,7.955501502086248e-06,0.9107631677697356
COST_0005,cost_sensitive,0,0.3,NSGA-II,8.100448539141978e-06,0.9273570207899499
COST_0005,cost_sensitive,1,0.3,PI-NSGA-III,4.013575747764661e-06,0.45948290766576216
COST_0005,cost_sensitive,1,0.3,NSGA-II,4.763953502343473e-06,0.5453877900424321
COST_0005,cost_sensitive,2,0.3,PI-NSGA-III,7.820118344885357e-06,0.8952642085799702
COST_0005,cost_sensitive,2,0.3,NSGA-II,7.81055581233506e-06,0.8941694689918845
COST_0005,cost_sensitive,3,0.3,PI-NSGA-III,7.603185610371831e-06,0.8704292758699861
COST_0005,cost_sensitive,3,0.3,NSGA-II,8.734983784607333e-06,1.0
COST_0005,cost_sensitive,4,0.3,PI-NSGA-III,3.448407682295362e-06,0.394781234553875
COST_0005,cost_sensitive,4,0.3,NSGA-II,3.821042687563173e-06,0.437441302901622
COST_0005,cost_sensitive,5,0.3,PI-NSGA-III,7.752341518658368e-06,0.8875049696508237
COST_0005,cost_sensitive,5,0.3,NSGA-II,7.810530160893193e-06,0.894166532358858
COST_0005,cost_sensitive,6,0.3,PI-NSGA-III,7.890037202919841e-06,0.9032686719835193
COST_0005,cost_sensitive,6,0.3,NSGA-II,8.329154871812871e-06,0.9535398207024027
COST_0005,cost_sensitive,7,0.3,PI-NSGA-III,6.951507134614932e-06,0.7958237022562974
COST_0005,cost_sensitive,7,0.3,NSGA-II,7.475909818169894e-06,0.8558584655124191
COST_0005,cost_sensitive,8,0.3,PI-NSGA-III,7.469115765724364e-06,0.855080667566474
COST_0005,cost_sensitive,8,0.3,NSGA-II,7.699152193373901e-06,0.881415739653832
COST_0005,cost_sensitive,9,0.3,PI-NSGA-III,4.950683352930573e-06,0.5667650307095702
COST_0005,cost_sensitive,9,0.3,NSGA-II,5.4814368929841025e-06,0.6275268538727473
COST_0006,cost_sensitive,0,0.3,PI-NSGA-III,0.0015716042444020558,0.8607233720256328
COST_0006,cost_sensitive,0,0.3,NSGA-II,0.0018259109668457482,1.0
COST_0006,cost_sensitive,1,0.3,PI-NSGA-III,0.0014260246121327283,0.7809935084601515
COST_0006,cost_sensitive,1,0.3,NSGA-II,0.0015346793966044521,0.8405006730725775
COST_0006,cost_sensitive,3,0.3,PI-NSGA-III,0.001661996100724083,0.9102284453634519
COST_0006,cost_sensitive,3,0.3,NSGA-II,0.0016607111826573754,0.9095247319349011
COST_0006,cost_sensitive,2,0.3,PI-NSGA-III,0.000637848237005086,0.3493315110029519
COST_0006,cost_sensitive,2,0.3,NSGA-II,0.0006958659509648767,0.38110617855972545
COST_0006,cost_sensitive,4,0.3,PI-NSGA-III,0.001462905169640948,0.8011919508693839
COST_0006,cost_sensitive,4,0.3,NSGA-II,0.00148762441971982,0.8147299877877855
COST_0006,cost_sensitive,5,0.3,PI-NSGA-III,0.0015286508550186035,0.837199010672103
COST_0006,cost_sensitive,5,0.3,NSGA-II,0.0015817002546017714,0.8662526724039291
COST_0006,cost_sensitive,6,0.3,PI-NSGA-III,0.0015014986932011837,0.8223285365304612
COST_0006,cost_sensitive,6,0.3,NSGA-II,0.0015754023932119656,0.862803511133659
COST_0006,cost_sensitive,7,0.3,PI-NSGA-III,0.0013922294359355828,0.7624848424787393
COST_0006,cost_sensitive,7,0.3,NSGA-II,0.001556701394398512,0.8525615008971142
COST_0006,cost_sensitive,8,0.3,PI-NSGA-III,0.001369114190081542,0.7498252734889257
COST_0006,cost_sensitive,8,0.3,NSGA-II,0.0014196484343351305,0.777501455499534
COST_0006,cost_sensitive,9,0.3,PI-NSGA-III,0.0014722533933079426,0.8063117096291134
COST_0006,cost_sensitive,9,0.3,NSGA-II,0.0015823331584897593,0.8665992960342593
COST_0007,cost_sensitive,0,0.3,PI-NSGA-III,9.011262788605244,0.30356795561236277
COST_0007,cost_sensitive,0,0.3,NSGA-II,8.93019598744999,0.3008370083886448
COST_0007,cost_sensitive,1,0.3,PI-NSGA-III,4.890098565774896,0.16473576003491502
COST_0007,cost_sensitive,1,0.3,NSGA-II,5.344062904142192,0.18002873609741968
COST_0007,cost_sensitive,2,0.3,PI-NSGA-III,0.0003348789684771866,1.1281273914988228e-05
COST_0007,cost_sensitive,2,0.3,NSGA-II,0.00032478767395227647,1.0941322265560928e-05
COST_0007,cost_sensitive,3,0.3,PI-NSGA-III,13.044548694074308,0.4394397402274588
COST_0007,cost_sensitive,3,0.3,NSGA-II,12.865175752832178,0.43339709355934647
COST_0007,cost_sensitive,4,0.3,PI-NSGA-III,0.0004006017122755475,1.3495316434903637e-05
COST_0007,cost_sensitive,4,0.3,NSGA-II,0.0004011524851434051,1.3513870659480653e-05
COST_0007,cost_sensitive,5,0.3,PI-NSGA-III,8.800213659978853,0.296458213724478
COST_0007,cost_sensitive,5,0.3,NSGA-II,9.00832986121879,0.30346915228240207
COST_0007,cost_sensitive,6,0.3,PI-NSGA-III,29.684450386269486,0.9999983496909198
COST_0007,cost_sensitive,6,0.3,NSGA-II,29.684499374868345,1.0
COST_0007,cost_sensitive,7,0.3,PI-NSGA-III,0.00017024097520210721,5.735012507781673e-06
COST_0007,cost_sensitive,7,0.3,NSGA-II,0.0001740251873625903,5.862493591855029e-06
COST_0007,cost_sensitive,8,0.3,PI-NSGA-III,0.00020392204612516723,6.869647473247025e-06
COST_0007,cost_sensitive,8,0.3,NSGA-II,0.00021651663396993643,7.293929105411997e-06
COST_0007,cost_sensitive,9,0.3,PI-NSGA-III,1.88257871686258,0.06341958788284027
COST_0007,cost_sensitive,9,0.3,NSGA-II,2.008528257198195,0.06766252756476217
COST_0008,cost_sensitive,0,0.3,PI-NSGA-III,0.00021370384648068569,0.9840702426698841
COST_0008,cost_sensitive,0,0.3,NSGA-II,0.0002171632036153081,1.0
COST_0008,cost_sensitive,1,0.3,PI-NSGA-III,9.780249172880056e-05,0.45036401241368657
COST_0008,cost_sensitive,1,0.3,NSGA-II,9.950236816423175e-05,0.45819165727769595
COST_0008,cost_sensitive,2,0.3,PI-NSGA-III,3.157808603383405e-05,0.14541177100045355
COST_0008,cost_sensitive,2,0.3,NSGA-II,3.3927752439175476e-05,0.1562315893040356
COST_0008,cost_sensitive,3,0.3,PI-NSGA-III,3.9858490015433676e-05,0.18354163758810935
COST_0008,cost_sensitive,3,0.3,NSGA-II,4.415097478167252e-05,0.20330780743078086
COST_0008,cost_sensitive,4,0.3,PI-NSGA-III,6.584417450343502e-05,0.303201340776286
COST_0008,cost_sensitive,4,0.3,NSGA-II,6.732952078973589e-05,0.3100411104130062
COST_0008,cost_sensitive,5,0.3,PI-NSGA-III,3.067635514816356e-05,0.14125945205019597
COST_0008,cost_sensitive,5,0.3,NSGA-II,3.30824277320885e-05,0.15233901131193514
COST_0008,cost_sensitive,7,0.3,PI-NSGA-III,9.533587062080237e-05,0.4390056373900446
COST_0008,cost_sensitive,7,0.3,NSGA-II,9.809917724363607e-05,0.45173019927175606
COST_0008,cost_sensitive,6,0.3,PI-NSGA-III,3.274313874177104e-05,0.15077664262023685
COST_0008,cost_sensitive,6,0.3,NSGA-II,3.448196323894685e-05,0.15878363675288942
COST_0008,cost_sensitive,8,0.3,PI-NSGA-III,3.382846518790542e-05,0.15577438822384737
COST_0008,cost_sensitive,8,0.3,NSGA-II,3.663916698230828e-05,0.16871719689313674
COST_0008,cost_sensitive,9,0.3,PI-NSGA-III,3.446760100273571e-05,0.15871750107257143
COST_0008,cost_sensitive,9,0.3,NSGA-II,3.6611252490574515e-05,0.16858865535723633
COST_0009,cost_sensitive,0,0.3,PI-NSGA-III,6.127196945238109e-06,0.2803556307140244
COST_0009,cost_sensitive,0,0.3,NSGA-II,7.01520082559209e-06,0.3209870793483994
COST_0009,cost_sensitive,1,0.3,PI-NSGA-III,1.3859816824983554e-05,0.6341688903225079
COST_0009,cost_sensitive,1,0.3,NSGA-II,1.632465677278061e-05,0.7469499489941762
COST_0009,cost_sensitive,2,0.3,PI-NSGA-III,2.0182384960098135e-05,0.9234639126785352
COST_0009,cost_sensitive,2,0.3,NSGA-II,2.0947120288212165e-05,0.9584550933373077
COST_0009,cost_sensitive,3,0.3,PI-NSGA-III,4.596497748970179e-06,0.21031705639715642
COST_0009,cost_sensitive,3,0.3,NSGA-II,5.758625642287905e-06,0.26349130579918706
COST_0009,cost_sensitive,4,0.3,PI-NSGA-III,1.8363816807094587e-05,0.8402536248277446
COST_0009,cost_sensitive,4,0.3,NSGA-II,1.9416989623272698e-05,0.8884425327034657
COST_0009,cost_sensitive,5,0.3,PI-NSGA-III,1.1442546769151199e-05,0.5235644365786648
COST_0009,cost_sensitive,5,0.3,NSGA-II,1.2197591224295956e-05,0.5581122022749753
COST_0009,cost_sensitive,6,0.3,PI-NSGA-III,2.0862149811411812e-05,0.9545671896468693
COST_0009,cost_sensitive,6,0.3,NSGA-II,2.1855087874044274e-05,1.0
COST_0009,cost_sensitive,7,0.3,PI-NSGA-III,2.0379165532335366e-05,0.9324677919295051
COST_0009,cost_sensitive,7,0.3,NSGA-II,2.1027782283179543e-05,0.9621458584091414
COST_0009,cost_sensitive,9,0.3,PI-NSGA-III,1.0625350855122832e-05,0.48617287271316817
COST_0009,cost_sensitive,9,0.3,NSGA-II,1.0373769923619929e-05,0.47466155173597424
COST_0009,cost_sensitive,8,0.3,PI-NSGA-III,1.1854515395052322e-05,0.5424144466209666
COST_0009,cost_sensitive,8,0.3,NSGA-II,1.2411172269288336e-05,0.5678848028805319
TIME_0010,time_sensitive,0,0.3,PI-NSGA-III,2.4528557088503637e-05,0.41130919421795015
TIME_0010,time_sensitive,0,0.3,NSGA-II,2.6059118267272012e-05,0.43697453942635434
TIME_0010,time_sensitive,1,0.3,PI-NSGA-III,2.0526454614024942e-05,0.34419959873640377
TIME_0010,time_sensitive,1,0.3,NSGA-II,2.317738903467605e-05,0.38865201787171755
TIME_0010,time_sensitive,2,0.3,PI-NSGA-III,1.5355684959358334e-05,0.25749310831898087
TIME_0010,time_sensitive,2,0.3,NSGA-II,1.658461688068139e-05,0.27810055768847575
TIME_0010,time_sensitive,3,0.3,PI-NSGA-III,1.9883889452881118e-05,0.333424690220221
TIME_0010,time_sensitive,3,0.3,NSGA-II,2.311177504576266e-05,0.3875517641220976
TIME_0010,time_sensitive,4,0.3,PI-NSGA-III,1.7611024115189776e-05,0.2953119546345679
TIME_0010,time_sensitive,4,0.3,NSGA-II,1.957904854962703e-05,0.3283129396256098
TIME_0010,time_sensitive,5,0.3,PI-NSGA-III,2.1575173451954256e-05,0.36178512970072046
TIME_0010,time_sensitive,5,0.3,NSGA-II,2.278716119565426e-05,0.3821084491876594
TIME_0010,time_sensitive,6,0.3,PI-NSGA-III,2.7301862435399366e-05,0.4578136006302885
TIME_0010,time_sensitive,6,0.3,NSGA-II,2.856841168860475e-05,0.47905183942654506
TIME_0010,time_sensitive,7,0.3,PI-NSGA-III,2.9006657526728696e-05,0.4864006020095922
TIME_0010,time_sensitive,7,0.3,NSGA-II,3.211227665530382e-05,0.5384774403133333
TIME_0010,time_sensitive,8,0.3,PI-NSGA-III,5.774386292528154e-05,0.9682828731071608
TIME_0010,time_sensitive,8,0.3,NSGA-II,5.963532406597775e-05,1.0
TIME_0010,time_sensitive,9,0.3,PI-NSGA-III,1.1131503657748351e-05,0.1866595651502283
TIME_0010,time_sensitive,9,0.3,NSGA-II,1.1412966059831957e-05,0.19137929136102594
TIME_0011,time_sensitive,0,0.3,PI-NSGA-III,0.09585213024819628,0.37741489194952726
TIME_0011,time_sensitive,0,0.3,NSGA-II,0.10516060979239202,0.4140667513530707
TIME_0011,time_sensitive,1,0.3,PI-NSGA-III,0.0753042212647852,0.2965081157653981
TIME_0011,time_sensitive,1,0.3,NSGA-II,0.07656350375798399,0.30146650286513077
TIME_0011,time_sensitive,2,0.3,PI-NSGA-III,0.17607656448283232,0.6932961989165874
TIME_0011,time_sensitive,2,0.3,NSGA-II,0.18941428000697197,0.745813054310017
TIME_0011,time_sensitive,3,0.3,PI-NSGA-III,0.24059119811059845,0.9473206365241688
TIME_0011,time_sensitive,3,0.3,NSGA-II,0.25161746099251325,0.9907362163700143
TIME_0011,time_sensitive,4,0.3,PI-NSGA-III,0.2231142504203309,0.8785056784522902
TIME_0011,time_sensitive,4,0.3,NSGA-II,0.23651391918507597,0.9312664728750191
TIME_0011,time_sensitive,5,0.3,PI-NSGA-III,0.1864729352599725,0.7342315974660153
TIME_0011,time_sensitive,5,0.3,NSGA-II,0.2152408824619232,0.8475045279342271
TIME_0011,time_sensitive,6,0.3,PI-NSGA-III,0.2422697557099609,0.9539299067965564
TIME_0011,time_sensitive,6,0.3,NSGA-II,0.2539701858426266,1.0
TIME_0011,time_sensitive,7,0.3,PI-NSGA-III,0.08293395804318936,0.32654997580928513
TIME_0011,time_sensitive,7,0.3,NSGA-II,0.08646592772063925,0.34045700062690876
TIME_0011,time_sensitive,8,0.3,PI-NSGA-III,0.14758221308203973,0.5811005437208661
TIME_0011,time_sensitive,8,0.3,NSGA-II,0.14692835243894212,0.5785259870226922
TIME_0011,time_sensitive,9,0.3,PI-NSGA-III,0.16134821300265675,0.6353037560977204
TIME_0011,time_sensitive,9,0.3,NSGA-II,0.16645305753688727,0.6554039285541587
TIME_0012,time_sensitive,0,0.3,PI-NSGA-III,1.336354159656558e-06,0.7228031558828126
TIME_0012,time_sensitive,0,0.3,NSGA-II,1.4508954727147269e-06,0.7847559114148362
TIME_0012,time_sensitive,1,0.3,PI-NSGA-III,6.214814523154776e-07,0.3361449895675165
TIME_0012,time_sensitive,1,0.3,NSGA-II,6.93824607467387e-07,0.37527373434858446
TIME_0012,time_sensitive,2,0.3,PI-NSGA-III,1.19782821096595e-06,0.6478776638927517
TIME_0012,time_sensitive,2,0.3,NSGA-II,1.29648979447498e-06,0.7012414398120408
TIME_0012,time_sensitive,3,0.3,PI-NSGA-III,1.036965717425763e-06,0.5608708497530722
TIME_0012,time_sensitive,3,0.3,NSGA-II,1.1213164633219952e-06,0.606494223537859
TIME_0012,time_sensitive,4,0.3,PI-NSGA-III,1.3308810837696719e-06,0.7198428953150271
TIME_0012,time_sensitive,4,0.3,NSGA-II,1.3912563144401603e-06,0.7524984656594912
TIME_0012,time_sensitive,6,0.3,PI-NSGA-III,1.8244739390874903e-06,0.9868158911835905
TIME_0012,time_sensitive,6,0.3,NSGA-II,1.84884937037162e-06,1.0
TIME_0012,time_sensitive,5,0.3,PI-NSGA-III,1.0254784754010317e-06,0.5546576653753625
TIME_0012,time_sensitive,5,0.3,NSGA-II,1.079293125755756e-06,0.5837647690784119
TIME_0012,time_sensitive,7,0.3,PI-NSGA-III,1.2018679028909877e-06,0.6500626401216295
TIME_0012,time_sensitive,7,0.3,NSGA-II,1.3662568956931723e-06,0.7389768564101865
TIME_0012,time_sensitive,8,0.3,PI-NSGA-III,1.0611129200423544e-06,0.5739315149449249
TIME_0012,time_sensitive,8,0.3,NSGA-II,1.215771044267082e-06,0.6575825287609619
TIME_0012,time_sensitive,9,0.3,PI-NSGA-III,1.03900148019221e-06,0.5619719468998007
TIME_0012,time_sensitive,9,0.3,NSGA-II,1.0432888812338658e-06,0.5642909032790292
TIME_0013,time_sensitive,0,0.3,PI-NSGA-III,5.0999687456450724e-05,0.21766232813056668
TIME_0013,time_sensitive,0,0.3,NSGA-II,5.7629901736254954e-05,0.2459595187237255
TIME_0013,time_sensitive,1,0.3,PI-NSGA-III,0.00015495799307194746,0.6613475340075664
TIME_0013,time_sensitive,1,0.3,NSGA-II,0.0001684535508325066,0.7189454266239121
TIME_0013,time_sensitive,2,0.3,PI-NSGA-III,0.0002024026365248623,0.8638372367161247
TIME_0013,time_sensitive,2,0.3,NSGA-II,0.00020491328007644035,0.8745524498438347
TIME_0013,time_sensitive,3,0.3,PI-NSGA-III,4.756044740390303e-05,0.20298394412131845
TIME_0013,time_sensitive,3,0.3,NSGA-II,5.230072237390669e-05,0.22321503449478589
TIME_0013,time_sensitive,4,0.3,PI-NSGA-III,0.00015159685044925197,0.647002463186113
TIME_0013,time_sensitive,4,0.3,NSGA-II,0.00015499393507413013,0.6615009314157257
TIME_0013,time_sensitive,5,0.3,PI-NSGA-III,0.00023172641894162949,0.9889886458473665
TIME_0013,time_sensitive,5,0.3,NSGA-II,0.00023430645024552943,1.0
TIME_0013,time_sensitive,6,0.3,PI-NSGA-III,7.141051765539291e-05,0.3047740153143967
TIME_0013,time_sensitive,6,0.3,NSGA-II,7.281189121922272e-05,0.3107549584867306
TIME_0013,time_sensitive,7,0.3,PI-NSGA-III,4.7479043480704406e-05,0.20263651910116506
TIME_0013,time_sensitive,7,0.3,NSGA-II,5.252870065202864e-05,0.2241880263944244
TIME_0013,time_sensitive,8,0.3,PI-NSGA-III,0.00012382926284792203,0.5284927611602732
TIME_0013,time_sensitive,8,0.3,NSGA-II,0.00013152667325577185,0.5613446540543174
TIME_0013,time_sensitive,9,0.3,PI-NSGA-III,0.0001225217277577316,0.5229123126117153
TIME_0013,time_sensitive,9,0.3,NSGA-II,0.00012930011078919452,0.5518418748340095
TIME_0014,time_sensitive,0,0.3,PI-NSGA-III,3.1182274359586627e-06,0.9526066187847178
TIME_0014,time_sensitive,0,0.3,NSGA-II,3.27336318525345e-06,1.0
TIME_0014,time_sensitive,1,0.3,PI-NSGA-III,1.690028832705925e-06,0.5162973788913892
TIME_0014,time_sensitive,1,0.3,NSGA-II,1.7879257125162523e-06,0.5462045032371856
TIME_0014,time_sensitive,2,0.3,PI-NSGA-III,2.4208322824250307e-06,0.7395550525315725
TIME_0014,time_sensitive,2,0.3,NSGA-II,2.6057116297829634e-06,0.7960349897994006
TIME_0014,time_sensitive,3,0.3,PI-NSGA-III,1.7068949560192465e-06,0.5214499153985827
TIME_0014,time_sensitive,3,0.3,NSGA-II,1.8256770215441644e-06,0.5577373845251473
TIME_0014,time_sensitive,4,0.3,PI-NSGA-III,1.8849835764035698e-06,0.5758553114104322
TIME_0014,time_sensitive,4,0.3,NSGA-II,1.9748500551519633e-06,0.6033091787824499
TIME_0014,time_sensitive,5,0.3,PI-NSGA-III,1.902487433072426e-06,0.5812026730315659
TIME_0014,time_sensitive,5,0.3,NSGA-II,1.8041605076519996e-06,0.5511641713879382
TIME_0014,time_sensitive,6,0.3,PI-NSGA-III,1.866487196139115e-06,0.5702047376067733
TIME_0014,time_sensitive,6,0.3,NSGA-II,2.059267854499643e-06,0.629098495326359
TIME_0014,time_sensitive,7,0.3,PI-NSGA-III,1.6185364420458835e-06,0.4944567255284761
TIME_0014,time_sensitive,7,0.3,NSGA-II,1.8148063311224142e-06,0.5544164299574651
TIME_0014,time_sensitive,8,0.3,PI-NSGA-III,1.9531458994866638e-06,0.5966786417974074
TIME_0014,time_sensitive,8,0.3,NSGA-II,1.9866319528464307e-06,0.6069085037053747
TIME_0014,time_sensitive,9,0.3,PI-NSGA-III,2.4867418839896625e-06,0.7596901850648506
TIME_0014,time_sensitive,9,0.3,NSGA-II,2.9315228090888053e-06,0.895569065570041
COMF_0015,comfort_seeker,0,0.3,PI-NSGA-III,6.444078208042875e-06,0.3583551135948472
COMF_0015,comfort_seeker,0,0.3,NSGA-II,6.72732526443379e-06,0.37410647907977973
COMF_0015,comfort_seeker,2,0.3,PI-NSGA-III,1.0287902683987086e-05,0.5721101476346943
COMF_0015,comfort_seeker,2,0.3,NSGA-II,1.0711513274866272e-05,0.5956671276268094
COMF_0015,comfort_seeker,1,0.3,PI-NSGA-III,1.251070481849523e-05,0.6957201482731649
COMF_0015,comfort_seeker,1,0.3,NSGA-II,1.314684531621556e-05,0.7310959138928821
COMF_0015,comfort_seeker,3,0.3,PI-NSGA-III,1.360064703724144e-05,0.7563318222784751
COMF_0015,comfort_seeker,3,0.3,NSGA-II,1.4176713948849863e-05,0.7883668964788495
COMF_0015,comfort_seeker,4,0.3,PI-NSGA-III,1.7741953028578507e-05,0.9866297999014589
COMF_0015,comfort_seeker,4,0.3,NSGA-II,1.798238106162059e-05,1.0
COMF_0015,comfort_seeker,5,0.3,PI-NSGA-III,7.863544142646243e-06,0.43729159757543096
COMF_0015,comfort_seeker,5,0.3,NSGA-II,9.016711978140125e-06,0.5014192473867823
COMF_0015,comfort_seeker,6,0.3,PI-NSGA-III,8.489906049400711e-06,0.47212357586618686
COMF_0015,comfort_seeker,6,0.3,NSGA-II,8.958587941479766e-06,0.4981869703895825
COMF_0015,comfort_seeker,7,0.3,PI-NSGA-III,8.663633508234783e-06,0.48178455781505986
COMF_0015,comfort_seeker,7,0.3,NSGA-II,9.59375122807311e-06,0.5335083933099853
COMF_0015,comfort_seeker,8,0.3,PI-NSGA-III,7.231858395443963e-06,0.40216356057979236
COMF_0015,comfort_seeker,8,0.3,NSGA-II,8.608550769130811e-06,0.4787214073393126
COMF_0015,comfort_seeker,9,0.3,PI-NSGA-III,1.297993858490651e-05,0.721814232521705
COMF_0015,comfort_seeker,9,0.3,NSGA-II,1.4853661091925218e-05,0.8260119191683167
COMF_0016,comfort_seeker,0,0.3,PI-NSGA-III,7.231769202417232e-06,0.6839808197738699
COMF_0016,comfort_seeker,0,0.3,NSGA-II,7.800956450694424e-06,0.7378145566900506
COMF_0016,comfort_seeker,1,0.3,PI-NSGA-III,6.440232858120145e-06,0.6091173026317339
COMF_0016,comfort_seeker,1,0.3,NSGA-II,7.302108264946211e-06,0.6906334891697096
COMF_0016,comfort_seeker,2,0.3,PI-NSGA-III,6.064985187301904e-06,0.573626373327919
COMF_0016,comfort_seeker,2,0.3,NSGA-II,6.311497398076776e-06,0.5969415012434653
COMF_0016,comfort_seeker,3,0.3,PI-NSGA-III,8.387121443801023e-06,0.7932540489202211
COMF_0016,comfort_seeker,3,0.3,NSGA-II,8.385543809115027e-06,0.7931048362122892
COMF_0016,comfort_seeker,4,0.3,PI-NSGA-III,7.980376936862263e-06,0.7547841484702039
COMF_0016,comfort_seeker,4,0.3,NSGA-II,8.741481982500025e-06,0.826769473012273
COMF_0016,comfort_seeker,5,0.3,PI-NSGA-III,1.0573058473786031e-05,1.0
COMF_0016,comfort_seeker,5,0.3,NSGA-II,1.049752933019969e-05,0.9928564526741622
COMF_0016,comfort_seeker,6,0.3,PI-NSGA-III,4.649004503013541e-06,0.43970290285823155
COMF_0016,comfort_seeker,6,0.3,NSGA-II,5.1114482170536585e-06,0.4834408349983651
COMF_0016,comfort_seeker,7,0.3,PI-NSGA-III,6.278025590308718e-06,0.5937757372546398
COMF_0016,comfort_seeker,7,0.3,NSGA-II,7.341093942979766e-06,0.6943207550758059
COMF_0016,comfort_seeker,8,0.3,PI-NSGA-III,4.079057950017587e-06,0.3857973508924467
COMF_0016,comfort_seeker,8,0.3,NSGA-II,4.579141000817397e-06,0.4330952119644984
COMF_0016,comfort_seeker,9,0.3,PI-NSGA-III,4.433957580638894e-06,0.41936376230511563
COMF_0016,comfort_seeker,9,0.3,NSGA-II,4.836339911968044e-06,0.4574210881325272
COMF_0017,comfort_seeker,0,0.3,PI-NSGA-III,8.359801217862599e-06,0.6614753677049138
COMF_0017,comfort_seeker,0,0.3,NSGA-II,8.765251850263478e-06,0.6935569446663972
COMF_0017,comfort_seeker,1,0.3,PI-NSGA-III,6.555634905968359e-06,0.5187193925973875
COMF_0017,comfort_seeker,1,0.3,NSGA-II,7.256332605045074e-06,0.5741626090169835
COMF_0017,comfort_seeker,2,0.3,PI-NSGA-III,8.143539964010009e-06,0.6443635382864337
COMF_0017,comfort_seeker,2,0.3,NSGA-II,9.155652989122056e-06,0.7244477194765812
COMF_0017,comfort_seeker,3,0.3,PI-NSGA-III,8.323048004953807e-06,0.6585672429314164
COMF_0017,comfort_seeker,3,0.3,NSGA-II,8.940858581232583e-06,0.7074519553146223
COMF_0017,comfort_seeker,4,0.3,PI-NSGA-III,4.985933107262106e-06,0.394515593077887
COMF_0017,comfort_seeker,4,0.3,NSGA-II,5.474712961803549e-06,0.43319065550864405
COMF_0017,comfort_seeker,5,0.3,PI-NSGA-III,5.107727491739818e-06,0.404152662567607
COMF_0017,comfort_seeker,5,0.3,NSGA-II,5.824499960586353e-06,0.4608678068676821
COMF_0017,comfort_seeker,6,0.3,PI-NSGA-III,1.198494721296232e-05,0.9483176881860317
COMF_0017,comfort_seeker,6,0.3,NSGA-II,1.2638114170249696e-05,1.0
COMF_0017,comfort_seeker,7,0.3,PI-NSGA-III,7.547326939102265e-06,0.5971877479053626
COMF_0017,comfort_seeker,7,0.3,NSGA-II,8.15519580478002e-06,0.645285815187322
COMF_0017,comfort_seeker,8,0.3,PI-NSGA-III,7.439847875508196e-06,0.588683388619934
COMF_0017,comfort_seeker,8,0.3,NSGA-II,8.366253780610502e-06,0.6619859314378395
COMF_0017,comfort_seeker,9,0.3,PI-NSGA-III,9.272679916646687e-06,0.7337075604582454
COMF_0017,comfort_seeker,9,0.3,NSGA-II,9.875083136078314e-06,0.781373154495186
COMF_0018,comfort_seeker,0,0.3,PI-NSGA-III,1.1071804754313957e-05,0.7885475579162927
COMF_0018,comfort_seeker,0,0.3,NSGA-II,1.1679795592387422e-05,0.8318494135068648
COMF_0018,comfort_seeker,1,0.3,PI-NSGA-III,1.1466185338005936e-05,0.8166358283528483
COMF_0018,comfort_seeker,1,0.3,NSGA-II,1.1149296636435417e-05,0.7940666251109528
COMF_0018,comfort_seeker,2,0.3,PI-NSGA-III,5.251008684769326e-06,0.373983299638548
COMF_0018,comfort_seeker,2,0.3,NSGA-II,6.296007026203125e-06,0.4484093673347948
COMF_0018,comfort_seeker,3,0.3,PI-NSGA-III,7.868470545917922e-06,0.5604021540483096
COMF_0018,comfort_seeker,3,0.3,NSGA-II,8.265974625550595e-06,0.5887128837090703
COMF_0018,comfort_seeker,4,0.3,PI-NSGA-III,1.1920025518870123e-05,0.8489588844621337
COMF_0018,comfort_seeker,4,0.3,NSGA-II,1.2358103156551881e-05,0.8801593128509285
COMF_0018,comfort_seeker,5,0.3,PI-NSGA-III,7.737058384057973e-06,0.5510428181844084
COMF_0018,comfort_seeker,5,0.3,NSGA-II,8.114303873959807e-06,0.5779107061573352
COMF_0018,comfort_seeker,6,0.3,PI-NSGA-III,1.3116176200316068e-05,0.9341502077996048
COMF_0018,comfort_seeker,6,0.3,NSGA-II,1.404075714034393e-05,1.0
COMF_0018,comfort_seeker,7,0.3,PI-NSGA-III,6.771498124995371e-06,0.48227442845931184
COMF_0018,comfort_seeker,7,0.3,NSGA-II,8.304102965076783e-06,0.5914284309651817
COMF_0018,comfort_seeker,8,0.3,PI-NSGA-III,6.140795935462271e-06,0.4373550424725779
COMF_0018,comfort_seeker,8,0.3,NSGA-II,6.918469434888176e-06,0.4927419059908835
COMF_0018,comfort_seeker,9,0.3,PI-NSGA-III,7.399585913786198e-06,0.527007613608289
COMF_0018,comfort_seeker,9,0.3,NSGA-II,8.36091113574079e-06,0.595474378779547
COMF_0019,comfort_seeker,0,0.3,PI-NSGA-III,7.211872125113535e-07,0.948000963592069
COMF_0019,comfort_seeker,0,0.3,NSGA-II,7.492780033418734e-07,0.9849263226575237
COMF_0019,comfort_seeker,1,0.3,PI-NSGA-III,4.195695790168355e-07,0.5515244284723324
COMF_0019,comfort_seeker,1,0.3,NSGA-II,4.538729789541226e-07,0.5966162654196221
COMF_0019,comfort_seeker,2,0.3,PI-NSGA-III,5.443715333862697e-07,0.7155766619948929
COMF_0019,comfort_seeker,2,0.3,NSGA-II,6.084496351580907e-07,0.7998073598927437
COMF_0019,comfort_seeker,3,0.3,PI-NSGA-III,4.6841496621528355e-07,0.6157317151904499
COMF_0019,comfort_seeker,3,0.3,NSGA-II,5.074377939607751e-07,0.6670272424308624
COMF_0019,comfort_seeker,5,0.3,PI-NSGA-III,3.81302251628596e-07,0.5012220068420083
COMF_0019,comfort_seeker,5,0.3,NSGA-II,4.784659205714935e-07,0.6289436998865277
COMF_0019,comfort_seeker,4,0.3,PI-NSGA-III,3.2093356938592174e-07,0.4218673428324358
COMF_0019,comfort_seeker,4,0.3,NSGA-II,3.5700854313833006e-07,0.46928791447534096
COMF_0019,comfort_seeker,6,0.3,PI-NSGA-III,5.280378414555273e-07,0.694106015509857
COMF_0019,comfort_seeker,6,0.3,NSGA-II,5.563164977118419e-07,0.7312783237746171
COMF_0019,comfort_seeker,7,0.3,PI-NSGA-III,4.811159414812107e-07,0.6324271537420152
COMF_0019,comfort_seeker,7,0.3,NSGA-II,5.062312882009789e-07,0.6654412899860274
COMF_0019,comfort_seeker,8,0.3,PI-NSGA-III,5.455400800062003e-07,0.7171127171307554
COMF_0019,comfort_seeker,8,0.3,NSGA-II,5.650951184181445e-07,0.7428178252302853
COMF_0019,comfort_seeker,9,0.3,PI-NSGA-III,7.078199289692603e-07,0.9304296624671017
COMF_0019,comfort_seeker,9,0.3,NSGA-II,7.607452315013523e-07,1.0
ECO__0000,eco_conscious,0,0.5,PI-NSGA-III,4.442735277605822e-06,0.4241027569155533
ECO__0000,eco_conscious,0,0.5,NSGA-II,5.083147273074975e-06,0.48523637750494464
ECO__0000,eco_conscious,1,0.5,PI-NSGA-III,6.403695213960859e-06,0.6112956602157229
ECO__0000,eco_conscious,1,0.5,NSGA-II,6.677840361854859e-06,0.63746550958823
ECO__0000,eco_conscious,2,0.5,PI-NSGA-III,3.7445968442707444e-06,0.35745858034744826
ECO__0000,eco_conscious,2,0.5,NSGA-II,3.986121154175516e-06,0.3805144500521001
ECO__0000,eco_conscious,3,0.5,PI-NSGA-III,4.908507272721326e-06,0.46856527265855613
ECO__0000,eco_conscious,3,0.5,NSGA-II,5.3463910248428535e-06,0.510365581450158
ECO__0000,eco_conscious,4,0.5,PI-NSGA-III,7.72212909646528e-06,0.7371531352715689
ECO__0000,eco_conscious,4,0.5,NSGA-II,8.17882967539634e-06,0.7807496951624769
ECO__0000,eco_conscious,5,0.5,PI-NSGA-III,9.959287939491907e-06,0.9507119394092082
ECO__0000,eco_conscious,5,0.5,NSGA-II,1.0475610462703153e-05,1.0
ECO__0000,eco_conscious,6,0.5,PI-NSGA-III,8.322691458013033e-06,0.794482716558117
ECO__0000,eco_conscious,6,0.5,NSGA-II,9.566845048418237e-06,0.91324940751468
ECO__0000,eco_conscious,7,0.5,PI-NSGA-III,4.839990615570178e-06,0.46202468417494547
ECO__0000,eco_conscious,7,0.5,NSGA-II,5.012046412393996e-06,0.47844910139019003
ECO__0000,eco_conscious,8,0.5,PI-NSGA-III,4.446177012422106e-06,0.4244313043380198
ECO__0000,eco_conscious,8,0.5,NSGA-II,5.077831447832677e-06,0.48472892972791776
ECO__0000,eco_conscious,9,0.5,PI-NSGA-III,8.323231013277006e-06,0.7945342224122047
ECO__0000,eco_conscious,9,0.5,NSGA-II,8.896361826048396e-06,0.8492451926999924
ECO__0001,eco_conscious,0,0.5,PI-NSGA-III,0.009729515022866361,0.3725355963951744
ECO__0001,eco_conscious,0,0.5,NSGA-II,0.01015376605149524,0.38877983977216485
ECO__0001,eco_conscious,1,0.5,PI-NSGA-III,0.022560927663423876,0.8638404506873276
ECO__0001,eco_conscious,1,0.5,NSGA-II,0.024958550887755136,0.9556435874015383
ECO__0001,eco_conscious,2,0.5,PI-NSGA-III,0.025623911150612737,0.9811197166596524
ECO__0001,eco_conscious,2,0.5,NSGA-II,0.026007711918912737,0.9958151508903962
ECO__0001,eco_conscious,3,0.5,PI-NSGA-III,0.01836354432772564,0.7031258929125
ECO__0001,eco_conscious,3,0.5,NSGA-II,0.019883708427019402,0.7613317991696955
ECO__0001,eco_conscious,4,0.5,PI-NSGA-III,0.013986975938106641,0.535550478170949
ECO__0001,eco_conscious,4,0.5,NSGA-II,0.014717760377989764,0.5635316485076354
ECO__0001,eco_conscious,5,0.5,PI-NSGA-III,0.008187966218180113,0.3135108863272646
ECO__0001,eco_conscious,5,0.5,NSGA-II,0.01048462009665,0.4014479849717776
ECO__0001,eco_conscious,6,0.5,PI-NSGA-III,0.014973505327309075,0.5733239245867421
ECO__0001,eco_conscious,6,0.5,NSGA-II,0.01510546144795685,0.5783764222691014
ECO__0001,eco_conscious,7,0.5,PI-NSGA-III,0.0045313557764847245,0.17350210392851995
ECO__0001,eco_conscious,7,0.5,NSGA-II,0.0049547550895986505,0.18971373577794948
ECO__0001,eco_conscious,8,0.5,PI-NSGA-III,0.02407399298903125,0.9217745503968466
ECO__0001,eco_conscious,8,0.5,NSGA-II,0.02611700765514388,1.0
ECO__0001,eco_conscious,9,0.5,PI-NSGA-III,0.013090381139995003,0.5012205576092016
ECO__0001,eco_conscious,9,0.5,NSGA-II,0.01403269424402887,0.5373009967037727
ECO__0002,eco_conscious,0,0.5,PI-NSGA-III,1.8880629868746548e-05,0.8213757659578417
ECO__0002,eco_conscious,0,0.5,NSGA-II,1.9964193476336325e-05,0.8685147064664606
ECO__0002,eco_conscious,1,0.5,PI-NSGA-III,1.0655808731840653e-05,0.46356626446578036
ECO__0002,eco_conscious,1,0.5,NSGA-II,1.2477359286757286e-05,0.5428103094302035
ECO__0002,eco_conscious,2,0.5,PI-NSGA-III,2.203100685749462e-05,0.9584285724678766
ECO__0002,eco_conscious,2,0.5,NSGA-II,2.298659231409029e-05,1.0
ECO__0002,eco_conscious,3,0.5,PI-NSGA-III,1.8342956025497037e-05,0.797985006862161
ECO__0002,eco_conscious,3,0.5,NSGA-II,1.9378936646131176e-05,0.8430539151404493
ECO__0002,eco_conscious,4,0.5,PI-NSGA-III,1.7706555591404666e-05,0.7702992835763188
ECO__0002,eco_conscious,4,0.5,NSGA-II,1.9533977194600643e-05,0.8497987403999301
ECO__0002,eco_conscious,5,0.5,PI-NSGA-III,1.1567090562125363e-05,0.5032103238301653
ECO__0002,eco_conscious,5,0.5,NSGA-II,1.1810145250439181e-05,0.5137840828716406
ECO__0002,eco_conscious,6,0.5,PI-NSGA-III,1.6690011899703392e-05,0.7260759520876338
ECO__0002,eco_conscious,6,0.5,NSGA-II,1.816351155513273e-05,0.790178522633774
ECO__0002,eco_conscious,7,0.5,PI-NSGA-III,1.5236415103177783e-05,0.6628392279719594
ECO__0002,eco_conscious,7,0.5,NSGA-II,1.5966068350677805e-05,0.6945817863090106
ECO__0002,eco_conscious,8,0.5,PI-NSGA-III,2.0345014076986863e-05,0.8850817815442703
ECO__0002,eco_conscious,8,0.5,NSGA-II,2.0110873744532928e-05,0.8748958292615384
ECO__0002,eco_conscious,9,0.5,PI-NSGA-III,1.6929523076506087e-05,0.7364955555473376
ECO__0002,eco_conscious,9,0.5,NSGA-II,1.7511141706007306e-05,0.7617980719688212
ECO__0003,eco_conscious,0,0.5,PI-NSGA-III,7.242342284180121e-07,0.5189045728630433
ECO__0003,eco_conscious,0,0.5,NSGA-II,8.100247553801998e-07,0.5803723894922721
ECO__0003,eco_conscious,1,0.5,PI-NSGA-III,1.0404866961926041e-06,0.7454954260265592
ECO__0003,eco_conscious,1,0.5,NSGA-II,1.1341163574897185e-06,0.8125798822650019
ECO__0003,eco_conscious,2,0.5,PI-NSGA-III,1.3318185140087544e-06,0.954230951846045
ECO__0003,eco_conscious,2,0.5,NSGA-II,1.345260778458646e-06,0.9638621626049172
ECO__0003,eco_conscious,3,0.5,PI-NSGA-III,1.262257059003818e-06,0.9043910579543761
ECO__0003,eco_conscious,3,0.5,NSGA-II,1.3956982965520376e-06,1.0
ECO__0003,eco_conscious,4,0.5,PI-NSGA-III,1.3344764714431312e-06,0.9561353443934479
ECO__0003,eco_conscious,4,0.5,NSGA-II,1.32613346927345e-06,0.9501576899173396
ECO__0003,eco_conscious,5,0.5,PI-NSGA-III,7.926222283425901e-07,0.5679037011800477
ECO__0003,eco_conscious,5,0.5,NSGA-II,8.817259632382864e-07,0.6317453889687482
ECO__0003,eco_conscious,6,0.5,PI-NSGA-III,9.53832472391817e-07,0.6834087816458505
ECO__0003,eco_conscious,6,0.5,NSGA-II,1.0042819860684197e-06,0.7195552137230653
ECO__0003,eco_conscious,7,0.5,PI-NSGA-III,8.329603332618509e-07,0.5968054380517721
ECO__0003,eco_conscious,7,0.5,NSGA-II,8.390596901908568e-07,0.6011755493745944
ECO__0003,eco_conscious,8,0.5,PI-NSGA-III,7.607631874030046e-07,0.5450771053331582
ECO__0003,eco_conscious,8,0.5,NSGA-II,8.42215090608601e-07,0.6034363534649478
ECO__0003,eco_conscious,9,0.5,PI-NSGA-III,8.431278748284212e-07,0.604090351698001
ECO__0003,eco_conscious,9,0.5,NSGA-II,8.763129213156826e-07,0.6278670135806173
ECO__0004,eco_conscious,0,0.5,PI-NSGA-III,0.008019617689354842,0.13613562291309372
ECO__0004,eco_conscious,0,0.5,NSGA-II,0.00843606132159923,0.14320488923972105
ECO__0004,eco_conscious,1,0.5,PI-NSGA-III,0.018272859651331522,0.31018774552551936
ECO__0004,eco_conscious,1,0.5,NSGA-II,0.01964077312129783,0.3334085223179422
ECO__0004,eco_conscious,3,0.5,PI-NSGA-III,0.055343118120319085,0.9394674598096294
ECO__0004,eco_conscious,3,0.5,NSGA-II,0.05890903143312024,1.0
ECO__0004,eco_conscious,2,0.5,PI-NSGA-III,3.3837256243047486e-06,5.743984482491978e-05
ECO__0004,eco_conscious,2,0.5,NSGA-II,3.4810237353469227e-06,5.909151195770293e-05
ECO__0004,eco_conscious,4,0.5,PI-NSGA-III,3.2554040959404043e-06,5.526154507626361e-05
ECO__0004,eco_conscious,4,0.5,NSGA-II,3.6979759636935118e-06,6.27743467127251e-05
ECO__0004,eco_conscious,5,0.5,PI-NSGA-III,0.00040319925208333915,0.006844438658630698
ECO__0004,eco_conscious,5,0.5,NSGA-II,0.00041646309494278454,0.007069596712273184
ECO__0004,eco_conscious,6,0.5,PI-NSGA-III,2.8259193352231003e-06,4.797090134526117e-05
ECO__0004,eco_conscious,6,0.5,NSGA-II,2.752154508930573e-06,4.671871938779217e-05
ECO__0004,eco_conscious,7,0.5,PI-NSGA-III,2.4774167940935733e-06,4.2054957174201696e-05
ECO__0004,eco_conscious,7,0.5,NSGA-II,2.727839414238708e-06,4.630596273401031e-05
ECO__0004,eco_conscious,8,0.5,PI-NSGA-III,0.026909260539031733,0.4567934641665594
ECO__0004,eco_conscious,8,0.5,NSGA-II,0.028777057906883927,0.48849993297809835
ECO__0004,eco_conscious,9,0.5,PI-NSGA-III,3.213792811535767e-06,5.4555179967343445e-05
ECO__0004,eco_conscious,9,0.5,NSGA-II,3.393602314548644e-06,5.760750485944452e-05
COST_0005,cost_sensitive,1,0.5,PI-NSGA-III,3.215375546392491e-06,0.3681032072502048
COST_0005,cost_sensitive,1,0.5,NSGA-II,3.758175437496077e-06,0.4302441229620462
COST_0005,cost_sensitive,0,0.5,PI-NSGA-III,6.212393205073957e-06,0.7112083271432456
COST_0005,cost_sensitive,0,0.5,NSGA-II,6.625211317737954e-06,0.7584686452896237
COST_0005,cost_sensitive,2,0.5,PI-NSGA-III,7.820118344885357e-06,0.8952642085799702
COST_0005,cost_sensitive,2,0.5,NSGA-II,7.81055581233506e-06,0.8941694689918845
COST_0005,cost_sensitive,3,0.5,PI-NSGA-III,7.603185610371831e-06,0.8704292758699861
COST_0005,cost_sensitive,3,0.5,NSGA-II,8.734983784607333e-06,1.0
COST_0005,cost_sensitive,4,0.5,PI-NSGA-III,3.448407682295362e-06,0.394781234553875
COST_0005,cost_sensitive,4,0.5,NSGA-II,3.821042687563173e-06,0.437441302901622
COST_0005,cost_sensitive,5,0.5,PI-NSGA-III,7.752341518658368e-06,0.8875049696508237
COST_0005,cost_sensitive,5,0.5,NSGA-II,7.810530160893193e-06,0.894166532358858
COST_0005,cost_sensitive,6,0.5,PI-NSGA-III,7.890037202919841e-06,0.9032686719835193
COST_0005,cost_sensitive,6,0.5,NSGA-II,8.329154871812871e-06,0.9535398207024027
COST_0005,cost_sensitive,7,0.5,PI-NSGA-III,6.951507134614932e-06,0.7958237022562974
COST_0005,cost_sensitive,7,0.5,NSGA-II,7.475909818169894e-06,0.8558584655124191
COST_0005,cost_sensitive,8,0.5,PI-NSGA-III,7.469115765724364e-06,0.855080667566474
COST_0005,cost_sensitive,8,0.5,NSGA-II,7.699152193373901e-06,0.881415739653832
COST_0005,cost_sensitive,9,0.5,PI-NSGA-III,4.950683352930573e-06,0.5667650307095702
COST_0005,cost_sensitive,9,0.5,NSGA-II,5.4814368929841025e-06,0.6275268538727473
COST_0006,cost_sensitive,0,0.5,PI-NSGA-III,0.0015716042444020558,0.8607233720256328
COST_0006,cost_sensitive,0,0.5,NSGA-II,0.0018259109668457482,1.0
COST_0006,cost_sensitive,1,0.5,PI-NSGA-III,0.0014260246121327283,0.7809935084601515
COST_0006,cost_sensitive,1,0.5,NSGA-II,0.0015346793966044521,0.8405006730725775
COST_0006,cost_sensitive,2,0.5,PI-NSGA-III,0.000637848237005086,0.3493315110029519
COST_0006,cost_sensitive,2,0.5,NSGA-II,0.0006958659509648767,0.38110617855972545
COST_0006,cost_sensitive,3,0.5,PI-NSGA-III,0.001661996100724083,0.9102284453634519
COST_0006,cost_sensitive,3,0.5,NSGA-II,0.0016607111826573754,0.9095247319349011
COST_0006,cost_sensitive,4,0.5,PI-NSGA-III,0.001462905169640948,0.8011919508693839
COST_0006,cost_sensitive,4,0.5,NSGA-II,0.00148762441971982,0.8147299877877855
COST_0006,cost_sensitive,5,0.5,PI-NSGA-III,0.0015286508550186035,0.837199010672103
COST_0006,cost_sensitive,5,0.5,NSGA-II,0.0015817002546017714,0.8662526724039291
COST_0006,cost_sensitive,6,0.5,PI-NSGA-III,0.0015014986932011837,0.8223285365304612
COST_0006,cost_sensitive,6,0.5,NSGA-II,0.0015754023932119656,0.862803511133659
COST_0006,cost_sensitive,7,0.5,PI-NSGA-III,0.0013922294359355828,0.7624848424787393
COST_0006,cost_sensitive,7,0.5,NSGA-II,0.001556701394398512,0.8525615008971142
COST_0006,cost_sensitive,8,0.5,PI-NSGA-III,0.001369114190081542,0.7498252734889257
COST_0006,cost_sensitive,8,0.5,NSGA-II,0.0014196484343351305,0.777501455499534
COST_0006,cost_sensitive,9,0.5,PI-NSGA-III,0.0014722533933079426,0.8063117096291134
COST_0006,cost_sensitive,9,0.5,NSGA-II,0.0015823331584897593,0.8665992960342593
COST_0007,cost_sensitive,0,0.5,PI-NSGA-III,9.36290555296818,0.31541396183676434
COST_0007,cost_sensitive,0,0.5,NSGA-II,8.93019598744999,0.3008370083886448
COST_0007,cost_sensitive,1,0.5,PI-NSGA-III,6.611453086843107e-05,2.2272408920732994e-06
COST_0007,cost_sensitive,1,0.5,NSGA-II,7.95376550351865e-05,2.6794339372462218e-06
COST_0007,cost_sensitive,2,0.5,PI-NSGA-III,0.0003348789684771866,1.1281273914988228e-05
COST_0007,cost_sensitive,2,0.5,NSGA-II,0.00032478767395227647,1.0941322265560928e-05
COST_0007,cost_sensitive,3,0.5,PI-NSGA-III,13.044548694074308,0.4394397402274588
COST_0007,cost_sensitive,3,0.5,NSGA-II,12.865175752832178,0.43339709355934647
COST_0007,cost_sensitive,4,0.5,PI-NSGA-III,0.00021148051935280368,7.124274412788261e-06
COST_0007,cost_sensitive,4,0.5,NSGA-II,0.0002068185030854406,6.9672222015149905e-06
COST_0007,cost_sensitive,5,0.5,PI-NSGA-III,8.800213659978853,0.296458213724478
COST_0007,cost_sensitive,5,0.5,NSGA-II,9.00832986121879,0.30346915228240207
COST_0007,cost_sensitive,6,0.5,PI-NSGA-III,29.684450386269486,0.9999983496909198
COST_0007,cost_sensitive,6,0.5,NSGA-II,29.684499374868345,1.0
COST_0007,cost_sensitive,7,0.5,PI-NSGA-III,0.00016971170137944865,5.717182534772034e-06
COST_0007,cost_sensitive,7,0.5,NSGA-II,0.0001740251873625903,5.862493591855029e-06
COST_0007,cost_sensitive,8,0.5,PI-NSGA-III,0.00020392204612516723,6.869647473247025e-06
COST_0007,cost_sensitive,8,0.5,NSGA-II,0.00021651663396993643,7.293929105411997e-06
COST_0007,cost_sensitive,9,0.5,PI-NSGA-III,4.815894218555563e-05,1.622359925204877e-06
COST_0007,cost_sensitive,9,0.5,NSGA-II,5.2923980686370884e-05,1.7828827098622952e-06
COST_0008,cost_sensitive,0,0.5,PI-NSGA-III,0.00021370384648068569,0.9840702426698841
COST_0008,cost_sensitive,0,0.5,NSGA-II,0.0002171632036153081,1.0
COST_0008,cost_sensitive,1,0.5,PI-NSGA-III,9.780249172880056e-05,0.45036401241368657
COST_0008,cost_sensitive,1,0.5,NSGA-II,9.950236816423175e-05,0.45819165727769595
COST_0008,cost_sensitive,2,0.5,PI-NSGA-III,3.157808603383405e-05,0.14541177100045355
COST_0008,cost_sensitive,2,0.5,NSGA-II,3.3927752439175476e-05,0.1562315893040356
COST_0008,cost_sensitive,3,0.5,PI-NSGA-III,3.9858490015433676e-05,0.18354163758810935
COST_0008,cost_sensitive,3,0.5,NSGA-II,4.415097478167252e-05,0.20330780743078086
COST_0008,cost_sensitive,4,0.5,PI-NSGA-III,6.584417450343502e-05,0.303201340776286
COST_0008,cost_sensitive,4,0.5,NSGA-II,6.732952078973589e-05,0.3100411104130062
COST_0008,cost_sensitive,5,0.5,PI-NSGA-III,3.067635514816356e-05,0.14125945205019597
COST_0008,cost_sensitive,5,0.5,NSGA-II,3.30824277320885e-05,0.15233901131193514
COST_0008,cost_sensitive,6,0.5,PI-NSGA-III,3.274313874177104e-05,0.15077664262023685
COST_0008,cost_sensitive,6,0.5,NSGA-II,3.448196323894685e-05,0.15878363675288942
COST_0008,cost_sensitive,7,0.5,PI-NSGA-III,9.533587062080237e-05,0.4390056373900446
COST_0008,cost_sensitive,7,0.5,NSGA-II,9.809917724363607e-05,0.45173019927175606
COST_0008,cost_sensitive,8,0.5,PI-NSGA-III,3.382846518790542e-05,0.15577438822384737
COST_0008,cost_sensitive,8,0.5,NSGA-II,3.663916698230828e-05,0.16871719689313674
COST_0008,cost_sensitive,9,0.5,PI-NSGA-III,3.446760100273571e-05,0.15871750107257143
COST_0008,cost_sensitive,9,0.5,NSGA-II,3.6611252490574515e-05,0.16858865535723633
COST_0009,cost_sensitive,0,0.5,PI-NSGA-III,6.127196945238109e-06,0.2803556307140244
COST_0009,cost_sensitive,0,0.5,NSGA-II,7.01520082559209e-06,0.3209870793483994
COST_0009,cost_sensitive,1,0.5,PI-NSGA-III,1.3859816824983554e-05,0.6341688903225079
COST_0009,cost_sensitive,1,0.5,NSGA-II,1.632465677278061e-05,0.7469499489941762
COST_0009,cost_sensitive,2,0.5,PI-NSGA-III,2.0182384960098135e-05,0.9234639126785352
COST_0009,cost_sensitive,2,0.5,NSGA-II,2.0947120288212165e-05,0.9584550933373077
COST_0009,cost_sensitive,3,0.5,PI-NSGA-III,4.596497748970179e-06,0.21031705639715642
COST_0009,cost_sensitive,3,0.5,NSGA-II,5.758625642287905e-06,0.26349130579918706
COST_0009,cost_sensitive,4,0.5,PI-NSGA-III,1.8363816807094587e-05,0.8402536248277446
COST_0009,cost_sensitive,4,0.5,NSGA-II,1.9416989623272698e-05,0.8884425327034657
COST_0009,cost_sensitive,5,0.5,PI-NSGA-III,1.1442546769151199e-05,0.5235644365786648
COST_0009,cost_sensitive,5,0.5,NSGA-II,1.2197591224295956e-05,0.5581122022749753
COST_0009,cost_sensitive,6,0.5,PI-NSGA-III,2.0862149811411812e-05,0.9545671896468693
COST_0009,cost_sensitive,6,0.5,NSGA-II,2.1855087874044274e-05,1.0
COST_0009,cost_sensitive,7,0.5,PI-NSGA-III,2.0379165532335366e-05,0.9324677919295051
COST_0009,cost_sensitive,7,0.5,NSGA-II,2.1027782283179543e-05,0.9621458584091414
COST_0009,cost_sensitive,8,0.5,PI-NSGA-III,1.1854515395052322e-05,0.5424144466209666
COST_0009,cost_sensitive,8,0.5,NSGA-II,1.2411172269288336e-05,0.5678848028805319
COST_0009,cost_sensitive,9,0.5,PI-NSGA-III,1.0625350855122832e-05,0.48617287271316817
COST_0009,cost_sensitive,9,0.5,NSGA-II,1.0373769923619929e-05,0.47466155173597424
TIME_0010,time_sensitive,0,0.5,PI-NSGA-III,2.169709872352294e-05,0.3638296439794354
TIME_0010,time_sensitive,0,0.5,NSGA-II,2.2136359448745792e-05,0.37119542478305567
TIME_0010,time_sensitive,1,0.5,PI-NSGA-III,1.8478850701003132e-05,0.30986417849526554
TIME_0010,time_sensitive,1,0.5,NSGA-II,2.317738903467605e-05,0.38865201787171755
TIME_0010,time_sensitive,2,0.5,PI-NSGA-III,1.5659634323896534e-05,0.2625899090708628
TIME_0010,time_sensitive,2,0.5,NSGA-II,1.658461688068139e-05,0.27810055768847575
TIME_0010,time_sensitive,3,0.5,PI-NSGA-III,1.9883889452881118e-05,0.333424690220221
TIME_0010,time_sensitive,3,0.5,NSGA-II,2.311177504576266e-05,0.3875517641220976
TIME_0010,time_sensitive,4,0.5,PI-NSGA-III,3.4079611378381254e-05,0.5714668598208196
TIME_0010,time_sensitive,4,0.5,NSGA-II,3.6407866762901184e-05,0.6105084081143118
TIME_0010,time_sensitive,5,0.5,PI-NSGA-III,2.1575173451954256e-05,0.36178512970072046
TIME_0010,time_sensitive,5,0.5,NSGA-II,2.278716119565426e-05,0.3821084491876594
TIME_0010,time_sensitive,6,0.5,PI-NSGA-III,2.7301862435399366e-05,0.4578136006302885
TIME_0010,time_sensitive,6,0.5,NSGA-II,2.856841168860475e-05,0.47905183942654506
TIME_0010,time_sensitive,7,0.5,PI-NSGA-III,3.316167544178317e-05,0.5560743730527
TIME_0010,time_sensitive,7,0.5,NSGA-II,3.549698477046591e-05,0.5952342060084003
TIME_0010,time_sensitive,8,0.5,PI-NSGA-III,5.774386292528154e-05,0.9682828731071608
TIME_0010,time_sensitive,8,0.5,NSGA-II,5.963532406597775e-05,1.0
TIME_0010,time_sensitive,9,0.5,PI-NSGA-III,1.1131503657748351e-05,0.1866595651502283
TIME_0010,time_sensitive,9,0.5,NSGA-II,1.1412966059831957e-05,0.19137929136102594
TIME_0011,time_sensitive,0,0.5,PI-NSGA-III,0.04899088746769871,0.15411934795405507
TIME_0011,time_sensitive,0,0.5,NSGA-II,0.05252899038223846,0.1652497875596396
TIME_0011,time_sensitive,1,0.5,PI-NSGA-III,0.3130307543634246,0.9847565179109256
TIME_0011,time_sensitive,1,0.5,NSGA-II,0.3178762959878568,1.0
TIME_0011,time_sensitive,2,0.5,PI-NSGA-III,0.2296226175307321,0.7223647073687555
TIME_0011,time_sensitive,2,0.5,NSGA-II,0.25240595935795596,0.7940383178731832
TIME_0011,time_sensitive,3,0.5,PI-NSGA-III,0.2261029400395299,0.7112922318944073
TIME_0011,time_sensitive,3,0.5,NSGA-II,0.2377709843388662,0.7479984740603284
TIME_0011,time_sensitive,4,0.5,PI-NSGA-III,0.2332284224446407,0.7337081291948558
TIME_0011,time_sensitive,4,0.5,NSGA-II,0.23651391918507597,0.74404390063143
TIME_0011,time_sensitive,5,0.5,PI-NSGA-III,0.05342043536212556,0.16805416458031924
TIME_0011,time_sensitive,5,0.5,NSGA-II,0.05499656514599481,0.17301247636311873
TIME_0011,time_sensitive,6,0.5,PI-NSGA-III,0.24015625839568838,0.7555022548924585
TIME_0011,time_sensitive,6,0.5,NSGA-II,0.2539701858426266,0.7989591833306391
TIME_0011,time_sensitive,7,0.5,PI-NSGA-III,0.10538648108380005,0.33153299699901473
TIME_0011,time_sensitive,7,0.5,NSGA-II,0.12391150091263373,0.389810446631627
TIME_0011,time_sensitive,8,0.5,PI-NSGA-III,0.15377441984106024,0.4837555419575374
TIME_0011,time_sensitive,8,0.5,NSGA-II,0.14692835243894212,0.46221865012720204
TIME_0011,time_sensitive,9,0.5,PI-NSGA-III,0.10536691993824804,0.33147146002441513
TIME_0011,time_sensitive,9,0.5,NSGA-II,0.11238223840390402,0.3535407950273748
TIME_0012,time_sensitive,0,0.5,PI-NSGA-III,1.336354159656558e-06,0.8429444906181222
TIME_0012,time_sensitive,0,0.5,NSGA-II,1.4508954727147269e-06,0.9151947755391215
TIME_0012,time_sensitive,1,0.5,PI-NSGA-III,9.321253807790026e-07,0.58796535979273
TIME_0012,time_sensitive,1,0.5,NSGA-II,9.935978314171864e-07,0.6267409068405041
TIME_0012,time_sensitive,2,0.5,PI-NSGA-III,1.2461222720762539e-06,0.7860280871600459
TIME_0012,time_sensitive,2,0.5,NSGA-II,1.29648979447498e-06,0.8177988757682113
TIME_0012,time_sensitive,3,0.5,PI-NSGA-III,1.0979698991513598e-06,0.6925766427007897
TIME_0012,time_sensitive,3,0.5,NSGA-II,1.2114687535303547e-06,0.7641693663054591
TIME_0012,time_sensitive,4,0.5,PI-NSGA-III,1.2921582185750087e-06,0.8150666075186678
TIME_0012,time_sensitive,4,0.5,NSGA-II,1.4109761537511487e-06,0.8900144969831558
TIME_0012,time_sensitive,5,0.5,PI-NSGA-III,1.4510984830114865e-06,0.915322830224293
TIME_0012,time_sensitive,5,0.5,NSGA-II,1.51255683048783e-06,0.9540894812900493
TIME_0012,time_sensitive,6,0.5,PI-NSGA-III,1.5560741375264142e-06,0.9815392961087043
TIME_0012,time_sensitive,6,0.5,NSGA-II,1.5853406416792923e-06,1.0
TIME_0012,time_sensitive,7,0.5,PI-NSGA-III,9.104352475478554e-07,0.5742836735601916
TIME_0012,time_sensitive,7,0.5,NSGA-II,9.667045232547428e-07,0.6097771657646704
TIME_0012,time_sensitive,8,0.5,PI-NSGA-III,1.139325777991162e-06,0.7186630734353197
TIME_0012,time_sensitive,8,0.5,NSGA-II,1.2401515841841794e-06,0.7822619010577645
TIME_0012,time_sensitive,9,0.5,PI-NSGA-III,1.03900148019221e-06,0.6553805869075774
TIME_0012,time_sensitive,9,0.5,NSGA-II,1.0432888812338658e-06,0.6580849905725932
TIME_0013,time_sensitive,0,0.5,PI-NSGA-III,5.0999687456450724e-05,0.21766232813056668
TIME_0013,time_sensitive,0,0.5,NSGA-II,5.7629901736254954e-05,0.2459595187237255
TIME_0013,time_sensitive,1,0.5,PI-NSGA-III,0.00015495799307194746,0.6613475340075664
TIME_0013,time_sensitive,1,0.5,NSGA-II,0.0001684535508325066,0.7189454266239121
TIME_0013,time_sensitive,2,0.5,PI-NSGA-III,0.0002024026365248623,0.8638372367161247
TIME_0013,time_sensitive,2,0.5,NSGA-II,0.00020491328007644035,0.8745524498438347
TIME_0013,time_sensitive,3,0.5,PI-NSGA-III,4.756044740390303e-05,0.20298394412131845
TIME_0013,time_sensitive,3,0.5,NSGA-II,5.230072237390669e-05,0.22321503449478589
TIME_0013,time_sensitive,4,0.5,PI-NSGA-III,0.00015159685044925197,0.647002463186113
TIME_0013,time_sensitive,4,0.5,NSGA-II,0.00015499393507413013,0.6615009314157257
TIME_0013,time_sensitive,5,0.5,PI-NSGA-III,0.00023172641894162949,0.9889886458473665
TIME_0013,time_sensitive,5,0.5,NSGA-II,0.00023430645024552943,1.0
TIME_0013,time_sensitive,6,0.5,PI-NSGA-III,7.141051765539291e-05,0.3047740153143967
TIME_0013,time_sensitive,6,0.5,NSGA-II,7.281189121922272e-05,0.3107549584867306
TIME_0013,time_sensitive,7,0.5,PI-NSGA-III,4.7479043480704406e-05,0.20263651910116506
TIME_0013,time_sensitive,7,0.5,NSGA-II,5.252870065202864e-05,0.2241880263944244
TIME_0013,time_sensitive,8,0.5,PI-NSGA-III,0.00012382926284792203,0.5284927611602732
TIME_0013,time_sensitive,8,0.5,NSGA-II,0.00013152667325577185,0.5613446540543174
TIME_0013,time_sensitive,9,0.5,PI-NSGA-III,0.0001225217277577316,0.5229123126117153
TIME_0013,time_sensitive,9,0.5,NSGA-II,0.00012930011078919452,0.5518418748340095
TIME_0014,time_sensitive,0,0.5,PI-NSGA-III,3.079204097332323e-06,0.9406851372937116
TIME_0014,time_sensitive,0,0.5,NSGA-II,3.27336318525345e-06,1.0
TIME_0014,time_sensitive,1,0.5,PI-NSGA-III,1.690028832705925e-06,0.5162973788913892
TIME_0014,time_sensitive,1,0.5,NSGA-II,1.7879257125162523e-06,0.5462045032371856
TIME_0014,time_sensitive,2,0.5,PI-NSGA-III,2.2156654677277318e-06,0.6768773711726636
TIME_0014,time_sensitive,2,0.5,NSGA-II,2.6954476302164544e-06,0.8234489965426037
TIME_0014,time_sensitive,3,0.5,PI-NSGA-III,2.1045111520242443e-06,0.6429201505977394
TIME_0014,time_sensitive,3,0.5,NSGA-II,2.259224926580722e-06,0.6901846201358175
TIME_0014,time_sensitive,4,0.5,PI-NSGA-III,2.0695716298599883e-06,0.6322462594995384
TIME_0014,time_sensitive,4,0.5,NSGA-II,2.1601387892552105e-06,0.6599141821435116
TIME_0014,time_sensitive,5,0.5,PI-NSGA-III,1.902487433072426e-06,0.5812026730315659
TIME_0014,time_sensitive,5,0.5,NSGA-II,1.8041605076519996e-06,0.5511641713879382
TIME_0014,time_sensitive,6,0.5,PI-NSGA-III,1.9714309231158016e-06,0.6022646469530565
TIME_0014,time_sensitive,6,0.5,NSGA-II,2.112452592006626e-06,0.6453462303001563
TIME_0014,time_sensitive,7,0.5,PI-NSGA-III,1.7304968098829731e-06,0.5286601919636926
TIME_0014,time_sensitive,7,0.5,NSGA-II,1.6916385659277597e-06,0.5167891462666339
TIME_0014,time_sensitive,8,0.5,PI-NSGA-III,1.8995176154819732e-06,0.5802954050559768
TIME_0014,time_sensitive,8,0.5,NSGA-II,1.9866319528464307e-06,0.6069085037053747
TIME_0014,time_sensitive,9,0.5,PI-NSGA-III,2.4490975789919652e-06,0.7481899931010364
TIME_0014,time_sensitive,9,0.5,NSGA-II,2.503161017150568e-06,0.7647061677809984
COMF_0015,comfort_seeker,0,0.5,PI-NSGA-III,6.444078208042875e-06,0.3583551135948472
COMF_0015,comfort_seeker,0,0.5,NSGA-II,6.72732526443379e-06,0.37410647907977973
COMF_0015,comfort_seeker,1,0.5,PI-NSGA-III,1.251070481849523e-05,0.6957201482731649
COMF_0015,comfort_seeker,1,0.5,NSGA-II,1.314684531621556e-05,0.7310959138928821
COMF_0015,comfort_seeker,2,0.5,PI-NSGA-III,1.0287902683987086e-05,0.5721101476346943
COMF_0015,comfort_seeker,2,0.5,NSGA-II,1.0711513274866272e-05,0.5956671276268094
COMF_0015,comfort_seeker,3,0.5,PI-NSGA-III,1.360064703724144e-05,0.7563318222784751
COMF_0015,comfort_seeker,3,0.5,NSGA-II,1.4176713948849863e-05,0.7883668964788495
COMF_0015,comfort_seeker,4,0.5,PI-NSGA-III,1.7741953028578507e-05,0.9866297999014589
COMF_0015,comfort_seeker,4,0.5,NSGA-II,1.798238106162059e-05,1.0
COMF_0015,comfort_seeker,5,0.5,PI-NSGA-III,7.863544142646243e-06,0.43729159757543096
COMF_0015,comfort_seeker,5,0.5,NSGA-II,9.016711978140125e-06,0.5014192473867823
COMF_0015,comfort_seeker,6,0.5,PI-NSGA-III,8.489906049400711e-06,0.47212357586618686
COMF_0015,comfort_seeker,6,0.5,NSGA-II,8.958587941479766e-06,0.4981869703895825
COMF_0015,comfort_seeker,7,0.5,PI-NSGA-III,8.663633508234783e-06,0.48178455781505986
COMF_0015,comfort_seeker,7,0.5,NSGA-II,9.59375122807311e-06,0.5335083933099853
COMF_0015,comfort_seeker,8,0.5,PI-NSGA-III,7.231858395443963e-06,0.40216356057979236
COMF_0015,comfort_seeker,8,0.5,NSGA-II,8.608550769130811e-06,0.4787214073393126
COMF_0015,comfort_seeker,9,0.5,PI-NSGA-III,1.297993858490651e-05,0.721814232521705
COMF_0015,comfort_seeker,9,0.5,NSGA-II,1.4853661091925218e-05,0.8260119191683167
COMF_0016,comfort_seeker,0,0.5,PI-NSGA-III,7.367909908199044e-06,0.7272021290670713
COMF_0016,comfort_seeker,0,0.5,NSGA-II,7.800956450694424e-06,0.7699432010415451
COMF_0016,comfort_seeker,1,0.5,PI-NSGA-III,6.752771066347646e-06,0.6664888085949524
COMF_0016,comfort_seeker,1,0.5,NSGA-II,7.302108264946211e-06,0.7207076013562583
COMF_0016,comfort_seeker,2,0.5,PI-NSGA-III,5.996402961514614e-06,0.5918363626440419
COMF_0016,comfort_seeker,2,0.5,NSGA-II,6.311497398076776e-06,0.6229357311189752
COMF_0016,comfort_seeker,3,0.5,PI-NSGA-III,8.054454240977719e-06,0.7949630689694458
COMF_0016,comfort_seeker,3,0.5,NSGA-II,8.385543809115027e-06,0.8276411339649771
COMF_0016,comfort_seeker,4,0.5,PI-NSGA-III,4.101287057473849e-06,0.40479114392961113
COMF_0016,comfort_seeker,4,0.5,NSGA-II,4.656697033898186e-06,0.459609311143004
COMF_0016,comfort_seeker,5,0.5,PI-NSGA-III,1.0131859649051559e-05,1.0
COMF_0016,comfort_seeker,5,0.5,NSGA-II,9.945635113260845e-06,0.9816199056993308
COMF_0016,comfort_seeker,6,0.5,PI-NSGA-III,5.5561025174509804e-06,0.5483793409999601
COMF_0016,comfort_seeker,6,0.5,NSGA-II,6.018088162583192e-06,0.5939766608538191
COMF_0016,comfort_seeker,7,0.5,PI-NSGA-III,6.6404571567479684e-06,0.6554035869781891
COMF_0016,comfort_seeker,7,0.5,NSGA-II,7.341093942979766e-06,0.7245554318023902
COMF_0016,comfort_seeker,8,0.5,PI-NSGA-III,2.3487494875271727e-06,0.23181820207576984
COMF_0016,comfort_seeker,8,0.5,NSGA-II,2.827733978685009e-06,0.2790932836253523
COMF_0016,comfort_seeker,9,0.5,PI-NSGA-III,5.019440256801245e-06,0.49541154641548096
COMF_0016,comfort_seeker,9,0.5,NSGA-II,5.723884863848197e-06,0.5649392176868546
COMF_0017,comfort_seeker,0,0.5,PI-NSGA-III,8.359801217862599e-06,0.6614753677049138
COMF_0017,comfort_seeker,0,0.5,NSGA-II,8.765251850263478e-06,0.6935569446663972
COMF_0017,comfort_seeker,1,0.5,PI-NSGA-III,6.555634905968359e-06,0.5187193925973875
COMF_0017,comfort_seeker,1,0.5,NSGA-II,7.256332605045074e-06,0.5741626090169835
COMF_0017,comfort_seeker,2,0.5,PI-NSGA-III,8.143539964010009e-06,0.6443635382864337
COMF_0017,comfort_seeker,2,0.5,NSGA-II,9.155652989122056e-06,0.7244477194765812
COMF_0017,comfort_seeker,3,0.5,PI-NSGA-III,8.323048004953807e-06,0.6585672429314164
COMF_0017,comfort_seeker,3,0.5,NSGA-II,8.940858581232583e-06,0.7074519553146223
COMF_0017,comfort_seeker,4,0.5,PI-NSGA-III,4.985933107262106e-06,0.394515593077887
COMF_0017,comfort_seeker,4,0.5,NSGA-II,5.474712961803549e-06,0.43319065550864405
COMF_0017,comfort_seeker,5,0.5,PI-NSGA-III,5.107727491739818e-06,0.404152662567607
COMF_0017,comfort_seeker,5,0.5,NSGA-II,5.824499960586353e-06,0.4608678068676821
COMF_0017,comfort_seeker,6,0.5,PI-NSGA-III,1.198494721296232e-05,0.9483176881860317
COMF_0017,comfort_seeker,6,0.5,NSGA-II,1.2638114170249696e-05,1.0
COMF_0017,comfort_seeker,7,0.5,PI-NSGA-III,7.547326939102265e-06,0.5971877479053626
COMF_0017,comfort_seeker,7,0.5,NSGA-II,8.15519580478002e-06,0.645285815187322
COMF_0017,comfort_seeker,8,0.5,PI-NSGA-III,7.439847875508196e-06,0.588683388619934
COMF_0017,comfort_seeker,8,0.5,NSGA-II,8.366253780610502e-06,0.6619859314378395
COMF_0017,comfort_seeker,9,0.5,PI-NSGA-III,9.272679916646687e-06,0.7337075604582454
COMF_0017,comfort_seeker,9,0.5,NSGA-II,9.875083136078314e-06,0.781373154495186
COMF_0018,comfort_seeker,0,0.5,PI-NSGA-III,1.134547063919803e-05,0.6697090064958522
COMF_0018,comfort_seeker,0,0.5,NSGA-II,1.1679795592387422e-05,0.6894437922414233
COMF_0018,comfort_seeker,1,0.5,PI-NSGA-III,1.0415080100425385e-05,0.6147892113467801
COMF_0018,comfort_seeker,1,0.5,NSGA-II,1.0430684498583172e-05,0.615710319542249
COMF_0018,comfort_seeker,2,0.5,PI-NSGA-III,7.315367422242541e-06,0.43181703115742054
COMF_0018,comfort_seeker,2,0.5,NSGA-II,7.932020829431134e-06,0.4682173140380386
COMF_0018,comfort_seeker,3,0.5,PI-NSGA-III,7.542650252538586e-06,0.44523325365816374
COMF_0018,comfort_seeker,3,0.5,NSGA-II,8.372107872938091e-06,0.49419510429915503
COMF_0018,comfort_seeker,4,0.5,PI-NSGA-III,1.1363787325482871e-05,0.6707902176826087
COMF_0018,comfort_seeker,4,0.5,NSGA-II,1.2358103156551881e-05,0.7294834432476782
COMF_0018,comfort_seeker,5,0.5,PI-NSGA-III,7.983981086850521e-06,0.47128446334195384
COMF_0018,comfort_seeker,5,0.5,NSGA-II,8.114303873959807e-06,0.4789772552105598
COMF_0018,comfort_seeker,6,0.5,PI-NSGA-III,1.3116176200316068e-05,0.7742315512051007
COMF_0018,comfort_seeker,6,0.5,NSGA-II,1.404075714034393e-05,0.8288084129733341
COMF_0018,comfort_seeker,7,0.5,PI-NSGA-III,1.4993563077384314e-05,0.8850513611745353
COMF_0018,comfort_seeker,7,0.5,NSGA-II,1.6940896014765327e-05,1.0
COMF_0018,comfort_seeker,8,0.5,PI-NSGA-III,5.670447356939827e-06,0.33471944766071315
COMF_0018,comfort_seeker,8,0.5,NSGA-II,6.404798601037931e-06,0.3780672873179579
COMF_0018,comfort_seeker,9,0.5,PI-NSGA-III,7.399585913786198e-06,0.43678834385954995
COMF_0018,comfort_seeker,9,0.5,NSGA-II,8.36091113574079e-06,0.49353417484255835
COMF_0019,comfort_seeker,0,0.5,PI-NSGA-III,7.552429017733877e-07,1.0
COMF_0019,comfort_seeker,0,0.5,NSGA-II,7.492780033418734e-07,0.9921020132496338
COMF_0019,comfort_seeker,1,0.5,PI-NSGA-III,4.29322955598388e-07,0.5684567899814665
COMF_0019,comfort_seeker,1,0.5,NSGA-II,4.538729789541226e-07,0.6009629191990846
COMF_0019,comfort_seeker,2,0.5,PI-NSGA-III,5.770197798976385e-07,0.7640188057944496
COMF_0019,comfort_seeker,2,0.5,NSGA-II,6.084496351580907e-07,0.8056343644268468
COMF_0019,comfort_seeker,3,0.5,PI-NSGA-III,4.0832841960747677e-07,0.5406584009577313
COMF_0019,comfort_seeker,3,0.5,NSGA-II,4.2046431463316446e-07,0.5567272643620631
COMF_0019,comfort_seeker,4,0.5,PI-NSGA-III,2.6711749887644633e-07,0.35368422298207247
COMF_0019,comfort_seeker,4,0.5,NSGA-II,2.8347492502881967e-07,0.37534272002185187
COMF_0019,comfort_seeker,5,0.5,PI-NSGA-III,3.1223355953062763e-07,0.41342137582156846
COMF_0019,comfort_seeker,5,0.5,NSGA-II,3.3372633347141846e-07,0.44187947041646447
COMF_0019,comfort_seeker,6,0.5,PI-NSGA-III,2.9562019790364807e-07,0.3914240004235744
COMF_0019,comfort_seeker,6,0.5,NSGA-II,3.1482522934722424e-07,0.4168529470558178
COMF_0019,comfort_seeker,7,0.5,PI-NSGA-III,4.908389413777388e-07,0.6499087117868949
COMF_0019,comfort_seeker,7,0.5,NSGA-II,5.062312882009789e-07,0.6702893691715552
COMF_0019,comfort_seeker,8,0.5,PI-NSGA-III,5.506296061386834e-07,0.7290761751560308
COMF_0019,comfort_seeker,8,0.5,NSGA-II,5.650951184181445e-07,0.748229631938603
COMF_0019,comfort_seeker,9,0.5,PI-NSGA-III,6.67141295864289e-07,0.8833466614486186
COMF_0019,comfort_seeker,9,0.5,NSGA-II,7.144269483519295e-07,0.9459565216361276
