walk_share,bike_share,bus_share,tram_share,car_share,crowding,transfers,distance_km,rain,temperature_c,age,mobility_restriction,reliability_penalty,safety_penalty,fare_eur,travel_time_min,weather_label,dominant_mode,y_true,y_pred,abs_error
0.2551829017447979,0.06761564234691742,0.1887880720805402,0.4884133838277445,0.0,0.2989213309288923,0,4.968060663404779,1,15.180833994772831,18.0,0,0.05081395658192192,0.47206106550101945,2.5469128478229854,32.83350439435031,cloudy,walk,0.8026156161430514,0.8026156161430514,0.0
0.36483902979147614,0.15489655972821406,0.4225947009214011,0.057669709558908815,0.0,0.9098752318422855,0,6.115065362798248,0,6.8461949315331445,26.12636979460023,0,0.36750139507096574,0.3178583193197225,2.6723230775962064,36.94458792600176,sunny,walk,0.7696383239191231,0.7696383239191231,0.0
0.09194967070886324,0.03199811872238492,0.4631042324237025,0.33674934700773884,0.07619863113731051,0.9975858895898068,0,14.285522952887558,1,11.151839303873448,22.592849247285024,0,0.14992390331625888,0.046204310695914214,1.7853468132317545,14.113521350997424,rainy,bus,0.7489171733199749,0.7489171733199749,0.0
0.08838583557525137,0.2001444827581462,0.1536077835218715,0.557861898144731,0.0,0.10234794107138634,1,5.524465404084237,1,13.344262764189242,18.0,0,0.39974919550602006,0.1588374736937494,3.8452577854031293,42.04257280007351,sunny,bus,0.7665371152886035,0.7665371152886035,0.0
0.10334338603469032,0.2748461640025016,0.20418395962371055,0.4176264903390975,0.0,0.5014002256660026,0,15.844824770044035,0,19.3033709470914,18.554245764860543,0,0.3744363776007377,0.07535860329615085,0.0,30.492498631756476,cloudy,car,0.8459125417793838,0.8459125417793838,0.0
0.26652759004006976,0.1927715707484047,0.29653096568190196,0.24416987352962374,0.0,0.45895078373602494,0,5.783956636589209,1,28.91759340861494,36.82424359771681,0,0.34669524480994207,0.09456010833883305,3.858564887397205,39.721113543027336,cloudy,car,0.7444715938204411,0.7444715938204411,0.0
0.25367343750876137,0.2568378062277843,0.21390292861183735,0.27558582765161693,0.0,0.8078171649543915,1,4.5343823077179515,1,6.6466835681563925,29.969879904554734,0,0.2614037990413964,0.24768125083846337,1.0719609376653416,56.16107995746276,cloudy,walk,0.5955595150368419,0.5955595150368419,0.0
0.23401763210968266,0.31400399336680956,0.23403239065952636,0.21794598386398134,0.0,0.8455903100804536,2,6.276203598930659,1,11.569512141309628,32.67223673623484,0,0.42558731213698797,0.387552091297521,2.9398603377930446,48.504719962955704,sunny,tram,0.5087363508156535,0.5087363508156535,0.0
0.20010076329152593,0.11590748428594468,0.48493643057604674,0.1990553218464827,0.0,0.3316364225211028,4,7.591611350694137,1,19.26802505211096,21.930083724088895,0,0.3687171012458158,0.3923300109940934,2.9648705770757426,11.839853419580276,rainy,bus,0.5363792918507999,0.5363792918507999,0.0
0.24906593901929733,0.12972392636074442,0.4946719021703267,0.1265382324496315,0.0,0.9381101392107224,2,3.8563282080168833,1,12.866371230725784,31.203037584932975,0,0.24103667257830608,0.11212643561177409,1.7046972078133316,28.393054310449536,sunny,walk,0.5747957478608484,0.5747957478608484,0.0
0.1506290812746351,0.03178897898201308,0.46369715200304845,0.3538847877403034,0.0,0.20166271259542523,0,8.729665366622509,1,19.003116639448773,23.2942631091702,0,0.5997164454097379,0.2253655663923527,4.138833090400952,30.851566813446354,sunny,walk,0.8213898252706155,0.8213898252706155,0.0
0.25388581343578837,0.21980214375125248,0.26312438134902716,0.263187661463932,0.0,0.983465767849379,3,13.771502261140425,0,27.448386949796863,23.089822123282676,0,0.18038252771330798,0.18053979401808484,0.11079739559101043,45.62804403025936,cloudy,bus,0.5950334124800452,0.5950334124800452,0.0
0.13301000448451394,0.10782606774853881,0.2925216115074476,0.41860885933541814,0.04803345692408156,0.9181669811939239,3,0.9346384973621278,1,17.477781506398173,23.505181303443365,0,0.4671335615662378,0.10462718142235414,3.2101223777505594,49.63294886241149,rainy,car,0.5233454025380511,0.5233454025380511,0.0
0.0809948936642112,0.3075051234975159,0.3722348444733819,0.2392651383648909,0.0,0.1787967959506862,2,1.5392092761631218,1,23.21948570141464,31.064757553979135,1,0.2626476211567303,0.4226398754262565,2.0690791265312827,45.490762329113394,cloudy,bike,0.6154920687002381,0.6154920687002381,0.0
0.41603913430916767,0.1257100192968168,0.34944463073855897,0.10880621565545667,0.0,0.3864802966090667,0,11.699063823949436,0,13.25228341900373,19.570989650242247,0,0.2284086365462311,0.0777075464194534,3.7082378701011516,15.886293111530328,sunny,walk,0.8740445895595989,0.8740445895595989,0.0
0.17822911236065314,0.15578645460286356,0.3978463025127236,0.2681381305237597,0.0,0.10089354713577603,4,1.0424040809501334,1,6.400384214899162,32.12699646106612,0,0.331356122151014,0.31950843402731965,4.271152145717027,30.605111482889477,sunny,tram,0.5771105762699599,0.5771105762699599,0.0
0.13089847151458972,0.2846911638558863,0.32730850761889774,0.2571018570106263,0.0,0.5690222928632889,3,6.259845717050202,1,2.1480466863486356,26.504492534027893,0,0.24497629974155566,0.29067854921993286,2.0974217580458094,33.90273054204896,rainy,bike,0.5451591849396112,0.5451591849396112,0.0
0.2893898000512094,0.1684737417821531,0.2984559805650896,0.24368047760154782,0.0,0.11843029393466498,0,3.0976981161496617,1,7.278866592848679,31.21537393080594,0,0.12772607315056997,0.03413737675757966,2.6185138453741765,53.96421980087819,sunny,walk,0.8085920695369587,0.8085920695369587,0.0
0.17756968040862423,0.021252177637403866,0.41067874693588097,0.3904993950180909,0.0,0.6232768683686893,0,5.618259427247531,1,34.13489511412101,19.763354597009823,0,0.18094645531596856,0.2947391031398865,1.1839693920666718,25.773908106768012,rainy,tram,0.7787141764219769,0.7787141764219769,0.0
0.07952859257628453,0.4567476924367059,0.31402343405736133,0.1497002809296483,0.0,0.3120207228233062,0,6.78158970241965,1,11.15347912978659,25.92042546397464,0,0.09647689773493459,0.0,1.3482246856616835,31.617904101259608,sunny,bike,0.7616857410258389,0.7616857410258389,0.0
0.3339218149172397,0.09928705273840313,0.533860712284306,0.03284772527371659,8.269478633460281e-05,0.5220419643291969,3,4.563553691117023,0,10.70223654352387,25.871725482898707,0,0.17232592269534672,0.32170431729450677,2.9159576241422895,34.116129919431884,sunny,bus,0.6645249106513369,0.6645249106513369,0.0
0.15861742065795437,0.01985590596686609,0.5799348102873466,0.24159186308783298,0.0,0.24761304942640416,4,14.110878823206072,0,34.833278524177096,24.104986546925637,0,0.21000565359175505,0.3119289189981062,3.2979230591814748,33.2173034918816,cloudy,walk,0.6367987710100617,0.6367987710100617,0.0
0.19343757665695113,0.12674049844083965,0.3703725104081227,0.3094494144940865,0.0,0.22218914317835547,2,5.183338585044613,1,28.85120081595177,23.410376414968795,0,0.22865419623554642,0.09756526672024587,3.2274213624467216,20.537108023087036,cloudy,car,0.7020293437162997,0.7020293437162997,0.0
0.1591402473950933,0.10064505201841857,0.3064547288805006,0.43375997170598757,0.0,0.7449869749041896,2,7.0947988182431585,1,18.73832069380772,19.34078518496675,0,0.2616444467145271,0.3493898962448785,4.272149275128289,25.038727467346867,rainy,bus,0.6129299354724669,0.6129299354724669,0.0
0.18598458495648149,0.21670840740509106,0.2821397327331419,0.3151672749052855,0.0,0.10868295089518443,3,6.479991656450402,1,18.73181447678735,18.0,1,0.07829072483890737,0.2458384862565005,2.415106210614102,32.83892802202291,rainy,tram,0.5918569828155191,0.5918569828155191,0.0
0.26329724202049853,0.0742674904908832,0.43036029272273413,0.23207497476588415,0.0,0.5930253796487746,2,4.474228781789013,1,18.921726432950575,23.868170550995917,0,0.11559329398896687,0.27424338038630525,1.8349593426452393,26.782229637248673,cloudy,bus,0.6401236683961644,0.6401236683961644,0.0
0.27049495801945495,0.03843111026065952,0.2689501182800922,0.19432811070776712,0.2277957027320262,0.8419240516932528,0,3.670004407298666,0,9.96632243353622,32.8604610147001,0,0.1825197074344158,0.0,4.891603458636735,16.2138362507699,cloudy,bus,0.809805100178235,0.809805100178235,0.0
0.2542081678322401,0.11392477297378571,0.43074980306985583,0.2011172561241183,0.0,0.5040348150703582,3,9.168951381044565,0,15.336640413846563,43.66913982255054,0,0.055891635734024364,0.30482627726959816,3.580044632129597,31.974013916651387,rainy,bike,0.6732517025391205,0.6732517025391205,0.0
0.18670672255541476,0.31670032794815267,0.349688408426647,0.14690454106978554,0.0,0.46866688878514495,0,1.704578169391757,1,9.561504636080128,24.850435365535656,0,0.09365977058624012,0.12044253486096711,2.154879986935266,41.218711794443344,rainy,bus,0.7455827471726737,0.7455827471726737,0.0
0.09351726675809609,0.05898218361057362,0.555141892274258,0.20937984219348346,0.08297881516358874,0.5716298384629083,0,7.696972443536799,1,15.30484015863442,29.291622502573535,0,0.12089237892968532,0.0011942294629193329,4.8380281604212225,34.00478600375284,cloudy,bike,0.8160701818172981,0.8160701818172981,0.0
0.30672038400797796,0.1596856926881757,0.34332207912738927,0.19027184417645698,0.0,0.5722903632241346,1,2.3799943690853933,1,2.1731556742276084,30.75535344169955,0,0.14641591126929232,0.37363839264501875,2.7264972857071044,27.117606052114944,rainy,tram,0.6662987078647521,0.6662987078647521,0.0
0.049798778610030285,0.12472920587429813,0.36778276721558334,0.45768924830008817,0.0,0.6136592369797302,4,4.242406676543441,1,-0.40895971563807976,18.0,0,0.1595499480280217,0.2672311749413086,0.9087494334937296,55.930343644064706,sunny,tram,0.5259404997885169,0.5259404997885169,0.0
0.08012979482592941,0.20034063891273918,0.38125433002477205,0.33827523623655936,0.0,0.4473256031351651,3,6.4279521433637985,1,6.316181687737769,23.712097887129815,0,0.5597807467980807,0.6497852078788304,2.00692015285238,49.52321032488173,cloudy,tram,0.5436635599329082,0.5436635599329082,0.0
0.174961826847492,0.31865332606049734,0.3220156003220936,0.17133019938682398,0.013039047383093028,0.14796944194946016,4,1.1315440704172413,1,6.525099610320343,28.290116793291894,0,0.4117104125128327,0.32046984414765856,3.0194366149157617,23.657933987286945,sunny,car,0.522989367742334,0.522989367742334,0.0
0.2729543341938271,0.10025871165772281,0.5009909669786539,0.12579598716979618,0.0,0.8558668469561602,3,7.40583562137513,1,19.828331249502792,41.14789887176519,0,0.268504632986349,0.37042807536264255,1.9321300918337039,54.485350796093144,sunny,walk,0.4965922724492275,0.4965922724492275,0.0
0.31547618201538496,0.21315482543344502,0.1838711950482847,0.28749779750288523,0.0,0.5030600348871168,0,8.548677561734761,1,17.26210175105697,25.646244795879767,0,0.18118145969922228,0.15004499061933718,2.633069092646685,33.93283685706742,sunny,car,0.7296625522089881,0.7296625522089881,0.0
0.33296350715449197,0.09153109672349578,0.4720182648871167,0.10348713123489545,0.0,0.4252901973398888,3,4.285271836247201,1,6.7871295852109075,27.635311016878475,0,0.3285245206915075,0.12002720065927995,1.0121441064793724,19.11081397823827,cloudy,tram,0.5832878349961763,0.5832878349961763,0.0
0.25565024977394785,0.1795266224968053,0.3466780989157401,0.2181450288135067,0.0,0.6686592871378328,0,10.201508415086138,1,13.332950776155695,33.747200649298605,0,0.05502874160238139,0.12590075389925864,1.867760288994119,5.0,sunny,walk,0.7335911345381243,0.7335911345381243,0.0
0.19622058180824956,0.1506522095567315,0.4524295799433829,0.200697628691636,0.0,0.4439981702072303,3,0.9645810396034166,1,18.72180814242236,25.182228754081283,0,0.03401537704033941,0.4310618311096398,2.413066391447493,23.346318597297994,rainy,bus,0.5950548986338979,0.5950548986338979,0.0
0.04186735375116862,0.2481292915656916,0.4288089046607364,0.28119445002240345,0.0,0.8952802231711016,1,8.90086172496372,1,10.43906659632204,34.875932019748824,0,0.1383471238001617,0.10461229185325471,4.953047629886102,33.984022634226086,rainy,bike,0.6588409706994394,0.6588409706994394,0.0
0.26085753004835693,0.21810386201262177,0.39597331724688395,0.12506529069213732,0.0,0.6273279406619792,4,8.38139010012715,1,19.46994965237986,30.751956505886785,0,0.18345428548047166,0.14200386197227488,0.9351215591419266,17.602997496188834,cloudy,tram,0.47989623255961783,0.47989623255961783,0.0
0.07288585535595593,0.22492969578961997,0.5184101384055981,0.18377431044882586,0.0,0.8116864077039737,1,2.8749339170856723,1,28.995061757269326,18.768697720071245,0,0.35944052510126934,0.03823845525887856,3.3873682737413606,29.46589113381683,cloudy,walk,0.6606316453223412,0.6606316453223412,0.0
0.22453973879065067,0.13572176118456097,0.4020246797918051,0.23771382023298315,0.0,0.679041175427751,0,0.732348920345814,1,14.986020249834375,18.532916184417594,0,0.21169528329389098,0.14968861741609363,0.270288007891601,8.89466269654616,sunny,tram,0.7404410699592316,0.7404410699592316,0.0
0.0866732040414474,0.1483214968763616,0.4883449320674436,0.27666036701474733,0.0,0.05667725981254956,0,6.387172846621917,0,1.2092276297358318,19.27210782746184,0,0.36000882434561043,0.24114443710615338,4.447276817712443,35.82032405454267,sunny,walk,0.9056418903476812,0.9056418903476812,0.0
0.044478746427751396,0.2644704778777837,0.36261355591322775,0.3284372197812373,0.0,0.7950984376918251,1,2.5850896322572865,1,13.900583395770802,30.230940214957105,0,0.1546375621283867,0.023358710110142705,4.571181976504952,31.13234544720843,rainy,bike,0.6746304957556893,0.6746304957556893,0.0
0.238693583879569,0.16999622025695968,0.32025435526709867,0.2710558405963727,0.0,0.7731582022315064,1,8.204698633266258,1,11.304077018522982,25.84945047870239,0,0.4182918067449284,0.38807493020201655,2.754137009776132,11.957104604751493,sunny,bus,0.6207115690200354,0.6207115690200354,0.0
0.19641695719260138,0.14810120064963986,0.4016063251484139,0.25387551700934485,0.0,0.043905419463268314,0,2.7766527029557206,1,22.098601404116472,23.69821906227915,1,0.23151017760571616,0.0,2.146619668121085,24.54190851322587,cloudy,car,0.8100351062830339,0.8100351062830339,0.0
0.3276099095522832,0.02057880489319068,0.37851527025319426,0.27329601530133174,0.0,0.6268938631607208,2,0.5066712005292511,0,31.522803702556235,21.483226306673934,0,0.2762423174709135,0.3238246976046084,2.374749287564614,28.032043034940067,rainy,bus,0.699711608046373,0.699711608046373,0.0
0.1340106370377835,0.2966403475295287,0.2918290217363269,0.27751999369636093,0.0,0.05205193753800852,4,5.267459332330772,1,14.523351127180353,36.03529580195581,0,0.3632070818733097,0.3292885079234838,2.5392949129630136,22.890030215898108,rainy,tram,0.5534240558881429,0.5534240558881429,0.0
0.2860006512920216,0.2071491877366143,0.26520330968176276,0.24164685128960137,0.0,0.9129929672174798,3,5.12062291818182,1,10.32063520524186,20.8482747387308,0,0.10862872714855976,0.16224518754696865,3.705983270146277,29.821533715966176,sunny,bus,0.4980293794645181,0.4980293794645181,0.0
0.2936187118162088,0.1462668673638041,0.3056500597524538,0.2544643610675334,0.0,0.37638367012757556,4,0.7810848716779754,1,5.292706368308382,34.97917234869804,0,0.44450865369683246,0.3061396992484599,3.250478303651424,31.520292613330547,cloudy,car,0.5065436494904674,0.5065436494904674,0.0
0.12698775431057077,0.1094580378516461,0.5022224952861885,0.10764563383062904,0.15368607872096562,0.9485595013987994,4,0.5568463545099365,1,20.03151108666918,28.373569633082873,0,0.2820811060874282,0.26559654035980734,5.113311481321068,20.200768427710095,sunny,car,0.46970113651295686,0.46970113651295686,0.0
0.052411720804944884,0.22127253993843582,0.587468828171425,0.13884691108519434,0.0,0.5145081563884855,0,1.03506241653805,1,8.834557109577396,18.0,0,0.1414630852259844,0.27773227976092146,2.639847856417189,22.496233474589502,cloudy,bus,0.7742512319984612,0.7742512319984612,0.0
0.16183397204356578,0.17722076434247683,0.33427709927076393,0.3266681643431935,0.0,0.32211347447853056,4,7.425035877122051,1,12.548083146182947,38.54022732604749,0,0.02392506377217496,0.06270778408124664,2.3790867194664305,31.29191267761567,sunny,car,0.5758533911787961,0.5758533911787961,0.0
0.19923883065395992,0.13364587359854674,0.461714040068081,0.20540125567941225,0.0,0.5570548911916147,3,5.814271379962567,1,10.82511314521125,29.45724241568982,0,0.04188464567402547,0.2903455334355527,2.9284986559205883,32.4020087113348,sunny,walk,0.5870373539702802,0.5870373539702802,0.0
0.3742288018070372,0.06217588499343092,0.4217077960586233,0.14188751714090847,0.0,0.6462803117484318,4,4.165407385885836,1,10.0218934631161,32.8186694084206,0,0.2270121556211141,0.2571756085160299,3.702022738947992,19.936775161071772,sunny,bus,0.48644669001383184,0.48644669001383184,0.0
0.334945359479073,0.15191940769907383,0.13821394134440562,0.37492129147744757,0.0,0.5125044876601743,0,15.505583565461054,1,2.9596340952739126,28.798799144372175,0,0.18943264260014986,0.024520848080070684,2.786700887918153,29.961922918529297,cloudy,tram,0.7423001267569969,0.7423001267569969,0.0
0.10637322440747371,0.19945024428298574,0.395494525431427,0.29868200587811367,0.0,0.1862353082930467,0,6.3973064029273266,1,21.351527239098694,35.04555689178419,0,0.4903255367753879,0.0,2.5320403188553393,53.69698437792998,rainy,tram,0.7998005792078938,0.7998005792078938,0.0
0.18512551994253565,0.3035108653268577,0.2167947801554689,0.29456883457513766,0.0,0.8443761331738029,3,4.144865208754343,1,12.838051810103826,18.0,0,0.01061041236807031,0.3125829040875875,2.7781471083267837,53.09513549790552,cloudy,walk,0.4901949441359569,0.4901949441359569,0.0
0.1805487641474305,0.22953164454103067,0.33617770193575097,0.253741889375788,0.0,0.4998664727755733,0,11.530834802717335,1,15.196705172412917,24.389456359621164,0,0.29365655962633047,0.08313137852347582,3.350637253058612,24.970153125891976,cloudy,bus,0.747906286141735,0.747906286141735,0.0
0.18878854875228096,0.10542138774586853,0.4347857528326815,0.27100431066916897,0.0,0.3185899957888748,1,6.46740127120567,1,19.081153605651572,18.0,0,0.1927791179597939,0.4436999654439389,2.2139755507671683,36.901264139364045,rainy,bus,0.733508821289449,0.733508821289449,0.0
0.2832345869849803,0.26445650766584594,0.2201500431214784,0.23215886222769547,0.0,0.35073724274334284,3,7.123941041823021,0,25.520477878890887,28.131209433178586,0,0.2364426809094467,0.0,4.040119126074405,5.0,sunny,walk,0.7095794924662695,0.7095794924662695,0.0
0.19127606898840263,0.16099078423880916,0.335010279735247,0.31272286703754115,0.0,0.7162275917941627,2,1.31877130640417,1,41.824069170149045,18.0,0,0.2861860335883153,0.17549363206445268,2.258998591263304,42.01665174781917,sunny,tram,0.6071350614261127,0.6071350614261127,0.0
0.2832767500857496,0.07619230012879775,0.49245430196010226,0.1480766478253504,0.0,0.0047073228822350766,1,3.8649599706992306,1,12.266828579613371,18.0,0,0.33694520816763707,0.0519177506297801,1.5828344238439096,32.33964506231074,sunny,bike,0.7878604673723831,0.7878604673723831,0.0
0.17924258792764075,0.1615036756128714,0.4559377708827437,0.2033159655767441,0.0,0.20868770015290672,1,6.574994405104171,1,16.159476236587373,30.775540655904372,0,0.3387366365260256,0.08110330646668482,4.385015590811384,26.00228016808035,rainy,walk,0.7505831394468856,0.7505831394468856,0.0
0.4864640585788418,0.19015413887979948,0.23796332790845204,0.06813076732473217,0.017287707308174527,0.48904325962403417,4,1.7501410761555045,1,13.017395903025312,24.99689000555397,0,0.16123604939512115,0.2909000372792726,3.432476139055364,12.864048382557272,cloudy,bike,0.4627648949069248,0.4627648949069248,0.0
0.24824703221237496,0.13804745048092562,0.3258571258944571,0.28784839141224244,0.0,0.8461077550932573,0,9.05050159419886,1,17.17401099269218,21.990282026668517,0,0.19595595408682415,0.44478001926607724,2.796882736577807,36.977389645560756,cloudy,tram,0.6875907731461672,0.6875907731461672,0.0
0.19473599876200468,0.14680250331676575,0.44563932244672555,0.212822175474504,0.0,0.9625001160181546,1,4.752534404276794,1,15.897848089519474,28.882150474504368,0,0.21753204869403234,0.5464291796132448,1.8542330002947323,8.186617820313593,sunny,bike,0.6112952112832833,0.6112952112832833,0.0
0.030324824404717843,0.10545808646774173,0.299055126135014,0.5651619629925265,0.0,0.08584399775170015,3,4.105942486496991,1,14.742205202601546,29.894142153313222,0,0.2456497347527043,0.12783955869429536,1.3953406593141486,32.016723779620996,cloudy,walk,0.6977661644294274,0.6977661644294274,0.0
0.07664123401222114,0.12966550000083313,0.20634815265261966,0.5873451133343259,0.0,0.4593091634535318,4,3.199103555015334,0,21.780702732353767,26.094531414762695,0,0.5657895859650576,0.07874526629642867,3.098523971210773,9.229603163957982,cloudy,tram,0.5959571160582313,0.5959571160582313,0.0
0.12948249542362514,0.22076832015853062,0.3952439830677273,0.2545052013501169,0.0,0.9537246474245615,1,4.3258240568175435,1,26.1727057957094,27.509326629887834,0,0.22916588251119108,0.34976548580970496,1.53684707223168,38.220847129364664,sunny,car,0.6180531907866562,0.6180531907866562,0.0
0.35480019036360644,0.03112600066287173,0.4471101809347278,0.06746233845012868,0.09950128958866533,0.5567810944796208,2,2.323568420441949,1,1.4048986453947254,26.71976742822956,0,0.4080388194119272,0.06689013982769887,2.2093838337312994,25.86734293905073,cloudy,car,0.6322156619268479,0.6322156619268479,0.0
0.2577788630475848,0.11101589005115786,0.43153265010764413,0.19967259679361327,0.0,0.2150701913024442,0,3.652378683976834,1,14.890957578249227,29.64431218651863,0,0.3747295157737296,0.20956658589890143,0.7056539770244141,36.11612185560924,rainy,bus,0.7977816308889617,0.7977816308889617,0.0
0.09093783597836506,0.17801229988390832,0.3500090430164647,0.38104082112126186,0.0,0.33322475332056367,4,4.8344419943778565,1,13.055608787882267,20.107174361546967,0,0.49925678936115714,0.20829482074481523,2.7050313372001407,29.857853485111054,rainy,car,0.5444479781645817,0.5444479781645817,0.0
0.19551501681523048,0.19326221850284453,0.39916181996761474,0.21206094471431022,0.0,0.8733918387435959,3,5.736698095837023,1,8.840154230422723,28.189957360734518,0,0.06094142956363688,0.1295379111253868,2.841043661203858,37.6721309725202,sunny,tram,0.5306949168251056,0.5306949168251056,0.0
0.15808308091135315,0.14472814468452241,0.25757975625730195,0.43960901814682246,0.0,0.5102022796692566,2,4.92024326935474,0,14.425702598165925,28.761071886452218,1,0.28135336137898,0.18619887134754204,3.18415958402706,40.806153313287325,sunny,walk,0.6876854087894104,0.6876854087894104,0.0
0.1793058189088942,0.4174526116228601,0.29282874180312113,0.11041282766512452,0.0,0.0690364588742145,3,10.227757288611205,0,21.318570929582307,29.129074729303312,0,0.026557150960826864,0.4200340087141148,4.835379668770158,27.800830004115475,rainy,tram,0.7455129046205841,0.7455129046205841,0.0
0.3479084244933898,0.2860581253616959,0.3514721612378697,0.01456128890704465,0.0,0.8846811504791032,0,18.343439974424285,0,8.065742180294675,19.639965123670073,0,0.0956741388016343,0.13274588620692684,3.514290092336914,26.65108437061488,cloudy,bus,0.8002288996156794,0.8002288996156794,0.0
0.21321251382638462,0.06957165120589887,0.4356475620175828,0.28156827295013365,0.0,0.35011959427167405,3,5.497999017606501,1,6.889464217889996,20.220192434117724,0,0.28543992669734364,0.1552278263570595,2.4270903637816676,48.08864429726161,sunny,bus,0.6196805549349341,0.6196805549349341,0.0
0.10912299168733325,0.1592033788456362,0.48054397262786863,0.25112965683916183,0.0,0.6646539160035458,1,2.4734579852577174,1,16.319731682617462,19.87122099850881,0,0.29677603346455905,0.11547812210933832,2.315494823282115,40.16953270656352,sunny,car,0.6938257447132158,0.6938257447132158,0.0
0.21215814960740803,0.10136099017062396,0.41885351928441317,0.2676273409375548,0.0,0.8071692333923749,1,1.355868244033382,1,16.384176548007172,24.262408779768133,0,0.0,0.3769568123130159,4.243269108269197,13.185870190845279,rainy,tram,0.6722498926401105,0.6722498926401105,0.0
0.13782273205372728,0.11050421400290576,0.40442827562910344,0.3472447783142634,0.0,0.8612475354989381,4,0.9255154410032161,1,12.90475033034361,20.88998072316582,0,0.0,0.22841959167908402,5.8859515189231155,40.16279100213741,sunny,bus,0.4931153911146361,0.4931153911146361,0.0
0.015851655711821497,0.055847667763388585,0.46249944841674717,0.46580122810804275,0.0,0.5498341434565173,1,7.755222316439223,1,9.673506437916298,33.008194839037486,0,0.362040564727176,0.07311834907332931,2.6305034773323306,32.27064771562876,rainy,car,0.7536088182523913,0.7536088182523913,0.0
0.2754354079836222,0.2258317340219579,0.25294010062715905,0.1888180232530732,0.05697473411418774,0.09835994240867574,1,5.220436198720387,1,22.292660997577276,30.585230495701325,0,0.32072828303565865,0.4837660408660054,2.3288602513663053,37.29524306422254,cloudy,tram,0.7100511374455635,0.7100511374455635,0.0
0.3528652934841586,0.11450920844877129,0.10719135722432342,0.42543414084274667,0.0,0.9907832845020625,3,1.5125312120146248,1,9.289014307824036,24.716616510000495,0,0.3504397956621027,0.2930657884452903,2.0264368185263217,15.477492494438085,cloudy,bus,0.47274942747268944,0.47274942747268944,0.0
0.4066641549880957,0.10172760765314173,0.2628437227331477,0.22876451462561478,0.0,0.9536967363435213,4,10.401708944236495,1,25.306128571192538,18.0,0,0.32705187269919705,0.16893622958934168,4.91432934075959,21.832017635314916,cloudy,bus,0.41410494972640205,0.41410494972640205,0.0
0.12367281970242425,0.07375385071182952,0.4897547670462358,0.3128185625395105,0.0,0.9846998619384661,1,1.724201673366779,1,28.202290230507614,18.19452717161061,0,0.05778393876569973,0.0,1.2269649208614852,29.505188404823585,sunny,bus,0.6864290839982096,0.6864290839982096,0.0
0.24602407784809577,0.1214431090656234,0.3148419650891655,0.3176908479971153,0.0,0.48557139280063566,4,3.054678335526523,0,10.965274136763309,26.584985440848314,0,0.30648644502422506,0.088983206314834,2.9938616021434563,33.489455771424375,sunny,car,0.6143658999528631,0.6143658999528631,0.0
0.13830430479502948,0.03040984667677236,0.46702776351256897,0.323896457261815,0.04036162775381413,0.8163135513447869,4,9.31718624358729,1,21.272358713871405,34.58587054271428,1,0.0,0.0,1.253112217090125,9.116057264541503,cloudy,walk,0.5235076691703121,0.5235076691703121,0.0
0.10631668246814836,0.30059921773423726,0.17799509034242678,0.2956436359382361,0.11944537351695139,0.26844317311053456,4,6.1055880091543875,1,10.531867585258322,18.154699318701354,0,0.1844765799567023,0.18480059834403753,1.5114987691854933,28.13386633414557,cloudy,bus,0.5451023215415898,0.5451023215415898,0.0
0.06081278136304853,0.1578062954023661,0.2049480250993319,0.5764328981352536,0.0,0.20848994917789732,3,12.715617487676898,1,12.36132555400999,21.097709685789468,1,0.35582629524124243,0.25998530526949337,1.276100301027636,50.03781345191778,rainy,bike,0.6078977335521734,0.6078977335521734,0.0
0.3205393769780358,0.2853662917934909,0.226296055081839,0.16779827614663428,0.0,0.24578710936852444,1,8.915954576387845,1,18.623003595695238,48.50618433795145,0,0.4072337009288377,0.4919187370326772,2.287697229430309,24.197236489124812,rainy,tram,0.6534214123649813,0.6534214123649813,0.0
0.15273892224709404,0.3098764982021744,0.22795408770013556,0.30943049185059596,0.0,0.43764808994503845,2,8.980370082447081,1,14.86401527719356,18.812679613666425,0,0.2915887637358466,0.0,3.4639562743010632,35.61592552174103,sunny,bike,0.6293634481270189,0.6293634481270189,0.0
0.14349041724007192,0.3145974018794382,0.41003092081061265,0.13188126006987724,0.0,0.4525180282965747,2,2.271561580265921,0,13.590036840038731,28.298607481606695,0,0.4001574254555282,0.22387639600676346,1.517960583515661,34.62751325445361,rainy,tram,0.7277151312603558,0.7277151312603558,0.0
0.1610877155064635,0.358455638304623,0.1249417592858456,0.35551488690306804,0.0,0.8715338463822823,2,7.440901390805267,0,8.332137294206799,33.01507339034973,0,0.02673267271564056,0.3621269261344593,3.425566229051771,43.69703109593498,sunny,bike,0.6796163750204982,0.6796163750204982,0.0
0.3209222932203084,0.23838494944673352,0.3695036361280679,0.07118912120489022,0.0,0.001918137010093135,4,0.7690362233964664,1,24.686496568166667,20.251865560897272,0,0.38886568807229455,0.07136870154104688,2.779443695425186,21.094570799676447,sunny,bus,0.5567604479849042,0.5567604479849042,0.0
0.22112470745932006,0.15040598969404914,0.4168516646628305,0.2116176381838004,0.0,0.021190514908723812,0,5.568880113784083,1,33.81190003976647,30.159894136361558,0,0.20054606520017776,0.2624160485906952,4.766180009596613,38.300599450502276,sunny,walk,0.834465604642279,0.834465604642279,0.0
0.3199317827156407,0.04588271472956211,0.4727206655398789,0.08035055480613856,0.08111428220877981,0.8123483020457776,2,1.9629899862483262,1,18.00312181128978,28.62165059608417,0,0.0,0.38939147679963537,3.000168435412837,10.996424625054388,cloudy,tram,0.6042523053368944,0.6042523053368944,0.0
0.2757304598371163,0.13306438607567073,0.3949023739899126,0.01966819022908065,0.17663458986821967,0.5401514555692387,1,0.7973814013233822,1,24.544302083744547,20.830471492735516,0,0.3795381244015944,0.0,2.2467922961151303,38.313955263513165,rainy,tram,0.690828134440929,0.690828134440929,0.0
0.05044683146347553,0.46740989309671194,0.2830123121406176,0.1991309632991948,0.0,0.10093394926977384,2,1.7141213525071575,1,28.324716702637502,18.0,0,0.3484413224916104,0.17321689030466797,3.143035536843968,39.07194758764114,cloudy,bus,0.6497228958622032,0.6497228958622032,0.0
0.29617484676695954,0.012353179645224966,0.2745412049575764,0.41693076863023915,0.0,0.744644440054854,2,2.3917731115882677,1,13.240109705738794,30.13483493866302,0,0.3541526294162875,0.15353464891261187,3.4054203745270524,13.074482259462497,sunny,car,0.6164548789847342,0.6164548789847342,0.0
0.08615108357124503,0.28835615347799437,0.47236994272071653,0.15312282023004395,0.0,0.6559960766713311,2,5.772723970680519,0,2.9198672088379745,23.619732909916767,0,0.028269048354028298,0.30540314869230073,5.42618535051202,40.25798673760583,cloudy,walk,0.7143978223836913,0.7143978223836913,0.0
0.1965767272142676,0.2753500130423639,0.3559058572761767,0.17216740246719187,0.0,0.6711111787024092,1,1.8960158803007865,1,18.737237406183148,18.484684957467266,0,0.21002021735192886,0.08431491274230862,3.3979467806367305,44.34517890721211,cloudy,walk,0.6554506100875755,0.6554506100875755,0.0
0.18062068556055788,0.16395339345041252,0.5009433046057458,0.1544826163832839,0.0,0.6868120637880911,0,3.1036779022495065,1,7.155877922366562,29.054631556543747,0,0.3125187206583674,0.4990066980947678,3.4082039947843867,30.871847847959053,cloudy,tram,0.7103602338212076,0.7103602338212076,0.0
0.08766002458837631,0.20836391268842588,0.35139569016574396,0.3525803725574537,0.0,0.428409701588374,2,3.5405603074347662,0,10.035866217873302,18.25740397013434,0,0.27352692057514816,0.19703509688167223,2.2748475144962423,38.60182682154428,rainy,walk,0.7375774655138653,0.7375774655138653,0.0
0.23038565753017992,0.23263300482771632,0.2176869259299044,0.31929441171219947,0.0,0.8187507210916267,2,8.49784379675307,1,27.85608832675141,22.91663446896281,0,0.6501198147855836,0.4574234956099183,3.2301478448560164,20.44708535777817,sunny,walk,0.5177492982047975,0.5177492982047975,0.0
0.09993917646106691,0.1498526178993903,0.45590018917288005,0.2943080164666627,0.0,0.9235070345011991,2,0.5958481281620756,1,3.9022347388877012,24.882988797025686,0,0.4003930333305139,0.004155276706060751,1.2791026314883884,13.041549154942343,sunny,tram,0.5960920122737465,0.5960920122737465,0.0
0.29976053897010824,0.22136728412276507,0.31575843363519407,0.16311374327193268,0.0,0.9710525268930223,2,7.842229586431517,1,5.440180197858206,31.62549484897182,0,0.1329797840561062,0.36346225063179816,2.3776575393823873,31.081743160838503,sunny,bus,0.5265331183675197,0.5265331183675197,0.0
0.15201817398561177,0.03881246232602482,0.4156312545962193,0.39353810909214415,0.0,0.9171596549710963,0,1.9690913023668672,1,0.6708235756725713,23.165215763769815,0,0.1907006799123031,0.22196091716979058,4.051144731684169,28.531824564992444,sunny,bus,0.7371421346430689,0.7371421346430689,0.0
0.1346814437294502,0.05007439548254276,0.5634108917138819,0.1919282850271702,0.05990498404695499,0.7456023754537815,1,1.4671976151046948,1,27.174271459320224,22.95578175447319,0,0.06692739602874456,0.26282122939754554,2.1315322793748677,46.50381230247573,rainy,bus,0.7094082022429788,0.7094082022429788,0.0
0.36612019549991226,0.07714742329430198,0.32169840707730835,0.23503397412847737,0.0,0.015993719532895412,2,4.817601420690344,1,19.656347801656636,19.900826242242527,0,0.3181031574355614,0.43025297731424994,3.508450927308274,54.750077730455914,rainy,bus,0.6724950022422949,0.6724950022422949,0.0
0.10054863682851005,0.28808553343910565,0.2790080629756475,0.06472375932990343,0.2676340074268333,0.11824885063866997,0,4.3415806037320115,1,20.78236509836121,27.55208806598683,0,0.11986054120152048,0.1858336600831686,4.231264191170328,21.162414442427313,rainy,bus,0.8184631980316149,0.8184631980316149,0.0
0.11250107920593734,0.33831491672052,0.4117362309043054,0.13744777316923723,0.0,0.3522190770669652,3,4.099654084537612,1,28.012437792167134,24.904766144267754,1,0.033343806001568055,0.3583821091351751,2.0106957272306274,11.608715575216806,sunny,bus,0.527581924510423,0.527581924510423,0.0
0.08488003939781327,0.10931648062881105,0.563848654420952,0.24195482555242379,0.0,0.9669634584027509,4,4.637007474286329,0,15.04920706870971,34.1146601848823,1,0.24741115369068983,0.47543982288674635,2.769766845316242,39.361657646716154,cloudy,tram,0.489466549532988,0.489466549532988,0.0
0.16696510252958519,0.32577155780618283,0.38092147917931973,0.1263418604849123,0.0,0.5769783874168197,1,7.09208372490759,1,19.707197212853576,19.61047548851883,0,0.1914347316464799,0.38357463776399897,3.241867450023602,30.68006695794192,rainy,tram,0.6442901226471205,0.6442901226471205,0.0
0.03652694338298612,0.2573399976659742,0.3946310217413548,0.3115020372096849,0.0,0.032935785947698526,3,8.943533891767146,1,18.350357778532832,18.306077606223617,0,0.31469117982458533,0.23453704730233998,3.5951163889180044,20.825883928721492,rainy,tram,0.6545249281652002,0.6545249281652002,0.0
0.06447553644087467,0.10349088276277195,0.5246694389593145,0.30736414183703903,0.0,0.3407658394840769,1,6.96046480669548,1,1.7605395806156228,20.90516440934978,0,0.2892787782937037,0.2594905112736201,2.784317833631324,37.40113859391914,cloudy,bus,0.7591700286522081,0.7591700286522081,0.0
0.09653117000133117,0.15267038267154662,0.18275838409214368,0.5680400632349785,0.0,0.5585985593259833,1,11.57305626415422,1,22.563139198861958,20.77760334328181,0,0.2257959258895138,0.18804981447003644,3.0571342883835393,35.56290697491823,cloudy,tram,0.7137561715477173,0.7137561715477173,0.0
0.08148087701830053,0.08323965188381434,0.31286207341665706,0.5224173976812282,0.0,0.8384462727928477,2,8.388106576072442,1,17.600026626715472,19.565355557536336,0,0.19870051379485426,0.02518422040210269,2.032426497275621,29.92742158438846,cloudy,tram,0.6423129587350351,0.6423129587350351,0.0
0.014388845343579698,0.22302890623993457,0.5191041956825537,0.12280353594179448,0.12067451679213748,0.6021134675615717,1,3.8925732301228204,1,14.978096102079169,22.106630447504703,0,0.662472495921191,0.3325560010545641,2.6372340744773153,33.717327743549376,sunny,tram,0.6651168014733532,0.6651168014733532,0.0
0.09844828557047658,0.3619257872281227,0.28217730983720285,0.14366120927802248,0.11378740808617538,0.7477507767610299,3,2.2395725555202914,1,21.625041230181278,28.78431986260682,1,0.3962807753148385,0.13855647487592576,3.4043848186685692,14.789706467125356,rainy,walk,0.44727217195265007,0.44727217195265007,0.0
0.1856104875415396,0.22840150264239872,0.11469006386518037,0.4712979459508814,0.0,0.8649959559748056,1,2.9760403764342693,1,15.023012038916049,22.416794651259575,0,0.37578760667658756,0.3419246152187799,2.568954937315219,17.751194437561978,sunny,car,0.609766880587654,0.609766880587654,0.0
0.009782910495613655,0.22592387582446338,0.5003782748983276,0.22931322150971672,0.03460171727187866,0.4109433335229715,0,10.262354524155233,1,30.8904793009874,31.915966192253503,0,0.5775889524739031,0.24882562250928775,5.319444005199548,23.663299949690316,cloudy,walk,0.767168619560964,0.767168619560964,0.0
0.34177332124730586,0.24472905894523042,0.30976308325743984,0.10373453655002382,0.0,0.8329675598423271,2,4.812457959333279,1,17.29199422115961,40.462115928287545,0,0.3073204746983113,0.6124645857924922,2.9124268752892797,47.576013312835414,cloudy,bus,0.5042615584043068,0.5042615584043068,0.0
0.14498317240890174,0.27300635213422153,0.31542705375357044,0.26658342170330623,0.0,0.05590619283086684,4,3.1926709829777793,1,37.52506280008447,25.259108900256464,0,0.3134348566895718,0.03709277522336599,4.443975216001029,25.02402027886692,rainy,bike,0.5791051463477235,0.5791051463477235,0.0
0.2911955478547684,0.13646084990087304,0.3015186057522453,0.27082499649211317,0.0,0.2966661567825021,4,3.2930733310897295,1,-8.329869782332558,33.1823518614722,0,0.245534212508762,0.37602934275619593,2.252390757147673,21.671067726316203,cloudy,tram,0.5312437779884144,0.5312437779884144,0.0
0.1257274551987504,0.14748510788493174,0.3845121041407933,0.34227533277552463,0.0,0.6633865058165604,2,1.9896074389871465,1,15.858782843382336,26.23908010403294,0,0.29946719970239105,0.19817420579618544,3.9851270101026834,24.070154846033972,rainy,car,0.6286459919804359,0.6286459919804359,0.0
0.2039917878121793,0.05680906463628445,0.4088711862351342,0.3303279613164021,0.0,0.23514945048686786,4,3.540636687590741,1,9.480699905128727,20.678146920056093,0,0.3808624137330673,0.2695377006314621,4.023213056515433,45.509752288051274,cloudy,bike,0.5736476208397763,0.5736476208397763,0.0
0.01779977687840714,0.22225668299833024,0.7124188454949594,0.03475675340297543,0.012767941225327761,0.15127458406465155,1,0.4958832134464401,1,17.475766021059336,20.34933358077147,0,0.2645284337468841,0.16782330251315286,1.318746887239792,28.501336774172653,sunny,car,0.7763539024582559,0.7763539024582559,0.0
0.08632730743340558,0.2777076001639054,0.3517437807320962,0.2842213116705927,0.0,0.45847952127365277,2,4.992778681708331,1,3.4126014022545856,38.84513731924582,0,0.4336357894049354,0.35655517825996097,3.0892465595616017,37.46316265414589,cloudy,tram,0.6156158496260977,0.6156158496260977,0.0
0.09302156398644337,0.4770244944867233,0.27304337520168326,0.15691056632515019,0.0,0.3746857352920939,4,2.796847046287075,1,24.482268194285467,30.09581549677334,1,0.23552351581925102,0.051486284956546086,2.760848759371256,25.846329311041394,sunny,car,0.4227934527501109,0.4227934527501109,0.0
0.1423715534680812,0.2816560890162933,0.32033425073544314,0.25563810678018234,0.0,0.34421016137654414,0,3.536797636938541,1,12.81213273974092,24.40770103976862,0,0.4831595463088698,0.30746247291351747,2.423318723980014,11.14830126941613,sunny,tram,0.7418983506359653,0.7418983506359653,0.0
0.17532815322404863,0.2947262076354518,0.17890076972645264,0.35104486941404694,0.0,0.20331635473201048,0,5.1664039520020175,1,11.687082618486567,31.557995762310103,0,0.16721385688982532,0.3761016931298334,2.0208206556475186,25.8572118758521,cloudy,walk,0.7732028386908786,0.7732028386908786,0.0
0.30002859103295304,0.18706981222971353,0.33261906974873806,0.18028252698859523,0.0,0.20900464582823974,2,19.213457850226742,0,3.2762767986789303,21.839465862892176,0,0.24827250165636253,0.4053357668054901,2.30419596020955,14.90983310954318,rainy,bike,0.7568878019736583,0.7568878019736583,0.0
0.1501664205018606,0.062031891684619804,0.3292644277921217,0.4585372600213978,0.0,0.826974080460253,4,3.8386513302490486,0,29.544895407033707,46.339275203600046,1,0.25601961534325346,0.16056158354059422,3.211552200469615,51.86798790554863,sunny,car,0.5186946374814198,0.5186946374814198,0.0
0.1389343758523198,0.1084237230633779,0.5289614884002726,0.22368041268402974,0.0,0.8044322725897222,3,2.2646036414502038,1,13.372206370564783,28.780499208906598,0,0.2822626858047672,0.2658171044101544,1.6071020305984232,39.37525176364182,sunny,walk,0.5504711422462023,0.5504711422462023,0.0
0.47094162114927046,0.18260604014692702,0.26821146174784977,0.07824087695595294,0.0,0.586822816750384,4,12.407292411702969,1,15.9354604606938,30.088760753454594,0,0.44574124104150276,0.30298511495823166,2.986642658343075,22.709378427191574,sunny,bus,0.42025922284847883,0.42025922284847883,0.0
0.019671100105640493,0.3257951287234757,0.4513237413953588,0.20321002977552494,0.0,0.7337582951309715,3,6.099391035674963,0,0.7353690103362496,18.0,0,0.18635533494566014,0.473867701290374,3.6172785353265486,22.25867100820652,rainy,bus,0.6195963258195463,0.6195963258195463,0.0
0.3735477854944829,0.3712742030448937,0.0771251112182878,0.07693844964896772,0.10111445059336788,0.39861517659516,0,0.6184565567526389,1,1.9323501228718563,18.0,0,0.2227639173780465,0.1955169044798558,2.376629732263773,43.04007519597336,sunny,bus,0.6943347470528168,0.6943347470528168,0.0
0.16172537779311727,0.2008663863763249,0.3987358381105528,0.238672397720005,0.0,0.28281169958740604,3,4.825373989266983,1,20.386135558510503,24.53754020025391,0,0.1802489011407425,0.31286773485651065,3.8152505382973247,36.08877496613749,rainy,tram,0.6099728657393692,0.6099728657393692,0.0
0.14097590938487836,0.12260514274141694,0.3724296887071473,0.36398925916655733,0.0,0.24348310589369127,2,6.900326109974657,1,31.662443563599137,24.253702333901938,0,0.15340705390018117,0.29746841570953453,3.505951082082142,49.27208201287199,cloudy,bus,0.6960215437039169,0.6960215437039169,0.0
0.26029369108507877,0.15764585202113351,0.4142775442454569,0.1677829126483308,0.0,0.008032796373483753,2,5.959636454792977,0,21.75099911963484,33.31700048520829,0,0.3528408093676542,0.28107181057811076,1.6808669237260982,5.0,cloudy,bike,0.7953618837980923,0.7953618837980923,0.0
0.0067491360850483115,0.2519037019383239,0.46035377770176417,0.2809933842748636,0.0,0.9762997891519458,2,2.9512112993196618,0,26.067746084570214,37.993667625615345,0,0.3369328253362939,0.1486049801015873,2.758592518213266,10.688841427919247,cloudy,car,0.6475473972775507,0.6475473972775507,0.0
0.07243486899630261,0.053080951748088565,0.3531797880354465,0.5213043912201625,0.0,0.9387890500855628,4,8.042176933251477,1,9.884910847367804,31.3327085188813,0,0.09647821124239753,0.2317584431301422,3.9397370540470478,36.34502463343729,cloudy,bus,0.5104007831537094,0.5104007831537094,0.0
0.35694526868175364,0.027903184032562034,0.2898921178172412,0.32525942946844316,0.0,0.6285072692912888,3,4.208467409987616,1,31.51286277080974,35.28907416072268,1,0.29345458849913886,0.3701022557205367,1.4152497838148919,31.56780655777448,cloudy,walk,0.503163335672469,0.503163335672469,0.0
0.06704812335927597,0.14348926916543137,0.3736336374681514,0.369803914352988,0.04602505565415327,0.6856037799764069,3,20.7154816894916,1,23.803387685430554,23.418305011926545,0,0.3768164703745488,0.01956408379968988,4.359774494584127,24.55475353771015,sunny,walk,0.5800241025072186,0.5800241025072186,0.0
0.18096419962511975,0.08982872255780142,0.200737919239303,0.5284691585777759,0.0,0.4646097519369854,0,4.44170038528707,1,10.174079310311257,42.55365550590663,0,0.3136674907429802,0.3818372251946189,2.5335111740066654,26.225990877161713,sunny,bus,0.7713398912681411,0.7713398912681411,0.0
0.25954252580329606,0.11609983079368107,0.23808324956443316,0.3862743938385897,0.0,0.7773570114355047,2,1.7071707263229572,1,11.318349936118308,18.0,0,0.2911806341029565,0.03296167479063131,2.928383543014184,28.935976800863042,sunny,walk,0.6043263234953662,0.6043263234953662,0.0
0.20357098147811098,0.16860847574818294,0.2039160533345666,0.42390448943913944,0.0,0.15065760189223198,3,2.8143235773263884,0,19.599315942553694,25.836698395964614,0,0.20552091725087318,0.07559906250898857,2.1192978381463035,22.444774981433874,sunny,tram,0.7365961018886207,0.7365961018886207,0.0
0.22453110604252519,0.22149593748049287,0.3658746622980651,0.1880982941789168,0.0,0.8130178823786266,1,2.8404112792221152,1,11.4783472888131,29.420725572162507,0,0.010540620096300413,0.528107130729135,3.0856271039981755,31.436960834465864,sunny,bus,0.627745753141473,0.627745753141473,0.0
0.12304561996092689,0.22348086442986265,0.45648588196848017,0.19698763364073024,0.0,0.6313626487009051,1,23.22686034170102,0,15.503881283846942,19.965897103972345,0,0.09505555974761015,0.07934637733190122,4.545082494131982,5.0,rainy,bus,0.7820317131062952,0.7820317131062952,0.0
0.05507448342575372,0.346503670021796,0.26538709884919176,0.3330347477032586,0.0,0.6975071452896734,2,1.5831947331304492,1,20.770427782882905,25.929670468497225,0,0.0,0.16014503402137675,3.117666482862805,14.96163761371761,cloudy,bus,0.6104238560415177,0.6104238560415177,0.0
0.06990115221595636,0.23886935311594568,0.4064734052714629,0.284756089396635,0.0,0.9874133150043163,0,5.491082841366394,0,5.62383442893174,22.489960962310104,1,0.16579550130063347,0.18235808226521663,1.9904058695880242,13.900955886942716,cloudy,walk,0.740099671921876,0.740099671921876,0.0
0.34381144610753794,0.03085610771374911,0.5046423559229309,0.12069009025578185,0.0,0.3869788755604777,1,0.4124389225562484,1,15.547473901881142,19.35608680960675,0,0.43179974055092335,0.43257535488393273,4.057456630418989,27.121141283850275,cloudy,bike,0.6978141130795408,0.6978141130795408,0.0
0.20407747433694767,0.29643125743062243,0.09095218468040216,0.4085390835520279,0.0,0.034597921549859856,3,9.646657978781645,1,26.13251317862062,28.764592192694437,0,0.18746036867008925,0.3642684535482268,3.5168136036985196,9.145233729828774,cloudy,car,0.6116193016747355,0.6116193016747355,0.0
0.17483816878741243,0.24060427639377338,0.43138672383268817,0.15317083098612602,0.0,0.9947405595979915,1,7.47811502764613,1,12.051720550512924,18.0,0,0.39507225667283385,0.00929014558165478,3.786864170199247,5.0,rainy,car,0.6056707388769391,0.6056707388769391,0.0
0.28134511175812665,0.09498087893025181,0.35889225984959755,0.26478174946202404,0.0,0.8786349860876477,2,1.7204093838138153,1,2.181576993493792,18.92747557616559,1,0.29902694314026407,0.0,2.945268069641003,32.93896137381746,cloudy,walk,0.545706049939048,0.545706049939048,0.0
0.17859693237616933,0.1038004082965223,0.40458888187853465,0.2140938879866673,0.0989198894621065,0.9464051753880443,1,5.373665887716598,0,14.418495548261122,25.701311217331003,0,0.15083292538735205,0.2619533494769987,2.697727602066561,34.70053503085928,sunny,bus,0.7181668833600049,0.7181668833600049,0.0
0.17418012747186057,0.23190315777453835,0.2731181701597541,0.3207985445938469,0.0,0.9555553672525854,1,9.293699409387242,1,11.035327452432952,19.363435446021253,0,0.34456426722050354,0.16041217906627753,0.4993943953338791,5.0,cloudy,bus,0.6079429667831384,0.6079429667831384,0.0
0.2044706589564267,0.22642479633682752,0.32649341656998154,0.24261112813676422,0.0,0.9621751214529672,1,1.4697715326254943,1,25.550738489454368,31.2827039559929,0,0.2894195963212371,0.26132798804023694,3.078611498593485,38.77883114276291,sunny,bus,0.6031199794556041,0.6031199794556041,0.0
0.3447106243068739,0.16985663341091659,0.29276029378936885,0.1926724484928407,0.0,0.03846905773927711,1,4.148460962330723,1,9.136593409609349,18.07295278626694,0,0.22782910698402176,0.46449677943917633,3.0627778617218757,27.43007109645683,cloudy,bike,0.7291381379677662,0.7291381379677662,0.0
0.10667369950206866,0.033635149121687816,0.46867595528632683,0.24362732954791544,0.1473878665420012,0.0024260187220407348,3,6.100555736897842,0,20.18172428689855,25.338363207857977,0,0.2925752308989799,0.22051169121862443,2.688586106391594,27.273262990750602,cloudy,bus,0.7375673781376518,0.7375673781376518,0.0
0.30920333846436104,0.06817046817316681,0.44746764670618255,0.17515854665628963,0.0,0.30669891825842965,3,3.582224984503802,1,8.047794051408486,30.509372210027728,0,0.3906057611273334,0.17910653396467371,2.424406237357452,22.954718048635023,cloudy,bike,0.6049385610069945,0.6049385610069945,0.0
0.4259550126770958,0.13433406163836434,0.25123670201578263,0.12765717801559187,0.06081704565316537,0.595884336379625,1,9.292437567086528,1,8.61035189409282,20.84682377201301,0,0.3557044172233335,0.3073260715450314,0.0,30.207082775857582,cloudy,bus,0.6293890110074196,0.6293890110074196,0.0
0.07653293311577632,0.26855419212950904,0.22487350680162063,0.430039367953094,0.0,0.9892600234288476,0,0.6607332575191177,0,25.937535489459734,18.0,0,0.4541883874132405,0.17922156623577687,2.434085596596236,6.66783181149173,sunny,bus,0.7575788320900961,0.7575788320900961,0.0
0.07866358342041678,0.22272695761839628,0.3922654296728405,0.3063440292883465,0.0,0.49029867730941346,1,0.9563334952912919,1,17.48765377900756,22.579560265294532,0,0.3575502840167354,0.3269291820543625,0.5269759367745124,35.440977294184776,rainy,tram,0.693959228654121,0.693959228654121,0.0
0.2430037297070672,0.1267385306660092,0.4672868737844705,0.16297086584245304,0.0,0.020117153036014357,0,2.0050433320395378,0,32.02326641206622,28.83807540816814,0,0.37741943104767117,0.48139702550597724,3.772529603206761,31.641949785869834,cloudy,bus,0.8997980888561395,0.8997980888561395,0.0
0.18986868363100934,0.03784452365936403,0.43820522885736224,0.33408156385226434,0.0,0.44519460845663006,3,5.140758671162631,1,12.324355345547286,26.478791560143915,0,0.25607287837846604,0.38576554839243593,2.523436816303393,30.8569424363521,cloudy,tram,0.6096143722573649,0.6096143722573649,0.0
0.1179691020125086,0.27226435826642825,0.21708632533509042,0.26357807409059386,0.1291021402953788,0.8156108081082757,3,15.104464275849358,1,13.457940610607407,26.4344547869189,0,0.41901035935240594,0.21991066481629132,2.976632570100213,28.09081025648844,sunny,bus,0.5009278003159661,0.5009278003159661,0.0
0.17940979353833195,0.38662982181377165,0.09796210246730377,0.3359982821805927,0.0,0.6156541667056802,4,2.092209362911429,1,24.092946343682037,24.461002666863518,0,0.23481840851288774,0.3033968855362703,2.6639402343945586,34.894747697286896,sunny,car,0.4438342636603544,0.4438342636603544,0.0
0.16231199440546104,0.06427697123181383,0.6292709216183171,0.14414011274440794,0.0,0.22052377869894968,0,2.47642388363981,1,9.769092169443578,24.301760812275063,0,0.04307836476514845,0.19237242864698173,1.586749989391396,32.27517446069416,rainy,tram,0.8527406204662437,0.8527406204662437,0.0
0.1467418289914627,0.13520258115735184,0.3316398087965486,0.38641578105463675,0.0,0.6127831831450871,0,2.3395849381963507,1,32.79699591669956,21.706223388215548,0,0.2894116658626674,0.2566462628852951,2.568452136647385,47.92723231852889,rainy,tram,0.7485208572839523,0.7485208572839523,0.0
0.31640468370217767,0.074714773685858,0.24176932394429845,0.367111218667666,0.0,0.20581812419929568,0,7.010241786093722,1,-1.969104382286254,19.782236279668115,1,0.2959648631665285,0.04547060770678282,2.378014189380574,35.82344760145337,sunny,tram,0.7642109634905548,0.7642109634905548,0.0
0.23587556739836066,0.24679909312391887,0.3211178195027161,0.19620751997500446,0.0,0.4994427340634864,3,3.114661619083632,1,23.542223691880828,35.12892056282376,0,0.2712087760767151,0.4120679754966807,1.9303882664954193,25.28560489022221,cloudy,bike,0.5373263080204477,0.5373263080204477,0.0
0.31351320736409366,0.18321163017215275,0.29213192090326345,0.21114324156049008,0.0,0.6595955758407493,1,4.7507756959573735,1,17.466298808077745,29.24980371861241,0,0.37473354343293425,0.0,4.046763939343385,29.576663681924106,cloudy,tram,0.6501054374638194,0.6501054374638194,0.0
0.27691139982356333,0.18559915088264,0.34089534139047173,0.19659410790332485,0.0,0.6239440487647463,0,3.6100146813563256,0,9.711452276812789,30.250347631523297,0,0.11293524835147686,0.0,2.2920048812655125,42.541669356071615,cloudy,walk,0.854397947499823,0.854397947499823,0.0
0.2013235539368544,0.0603248661984115,0.4216850365672047,0.31666654329752947,0.0,0.23396056094056117,4,5.317952739633133,1,14.623609766898031,21.299508267604423,0,0.32379728856062856,0.28380076623079126,1.7301665822785728,40.34171936163032,cloudy,bus,0.5768056283172339,0.5768056283172339,0.0
0.12831552938895124,0.35710799719242586,0.359044381036996,0.15553209238162694,0.0,0.6261462628503187,0,0.930213561683809,1,1.5338399858917615,18.0,0,0.045684600943615705,0.2212283364978037,5.502285852318098,10.120409369280264,cloudy,tram,0.7184487241850015,0.7184487241850015,0.0
0.15216793191025063,0.08691876972171549,0.5634340919820555,0.19747920638597846,0.0,0.7904962448391151,3,3.782873551766602,0,12.175695045081802,25.88406271849499,0,0.022890120855555918,0.0,3.9137116671359684,12.153864366576718,sunny,bus,0.6482148325158339,0.6482148325158339,0.0
0.3901567165405712,0.15991256434081025,0.26088352147446564,0.18904719764415293,0.0,0.185710952853669,1,5.872702809360991,1,30.750104224135058,21.979495693250033,0,0.35274847187880437,0.4348731807342162,3.3990861954692173,27.23912103695633,sunny,car,0.6907164572120009,0.6907164572120009,0.0
0.3545151978769076,0.15315343861354613,0.3494927169791431,0.14283864653040326,0.0,0.16928487773471024,3,2.0176573129278164,1,11.79692838874647,25.47098139119069,0,0.25025190623046856,0.1321622845121203,4.81136584909453,31.347180654342633,rainy,car,0.6111072113543552,0.6111072113543552,0.0
0.29087199578566303,0.09261902164244205,0.45351372367003495,0.16299525890186004,0.0,0.6660422777927532,4,8.712088323863897,0,21.18483629988015,19.345805259979997,0,0.21281126709453194,0.28366269171524255,3.7337060366693304,38.97663281458596,rainy,bus,0.5772690711326834,0.5772690711326834,0.0
0.3156241895292288,0.20959391835272,0.3349180948543069,0.13986379726374412,0.0,0.31452880114730464,4,2.331139468710397,1,21.418930023411463,18.0,1,0.33378400473170683,0.2820219465339159,3.90898040961953,39.00877127016927,rainy,bus,0.4421828674410484,0.4421828674410484,0.0
0.381088521802019,0.13993366801047424,0.16176659011306405,0.31721122007444275,0.0,0.7242083238782447,1,4.340873782175714,1,17.640706653932394,25.65625285774966,0,0.25424093944502185,0.0,2.7491571779719086,31.95221757065509,sunny,tram,0.6468492727803888,0.6468492727803888,0.0
0.40901758424792445,0.11969138042036954,0.4536838392206859,0.017607196111020084,0.0,0.02985104718677911,1,5.447754577788274,1,26.385007659382605,27.188338190735184,0,0.45861838840129276,0.12637867258327723,3.1725126225931124,29.5631827488058,sunny,bus,0.7339356575557752,0.7339356575557752,0.0
0.3365676306201909,0.05325698660035993,0.28818682257221634,0.32198856020723293,0.0,0.45304699732999965,1,2.7028956989148476,1,6.376480979961171,22.624370822105526,0,0.12400164585892484,0.18940092169959874,1.9953650330623565,13.36332138433067,cloudy,bike,0.7196053220944479,0.7196053220944479,0.0
0.16579458147162157,0.25021038059053324,0.35953012364062215,0.22446491429722296,0.0,0.1841607059326894,0,1.8114271160058135,1,35.19862612150405,22.116382967883055,0,0.10847470186025826,0.29465972972892024,2.46022993602546,17.365620045935273,rainy,tram,0.7998786099306101,0.7998786099306101,0.0
0.2629993326899308,0.1294902149853068,0.48535467532442245,0.1221557770003398,0.0,0.501375961140633,1,3.0197336542050786,1,18.253699153339333,32.75983478142866,0,0.29104566679761695,0.15579831431848518,3.387473473128278,15.372172456248572,cloudy,bike,0.6961213512431511,0.6961213512431511,0.0
0.05156413895361796,0.32183168445055466,0.27787223402345784,0.3487319425723695,0.0,0.7624068569689366,4,4.432731796215856,0,9.560891767922918,18.0,0,0.0,0.23678149209705746,4.480550035428978,41.05455093817983,sunny,bus,0.5841419863247785,0.5841419863247785,0.0
0.12141119203912737,0.11654058242200417,0.4043036494770717,0.3577445760617969,0.0,0.48806208691795383,1,5.069972391492349,1,17.58615895652684,24.344480810626866,0,0.4620016866795002,0.03149472130415437,3.821137155838999,34.53794449750376,sunny,bus,0.7230377764120224,0.7230377764120224,0.0
0.19037755968650297,0.16216501180460716,0.136220309079656,0.5112371194292339,0.0,0.7715461752943055,1,7.658308241090494,0,10.63072891645465,27.038324703381583,0,0.4690828961820054,0.0,4.449492796527441,41.816557332291396,rainy,bus,0.7402239403878262,0.7402239403878262,0.0
0.2254160602333766,0.05184371441500831,0.34635555122372225,0.3763846741278928,0.0,0.10793319541535706,2,0.7282471669148917,1,22.38121425757329,27.778457089378705,0,0.11318490204253848,0.35369797830505745,3.490537362943325,33.35649274490436,cloudy,tram,0.7274266721999002,0.7274266721999002,0.0
0.23376743153033014,0.1463414095142694,0.4333489891978327,0.18654216975756777,0.0,0.608385640555721,1,6.97082145509519,0,33.49500464500174,39.74857607805767,1,0.3247800590590497,0.23282750653940434,2.2043648383907417,28.903295953968705,cloudy,tram,0.717401699861846,0.717401699861846,0.0
0.21638075567416107,0.19754005555162618,0.5378189324482284,0.04826025632598425,0.0,0.06579022509838672,4,1.7189851852230784,0,11.769201023247032,18.0,0,0.18709094751362693,0.029905781399754028,1.669636964009941,15.948613637811807,sunny,bike,0.6960554696656324,0.6960554696656324,0.0
0.30137673434739953,0.16706777747701348,0.20624662544679315,0.3253088627287939,0.0,0.8946556190471847,2,3.399429292756575,0,27.217124751934143,24.562822357667518,0,0.1872345640442935,0.19728577729307964,3.3883980262180335,26.345328931209174,rainy,bike,0.6735365287535047,0.6735365287535047,0.0
0.3086558831786526,0.014673857218035652,0.36169365339752335,0.3149766062057884,0.0,0.35848557914510804,3,1.8946582427847078,1,11.311888738555984,31.75629329542935,0,0.307009210957664,0.2537140601683317,4.200902787240712,31.871278102696778,cloudy,bus,0.612836509933872,0.612836509933872,0.0
0.07224897418131118,0.22148859878221178,0.46286442063376926,0.24339800640270778,0.0,0.7509440820810944,1,5.000485336233027,1,13.427452355331035,18.0,0,0.28810236170243536,0.06597183559045247,4.150931616365527,22.834241739958216,rainy,bus,0.674545101481472,0.674545101481472,0.0
0.21978097152135262,0.061170464112998514,0.30405544312399907,0.41499312124164967,0.0,0.45308123427514035,3,7.943985764239402,1,7.6258059614260105,18.0,0,0.5415464909977848,0.6070206843982445,2.619601016942217,22.712721702582535,cloudy,bus,0.5606972484101942,0.5606972484101942,0.0
0.08189559468169205,0.2988579701717017,0.49765861458336674,0.1215878205632397,0.0,0.05452740212636187,2,8.990778550219206,1,19.84964467583997,25.649355298603517,0,0.2712331043940799,0.23105588657048767,1.7089857393264969,33.53880279807778,rainy,bike,0.6948263628167562,0.6948263628167562,0.0
0.13106378965635884,0.27941259751428843,0.547495307038237,0.042028305791115814,0.0,0.2370687851176254,1,2.798269996722364,1,12.821276980254012,20.439702053171658,0,0.33144749809768226,0.151333325840797,0.5624228318664461,39.057335298103254,cloudy,car,0.7228091319179666,0.7228091319179666,0.0
0.09889789835196508,0.02082529957805011,0.44638932200375997,0.433887480066225,0.0,0.8751090345510883,4,2.840212768818844,1,7.118365847917875,19.085234188189197,0,0.4898445670553569,0.08481846145670799,2.1351387537671154,27.578181617795487,rainy,bus,0.5047801955665013,0.5047801955665013,0.0
0.252512402901453,0.08240525003159363,0.36688963683316383,0.2981927102337894,0.0,0.822436076604086,4,10.912588604868755,1,22.520592779626515,23.55845670191035,0,0.12690807395775563,0.2001543964708035,1.4382433903634517,34.867393003375405,cloudy,bus,0.4839607540335133,0.4839607540335133,0.0
0.3402083994349136,0.18079672026157653,0.2746904861601737,0.042351983106679765,0.16195241103665647,0.4330041338181173,2,6.075215505978384,1,23.29373139236658,23.373901278523746,0,0.09442197014081088,0.11288782558745945,3.751635801706259,16.551221150626755,cloudy,bus,0.6344706073385632,0.6344706073385632,0.0
0.12180965525037663,0.1592595947674284,0.42285476084522866,0.2960759891369663,0.0,0.34911995421915454,4,2.728819863361335,1,21.09431447586256,22.523099738393924,0,0.12331889154042094,0.3192401194019703,1.9050421359070646,20.40577011138852,rainy,bike,0.5618953546588751,0.5618953546588751,0.0
0.1844454106291143,0.06334559647948233,0.419262863938618,0.3329461289527855,0.0,0.8286418377342611,0,3.6256613815808736,1,13.225045869819034,37.154776132171406,0,0.3801150415758524,0.0856061108421364,2.0437080643036456,33.165710265913646,sunny,tram,0.7329922488458211,0.7329922488458211,0.0
0.3624335926630342,0.02606130218349651,0.1688880762771765,0.44261702887629284,0.0,0.8528234499554612,2,5.314067111213712,1,29.52898215443686,30.533533562186843,0,0.4588326680129218,0.1430059641003285,2.170635166899029,25.982515005220524,rainy,car,0.5740627008362787,0.5740627008362787,0.0
0.09491799052037136,0.16280324007467215,0.4436420224359514,0.29863674696900516,0.0,0.4901118220784194,1,2.9498193354518785,1,20.919644213940018,27.59952742996533,0,0.21979741269689576,0.2351670512959543,2.510206074999547,17.045448482866572,rainy,tram,0.7216262561266799,0.7216262561266799,0.0
0.17715638212115292,0.2509196403019747,0.335488072647004,0.23643590492986846,0.0,0.16227403681866714,4,4.442321773114465,1,23.893150584141903,23.347742822655693,0,0.20464105399516064,0.19182817135371583,3.0710065940557305,58.425160721473816,sunny,bus,0.5393481558212219,0.5393481558212219,0.0
0.1203334649048997,0.19983183053471132,0.5520578177598863,0.09261315092802577,0.0351637358724769,0.5199770611850246,3,2.034907291190493,1,21.082552109725793,24.285549747518782,0,0.36232494626675754,0.0,3.342937330803577,14.825876930221526,rainy,tram,0.5870575206478463,0.5870575206478463,0.0
0.2770762055103559,0.16455128752119105,0.4637077437746531,0.09466476319380002,0.0,0.5964381778276898,1,4.332264653868491,1,27.645342862110343,29.350406521703786,0,0.13422320305280208,0.29975864341736824,2.242087315545974,17.072393299964663,rainy,tram,0.6711911165313316,0.6711911165313316,0.0
0.05071905420236399,0.14225131686146592,0.4440949124012903,0.36293471653487985,0.0,0.29370054218187536,3,12.466433867008268,1,4.795002137115226,18.52861770628369,0,0.27096439132617967,0.20796146781321645,1.1273566846739738,17.777019080485296,rainy,tram,0.6435931544929733,0.6435931544929733,0.0
0.1299607278359128,0.3587619540427973,0.32257031133278274,0.18870700678850705,0.0,0.9124803671751668,1,4.570571896831048,1,25.302459210978377,39.089636491635545,0,0.3903532309922296,0.10787418081305827,3.3408680437315983,6.279857057674892,rainy,tram,0.5927810095630325,0.5927810095630325,0.0
0.44187711804923774,0.18488917813690436,0.12214280622175991,0.25109089759209796,0.0,0.9991919188209232,0,6.523791889870329,1,13.625421370001522,26.567352702635326,0,0.351967086529678,0.2585088156167813,2.680017641442134,37.93498726001141,rainy,bike,0.6146033631655152,0.6146033631655152,0.0
0.1349043015877451,0.1889243797425304,0.44478011272482393,0.23139120594490065,0.0,0.277465964563134,0,2.688152066470419,1,11.018626881129348,24.009131959011714,0,0.14340235677308946,0.04870640640749199,2.932210332470092,23.20046333209352,rainy,bus,0.8187512337038362,0.8187512337038362,0.0
0.24845106543450382,0.18767537018874936,0.31166357804875816,0.2522099863279887,0.0,0.7370759357211832,4,9.537080898672679,1,3.8041560441344675,20.111229589528307,0,0.4442577150898903,0.2989689810368283,1.6324447090074021,37.14760552726199,rainy,tram,0.4430371177065979,0.4430371177065979,0.0
0.03287866760664571,0.10645723082598342,0.4474474852728981,0.41321661629447287,0.0,0.8761286452919894,0,4.638486761287926,1,12.646351718750203,20.786142013112887,0,0.2012094711456583,0.1706211635434188,2.592522901501969,14.679872144535498,sunny,bus,0.7511425624859099,0.7511425624859099,0.0
0.0982356922520968,0.12376453346407262,0.6743139378756839,0.10368583640814673,0.0,0.44343761128237313,2,7.588452944776821,1,11.70644396852889,23.03769740366416,0,0.21519660950722228,0.03998826759987248,1.8881503593058941,39.99338046698119,rainy,bus,0.6899250910208211,0.6899250910208211,0.0
0.41893721867806677,0.1476238403525095,0.1479706452872207,0.28546829568220305,0.0,0.7231410954835036,4,7.381859080441242,1,13.836022848208717,43.890768627109566,0,0.18689537452127475,0.22369466930845752,2.3989655351062797,46.96612837717525,rainy,tram,0.4433275996315239,0.4433275996315239,0.0
0.05091361129444949,0.13620681026697648,0.44617776256022257,0.36670181587835143,0.0,0.8661137460060003,2,7.261544502623305,1,19.936708530497228,33.28213380648108,0,0.4009555457037675,0.2092307628285557,3.2506377602212204,10.454744505225865,rainy,tram,0.6044066338709775,0.6044066338709775,0.0
0.3630198311780701,0.19626707794090573,0.2601178116112792,0.18059527926974484,0.0,0.8202120032598837,4,2.6922530011136487,1,12.980077682847039,27.077745070893634,0,0.18431852729454415,0.0,4.72447095764262,21.80407751446375,sunny,bus,0.447024276735645,0.447024276735645,0.0
0.0951660881715337,0.27919104996577543,0.4994528293137782,0.1261900325489128,0.0,0.4180643537357721,4,3.144891696135126,1,16.341917563728234,20.234567920070518,0,0.34306636396612256,0.02770493862251061,2.4422495280665752,24.454519450231487,cloudy,walk,0.5274648750479427,0.5274648750479427,0.0
0.11602263342985013,0.22785229550193126,0.4438618238739135,0.21226324719430506,0.0,0.35537618668559445,1,0.6505759434702405,1,21.383176735945895,18.0,0,0.3211039522235175,0.101044570771423,3.1923255587912216,30.084510423788533,cloudy,walk,0.7240464821559416,0.7240464821559416,0.0
0.1313407985506465,0.151535872649372,0.33255079362238044,0.09290784724073113,0.29166468793686995,0.7978042502875153,4,3.945773563974737,1,22.511405069736814,36.60596452970442,0,0.5336294732689981,0.3694096280096419,1.7715706794633654,39.49563170018966,sunny,walk,0.45670284749008044,0.45670284749008044,0.0
0.48871370347304266,0.09280438888715725,0.3552964001700654,0.06318550746973459,0.0,0.7967431709097668,4,6.178889830128902,1,21.364913178649502,30.614569139533778,0,0.36051869723693863,0.4384605417850342,2.2589584338055184,49.55479567884571,cloudy,bike,0.40278901043876314,0.40278901043876314,0.0
0.03961276661679653,0.26795813134177443,0.3212614577584797,0.37116764428294924,0.0,0.02669687700966683,4,5.420381826660127,1,23.461251359734945,26.987502388449162,0,0.1841049939702486,0.33740073505953494,3.2228532945348807,35.281205845153096,cloudy,tram,0.5956755429877917,0.5956755429877917,0.0
0.18936812442884532,0.16681831615087012,0.48666172419906434,0.15715183522122023,0.0,0.43466633762718854,0,4.383304118832771,0,10.573220202239325,21.26080971313704,0,0.03289124628837975,0.27686285171029057,3.3957736500846267,42.370661162725554,sunny,bus,0.8702720357181314,0.8702720357181314,0.0
0.2792206950231246,0.2586070788833194,0.38083761633511354,0.08133460975844244,0.0,0.6950183144335119,0,6.176031385922312,1,16.39562067534972,28.026346708759792,0,0.29568100257186897,0.4971702153640642,4.179592926203288,45.85416249144032,cloudy,tram,0.6647427955956228,0.6647427955956228,0.0
0.17236543622330078,0.1900719876071443,0.3493251498633581,0.28823742630619675,0.0,0.9025194294408372,0,1.508242285279486,1,18.50540660822611,26.215393562169005,0,0.36877213984620494,0.19062620090744067,3.5085554794137437,29.707231547185906,sunny,bus,0.6864133501533768,0.6864133501533768,0.0
0.26515039656614886,0.25326408795061406,0.3873760636535106,0.09420945182972647,0.0,0.9724034897518691,1,1.2982405079800208,1,15.415061860413763,22.333584523617837,0,0.039251487415191605,0.0579267995294836,1.1003878798224187,16.46147563243838,rainy,bus,0.614496116706188,0.614496116706188,0.0
0.13305982863105223,0.10851013521945847,0.4321877684342225,0.3262422677152668,0.0,0.7389543345983316,4,8.46619422204097,1,16.090959891564196,18.909848774155748,0,0.3398344381973921,0.47889834381856655,2.1060665623241,9.666652978168194,rainy,bus,0.48289118866127007,0.48289118866127007,0.0
0.3929072284029383,0.06939933066714755,0.4319424907124881,0.10575095021742588,0.0,0.19977755001720354,2,0.18814516237278592,1,16.002445937272107,28.77633660696395,0,0.4599250077905218,0.1564030666661476,3.8727859815836707,11.724037089229835,cloudy,walk,0.6640156448613428,0.6640156448613428,0.0
0.12994598542256192,0.17074550437158753,0.5040570800304554,0.19525143017539523,0.0,0.6250626292000322,3,1.701039954797671,1,21.103383976086945,31.966188723135485,0,0.43039803327060144,0.1646172900898315,0.785274916236995,24.661756805136715,sunny,bus,0.560651239330436,0.560651239330436,0.0
0.05334480068007725,0.17044629795975672,0.4593168437584173,0.3168920576017487,0.0,0.9591889947017749,1,1.8879711628585103,1,22.44842908013025,26.600529145403286,0,0.20309800689194335,0.3165308618089103,1.4281456694857233,14.949261477919212,cloudy,car,0.6487817541160066,0.6487817541160066,0.0
0.16587260404356155,0.36311224072234405,0.14361557733358601,0.32739957790050833,0.0,0.758830930517884,2,3.276217536992395,1,23.727335785360857,24.905397031942847,0,0.26336654544623256,0.09656272057918555,2.9151533481228324,46.315168364089104,sunny,bike,0.5578318409095298,0.5578318409095298,0.0
0.36833963656441354,0.04912107368041842,0.22577574147894294,0.33456274471861647,0.022200803557608673,0.5485139891883679,4,8.451413187056948,1,41.90054399340178,33.63629048292765,0,0.22112489510679453,0.0015423283515670627,5.281551640497682,18.3071774835909,sunny,tram,0.5197090073725356,0.5197090073725356,0.0
0.3609233768628603,0.1362504318761112,0.3917865323919049,0.054315283016603516,0.056724375852520104,0.5317593602315287,3,0.4964733507596503,1,20.009327349378133,18.0,0,0.5767465994154235,0.2608940773315126,4.542059443204502,25.407937751592133,cloudy,bike,0.5248323926258227,0.5248323926258227,0.0
0.12664998782892084,0.36067860599860657,0.22386876871873562,0.2203518243462703,0.06845081310746659,0.7530142608089586,0,3.839346616742889,1,14.213518460471997,29.187601790698505,0,0.5751416656252787,0.38107842745199627,1.7731945259495387,13.300835707704302,rainy,walk,0.6480651274773377,0.6480651274773377,0.0
0.17634271767117085,0.21745146889170175,0.30174907155731756,0.3044567418798097,0.0,0.42477615619942877,4,3.5551184314860644,0,3.252955928450424,32.72123475105773,0,0.10910729303611111,0.16105150521679906,2.523507574441587,24.762248585541887,cloudy,tram,0.6349725962247282,0.6349725962247282,0.0
0.32602390027296846,0.12376421784913291,0.3533993330213503,0.1968125488565484,0.0,0.8388078114164982,4,5.652439253887932,1,17.79230127269384,25.285406787200778,0,0.39800982757499026,0.0,2.663935175204845,16.340998156695434,sunny,tram,0.45177432593268685,0.45177432593268685,0.0
0.10481298809461033,0.23497986660822487,0.5702899242397592,0.0899172210574056,0.0,0.7672477042761349,2,3.4609862441327555,1,9.1971343264244,18.0,0,0.05974223600423759,0.02100363685981252,4.255101062899177,36.60001941538587,sunny,bike,0.6221070964927186,0.6221070964927186,0.0
0.38532222754071715,0.15326778417571976,0.31651958650373346,0.1448904017798296,0.0,0.044068356625668326,2,1.6111870551923622,0,2.3604544993733914,27.54238499399245,1,0.2762812951174803,0.31275110858679667,2.1958696689381725,40.511886037816126,sunny,bus,0.7343835810230599,0.7343835810230599,0.0
0.26113774635653564,0.19731801226833,0.3221023592758017,0.21944188209933263,0.0,0.17815022390848156,1,3.6983645399578524,1,10.39977219276475,31.090757614702547,0,0.40913451331456485,0.20351104024678005,2.463598886488159,5.0,sunny,car,0.7190242607117796,0.7190242607117796,0.0
0.12740409073810272,0.12250526335634289,0.6437439794216441,0.10634666648391038,0.0,0.8560203284942534,0,2.854536300778208,0,20.772248854489735,31.393314647772176,0,0.4450911534382983,0.18831085822125626,4.249258061092853,34.70072811788505,sunny,tram,0.775712087872444,0.775712087872444,0.0
0.14409503578520205,0.19268887152184122,0.27821949182629296,0.3849966008666639,0.0,0.07484320790658827,2,1.4488168042191114,1,5.472369987943015,22.41214655828507,1,0.171330210127155,0.282550832584598,3.3821647335438176,12.656606107864597,rainy,car,0.6718217939652968,0.6718217939652968,0.0
0.4202936649796889,0.1500559187208155,0.32108756414368267,0.10856285215581288,0.0,0.07283216248312452,2,3.2569196677454046,1,21.615615236039638,38.21888114482232,0,0.4840436773257035,0.1278043127674583,3.8813496760684236,44.55882093805572,sunny,tram,0.6570665772221583,0.6570665772221583,0.0
0.047741419346548894,0.36028080238605187,0.3060715281688268,0.07233054096494626,0.2135757091336261,0.5790413110237719,0,3.7873323693266236,1,11.432952434277283,20.548570704323485,0,0.21468303380968246,0.4603612569779224,1.5754134607270414,32.92863092553774,cloudy,tram,0.7126041798590308,0.7126041798590308,0.0
0.25976609804352757,0.21123365786893933,0.09038649972265753,0.418637829376616,0.01997591498825957,0.051057444110026995,2,3.224563139304103,1,11.205061853650985,38.44958004965284,0,0.2505810535555427,0.03408882257798235,0.4619511270224659,32.09417098781372,sunny,tram,0.6985261330153046,0.6985261330153046,0.0
0.2527876506750267,0.32699959277412716,0.3524391196406907,0.06777363691015544,0.0,0.045707716320366965,0,1.8508115335834245,1,17.83964675417646,32.71140860549311,0,0.3390248518532771,0.10257485308983011,2.2486373730528304,34.92337465550605,sunny,walk,0.7813349172893842,0.7813349172893842,0.0
0.2365503983492319,0.44808515202553373,0.16523776027967463,0.15012668934555984,0.0,0.2136767672975619,0,5.624821843340338,0,12.357225342236303,18.005522636527935,0,0.2214566705487253,0.25095193502873536,1.347498877380083,23.505109965362095,sunny,tram,0.9023643049179672,0.9023643049179672,0.0
0.2253766648499885,0.19468589008077575,0.3922588186116481,0.1876786264575878,0.0,0.4940847942271954,4,4.403314989239792,1,-2.6270568602581115,21.34296915513525,0,0.3586151358884322,0.19803565189119005,5.518598588789634,33.58431276111156,sunny,walk,0.4996940014472662,0.4996940014472662,0.0
0.03943167215025646,0.15445226674421278,0.40358170357649964,0.40253435752903116,0.0,0.9641826324581154,2,12.987228393938794,1,10.892056353404756,22.68757648710148,0,0.007825411336072452,0.2542326058227076,4.226770497303823,10.047686312061252,sunny,walk,0.6119712346187821,0.6119712346187821,0.0
0.22370433344375082,0.20106776670549753,0.46494772730549877,0.11028017254525294,0.0,0.008098055469374033,0,1.6424184855130526,1,24.425340354335656,24.859043550024733,0,0.3604575210945497,0.06945757371994465,2.906254994018756,12.024289344299188,sunny,bike,0.8252600723130779,0.8252600723130779,0.0
0.1816848064376105,0.23530526176410207,0.3741120031663793,0.2088979286319081,0.0,0.34367442627639067,1,3.9421783914564994,1,14.113856817132252,25.663241948875005,0,0.0,0.24537241371629046,1.9894130257048945,45.3746606649168,rainy,bike,0.7248526355456408,0.7248526355456408,0.0
0.026442424703035386,0.13009011732130205,0.4852013294601478,0.3582661285155147,0.0,0.5863528752862506,2,11.601050767222784,1,26.901879255736475,24.707619333634586,0,0.2335497251038178,0.30486801491833115,2.3395241241322866,41.865550158263865,sunny,car,0.6616651843609836,0.6616651843609836,0.0
0.2766773162310594,0.24692967819965492,0.25389964200762016,0.22249336356166552,0.0,0.8793810367959893,2,8.28981197700804,1,9.138016344873398,29.19009949007226,0,0.4291022534199877,0.41537208378796164,0.9722038749097708,49.3653565495585,sunny,walk,0.507560782308317,0.507560782308317,0.0
0.13756448331498133,0.030351261291371823,0.4035168897914358,0.428567365602211,0.0,0.1911425092017035,4,1.5564555503654278,1,22.00214238911919,35.11869010390929,0,0.4554584672539128,0.29028596394774725,3.4359855567108366,30.960221307852617,sunny,tram,0.5945821596083946,0.5945821596083946,0.0
0.4483721078093973,0.23007148954470893,0.27542328393651433,0.046133118709379466,0.0,0.48243190404781755,3,7.465329926213591,1,12.849327475627614,21.375933171312614,0,0.24440071026980761,0.24784483425111872,3.7970696693273647,46.92665417629003,rainy,bus,0.5093939372006512,0.5093939372006512,0.0
0.0662253023769734,0.12589734671911584,0.2297307753878493,0.5781465755160614,0.0,0.05273989586413086,1,1.9757763449251757,0,10.853808452509977,18.0,0,0.0,0.10911584518708667,2.8874330388830822,32.960144136976695,cloudy,bus,0.8804258758599481,0.8804258758599481,0.0
0.2271439608980449,0.1571836362610241,0.34556221476050114,0.14625129228958605,0.12385889579084375,0.16243815317627042,2,4.475213284837639,1,19.83828525053894,22.345393152167695,0,0.6710203953908875,0.22373059029780443,1.873799554348897,32.7984958593227,cloudy,car,0.6573509578156503,0.6573509578156503,0.0
0.25212333478682253,0.20015484605012696,0.350637173520069,0.1970846456429814,0.0,0.18176000231007172,0,10.915164470350973,1,14.671583423347423,33.153260266812126,0,0.1345016544835451,0.2635967215535194,3.227855818698682,41.381395934041755,sunny,bike,0.7922272412233783,0.7922272412233783,0.0
0.2766516621542338,0.12946233991721526,0.3176775640426443,0.2762084338859067,0.0,0.6949903720668213,4,3.0668563895880454,1,11.182152652311343,18.581634957633522,0,0.0,0.23520527029473176,1.9316014505396029,55.83529182712987,cloudy,car,0.4827058116302947,0.4827058116302947,0.0
0.3383580942971556,0.1591656708687104,0.3999336334231469,0.10254260141098709,0.0,0.03371916985046575,1,5.88029012810513,1,31.264667395023217,18.0,0,0.3643022430211725,0.1857470716128289,2.4379710086681854,33.66849541560229,rainy,bike,0.739982874891385,0.739982874891385,0.0
0.1882516449542488,0.2625197442812414,0.4484867260009625,0.10074188476354723,0.0,0.8300155232245479,4,2.40642793715199,1,3.0997814754617483,31.22892501525478,0,0.36575805845657083,0.21964611977813261,3.8706530923548916,6.4157034812517,sunny,bus,0.4347862513922822,0.4347862513922822,0.0
0.11063115090238765,0.07907921031423533,0.503795403828768,0.30649423495460903,0.0,0.39815716167214354,0,15.092734010553386,1,18.325018401221104,38.009373320251534,0,0.02056790385166704,0.4047314203649059,3.162292358488101,36.0418684743533,cloudy,bike,0.8159470494375045,0.8159470494375045,0.0
0.18644582692073494,0.14849065254558255,0.3250637717036801,0.33999974883000245,0.0,0.10939283382832887,0,2.089975671487824,1,22.52354459969549,19.949961383585396,0,0.2694197566130492,0.38946842893862776,4.217345799247065,29.606733785623536,sunny,bike,0.8159173469015722,0.8159173469015722,0.0
0.03937634206807994,0.15081863103036758,0.41150100642691284,0.39830402047463964,0.0,0.022995465151939953,0,3.50764635732593,1,23.87132961734611,18.0,0,0.27164479627309096,0.24445573156557798,2.6447981908812475,30.236925018698603,rainy,car,0.865483512772471,0.865483512772471,0.0
0.16655906174647042,0.19491465430595226,0.567458416962539,0.07106786698503828,0.0,0.11613961371509463,0,0.7039634018490598,1,21.438603849895717,22.65181321915544,0,0.2295564074728409,0.2523492599256879,2.7867587380215166,33.79282166460926,cloudy,tram,0.8185829265039517,0.8185829265039517,0.0
0.3711456874222375,0.0434572942678006,0.40607929575180784,0.17931772255815415,0.0,0.4846797957543554,3,1.5770182491638451,0,21.42741903158757,23.083087539862948,0,0.26384600863246865,0.1349074213007299,3.0182056700442534,46.66777750113385,sunny,car,0.6743151718934157,0.6743151718934157,0.0
0.21263940610786777,0.12686890040466378,0.3857302407426471,0.12510462825130306,0.14965682449351825,0.3393630297121184,4,3.1508514255130953,1,11.938484317269733,18.0,0,0.023208401480914714,0.21176250482555273,4.81583209636268,21.902737439200763,sunny,bus,0.5683655628389096,0.5683655628389096,0.0
0.24095457372393858,0.06121765495920097,0.3311689359700274,0.366658835346833,0.0,0.5628852334603904,2,3.3514862688203784,1,9.0044228663855,18.0,0,0.31223713310449575,0.3179414037169457,3.448234847656337,38.832366889154386,rainy,car,0.6359346313449432,0.6359346313449432,0.0
0.3976636719299837,0.0718886485429616,0.351971718682275,0.052219679870705554,0.12625628097407415,0.22018570628870193,3,6.082390160748342,1,11.06406736088358,20.77583136990702,0,0.2861688112681416,0.0,1.7067711475268965,29.15316233618467,sunny,bus,0.6178101883396984,0.6178101883396984,0.0
0.1795487350906618,0.2169267488916842,0.36167928761402374,0.2418452284036303,0.0,0.43588303256553385,1,14.271354681514222,0,23.771529591673367,34.38441393194454,0,0.413724022666749,0.14438614646830014,4.072885390781721,20.042195708277138,rainy,bus,0.7880907879922768,0.7880907879922768,0.0
0.14022626259040039,0.12396960730209662,0.4151938270372137,0.32061030307028937,0.0,0.5009801608685127,2,3.869634658270259,1,15.143136166853129,43.62647136728012,0,0.11445728677456699,0.49747374371916825,1.4056614767642974,48.5998616024727,sunny,car,0.6468932103100888,0.6468932103100888,0.0
0.12754415205076103,0.14914216238903133,0.4022151659184147,0.3210985196417929,0.0,0.007965840337131214,4,5.959946938452751,1,1.4634023895075519,18.0,0,0.17264692039226937,0.24264998109680486,3.160323176750625,28.790493447840987,sunny,car,0.6182810427718061,0.6182810427718061,0.0
0.10206890378441383,0.10477837448235788,0.5427179285859902,0.25043479314723804,0.0,0.3930539974218762,2,2.0433122961203143,1,4.003236366645249,18.0,0,0.46055918045535194,0.48619877341334583,2.465307782828347,31.45343805693807,cloudy,walk,0.6573829490006787,0.6573829490006787,0.0
0.04346831506683163,0.17281378386113458,0.3939019289959882,0.38981597207604557,0.0,0.1770722015547762,1,8.42921372476177,1,11.595483940285842,19.072521605302313,0,0.5361031444865688,0.3801006772539802,3.8757101760493793,22.0335114383873,sunny,tram,0.7462014030334332,0.7462014030334332,0.0
0.11617663699550117,0.14081915271005493,0.6011212726668306,0.1418829376276134,0.0,0.09128421038904888,4,8.37015498963043,1,17.156278142506427,31.479165567898708,0,0.40172103106379176,0.1735056696374944,2.2238858090060205,39.87543558448465,cloudy,tram,0.5962068192380985,0.5962068192380985,0.0
0.11690902036595967,0.06885526067689804,0.573110685345516,0.2411250336116263,0.0,0.9569866780777966,0,5.725108460858955,1,11.083644489033901,22.404115064524465,0,0.16644602231370836,0.029060274103001715,4.37379178259939,5.0,rainy,bus,0.7426470583885668,0.7426470583885668,0.0
0.24121136540709406,0.24834255549853737,0.4981111661755868,0.012334912918781606,0.0,0.1873285087415969,4,2.4835755244634776,0,11.350521006775526,27.506295462834384,0,0.16215565358317255,0.08362549881061884,2.038220794326414,45.390562043705486,sunny,car,0.676382614225027,0.676382614225027,0.0
0.07163855303455163,0.3532911622002192,0.34342784346727595,0.23164244129795314,0.0,0.5401870618746742,3,0.5394557484964869,0,9.897990913691025,27.11549922619306,0,0.43376545359923424,0.37709628571920073,2.7443474213570416,31.373323676989806,cloudy,bike,0.6410091044397482,0.6410091044397482,0.0
0.09695510063975174,0.09180637926740456,0.42787700668539935,0.38336151340744434,0.0,0.9755108521006841,4,3.4663556961617212,1,13.899442861471439,25.9560368830635,0,0.2669863270451607,0.0,0.9595502487940892,32.42684159113571,sunny,bike,0.4926262430442149,0.4926262430442149,0.0
0.017342010267296416,0.22037852957415915,0.5168640136043223,0.24541544655422212,0.0,0.11360697563436839,1,25.01964831065102,1,9.142645354926145,33.41553600115838,0,0.13339263115515626,0.2904499796931891,1.8106965733328186,48.80280850739436,sunny,bus,0.7784025885879535,0.7784025885879535,0.0
0.1140899439821309,0.2836121705470825,0.32726209809111617,0.2750357873796706,0.0,0.17885501414826588,4,4.177606559760487,1,21.03621142370754,18.0,0,0.6513304420632167,0.2305955226599529,2.329927615822827,36.85974205689438,rainy,walk,0.5255398984506322,0.5255398984506322,0.0
0.23119888808573424,0.18582889865511737,0.4773090280848596,0.10566318517428895,0.0,0.7073916680394247,4,4.814530325187227,1,16.604805797737995,24.78742510490183,0,0.5882565404409005,0.05776818661099936,2.756294786287039,26.321978934989033,cloudy,walk,0.4583730777361087,0.4583730777361087,0.0
0.1362330117169704,0.5559649661965664,0.21799584155994506,0.08980618052651809,0.0,0.7534103590149493,0,6.048227462348734,1,13.281925966532201,35.339908022340225,0,0.1451813079403199,0.22980261099721933,2.9491287898366982,34.708933882989875,rainy,walk,0.6370971690914373,0.6370971690914373,0.0
0.211502450323247,0.2995931220551249,0.30116796438015103,0.18773646324147703,0.0,0.46409957347102426,2,0.7403262512070318,0,18.59161205303913,20.9885149144604,0,0.06652351133399315,0.3168133990787064,3.559601096808559,5.0,rainy,car,0.7464756437254134,0.7464756437254134,0.0
0.2828902739300813,0.3360878630810091,0.2040747184688826,0.1769471445200272,0.0,0.561327424590227,4,6.972993971276033,1,16.151458711288466,25.69302465799374,0,0.35072561729369206,0.0,0.0,19.991247804944493,sunny,tram,0.4535309598469813,0.4535309598469813,0.0
0.12760848402951916,0.09546603958246465,0.45916876267354473,0.3177567137144714,0.0,0.19822717366427056,0,9.436637743732327,1,18.830160939250053,21.09511158224479,0,0.4687042040136149,0.32693483257083156,1.6439333631550062,31.03038501036394,cloudy,bus,0.8135536567323491,0.8135536567323491,0.0
0.20690350615088623,0.09314189890393348,0.38945200844815264,0.18511294401191267,0.12538964248511497,0.590114532498836,4,3.367523625064475,1,10.20708999140156,18.0,0,0.12940411086873813,0.19511858794723957,2.3303876898130533,41.213133809057894,cloudy,walk,0.5310243715681386,0.5310243715681386,0.0
0.12993001455616082,0.3326198144080934,0.24811956662299223,0.28933060441275343,0.0,0.5895259140125025,3,6.669956652354966,1,0.7631959502466046,25.39655949568098,0,0.10535606527962424,0.2075815640784111,4.451632852856672,16.885589299875758,rainy,bus,0.5452462824112292,0.5452462824112292,0.0
0.14572957408471152,0.07918884305374824,0.6067401725346816,0.16834141032685865,0.0,0.9432841499127841,3,1.0329472731788027,1,13.795412087252506,20.70921366960615,0,0.4216307953338656,0.3806005327876414,3.2919919015383505,13.061231212924902,sunny,bus,0.5173285760984876,0.5173285760984876,0.0
0.31165323623607133,0.029582822476074275,0.32451750661913403,0.3342464346687204,0.0,0.044072590084086594,0,6.5072032029679505,1,32.41111511205891,31.800713345915455,0,0.19731328943181634,0.6262202513055228,2.4596445525568598,5.0,sunny,bike,0.8207985517797057,0.8207985517797057,0.0
0.11788860292679335,0.375280037911057,0.36743084759027694,0.1394005115718726,0.0,0.4532731918086573,3,1.7597101905641854,1,10.057251556925102,18.0,0,0.27795984863535217,0.07681561974900289,2.5527836250895413,51.75488313588188,cloudy,tram,0.5451088481601994,0.5451088481601994,0.0
0.21236123096280615,0.3071237833106534,0.1752103496946797,0.09822410315769711,0.20708053287416361,0.8365807853229876,3,8.86843822881725,1,32.385460320955794,32.57158806255705,0,0.1166856498617451,0.33449796589822534,2.107824454567928,13.452915864245732,sunny,bus,0.4862942720893883,0.4862942720893883,0.0
0.23075439014512966,0.05124182739900415,0.4659127010512549,0.25209108140461134,0.0,0.7136816827883683,2,2.3521797261736364,0,16.147131478133726,25.76580374981816,0,0.27322639069250226,0.19022810270127907,0.0,27.804656651975677,cloudy,tram,0.6918260016799147,0.6918260016799147,0.0
0.06619100439670796,0.2884882373748616,0.4443005471731257,0.12412966836264151,0.07689054269266327,0.532349869334369,3,5.454020997859355,1,20.674160578698753,19.708308627761173,0,0.2165018970819475,0.10315531693480913,3.30957051020697,32.091843644674746,sunny,bus,0.57660837620947,0.57660837620947,0.0
0.08523918737740958,0.30389808072216024,0.24966185202353816,0.361200879876892,0.0,0.7693704826888199,4,0.9337686890790183,1,10.45591372282233,31.535518371826555,0,0.11829340814691902,0.3190692936576595,2.122605371982336,38.039011653664474,rainy,bus,0.4655849074234638,0.4655849074234638,0.0
0.1664623315065485,0.23191590952183824,0.37125248455703663,0.2303692744145767,0.0,0.32775316536483035,1,5.398172197496366,1,13.338965320745949,26.312803473657908,0,0.4883984399556762,0.09074537449078521,3.227100165869327,5.0,rainy,bike,0.7050222298848655,0.7050222298848655,0.0
0.07866086983191792,0.08653602838434567,0.6103496489512683,0.22445345283246818,0.0,0.5141296225498254,0,11.677925009100074,0,4.454777812226444,19.826686788313523,0,0.18209376890983703,0.11367636440869298,2.277855811053805,30.900025876692183,cloudy,walk,0.8505995695196514,0.8505995695196514,0.0
0.3239787431848481,0.17707970624360206,0.291616686250752,0.20732486432079783,0.0,0.5831040946337737,2,8.674434485777399,1,16.00983190324862,29.468698102580124,0,0.6107166404996912,0.3772426861996179,1.0324734782099643,39.70731182772214,rainy,tram,0.5585351699205178,0.5585351699205178,0.0
0.1758148768865676,0.014970461279604995,0.3950930882777794,0.41412157355604806,0.0,0.32413554365578157,2,4.822877749169333,0,6.494197314523168,26.011739215546434,0,0.39385911306158955,0.1740364293293233,1.631281957497359,41.71474682256983,rainy,bus,0.7428326100988408,0.7428326100988408,0.0
0.25086720101151383,0.06371603477245086,0.3554112358142256,0.33000552840180974,0.0,0.7589077557864354,2,7.773911062594092,1,30.012651981980483,33.183890871008266,0,0.2576595205450136,0.34503767450919154,3.1389430640986724,23.598408285992548,sunny,walk,0.6021550568044877,0.6021550568044877,0.0
0.14970206500677627,0.26488508162680824,0.3231446453201382,0.26226820804627743,0.0,0.3796268473533435,1,3.9021428804439284,1,36.42398856716075,24.89633725084544,0,0.5566810783996622,0.10910609756379563,3.4200765897896153,5.0,sunny,bus,0.685921958754701,0.685921958754701,0.0
0.3056876091750824,0.21456803900246735,0.39540436985097177,0.08433998197147838,0.0,0.5441413029786046,1,3.7219338687274317,1,12.030666605782343,29.9887867969342,0,0.1709627084456043,0.2079221736329595,4.293541318055361,5.0,sunny,walk,0.6647926470111544,0.6647926470111544,0.0
0.3418042979894418,0.044373841738447314,0.21240183044908795,0.401420029823023,0.0,0.576125812519209,3,9.12177687254782,1,12.381024057230437,30.49305823753842,0,0.2162947761387734,0.41123309658708657,3.7670917001808557,32.8053441811226,sunny,car,0.5562042676085663,0.5562042676085663,0.0
0.11106156565225901,0.3226763875093345,0.27742056037285434,0.2888414864655521,0.0,0.3864419138049,2,2.301285580513103,1,18.664217710128213,29.81941352235072,0,0.13241166015056702,0.3296683215218467,3.2644516750748993,34.04613909848547,cloudy,car,0.6353546428501133,0.6353546428501133,0.0
0.3358042390655664,0.24284806012312535,0.19144080585887452,0.16568363727061425,0.06422325768181936,0.06309687076989878,4,2.524966026776913,1,22.738585652930418,40.19302102702201,1,0.3222751732406544,0.2756077698937738,0.6467292772367714,22.734145883292303,sunny,bus,0.46489941677130664,0.46489941677130664,0.0
0.3636146589925302,0.1274371312239646,0.2527531158219146,0.2561950939615906,0.0,0.7308843160363215,0,2.5459625726797954,1,5.902027437661067,18.0,0,0.13230252532385645,0.07410401354087967,3.1327692362478134,29.039450497566975,cloudy,tram,0.7179443061485095,0.7179443061485095,0.0
0.0633919648153664,0.1278790600819206,0.17823718928038415,0.39744972302953063,0.23304206279279827,0.5663286757012823,4,6.02560800754676,1,12.165766690727803,18.0,0,0.10107522102413835,0.4935326797416065,4.120296209779611,25.93894876866142,sunny,tram,0.5364845377346064,0.5364845377346064,0.0
0.12760785309491418,0.2925552445896247,0.4517629921375687,0.12807391017789233,0.0,0.9294724666503168,1,7.698616002781233,0,25.500291967574178,28.061989639525578,0,0.11614643535685887,0.372712303823594,1.7115478848228076,5.511215013229894,sunny,car,0.7204977786206576,0.7204977786206576,0.0
0.2148159721778614,0.2598795985171887,0.34906457024021936,0.17623985906473064,0.0,0.21924169606930632,1,3.267102042120879,1,26.071542482374404,34.662815424555546,0,0.3675720182280865,0.12956295493170766,4.073653268961341,42.47161517885043,rainy,car,0.7132837217701701,0.7132837217701701,0.0
0.3084222924714128,0.08052596226511043,0.35665200043736484,0.25439974482611194,0.0,0.5120709247282756,4,6.007480316922359,1,25.736692473768706,29.325571751629127,0,0.16285897683555844,0.18173084351841257,3.097630486324087,5.0,cloudy,car,0.5241567085474316,0.5241567085474316,0.0
0.12709524894500876,0.31772463463593603,0.3116700990977716,0.2435100173212836,0.0,0.3813493823827765,0,1.9539398864355113,1,26.024505982276438,18.0,0,0.4209993199680575,0.4174211465030371,1.6832820639440433,39.43277383904721,rainy,bus,0.7278537212857952,0.7278537212857952,0.0
0.3919316590271857,0.1390539858853939,0.24583094484891183,0.2231834102385086,0.0,0.6196668571779297,4,2.6611684546848555,1,-3.6572392765682658,23.15588949047748,0,0.46062299661797623,0.0,0.6354040436661603,25.153297992718237,sunny,tram,0.46788452433957434,0.46788452433957434,0.0
0.11597618571893813,0.18883545621885975,0.2726380976778718,0.1491444708219021,0.2734057895624282,0.4847198630172632,0,1.4990905844065787,1,12.631825441449141,32.89993576944262,0,0.07977818750246943,0.40513604343711906,3.647450126579893,25.175699027225214,cloudy,tram,0.7719471870669372,0.7719471870669372,0.0
0.18932666055664216,0.13055923371409356,0.349095090616955,0.33101901511230936,0.0,0.1819101986501791,1,8.691548765488248,1,14.551543601138917,34.56399147100136,0,0.40068363622988024,0.08678102599813031,4.6006311745391,7.409970707797601,cloudy,walk,0.7550193199968299,0.7550193199968299,0.0
0.09609823607128037,0.12424354036206509,0.32643064066617616,0.4532275829004783,0.0,0.12618099572154917,1,1.2003456901959375,1,12.62631673087699,18.0,0,0.2551815652966223,0.22097260103550714,2.3331828633762237,18.54615330011955,sunny,bus,0.788017639910618,0.788017639910618,0.0
0.2778254198818142,0.2334714954248684,0.2928866551106772,0.19581642958264023,0.0,0.359078375581528,0,10.886943304449256,1,20.276774535684908,30.947093013125844,0,0.4829149624125645,0.07389547674333138,1.645054676153042,54.79988860100626,sunny,tram,0.7216960234711766,0.7216960234711766,0.0
0.2243188566699208,0.36875757339973403,0.15129474673346893,0.25562882319687624,0.0,0.4332166762935151,2,8.570699179911669,0,19.066976241445133,41.92047477490812,0,0.2042311845214502,0.10626990011931553,2.386606315125536,7.194062836222745,cloudy,bus,0.7535480980335015,0.7535480980335015,0.0
0.16879863749836868,0.23935485359359387,0.3958637256469719,0.19598278326106536,0.0,0.8743275395074876,1,8.224400351881616,1,28.581268278539696,20.0104975165424,0,0.21075874676702874,0.37870509993263796,3.7698033995394375,41.81414472040865,cloudy,tram,0.6167351939974184,0.6167351939974184,0.0
0.14371577412308856,0.09688178645323149,0.5070251571836505,0.2523772822400294,0.0,0.5287745626010885,4,4.329141530805094,1,17.034000622726737,26.23916420784458,0,0.31420597642301434,0.18295753802308154,1.024119645319575,38.135569729708976,cloudy,walk,0.5388195496218762,0.5388195496218762,0.0
0.24257958908207647,0.29458760269999046,0.36591649969493606,0.09691630852299703,0.0,0.6932487570909454,3,3.8661928785294495,1,21.638756484020533,18.0,0,0.4521250306786686,0.30248534328584226,3.0315244022447034,25.044856700441585,cloudy,walk,0.48612284043022513,0.48612284043022513,0.0
0.11112482942355982,0.28215910675532524,0.27334454960974497,0.2243937003467337,0.10897781386463634,0.04059540042819609,4,4.787586444293691,1,16.20996350636182,32.55237804026944,0,0.10684377840936454,0.08173260363917736,4.877172940025099,49.784261916787194,cloudy,bus,0.5905163984630604,0.5905163984630604,0.0
0.0326712349185919,0.3446729796347951,0.293520958111332,0.329134827335281,0.0,0.9595403215135215,3,3.2508504723592413,1,7.0517548693407175,31.209666750854634,0,0.20517364709898633,0.2143620115184238,4.106304357233941,25.42059006097635,sunny,bus,0.49459769658672575,0.49459769658672575,0.0
0.3492230769295524,0.07119949293000828,0.3131858437813154,0.26639158635912386,0.0,0.3343579349139517,4,0.5670794057446799,1,23.95266181354914,19.47180866331299,0,0.3655998879600164,0.10850594091363636,5.142447366509396,43.47885788973038,rainy,tram,0.5400428363408804,0.5400428363408804,0.0
0.24970806477101112,0.07691444562324219,0.5339368369300571,0.13944065267568956,0.0,0.17540416674627457,1,3.1620349219043877,1,3.963392595636627,29.637244109299814,0,0.3601018055889711,0.1988274669625767,4.083188827743024,32.49947639089009,rainy,tram,0.7562884596162229,0.7562884596162229,0.0
0.36068830228902576,0.25580076428873827,0.3346355230602417,0.04887541036199433,0.0,0.4298337086694384,4,3.3574997764786256,1,14.10923930882645,18.0,0,0.18449992021974734,0.4867419674901305,4.307781070569602,26.15350562504517,sunny,walk,0.4640629099979226,0.4640629099979226,0.0
0.17388645905300582,0.0711933807850497,0.0940590892953898,0.0272236253416652,0.6336374455248894,0.03476287711259429,3,6.536786410613352,0,26.125389987268058,23.183256867352963,0,0.1243201557014253,0.48541581305224724,0.6600309338648689,40.38012831888312,cloudy,tram,0.7305830545242183,0.7305830545242183,0.0
0.171277660663136,0.24037674025545824,0.3075669186795651,0.2807786804018407,0.0,0.393182623991424,3,0.22845294591821427,1,6.515424171565634,23.13827360650268,0,0.2766826487254067,0.40461095498746225,0.6547526685466893,27.72000172356181,sunny,bus,0.5689330612418945,0.5689330612418945,0.0
0.05169469283632858,0.3836430915323215,0.4303118737569459,0.13435034187440398,0.0,0.7213700423003231,0,8.114311861059516,1,10.668735893859221,22.850497103809765,0,0.13187575972278714,0.0,1.3785751526091843,47.60628032883261,cloudy,car,0.7135355886021224,0.7135355886021224,0.0
0.221923834022635,0.29585270184701834,0.12340765584611313,0.35881580828423365,0.0,0.04023414048243967,2,2.167298077492455,1,22.676358788037692,32.46945574287187,1,0.1544460870439514,0.38581532170992916,1.570538118676816,5.0,sunny,bike,0.6095160562944897,0.6095160562944897,0.0
0.24936206079523301,0.10356405543380306,0.2917649460912729,0.35530893767969096,0.0,0.7216994751986684,0,2.720111133221264,1,9.815766787716761,23.2495654941919,0,0.3392950283688164,0.21785558730906407,3.44353335382361,21.203549362950092,sunny,walk,0.7227624657930286,0.7227624657930286,0.0
0.4265673373337228,0.08552401590910887,0.29209813253604605,0.1958105142211223,0.0,0.24064235339567852,1,5.018107249644847,1,16.767256556701156,20.65761024786248,0,0.24552946741660048,0.19578693223885899,3.193755781827339,34.92796061259104,sunny,bus,0.7171383927881965,0.7171383927881965,0.0
0.2866578272706555,0.07053751046271049,0.4616537904343652,0.18115087183226886,0.0,0.9333857657147697,4,0.7556463331268617,1,17.4559387788349,24.33475388413398,0,0.5347562794312118,0.4809224654327934,3.1749223394724213,53.037153312145236,rainy,bus,0.4083320993418574,0.4083320993418574,0.0
0.13221930687368513,0.31571130403707853,0.33733804547190643,0.2147313436173299,0.0,0.7849647504721661,2,3.2992722229274927,0,17.746995410866496,24.205405574869694,0,0.1969775753164666,0.12708486392475515,1.3923080265424699,47.91695862852904,cloudy,bus,0.690534498169018,0.690534498169018,0.0
0.32302540225685156,0.07437717115566429,0.40428911868075734,0.19830830790672693,0.0,0.3266061424760174,0,3.177841818712253,1,32.51769628877601,23.48299299327098,0,0.3747756770934222,0.3683780422075354,1.1933367505313235,22.378033380673052,cloudy,car,0.7671913484001561,0.7671913484001561,0.0
0.2862681940976288,0.2685361621404811,0.4037946709001365,0.04140097286175358,0.0,0.017627572359853017,0,4.197819008262315,0,14.213332533724614,22.406767000100253,1,0.48996126007482765,0.3044115856779261,2.766486626479477,38.42181205403281,sunny,tram,0.8405982008559257,0.8405982008559257,0.0
0.04871014234211128,0.08275026319050016,0.3787537944657837,0.48978580000160477,0.0,0.004583027952792751,1,7.299056268337178,1,9.047162864002118,36.44192786521916,0,0.17683024152663065,0.2660722256335332,3.5757657241137744,46.25927858258342,sunny,walk,0.8272431881229204,0.8272431881229204,0.0
0.2625566355847078,0.19712420876993306,0.40258669045676293,0.1377324651885963,0.0,0.1547546297095821,0,2.047991383560501,1,14.008232183662997,29.17909851812209,0,0.6494138276493246,0.3504073610486605,2.0077046712332187,24.625531132486017,cloudy,tram,0.7566332683292304,0.7566332683292304,0.0
0.12757311985226355,0.18243933649871127,0.592586664850122,0.045675764530561644,0.05172511426834148,0.5476137718919852,2,0.5676306669998492,1,18.030714727237402,25.08593799498471,1,0.30260359908537443,0.2448120642528652,3.3263351317132424,27.88082786865725,sunny,bike,0.5978506777875585,0.5978506777875585,0.0
0.3391470939217601,0.0770279537639642,0.5443483845146525,0.039476567799623136,0.0,0.7656340307172022,3,3.041888682724434,1,10.753253642544818,33.52500723833365,0,0.34373567786621373,0.26433985447824376,2.2123115413267764,34.22095629000185,cloudy,bike,0.5220630593390531,0.5220630593390531,0.0
0.1766042102209122,0.1769869376043373,0.22546262434764086,0.42094622782710955,0.0,0.8739336036966712,3,1.1036144275681894,1,20.632100312776874,30.566904150413066,0,0.3244531168177314,0.4306386622530748,3.0738578366263094,31.76593104699323,sunny,bike,0.5019478519402426,0.5019478519402426,0.0
0.07608312702725172,0.05232056416191319,0.5035400419430414,0.3164495606720555,0.05160670619573837,0.06393836948087894,0,7.222670156718527,1,14.449344560959192,29.456332335415137,0,0.2000801352268286,0.7551980187903048,2.707261567425087,39.85892338087176,sunny,walk,0.8497832385883692,0.8497832385883692,0.0
0.32820627576784195,0.2511138582335009,0.13562051584249182,0.28505935015616535,0.0,0.9464880055565642,1,2.122930330876441,1,12.822822810909424,31.395311870926115,0,0.37758206967084496,0.3697109898309595,3.21878432157189,24.696706333472697,sunny,car,0.5626811334452936,0.5626811334452936,0.0
0.08431290648784817,0.18448391913797796,0.5711066760284002,0.14213690900292258,0.017959589342851245,0.48639950254115527,0,1.1972962976275512,1,6.456831195074175,23.707924136697926,0,0.41092557255093193,0.24437240109805286,3.314836243764715,16.702703057938972,rainy,bike,0.7644315664029259,0.7644315664029259,0.0
0.2772258969098192,0.09200864541766597,0.4071213565876047,0.2236441010849101,0.0,0.9419258149602278,2,4.216510475760762,1,15.661667671359504,32.647021525643225,0,0.31899517593577587,0.16237204741955935,3.948637076713873,14.955850430164858,rainy,car,0.569305006187202,0.569305006187202,0.0
0.09248335826586744,0.04420552747936834,0.504334715306026,0.35897639894873823,0.0,0.8073525501956702,0,0.9259695508200492,0,5.297822393091831,18.0,0,0.42171332605710377,0.29041187712962513,3.407615474952773,23.38642757080479,rainy,walk,0.7758952651759106,0.7758952651759106,0.0
0.1371198305549359,0.21704775729772297,0.4073571740172957,0.23847523813004554,0.0,0.3441920543726834,3,3.172077480079156,1,10.692253385102626,27.24586729903641,0,0.39408514602080574,0.20823402204860716,1.40278296552269,28.158949305984976,rainy,bus,0.5920742423186505,0.5920742423186505,0.0
0.040245743464628204,0.13258512706748307,0.5405826447952756,0.2865864846726131,0.0,0.9211167515509673,0,12.191051187552507,1,18.583311387576515,31.320467138727654,0,0.07636352404608407,0.10379635096762505,5.742533292795821,7.73009517060942,cloudy,bus,0.7444979980303689,0.7444979980303689,0.0
0.14729705857638065,0.21964063372042567,0.336026751178046,0.29703555652514774,0.0,0.32842861702239523,4,3.797185646999571,1,26.65879647953104,35.69408135429663,0,0.0,0.2408153357925042,2.6505855503151525,16.718002294170283,cloudy,walk,0.5587230491047714,0.5587230491047714,0.0
0.04624714778373016,0.2613107681647201,0.43959918191445346,0.25284290213709615,0.0,0.9240160878756886,2,5.688746271462969,1,22.551375505865657,24.926885688217954,0,0.27579541214541636,0.3624041248226467,3.391368602205313,42.4824558401363,sunny,bus,0.5641880698634818,0.5641880698634818,0.0
0.28222131302346953,0.01686587469462443,0.5200663885525125,0.1808464237293935,0.0,0.881264512685982,0,0.9598803377803302,1,14.026151655218147,27.67915449881198,0,0.3746789496742299,0.29933113734784667,1.5198143829180493,29.41550534746154,cloudy,tram,0.7061925802007476,0.7061925802007476,0.0
0.08296736783468739,0.09136611995876791,0.37081156854869074,0.18118795257054376,0.2736669910873102,0.44830067333750423,2,5.7080900005713335,1,-0.31344548715808784,28.993842417936932,1,0.2950963938137579,0.45525574563268545,2.2378213797654656,45.45774361280688,sunny,bus,0.6473760968523161,0.6473760968523161,0.0
0.22571127301341204,0.23817630436470244,0.10133691373491921,0.4347755088869665,0.0,0.03709742576008501,2,4.675230643108382,1,18.586395641303216,28.027046261610288,0,0.4171077937313864,0.0,1.5319861760999902,35.01816523157821,cloudy,car,0.689645536013446,0.689645536013446,0.0
0.2162113815243958,0.3361621048900587,0.23236591833355377,0.21526059525199157,0.0,0.6258668252581574,0,7.1610494831008555,1,7.753207887665722,32.36025789162214,0,0.12060246445171419,0.3207244198476682,3.588808502420762,8.82669146455062,rainy,tram,0.6931898344983325,0.6931898344983325,0.0
0.15629652308618042,0.3176518960732286,0.33874761638258394,0.18730396445800693,0.0,0.1292476107768682,4,0.46483156376596385,0,2.702026482210007,25.306330622111496,0,0.47557350476757465,0.3067547504061933,3.1013231136185864,5.0,rainy,bus,0.6495393239352618,0.6495393239352618,0.0
0.12551866652496688,0.1741126363351171,0.39793855069553913,0.3024301464443771,0.0,0.5578929471749488,3,1.4117583128857178,1,13.092593615077757,35.98100957758759,0,0.21561431703441777,0.20161467560176566,6.301745498406385,42.86395423780615,sunny,tram,0.5528204389960613,0.5528204389960613,0.0
0.19346918968395238,0.22683229568052515,0.2927914708399472,0.2869070437955753,0.0,0.6474647854148481,3,7.831051471425341,0,17.53750014614703,23.873039658653504,0,0.12455419704838205,0.20502217644371973,4.600357071044176,9.368288854191572,cloudy,bus,0.6545305347243171,0.6545305347243171,0.0
0.055063466097107994,0.2142329873212996,0.6023625843266781,0.12834096225491437,0.0,0.2019763004796281,4,2.805612834569307,1,10.957713585012572,25.718113060592398,0,0.09997802277244108,0.21817597118402754,4.527636195026381,48.841165574684226,sunny,walk,0.5863551811755274,0.5863551811755274,0.0
0.12744500195457978,0.23386721924592493,0.4082302450265576,0.23045753377293787,0.0,0.24324987316587143,4,2.103312500029559,0,5.975564615227428,26.3339000797588,0,0.03329807627335393,0.20538154042466833,1.5309200057767298,30.885396284475043,sunny,tram,0.6664519201281601,0.6664519201281601,0.0
0.29594384444157773,0.2747198884074661,0.19711331012707922,0.23222295702387696,0.0,0.2361073358164999,3,3.1102789356450296,1,16.40610543301574,18.02139277487798,0,0.3167771908671644,0.2394457873259646,1.9948508346003087,26.44096503693294,rainy,tram,0.568403999783963,0.568403999783963,0.0
0.272504760987217,0.06641107782791748,0.16040226388686793,0.5006818972979976,0.0,0.5144099394457436,3,2.892813552677241,1,8.29233364845842,26.95160620953712,0,0.43948976249278227,0.11957551069174273,4.827095049031167,36.38765233067729,rainy,tram,0.579635112524106,0.579635112524106,0.0
0.31019353629460117,0.11321690276648776,0.35622862531152044,0.2203609356273907,0.0,0.7681151393734872,4,2.643242849803649,1,19.753462060191946,20.32361533570582,1,0.3951377889071087,0.3985996964198154,5.038181163191027,19.93764460547159,cloudy,bike,0.3952969259127756,0.3952969259127756,0.0
0.3049012751737023,0.12706168258719008,0.39964335047175,0.16839369176735766,0.0,0.15884060063099703,1,8.499501554570163,1,13.869277796106433,18.0,0,0.2932396338669392,0.0,2.134917143809597,30.037576122022404,sunny,bus,0.7497999812016218,0.7497999812016218,0.0
0.09725703504238391,0.10853655856811902,0.44296235577260795,0.35124405061688924,0.0,0.8452504033102951,4,3.4156158779041093,1,25.744885173552504,18.0,0,0.12760126636773284,0.0,1.5197035167711035,31.835183113837434,sunny,bus,0.5194151105978847,0.5194151105978847,0.0
0.2784863773051884,0.1263128786523702,0.2834225331145239,0.262476818589106,0.04930139233881148,0.8711508697706516,3,2.5351353000826684,0,6.870187559845293,32.310069780019006,0,0.4144544093915247,0.15684958302663843,3.479726539983875,24.32851984057099,sunny,bus,0.6018106539224575,0.6018106539224575,0.0
0.30665750969529654,0.2986108828173297,0.2510371641444576,0.1436944433429161,0.0,0.6478291325471548,2,2.746343916119184,1,21.993940906242432,18.447087166226268,0,0.13285768777203233,0.15858340165650825,1.967428119411426,43.92119569961882,cloudy,tram,0.5732039831116414,0.5732039831116414,0.0
0.17893737155784042,0.19520833860176767,0.30325626836005515,0.3225980214803366,0.0,0.825931400498136,0,3.017634143654461,1,13.336134536254207,18.959111525578933,1,0.44451893299826906,0.14336825308563123,5.734965369521529,37.04076178294678,rainy,bus,0.6443376496441555,0.6443376496441555,0.0
0.36151799665291323,0.03566004796574614,0.2999110486871971,0.30291090669414344,0.0,0.044480024159899934,4,5.35135561667668,0,23.55928073473294,43.31963554700418,0,0.09927969059988298,0.358487565988138,3.0267882396852865,18.063436927985514,sunny,tram,0.6821686411042409,0.6821686411042409,0.0
0.19074044326385656,0.18326993175054057,0.4602650037699522,0.16572462121565049,0.0,0.3472603562578175,3,5.676016048942845,1,13.690652305699956,18.0,0,0.4040754076658243,0.2741947523912432,4.230083638698138,21.481282358328492,cloudy,walk,0.5841699206568528,0.5841699206568528,0.0
0.19366029525943587,0.1136338204954346,0.4548398296802922,0.23786605456483736,0.0,0.4383158374154822,4,5.9449728258920285,1,32.85312788700295,26.168211295195537,0,0.2847750127039441,0.1575886032333268,4.620028501052126,28.241693503806886,sunny,bus,0.5425744199420537,0.5425744199420537,0.0
0.2910336192745501,0.2197290551931749,0.21588696833024104,0.27335035720203393,0.0,0.563895188425228,1,5.200177998833,1,25.87340037965422,24.677766040191262,0,0.09834518664255121,0.14292258207071928,3.906025612202475,31.09919058875473,cloudy,bus,0.6716365571914806,0.6716365571914806,0.0
0.13881089591681725,0.1401311224325141,0.3389342043311924,0.3821237773194762,0.0,0.46834607282957164,2,1.9974981372865694,1,32.66450143884751,18.0,0,0.17634132966873742,0.16325135262660445,2.4699090544938853,38.406824928511206,cloudy,tram,0.6704722954748252,0.6704722954748252,0.0
0.027841697861274533,0.34219346312307247,0.34701792785459995,0.2829469111610529,0.0,0.3073576704462485,4,6.033449749350792,1,5.746394687301265,21.127883880195846,0,0.17048860483682837,0.1901734515311539,2.2057189843553937,34.27023588651849,cloudy,bus,0.5443881119577076,0.5443881119577076,0.0
0.16766443381721105,0.25169015856211574,0.11801624692663132,0.46262916069404203,0.0,0.027660013993214605,1,1.7058208560732717,1,22.820826646891486,21.38672844214548,0,0.12077466579607748,0.4222034449205663,2.6750843719149553,36.627790337838185,sunny,bike,0.7553886851710919,0.7553886851710919,0.0
0.24389244045063888,0.05687598099217107,0.4036782753993997,0.29555330315779027,0.0,0.04201512895983095,0,3.477137123679054,1,18.90053698527379,27.481028319856133,0,0.3141332256321298,0.16411512051547672,1.2762317167711303,13.080133168350695,sunny,tram,0.8491884643181473,0.8491884643181473,0.0
0.09780554749791612,0.03939149982168531,0.48798094249933954,0.37482201018105904,0.0,0.23823253406395228,1,3.92351402723249,1,10.838500218645816,18.0,0,0.18184901051126845,0.1556343174474863,3.41595493811986,45.861248512028304,sunny,bus,0.7988814886730994,0.7988814886730994,0.0
0.3350137681601819,0.13283180716990725,0.2985896951395091,0.23356472953040175,0.0,0.9152878773208655,2,2.18624045676734,1,21.190707222622454,19.64961826406522,0,0.28093455435224707,0.10901679102337233,0.6789060287138593,31.717351145090316,sunny,walk,0.5596221588535888,0.5596221588535888,0.0
0.2001869833484126,0.049044655449903725,0.4338985141561477,0.31686984704553606,0.0,0.2823213845547027,2,4.229834696466259,1,18.88365124545633,31.588898093751407,0,0.46540124165489327,0.12675850846845257,2.96721459225936,31.425535184251967,sunny,tram,0.6919607700441253,0.6919607700441253,0.0
0.08768871755619653,0.03813389228836932,0.43676949995627035,0.4374078901991637,0.0,0.34479087821760535,0,2.885861075551632,1,13.342192419372868,27.65953126223416,0,0.35290643334824384,0.3827867962378806,1.2758386888423114,36.53420980006204,sunny,car,0.818865257387536,0.818865257387536,0.0
0.25893081240479304,0.08653431542408288,0.38461091723226715,0.03334405222577135,0.2365799027130856,0.1596216192164629,0,4.8493202659351615,1,15.455798996905932,24.27317225103865,0,0.610082409701563,0.44162046881823563,3.1067006885635546,50.39522602438624,sunny,bus,0.772201875737385,0.772201875737385,0.0
0.1829961603830428,0.08995424081435946,0.4089751627264814,0.31807443607611635,0.0,0.9137530028967693,4,8.714053574793933,1,5.135050374185763,24.804564589593227,0,0.14140098323397943,0.0,1.5610473843738015,37.57402508307567,sunny,tram,0.49390082093399335,0.49390082093399335,0.0
0.20943109807214133,0.06873875245598962,0.23162503112267416,0.49020511834919495,0.0,0.03320822037784954,1,1.9754017226504315,1,21.266793048252385,28.877939697311746,0,0.5104724034433357,0.07268851617053773,1.797619374923401,27.850799752591485,sunny,tram,0.7860605177121678,0.7860605177121678,0.0
0.4220810077278165,0.13024427430688756,0.23534272237634885,0.2123319955889472,0.0,0.1421316388927747,2,4.674530247985348,0,17.083891892093828,29.742546347831265,0,0.20542186841562446,0.3927960810798451,2.014783630303957,17.393006446053782,sunny,car,0.7813362700725617,0.7813362700725617,0.0
0.2775857770846192,0.08987808241749663,0.3637995807887698,0.2687365597091144,0.0,0.20957392309409595,2,10.43150222933026,0,0.6028826164639245,24.447339558523836,0,0.20582027726379523,0.29812512733786395,4.632112075252373,16.88864754607669,sunny,bus,0.7686822975111961,0.7686822975111961,0.0
0.07957237496546421,0.1820789610786224,0.40923260911058174,0.32911605484533174,0.0,0.40264478806629633,3,5.488283757572713,0,11.127599686844164,26.66744626006746,1,0.6766924901479742,0.46527594182238596,0.0,38.44450096556413,sunny,car,0.6027113866333091,0.6027113866333091,0.0
0.22365025398458646,0.09712073438852996,0.44405855434291847,0.2351704572839651,0.0,0.6794164376262808,4,2.661894868053973,1,5.00055002161637,22.09132513185564,0,0.08770012929939502,0.030709313435206803,2.2006820094862465,43.988246205572864,cloudy,bus,0.5261546853765815,0.5261546853765815,0.0
0.2448835960181225,0.16228585606253584,0.4634417191083213,0.12938882881102043,0.0,0.00904859804497038,0,5.715095172765845,1,15.175800908719493,18.0,1,0.3142058531740417,0.43607899149896895,3.6193805119259723,43.5704252492535,sunny,car,0.760695922973353,0.760695922973353,0.0
0.2760535141046422,0.22789655196605524,0.07930545411536055,0.4167444798139421,0.0,0.2897818010825255,4,2.441000582120825,0,21.44786518267766,31.164043779293436,0,0.5035914134473876,0.23697859643826644,0.5073057776724759,38.44696967469845,cloudy,car,0.6263330067950318,0.6263330067950318,0.0
0.2567998374591573,0.2258443420979991,0.38488712977636275,0.1324686906664808,0.0,0.8666640155341202,2,4.665911047533336,0,30.803768684929707,22.018693701496435,1,0.3240554905877239,0.20220407921887398,2.270447805027444,27.431315070254396,sunny,car,0.6097242916803693,0.6097242916803693,0.0
0.2058073730163763,0.2274198930517809,0.23390508448363187,0.3328676494482109,0.0,0.006819007799932053,3,6.093276062566695,1,21.388699620919798,22.162378973949732,0,0.43946488398979694,0.3361274773971382,3.171252953625732,25.44621917517723,cloudy,bus,0.6179040229579673,0.6179040229579673,0.0
0.34586408723303574,0.2166491515714431,0.11826397500960432,0.31922278618591676,0.0,0.9793750769903863,2,3.3408528636274935,1,14.44379936542942,29.687094819858725,0,0.30087856945232405,0.14188292365015176,2.631460388159388,47.673680055582835,sunny,bus,0.5177900211669224,0.5177900211669224,0.0
0.3036903012587915,0.12718549243280944,0.43157859673042,0.13754560957797912,0.0,0.347648926602501,4,4.778150029459668,1,20.25692747906377,29.644621838897805,0,0.23919303109671766,0.34947691728297586,3.5598621207562555,55.57931709979314,rainy,bike,0.5084088083131068,0.5084088083131068,0.0
0.19414784247942618,0.3599829111962656,0.30460938845580493,0.14125985786850337,0.0,0.21292983705506796,1,5.494117601582081,1,13.149469184519186,26.16096335579167,0,0.29775813894887776,0.2496660756412421,3.5258379526925996,30.80323532546539,rainy,bus,0.6896565984551578,0.6896565984551578,0.0
0.2676446349208155,0.040216713977554476,0.4168938689393168,0.1682894527848153,0.10695532937749785,0.19511723860909136,2,2.6061796647116653,0,4.412810706198826,20.351643825238995,0,0.2508175849962831,0.1955207581153226,2.806970096065507,12.548605006025733,rainy,walk,0.7766637351088883,0.7766637351088883,0.0
0.13457116514352263,0.06754989521931729,0.3248227053391319,0.47305623429802823,0.0,0.5438293969005193,2,3.567425977848346,1,27.594702651635743,30.91675695840507,1,0.4223574187718581,0.16565336804019448,2.064273347350346,12.85218004484043,cloudy,bus,0.6346827214366478,0.6346827214366478,0.0
0.1494556463537786,0.3023883458406958,0.30769900167312686,0.24045700613239887,0.0,0.8466124069661247,2,1.6044507048339884,1,13.347786076026914,25.783957782116985,0,0.5360666721201091,0.3011785565735266,2.5168662065691456,10.901055982336914,rainy,tram,0.5320008628741072,0.5320008628741072,0.0
0.10334020146397159,0.2459560056371271,0.39839469652304105,0.2523090963758602,0.0,0.2828792906375438,1,4.254554972965759,1,21.43609181305443,18.0,0,0.2825074068732031,0.11143244288985997,4.750557277211078,24.83283292430473,rainy,bike,0.734963861484189,0.734963861484189,0.0
0.4372581980515492,0.12620927637564905,0.26150635432804575,0.17502617124475622,0.0,0.03507707678537397,2,3.9317704589720806,1,27.392824905810787,35.293855371605545,0,0.22739817075462473,0.0927527915170763,0.25471604435857875,6.8321194159083305,cloudy,bus,0.6863534585317965,0.6863534585317965,0.0
0.2577277989748221,0.15598141455362297,0.33111907634170684,0.25517171012984813,0.0,0.9878203039247027,0,3.5785013347867927,1,28.97717076864253,24.682706496334575,0,0.2094733399592788,0.5479035631134531,4.210198047374661,16.669611068068054,cloudy,walk,0.6538758685205682,0.6538758685205682,0.0
0.1262591929024317,0.0949902608657581,0.5144546109267224,0.17760444882004364,0.0866914864850441,0.27080019278572554,3,2.1471744682321394,1,18.46471053770069,18.0,0,0.1826270090442355,0.3836956755860219,2.8442387128242803,32.777931918403326,cloudy,car,0.6416413071494036,0.6416413071494036,0.0
0.15176834869543057,0.20012507213955474,0.32411236837722296,0.3239942107877918,0.0,0.798842756820712,0,7.4958224008288115,1,15.025924737058109,41.939207657462276,0,0.014304397734484664,0.18054838332602333,2.3620385655995704,17.39423909471605,rainy,bike,0.7291227148784578,0.7291227148784578,0.0
0.32252879433135867,0.1607751620554033,0.3326640390086071,0.1840320046046309,0.0,0.37092296119325585,0,0.7962761191254235,1,17.221197389091788,26.943596593390765,0,0.10858734546170909,0.0,2.133899472033108,38.81109781762998,rainy,bus,0.7820865974883148,0.7820865974883148,0.0
0.23665664945304185,0.1648700301074426,0.24355957682408141,0.3549137436154341,0.0,0.9358808110827004,4,0.8333874703267636,1,8.611321960221206,48.39508114764671,0,0.4351476066119445,0.4085105542780676,2.803663970585953,22.910081238383498,cloudy,car,0.417206040709539,0.417206040709539,0.0
0.3065659548496963,0.06141145264518136,0.44766823747398343,0.18435435503113892,0.0,0.1689805259438465,4,4.9585014967044225,1,18.834488467335998,20.273665489155075,0,0.5222721203025873,0.46955386533843,4.024473116154013,54.66093550182417,sunny,walk,0.5261103776044526,0.5261103776044526,0.0
0.263572907890387,0.24917387863088353,0.36630391945936,0.12094929401936948,0.0,0.8108479986873435,4,5.418311798002175,0,19.524509124405707,26.020730555363766,0,0.11710084080113342,0.21677650109305435,1.0214571633348575,19.781172708027817,cloudy,bike,0.5713146014162216,0.5713146014162216,0.0
0.24759407491461974,0.1794629839227116,0.2903962542015445,0.28254668696112406,0.0,0.8137555666647333,0,1.8200116033643707,1,23.291603865634137,26.29548699829433,0,0.2318385760300588,0.0,3.4380689034333933,31.15398214163519,rainy,bus,0.7110420325689233,0.7110420325689233,0.0
0.07200735049634252,0.2861615700129093,0.22174977888477512,0.420081300605973,0.0,0.559255197260299,3,3.9967849458931752,1,17.369094646082104,27.44280947196977,0,0.4369501366213288,0.3538911596757637,3.8642211535875886,49.945985831880144,cloudy,walk,0.5327668907811137,0.5327668907811137,0.0
0.06768409521832149,0.5164284644728008,0.2878334644404858,0.12805397586839198,0.0,0.2912315287602685,2,4.31803373801186,1,19.854620363843672,25.55801662133157,1,0.30723655264034266,0.3291765902345175,3.290457715513232,27.55583308499163,cloudy,car,0.5265155669783212,0.5265155669783212,0.0
0.23222264563058773,0.18163487525132405,0.37341465387641465,0.21272782524167347,0.0,0.6652070501268011,1,1.3556466168849899,1,19.140545270900535,18.0,1,0.2578438493382683,0.4001173018375609,3.312521288790586,30.974261309192833,cloudy,bus,0.6008750116617976,0.6008750116617976,0.0
0.0566666925305878,0.12739283277050914,0.4265060910991865,0.38943438359971655,0.0,0.120219171991786,3,5.847566472904948,1,0.10938736567149476,26.78301031309004,0,0.2424092067553467,0.1871587758325551,1.8695991114909318,29.685583674869847,rainy,walk,0.6780143399950075,0.6780143399950075,0.0
0.048805591510483894,0.16505164298963346,0.4543394191575887,0.33180334634229397,0.0,0.317400554173244,4,13.348279586073293,0,24.66953894331089,24.323502103124984,0,0.4251669739493236,0.22620517507233437,2.583316605091075,41.88766245646613,sunny,car,0.6191556499935151,0.6191556499935151,0.0
0.0759756953870523,0.061763418240947915,0.5385714598759366,0.14253978438469447,0.18114964211136875,0.8995689821535243,1,0.9231852827954237,1,19.73057986069851,22.729029997449512,0,0.3167161164483629,0.10153226491310081,2.3796453562817805,10.748565688252175,sunny,tram,0.686756967121859,0.686756967121859,0.0
0.4279009509669346,0.180715745581801,0.2922085244902847,0.09917477896097968,0.0,0.44707673391059644,0,3.541045286003302,1,29.31400674181345,33.77815328493594,0,0.17920257553336205,0.24783613069702728,3.3509319603110397,7.232665251214769,rainy,tram,0.7226413543143679,0.7226413543143679,0.0
0.5054963488103643,0.11075517442582726,0.3451129022229631,0.03863557454084533,0.0,0.9807481066972829,2,4.896256640991134,1,5.842428251892143,23.062886631460366,0,0.5041658067408161,0.0,3.62596071544124,33.714035778354614,cloudy,tram,0.510393432321452,0.510393432321452,0.0
0.16505071627685222,0.2676718498523256,0.30012270716882,0.2671547267020022,0.0,0.5984536217592467,0,4.728252968014559,1,7.140836911542637,32.18408013060919,0,0.31174390121797113,0.313035591049082,3.388772956426828,41.51387073090542,cloudy,bus,0.7122830681848762,0.7122830681848762,0.0
0.1325334415062429,0.05975567775721559,0.3967455946442201,0.4109652860923214,0.0,0.7908693825820888,2,3.5843768774090656,1,7.752963786896403,35.17289073273888,0,0.1546607274337066,0.45824817210707164,0.7624870801264536,26.249103552240058,rainy,tram,0.6232058661121389,0.6232058661121389,0.0
0.2203451037191665,0.2429771403222007,0.34446987922542704,0.19220787673320583,0.0,0.6966791648781765,4,5.226379011282496,1,23.824030543161143,23.34874128450047,0,0.34333301335812183,0.12602457768940595,1.4720371061717923,24.48631227393812,sunny,tram,0.46125941652545593,0.46125941652545593,0.0
0.1851764699060677,0.182585233105355,0.4176093067727852,0.21462899021579215,0.0,0.10261876344516752,3,1.6010497074432373,0,12.507292242027685,21.15351423413122,0,0.2129235854292118,0.24298833580168572,2.3704075161479627,27.72282434112174,cloudy,car,0.7336983196925597,0.7336983196925597,0.0
0.13411424188078594,0.12331815884461997,0.4383231032591218,0.08234222524946355,0.22190227076600866,0.11194400746996114,4,5.616998395674608,1,16.57377179074358,19.19753749778735,0,0.24603411632401842,0.3420412401070887,2.261751893381727,47.149841683223364,sunny,walk,0.5921946611838412,0.5921946611838412,0.0
0.2938649340723481,0.19769119639537092,0.4238022031530733,0.08464166637920773,0.0,0.08172161762014585,1,1.13844865736759,0,22.776852435471334,18.550337119750484,0,0.5316212756697322,0.100289927039931,5.129436369029234,29.31600455246208,rainy,tram,0.8464081784016846,0.8464081784016846,0.0
0.18744341428145544,0.08501272686678911,0.5118156553965187,0.21572820345523686,0.0,0.08465977688388293,3,12.803770514944997,1,33.004140369707926,38.96393905323171,0,0.2427575934949333,0.1270004664269802,4.100617265864551,39.648939060139085,sunny,car,0.6700367074983216,0.6700367074983216,0.0
0.3021857327408627,0.2349826114794713,0.3175546009440314,0.14527705483563477,0.0,0.21516405875471067,0,9.131973700266931,1,32.56877855170893,23.744848780497346,0,0.21500969536403783,0.10074847893864862,2.2692044174917134,23.210036990871522,cloudy,bus,0.7730959761204468,0.7730959761204468,0.0
0.2740956373318837,0.11146168379840274,0.46660575532820747,0.1478369235415061,0.0,0.6102809741351805,3,3.6789543939125737,1,15.400312288826274,20.221894493100795,0,0.4102200218202996,0.15986559915047835,3.272866434300385,14.33414744885276,cloudy,car,0.5517978145480767,0.5517978145480767,0.0
0.16073167063270957,0.08249676679039254,0.3590128061184192,0.3977587564584787,0.0,0.5321718305497692,1,0.9366617016335349,1,6.571963609400763,33.935732446592084,0,0.394856656964454,0.4396940029601518,1.0852742460959917,35.553189292684145,rainy,bus,0.6977706357921971,0.6977706357921971,0.0
0.013779867630852026,0.38466402573915387,0.24873814195146787,0.35281796467852616,0.0,0.8584228372168845,2,3.3311033062391315,1,16.75304792910477,21.40668192479831,0,0.3979710532963227,0.28704826396246863,0.6267881266553084,5.360947244859492,cloudy,bus,0.5455599746131282,0.5455599746131282,0.0
0.0531026316647914,0.11049167603516513,0.49427193973490224,0.3421337525651413,0.0,0.2646260443672527,3,1.7832632749369888,0,30.304703839430815,28.46180378417479,0,0.1009246294122812,0.12809925340220696,1.5610328292857514,52.49819799152655,cloudy,walk,0.7058734059740953,0.7058734059740953,0.0
0.13347528107187137,0.3287751040426336,0.37504284898155443,0.1627067659039407,0.0,0.3456661574799803,2,2.3054512735042407,1,28.87170991051191,18.0,0,0.24936891500882888,0.07686776046833174,3.7858248505910064,17.362885397648668,cloudy,car,0.643270161635616,0.643270161635616,0.0
0.32801803337374463,0.17957840424823807,0.32384895914583517,0.16855460323218227,0.0,0.5099022988034483,3,0.3201744859789815,1,26.040147914889303,26.117625750743585,0,0.45208356952532336,0.0,2.94511475187745,33.70185882647612,sunny,bike,0.5488570577957986,0.5488570577957986,0.0
0.09627520815621884,0.1687412454525683,0.3035230559881329,0.43146049040307993,0.0,0.16002184671557895,0,1.8081715943359122,0,16.460434028066615,20.19424393490449,0,0.4554971797648688,0.051234895005760145,2.8117376456405676,22.018448310902208,cloudy,tram,0.8955998395635398,0.8955998395635398,0.0
0.35003143565751027,0.14868550127851804,0.28476449126679293,0.21651857179717884,0.0,0.8717465338301433,2,5.029731454147621,1,28.395719336041836,28.761624970652857,0,0.059473408903650604,0.38405602882927736,2.0190250180951046,20.627975223726047,sunny,bike,0.5569014979296989,0.5569014979296989,0.0
0.05338611432185261,0.10424956806634436,0.6075925291530976,0.23477178845870542,0.0,0.7349839497576499,3,6.031138706081113,1,19.8667813789419,21.851753218090536,0,0.28556318407707515,0.2833018927973675,2.984982968765218,13.285844617554293,rainy,walk,0.5769806938424497,0.5769806938424497,0.0
0.09564942118379294,0.12208837865384334,0.4235723245031802,0.3586898756591835,0.0,0.8939853269025786,4,5.517033781851264,1,15.852957926428758,18.0,0,0.395143299108579,0.46887786150359867,3.724725299324051,25.625301490233618,cloudy,bike,0.4592694139218493,0.4592694139218493,0.0
0.08704339147948134,0.13044959035562623,0.36339283807023776,0.4191141800946547,0.0,0.6582926288151048,2,4.595909299869936,1,8.697702825601446,21.42535967841489,0,0.1614678125847433,0.34183762224901215,1.5525846368191492,25.26368467429638,sunny,bus,0.6417552687325768,0.6417552687325768,0.0
0.17798532716881976,0.08434659054320764,0.29742518422189135,0.44024289806608125,0.0,0.12745878010171074,4,3.608698733092811,1,19.09049584489008,20.696145965010356,0,0.27930964793101015,0.067254379096649,3.795498142451381,29.008358646561426,rainy,tram,0.6096428173060733,0.6096428173060733,0.0
0.12463167194693014,0.37105705144199985,0.4982248191619736,0.0060864574490963495,0.0,0.38769890039101407,0,4.718428476325674,0,12.048176947717284,32.487264390311246,0,0.1364253219046112,0.12958824452936538,4.491351351175898,32.78976684056178,cloudy,tram,0.8838726608907834,0.8838726608907834,0.0
0.06324925847490225,0.15649316367569288,0.436504031972004,0.3437535458774009,0.0,0.060068192012463384,2,5.31137336637887,1,31.201841200266642,23.59849438473771,0,0.12024755907370394,0.16965057388608823,4.185041386385589,24.3264219332251,rainy,walk,0.7491105327928687,0.7491105327928687,0.0
0.14667870087993404,0.2691266184462283,0.3859830854624269,0.027279458748946283,0.1709321364624644,0.6358965014275654,1,3.468404576517924,1,7.4082299766077675,20.851479832579546,0,0.011718683985470713,0.29326094128006575,3.246090677019447,37.82964322605406,sunny,tram,0.6730884988430358,0.6730884988430358,0.0
0.3935569697480496,0.18444258134445296,0.3206503092645017,0.10135013964299563,0.0,0.7423653372139535,0,7.328662022849668,0,6.044825016074846,19.998448951532175,0,0.0,0.3450666595285128,2.904774282148517,38.47450437183551,sunny,tram,0.8222291438232627,0.8222291438232627,0.0
0.037200642592627405,0.04906212588274037,0.6082190237472048,0.30551820777742733,0.0,0.7216228538312146,0,2.0715671906926234,1,20.708033079536154,35.00042321590117,0,0.43868203758218616,0.2683952107309741,0.9624625897663175,32.61144562581584,sunny,bike,0.7662383965519483,0.7662383965519483,0.0
0.21689326432662542,0.07622389950212889,0.19424792389891413,0.2759334763108861,0.23670143596144544,0.6159839373888081,2,2.0367629718049187,1,24.640845209352477,30.581793354831373,0,0.24936567655082933,0.32031163067532453,4.192571592394305,30.732380411281664,sunny,car,0.6332499728256299,0.6332499728256299,0.0
0.26635765339950246,0.2224610092382457,0.32553929352344974,0.18564204383880212,0.0,0.5100771744816134,4,15.069102244599978,1,14.366431333704494,32.650842622178345,0,0.16077919604050944,0.4796629004254408,3.3016133435642154,45.48130753976837,rainy,bus,0.47281627056956216,0.47281627056956216,0.0
0.12022728246587762,0.2873211376045166,0.4054859988879114,0.18696558104169436,0.0,0.6501003136808445,2,0.7334168223059,1,16.23746997883809,25.937551135750194,0,0.0,0.13557681243160105,1.950667329458772,30.59760938120884,rainy,bus,0.6224721351555943,0.6224721351555943,0.0
0.13374433708824057,0.11403833320499773,0.3872418093786661,0.3649755203280956,0.0,0.29593521868383577,0,1.1749393066344118,1,31.797947501056534,28.171679788110456,0,0.17277477701525107,0.1072212103406167,0.3508710442247529,40.80581220914754,cloudy,bus,0.8295830976726922,0.8295830976726922,0.0
0.3815989985005773,0.09042593863601946,0.318187914358609,0.20978714850479424,0.0,0.6636475452914818,1,3.08099085108999,1,18.851943714867282,27.63070365781546,0,0.2115912147634785,0.4799463895552059,4.176207609809829,16.96732754549747,rainy,bus,0.6431964882297706,0.6431964882297706,0.0
0.12082447175225089,0.1544900807876582,0.32803690179231093,0.39664854566778,0.0,0.96324353162497,1,3.229883572922684,0,12.596267188882841,19.7857190120979,0,0.31594398880752617,0.2972675864312716,1.414978755002006,39.720004441574716,rainy,bus,0.7019480629796732,0.7019480629796732,0.0
0.25822407416034177,0.036170112346832185,0.34628711237724846,0.3593187011155777,0.0,0.6859781583800518,1,5.3706810027698735,1,7.291157046715213,37.8403056231575,0,0.31171442331848404,0.06464783670722588,1.6340938252608372,39.87137667119671,cloudy,tram,0.6940600576875974,0.6940600576875974,0.0
0.2528349525102923,0.1968709039117294,0.36459084531592695,0.1857032982620514,0.0,0.48398688725829886,0,4.04089371843873,1,7.960881398404901,28.122471840774683,0,0.3511673234316283,0.0,2.0304855793573156,36.85250372759046,rainy,bus,0.7485355283932523,0.7485355283932523,0.0
0.128935695569571,0.20064270866846554,0.5327185249023461,0.13770307085961744,0.0,0.9097133378941475,3,2.3246611773494545,0,23.26649249308309,19.63598149488231,0,0.12994094719107796,0.26176729622881806,2.8063448843663568,49.73720731689274,cloudy,bus,0.6010970122496226,0.6010970122496226,0.0
0.1628825459607586,0.339620221930948,0.2898592803023218,0.20763795180597172,0.0,0.32218258620741014,3,1.0955945382671006,0,-3.640186892039729,30.543421881184067,0,0.06666350710915434,0.024409347131573195,2.2674832080469223,22.427444266136664,sunny,tram,0.7271135300562845,0.7271135300562845,0.0
0.1904020079681032,0.21095905344510976,0.46008284230111307,0.13855609628567397,0.0,0.7880454730654145,3,3.495176732941482,1,24.720144874173975,18.0,0,0.2791929931802549,0.35022376301906843,3.572137457823416,32.18140541393564,cloudy,tram,0.511964109750152,0.511964109750152,0.0
0.1306892601823833,0.06108830403841331,0.46686873480669216,0.3413537009725113,0.0,0.16517404875695696,3,4.257902324805593,1,18.671020134600923,37.79508350658021,0,0.24804000306393942,0.048869528575017085,2.7053542085221136,49.15036822591915,cloudy,bus,0.6755551586375222,0.6755551586375222,0.0
0.16595289470837252,0.43999660787450545,0.2772835207068069,0.11676697671031502,0.0,0.6925650244342663,1,11.261335341792481,1,17.216231972847112,23.658818256748166,0,0.0,0.11334481078497975,2.657654682984334,23.03573688343145,rainy,bike,0.6265610487832038,0.6265610487832038,0.0
0.20111242046717262,0.07954755939686137,0.4890778857628606,0.14775554825449586,0.0825065861186095,0.17090194301097272,3,7.312789606174231,1,7.587265384736478,18.0,0,0.17762839983892448,0.22721628838568841,2.2223269446134495,16.18943040260872,sunny,car,0.6555170216886663,0.6555170216886663,0.0
0.1720871482785118,0.12627063690905635,0.29828865732692,0.4033535574855119,0.0,0.555538847366328,0,2.0568060513347235,1,21.242118264968553,36.996357001770455,0,0.3602676119144187,0.4469336965165319,2.357570902050509,28.362001500160357,cloudy,tram,0.7426194638860869,0.7426194638860869,0.0
0.30669946624009914,0.08420994260285522,0.13875971431527798,0.11956390991561687,0.35076696692615084,0.03680269542587433,3,1.1452469652910175,1,16.930523177177708,23.367056606313085,0,0.21562008228209692,0.24862332431642908,1.5681909101455929,5.8606261608223065,cloudy,tram,0.6545408246283949,0.6545408246283949,0.0
0.14465276859708853,0.33013948986907116,0.1336575314408006,0.08373250883595226,0.3078177012570874,0.5676322217459495,1,2.8012014576864317,1,16.5271862136179,30.30813086716416,0,0.11937303487303005,0.0,2.962050000634767,38.870726760165795,cloudy,walk,0.6794916101836516,0.6794916101836516,0.0
0.3067671304977997,0.2338798942704454,0.3078309178241222,0.1515220574076329,0.0,0.46995170347340287,0,6.1393278887298,0,17.7374982369894,30.083836534254893,0,0.3644792039003991,0.25402585866953675,3.216377734535195,23.63521161001218,cloudy,walk,0.845408806920955,0.845408806920955,0.0
0.02459706069352135,0.2283295787881304,0.6146065276331976,0.13246683288515074,0.0,0.5718618595223293,4,6.265034112662606,0,20.324775687034155,39.31535754958678,0,0.38381799001148675,0.1564795643364998,2.0716485334427057,32.6667496728866,sunny,bus,0.5879272354419065,0.5879272354419065,0.0
0.10957507167792696,0.11055297791295768,0.30969779603547154,0.4701741543736437,0.0,0.3195210045229053,2,8.49387589008606,0,24.273473371934813,24.891640369403696,0,0.18769020404768366,0.40932561770805037,2.5163707830745294,44.12643608430687,rainy,tram,0.7446203733881462,0.7446203733881462,0.0
0.20773912785845078,0.09408372810386294,0.47189829559322066,0.22627884844446575,0.0,0.64954682223362,3,5.4684730798032515,1,20.876695985577854,26.7067393268094,0,0.35644662054102727,0.12135594313104761,3.7420148843199685,26.18246038597028,sunny,bus,0.5681710544977778,0.5681710544977778,0.0
0.39162222572787947,0.14194842435020585,0.3075937241454641,0.1588356257764506,0.0,0.848868926016933,0,9.170924977744784,1,22.876305526455617,34.28160810525065,0,0.269259511936645,0.1496853949620013,1.0896317036054834,33.56236276585176,sunny,car,0.6701686362202343,0.6701686362202343,0.0
0.04126080706732641,0.16848079047502326,0.43513820435660105,0.3551201981010492,0.0,0.6936680930066349,3,4.981964164317746,0,12.138340023559266,23.812396188348245,1,0.4800941857815308,0.0,2.8322828858880746,36.99206132918975,rainy,car,0.6045820534517582,0.6045820534517582,0.0
0.09103218301634414,0.17450467182883708,0.37930072354629846,0.35516242160852024,0.0,0.42587947006879145,1,0.11069683886936112,1,31.151306601593163,28.062652056825556,0,0.2128884822960486,0.19583471796179464,1.0944819689630665,24.739978643115037,rainy,tram,0.732957078692985,0.732957078692985,0.0
0.09222117015159695,0.15461755312396386,0.17477599527527657,0.20875647736641917,0.36962880408274346,0.6528387939176828,0,3.5052300803053065,1,18.692579453779675,30.587212728074633,0,0.38876100488281934,0.08705518604437773,4.936176016595223,51.057791856077486,rainy,car,0.7458003816019564,0.7458003816019564,0.0
0.0255273321380119,0.31644128257640025,0.4378410156201907,0.22019036966539698,0.0,0.18039355195874163,0,5.205967805412297,1,14.96832166232101,26.065192467119424,0,0.10727600638345705,0.2254536882010342,3.535956577568283,33.283733953760326,sunny,bike,0.8141613219567156,0.8141613219567156,0.0
0.17926490370668335,0.0754101360572945,0.4554962753389427,0.2898286848970794,0.0,0.09396300445212191,3,2.296892934622902,1,19.86124501169402,25.65765437743284,0,0.18596956012449367,0.3852832204429947,1.829187416382895,47.845287885806414,sunny,car,0.6602804303305772,0.6602804303305772,0.0
0.1457692382867449,0.17441604849733794,0.5738626455248869,0.1059520676910303,0.0,0.19466025158100153,4,9.855763302465995,1,6.294151773640976,24.861669593241842,0,0.39616191490796604,0.27956086021148935,2.937643419301234,25.25814636142157,cloudy,bus,0.5586124820227787,0.5586124820227787,0.0
0.2229350345344914,0.09767468711263882,0.33426006585084406,0.3451302125020258,0.0,0.3292970739897313,4,9.030941474007205,1,19.107439133331177,36.378111328382076,0,0.013863874170806034,0.17361103309701947,3.226360781332249,29.499114368893775,sunny,bus,0.5758540838896095,0.5758540838896095,0.0
0.19720749289946993,0.07308033263896702,0.5070325811385824,0.22267959332298062,0.0,0.21306471890102385,0,3.1114229300318907,0,10.312922555822084,26.04976093103346,0,0.014584497750611103,0.018085273447145778,4.145354439867583,33.699374455395976,cloudy,tram,0.9210524797405076,0.9210524797405076,0.0
0.3325416932602409,0.1779294714076726,0.30593748234682694,0.18359135298525958,0.0,0.3690528598179499,3,7.313583138604322,1,13.701630239086024,21.557255547398682,0,0.4334517437500599,0.11410221974676292,3.783514258167134,50.2497372627435,sunny,bus,0.5532691267086773,0.5532691267086773,0.0
0.38432732235545103,0.2530551023376732,0.31297810148981864,0.049639473817057134,0.0,0.5341719295707175,4,14.08407885208884,0,6.921744703365208,18.0,0,0.09633499337549667,0.48147288644327874,4.874346535698617,24.924475277885676,cloudy,bus,0.5966819498052197,0.5966819498052197,0.0
0.3149700027507509,0.1246010205403112,0.16529576016760844,0.3951332165413295,0.0,0.8759929984887137,3,4.059759713303176,0,18.90403217839427,31.890165876891967,0,0.2374238712902263,0.0817513139059215,1.6133221684054104,5.0,rainy,walk,0.6186864623605791,0.6186864623605791,0.0
0.22678315945888206,0.11850744574562631,0.27083348868276985,0.38387590611272177,0.0,0.7306551227893979,1,8.702606753491724,1,14.504141153345696,39.260526610600515,0,0.1153745589524226,0.3871393165982745,3.304441065704456,44.82115780260999,cloudy,bus,0.6649948819701684,0.6649948819701684,0.0
0.22157004149393555,0.15856155918225118,0.503865330424901,0.07531885942043817,0.040684209478474065,0.39564858542989223,2,5.942549939092399,1,30.647646843817256,21.050285779628332,0,0.26102235975815147,0.23187723029246532,2.408194252090731,22.778353721662043,rainy,bus,0.6496968946451229,0.6496968946451229,0.0
0.3319765396132908,0.17312594910121618,0.4127797312796933,0.08211778000579954,0.0,0.7285116696083462,3,7.00984346086934,1,12.08771983820165,19.53056978817921,0,0.2503037101710477,0.16492863698202548,5.345327730983364,21.382593708757305,cloudy,bus,0.5154397664036868,0.5154397664036868,0.0
0.2130408963106572,0.23748421004948264,0.3466947376879692,0.20278015595189094,0.0,0.11074325134178375,2,5.276887323129263,1,21.321328203550397,40.48378784942895,0,0.06834369799422932,0.14961287697829184,2.5806665488809557,13.209501934700803,sunny,walk,0.6965101805472586,0.6965101805472586,0.0
0.041539616590596844,0.5105139260811176,0.29096025519606333,0.15698620213222225,0.0,0.800516614632417,1,4.631201975246414,1,20.04511279973974,20.700132844450913,0,0.16249021679184233,0.33581438862543167,2.573258326518643,51.17151591187202,cloudy,bike,0.5825686114398355,0.5825686114398355,0.0
0.1955055919204978,0.14024453779215382,0.6207094964514457,0.04354037383590261,0.0,0.8487699060034399,3,5.869449213326583,1,5.8389958484250535,25.441378703759092,0,0.15751354880573898,0.12784603560585656,3.5293094344860156,39.57766171435467,rainy,bus,0.5410253407120867,0.5410253407120867,0.0
0.11975929387873752,0.37002074860337747,0.21860575076304908,0.29161420675483596,0.0,0.9451323010375235,4,7.715948631434384,1,23.90801939790964,31.318657242543964,0,0.3152859009913281,0.26925839092523135,1.2725158711493625,22.575484307573905,sunny,walk,0.4013817736586555,0.4013817736586555,0.0
0.11516501114846284,0.2886934411681414,0.11471488096475232,0.4814266667186435,0.0,0.06665514653318405,4,7.41191927415773,1,22.34875707758091,23.56263714247457,0,0.13698022663613105,0.41087552600609234,2.4173815223140007,27.217911048296394,rainy,bike,0.567786911901344,0.567786911901344,0.0
0.21962527318455122,0.10336367633890711,0.6144529980760373,0.06255805240050431,0.0,0.6360681139999025,2,1.7695834904900158,0,23.581993427698116,27.808695184066117,0,0.3626023816956043,0.2529525922416553,2.3950711480241993,37.495017628400305,rainy,tram,0.695292226206886,0.695292226206886,0.0
0.27221726106316047,0.12076052577283888,0.27026594243308955,0.33675627073091113,0.0,0.972411071448921,2,8.596987184459737,0,27.07602170625713,36.409120593834544,0,0.22053241541982416,0.15064079804889013,2.638903178174937,41.48418144469757,rainy,walk,0.6565916470470436,0.6565916470470436,0.0
0.37960831886968965,0.30544335002025336,0.13724158221341612,0.1777067488966407,0.0,0.008859483899226306,1,5.670588959942664,1,7.0497960920182265,29.316270284741222,0,0.4303999406421416,0.42617754295409427,1.848597272092456,37.6304632024632,rainy,walk,0.6792173936022836,0.6792173936022836,0.0
0.33770418086108783,0.16935866902396646,0.35813969467172957,0.13479745544321603,0.0,0.7727980720440988,0,2.3472003675372344,1,27.495277182147888,32.518109803443274,0,0.21007659714753357,0.31355676248902353,2.090421144815791,26.991331788658457,cloudy,car,0.685028540990569,0.685028540990569,0.0
0.24725658784424578,0.12150393233349949,0.12426851206194127,0.1903976281114574,0.31657333964885603,0.1463105610357207,3,2.9497604033978635,0,16.935637130483126,28.470397387391092,0,0.19505131137446338,0.23577096023260768,2.6107224461983467,25.95763676567487,cloudy,bus,0.7277769149190481,0.7277769149190481,0.0
0.13776433174056874,0.11039927254928791,0.43199513269232076,0.3198412630178226,0.0,0.27245884822230904,0,5.753109146645707,1,11.418171693472038,20.710453348280076,0,0.25796466817671165,0.08025484102874991,0.7403291012328999,31.864724062551893,cloudy,bus,0.8276782061831637,0.8276782061831637,0.0
0.07380063032632002,0.32631490026952736,0.4618006720308712,0.13808379737328141,0.0,0.6527255537046914,2,4.335708753803794,1,10.544836182473666,18.0,0,0.23408043800355627,0.6024138451315421,5.263692555576898,38.239559359844606,sunny,tram,0.5740931971340386,0.5740931971340386,0.0
0.4042219252522244,0.04120657324080111,0.40457654091606193,0.14999496059091247,0.0,0.8785191186184457,0,2.083940014377987,1,16.207904153392825,22.49972825908725,0,0.07564109786709303,0.27615951507980213,3.2090191985576646,26.489582684146452,cloudy,bus,0.7004603311707744,0.7004603311707744,0.0
0.23547018591855226,0.1863063469520222,0.3933852188065238,0.18483824832290174,0.0,0.998811469315537,4,5.260009628635497,1,7.819198660756852,24.08785176448364,0,0.11368589934879775,0.05719172693223645,5.136794102149366,28.33401665056877,rainy,tram,0.4454602755843957,0.4454602755843957,0.0
0.17994825992123328,0.20389961755723016,0.250688559767342,0.3654635627541946,0.0,0.7432197353314585,3,8.640953986410924,0,19.18240265623211,24.46410453047655,0,0.22007839506581506,0.437798506042535,2.364091186997764,25.3575784753426,cloudy,bus,0.6165055761525915,0.6165055761525915,0.0
0.179817601779297,0.283859254039037,0.4784366469518414,0.057886497229824724,0.0,0.08206757043913071,0,5.52187215413065,1,17.40028368374944,22.446835946762647,0,0.08777441206447592,0.025863229005787025,0.9208607571902108,40.23964392034056,sunny,bus,0.8219864413097749,0.8219864413097749,0.0
0.1947546144431277,0.1627526119809064,0.29918258490973887,0.3433101886662271,0.0,0.8705387016409918,1,5.869137696936231,0,29.206357100197202,26.733906021162323,0,0.3747837350777618,0.36825196854691244,1.4223643617743513,5.0,rainy,bus,0.709175643260042,0.709175643260042,0.0
0.05437583136221179,0.13067469126435305,0.3241573896081463,0.49079208776528876,0.0,0.36353228008162897,4,1.6619296712732865,0,15.623587023940459,27.39924681742812,0,0.08665970722291222,0.28122560350155945,1.4692472814667565,21.27859529676241,rainy,walk,0.6334674611073158,0.6334674611073158,0.0
0.2779420846040679,0.09079724374210218,0.24939873078432215,0.38186194086950787,0.0,0.5717740963299403,3,2.531585143987711,1,10.978052246079642,18.0,0,0.08081823927524151,0.3766801799886237,4.014366280979004,29.40604178863903,cloudy,tram,0.5737789205688675,0.5737789205688675,0.0
0.10727090836681506,0.3174150768275368,0.2567231744282802,0.318590840377368,0.0,0.442826255128812,2,6.849355350856248,1,22.901631194770868,37.67873270563143,0,0.09694909548439923,0.27890747940472094,4.691181893717273,47.352100359143435,rainy,tram,0.6296362191626718,0.6296362191626718,0.0
0.16598468675523315,0.013969660970859055,0.34627976844305974,0.3321430480510365,0.1416228357798115,0.9496193460899042,0,1.0567621482265326,1,17.36395096110812,25.310348723383537,0,0.30830756498325673,0.1894404684788379,1.6068939657434265,37.77748976266666,cloudy,tram,0.7292831998031882,0.7292831998031882,0.0
0.11540317296634561,0.3290157924022925,0.4068194709023381,0.1487615637290237,0.0,0.3425942676900603,1,5.00276433225779,0,9.933417735959097,27.926658040959055,0,0.28733195510812715,0.07753024446795492,4.161339828378719,29.83286148986242,cloudy,bike,0.8217149038162185,0.8217149038162185,0.0
0.4099297366776564,0.028001147896220758,0.22394901077913518,0.33812010464698755,0.0,0.6440020239665217,2,4.661405060187371,1,29.77401641729644,25.46670888778148,0,0.17513504054322812,0.19750198800686183,2.2962944255163524,27.47726491347137,cloudy,bus,0.6157359361936573,0.6157359361936573,0.0
0.3412304564088092,0.19985316149493415,0.3971151025620225,0.061801279534234095,0.0,0.5962345311994939,2,2.8618604149737914,1,3.505922668243352,32.18316486282282,0,0.391519954914785,0.3860289126885067,3.514096084940824,34.23978477539778,sunny,bus,0.5667145259428068,0.5667145259428068,0.0
0.1633873570118845,0.15504462595135093,0.3214424873021827,0.36012552973458173,0.0,0.0007816322606359893,1,4.535503520097621,0,19.969235333130037,28.049557683368864,0,0.27466410888236253,0.06424696298319016,4.425834592293333,29.341788171448645,sunny,car,0.8741657925616901,0.8741657925616901,0.0
0.2155006560204575,0.25222075092827134,0.05967327645741383,0.18488046545965914,0.2877248511341981,0.6633773405960938,2,1.5144126600385175,1,14.806499342476435,20.79754911217796,0,0.27604529490046104,0.1845919666926255,4.85504949749861,37.87163463933918,sunny,tram,0.5880796885855848,0.5880796885855848,0.0
0.12559362807997987,0.4129134385935466,0.3911085775396001,0.07038435578687348,0.0,0.19527494452706773,1,4.219053636492222,1,20.61000275927278,29.020077137459467,0,0.4244490137199055,0.10621910691847729,3.0955758848474675,45.995568833795474,sunny,bike,0.6908587180001553,0.6908587180001553,0.0
0.318249228966985,0.1756198560353751,0.39443051585244576,0.11170039914519413,0.0,0.268785063818778,4,2.9085349836337597,1,17.002613348658567,24.54358538119814,0,0.3868224318877912,0.0,3.5635934326321097,39.22830003656213,sunny,tram,0.5339292190849584,0.5339292190849584,0.0
0.08005294492448965,0.18102017799142034,0.5266259513168844,0.21230092576720563,0.0,0.6307261834811607,4,7.152895361584858,1,18.236111913150484,23.094982520959768,0,0.24992977796387705,0.27324379132517584,3.2557427159639096,38.46912910428499,sunny,tram,0.5120742336427415,0.5120742336427415,0.0
0.4237513805011105,0.20018457261602968,0.2897459175895448,0.08631812929331514,0.0,0.9807010095671542,0,1.156334910133737,0,15.669907237825905,31.128049012946487,0,0.4086491906275558,0.05519480806734814,4.39539359640393,29.84678734557739,sunny,walk,0.778375741616595,0.778375741616595,0.0
0.242664851967132,0.17917907451312431,0.4247075347944796,0.15344853872526407,0.0,0.5398586903368044,2,8.888298874085448,1,2.9655146867460296,31.054236724064786,0,0.4603623726697695,0.20692480322898707,2.034815950495395,16.476429680961516,sunny,tram,0.6027760872547225,0.6027760872547225,0.0
0.17505091088694633,0.039696025415063375,0.21626095590725855,0.5689921077907318,0.0,0.9211791685751225,4,8.703902113985654,1,14.456985717914751,27.919431849882578,0,0.19455563745783103,0.1675378529776543,3.1234729562624186,30.84087126978388,rainy,bus,0.4927077726272739,0.4927077726272739,0.0
0.2559317969418612,0.25665036754799625,0.3031304238897587,0.1842874116203839,0.0,0.1519692330934107,4,1.432831840636614,1,16.58021688426187,18.0,0,0.40873797788226585,0.5438641285412518,2.9301037060972326,23.11277527634364,cloudy,car,0.5091885099622967,0.5091885099622967,0.0
0.3060732458950484,0.1592667865267445,0.13039779561951995,0.4042621719586872,0.0,0.13821028846419214,2,3.9524308268553563,1,22.750918042194446,27.74990240444666,0,0.3627643251495437,0.052902230297875275,1.8556275260307935,25.410429892991775,sunny,tram,0.6790994101854227,0.6790994101854227,0.0
0.04658550892525675,0.2555403407474959,0.4017653855100417,0.29610876481720566,0.0,0.2692807558085497,4,3.17172992542364,1,15.02771971056628,20.638071961192022,0,0.29959754254416987,0.0,2.280501921281867,33.57249086852832,rainy,walk,0.5713843729485903,0.5713843729485903,0.0
0.2787963486662031,0.11505828303729673,0.5281207862902881,0.07802458200621198,0.0,0.11984291571842298,3,1.5709724414020425,1,5.856371441967832,25.394694342649032,0,0.08898285762541866,0.31779763312043197,2.033474027998588,35.99192620952034,rainy,tram,0.6433852485324162,0.6433852485324162,0.0
0.04666515025779892,0.48003168951763203,0.3977861240144338,0.07551703621013535,0.0,0.08334210682270049,2,6.86257639227058,1,19.965352737052513,23.902816610676933,0,0.15551359231091108,0.1552494827481021,1.9303094503387608,8.87720023898375,rainy,bike,0.6648468053723688,0.6648468053723688,0.0
0.17731620162832873,0.12570847809606517,0.4048909682397782,0.292084352035828,0.0,0.6821002099111837,3,6.346982999095806,0,14.942038212551667,35.02575243638217,0,0.2483664371068844,0.04419528376111498,1.933755304536788,26.64915646427344,sunny,bike,0.6471344236143847,0.6471344236143847,0.0
0.1985338666262206,0.18516659595855745,0.3625316859543968,0.2537678514608251,0.0,0.03953635780919362,4,7.275346366266458,0,34.444098965157025,30.974554376774336,1,0.2571807833230193,0.2251602212864321,3.197271108065117,21.385527142080015,sunny,tram,0.6338218927294149,0.6338218927294149,0.0
0.4174146542234701,0.29624014784521413,0.1417900358952824,0.14455516203603327,0.0,0.4334142806314135,1,1.8272444290825918,1,17.32235699792547,28.48419491941376,0,0.4864027340161835,0.11739375309366822,3.7812120250320183,5.585430093761609,rainy,bus,0.6245745735937179,0.6245745735937179,0.0
0.32580062224373885,0.10603422796560077,0.377671263981233,0.19049388580942736,0.0,0.35385613834091945,1,1.1659320844426577,1,11.895122865871475,23.773994033019154,0,0.544177284659383,0.49900243639341924,2.666618547071113,30.160645373549396,cloudy,car,0.675036102117615,0.675036102117615,0.0
0.29444815334536845,0.1348310855255147,0.3571070804104373,0.21361368071867953,0.0,0.5586783991954296,1,2.9629086751632636,1,29.14321205344825,18.239799648494312,1,0.4957871084522126,0.10586424870301325,2.4168794470052144,40.76509326832071,cloudy,car,0.6162440926362246,0.6162440926362246,0.0
0.2600771863665499,0.13621587624658418,0.3670134779426301,0.1613236845997572,0.0753697748444786,0.6610921206928528,2,5.7403642628368825,1,7.647039402010337,37.188144356054366,0,0.06505838046346113,0.06491186541585028,2.2424089270548917,21.11024335498213,rainy,walk,0.6302463727294418,0.6302463727294418,0.0
0.07908918669730475,0.36741685340478814,0.35579073819098767,0.19770322170691945,0.0,0.4936859308389294,1,4.044723120879525,1,7.196595705741327,27.582996317438482,0,0.42668904709467603,0.13198706972151575,2.423463496486515,43.37125247521627,cloudy,tram,0.6633048715105524,0.6633048715105524,0.0
0.059090790138811036,0.2306063564914859,0.3007487337552281,0.40955411961447497,0.0,0.9097208999127248,4,8.734730412530798,1,23.1978211690908,24.3901789509045,0,0.4929139515027189,0.38225774894293674,0.0,5.0,rainy,bus,0.4342163486925075,0.4342163486925075,0.0
0.008651700030996272,0.21286882794678738,0.502157467170355,0.2763220048518613,0.0,0.20978161398156048,0,1.477219339719649,1,17.42602127072961,18.0,0,0.17648619291046358,0.2501856684753097,2.7879988476891797,33.24405391127805,rainy,bike,0.8323989753263944,0.8323989753263944,0.0
0.25723169401884416,0.18653183581563784,0.270536538932889,0.285699931232629,0.0,0.3685625299691251,3,1.4870324116569336,1,20.844946698927764,38.63724393221456,0,0.57940866171876,0.2497488342599968,1.9158873936481176,40.29462240910564,rainy,bike,0.5577961440140032,0.5577961440140032,0.0
0.25324700955190677,0.21862701344326163,0.09042898034486553,0.437696996659966,0.0,0.29856393207020404,0,5.447945551811345,1,5.665523995156574,40.71751053874313,0,0.18280162582272644,0.0,1.3118929694258161,29.687760136438733,sunny,bike,0.7842610482197121,0.7842610482197121,0.0
0.18346218165844616,0.25022855237247416,0.4694630981136653,0.09684616785541442,0.0,0.9264868767958784,1,0.8685843892869318,1,22.170169398459198,21.22058416072791,0,0.3219834815690392,0.1986603712343651,2.5133919716125104,22.30335957779698,rainy,walk,0.6083407633088143,0.6083407633088143,0.0
0.2425941373093134,0.3148891768689787,0.3421469931159734,0.10036969270573437,0.0,0.28730002778012775,1,6.153793761324884,0,18.64298760311394,30.308322568258617,0,0.22089721069113386,0.28462622641241897,0.8503878761155013,26.995472482022656,rainy,tram,0.8244045732050318,0.8244045732050318,0.0
0.1541882211141144,0.260268659356196,0.5187113547785047,0.06683176475118481,0.0,0.6358770598398905,0,3.6570333664410457,1,17.18768353244692,40.6439736199421,1,0.36678538412927153,0.4735346422402565,1.8762303126546154,42.018143906540104,sunny,bike,0.6468302817299323,0.6468302817299323,0.0
0.16892613671850196,0.14159545721069502,0.42450773763310573,0.2649706684376973,0.0,0.9548019805055112,2,0.6559723314588184,1,8.304142700945638,19.27498031092706,0,0.44686011590673635,0.1220694537864071,3.4798765360279966,18.876194051791074,sunny,bus,0.5696163729762584,0.5696163729762584,0.0
0.44237929794316283,0.10373629338042088,0.26893125920068595,0.18495314947573044,0.0,0.15167470619021373,0,5.230897536235092,1,2.832202827177877,31.9682104689403,0,0.29209303692207184,0.13196113019121514,2.0914350109450677,35.58645824298337,rainy,bus,0.7840703782422189,0.7840703782422189,0.0
0.2403797946690064,0.12050039217263193,0.42875757545504534,0.11665071546810608,0.09371152223521018,0.7578033673906276,4,1.7587238801902598,1,28.446639884763258,35.19536398247543,0,0.25880507785385276,0.1218127384305509,2.9635613747115266,34.674026551213984,cloudy,car,0.48674128184409066,0.48674128184409066,0.0
0.26079352926836225,0.18742488534276336,0.3154399467323606,0.2363416386565138,0.0,0.6785908462430327,2,2.4274425891207594,0,19.561678859642043,21.14532102629518,0,0.35743047765439506,0.3316947364948617,4.624578302205377,16.151233755026425,rainy,bike,0.6873308579282521,0.6873308579282521,0.0
0.20425864542205732,0.13252772058490664,0.3752416681983513,0.2557825398946933,0.0321894258999913,0.9889508388788241,4,0.2304212032889173,1,15.668001895533553,25.264220422497615,0,0.3766955591504039,0.07298247590813114,2.0294561926790005,27.869235805234325,cloudy,tram,0.4480932183031604,0.4480932183031604,0.0
0.10753744456663618,0.31218384487925316,0.10827776767904836,0.42641232787609396,0.04558861499896838,0.6296398770588202,0,5.717322913082162,1,12.143805104288319,27.54653485806018,0,0.00013389010961550873,0.1726246012403534,2.0751914404332044,25.059754463259605,rainy,bus,0.7385109690045077,0.7385109690045077,0.0
0.29751278997464037,0.06400639475968746,0.26399438811609577,0.3744864271495764,0.0,0.3965827108591371,3,9.854250280750772,1,12.624627570300301,18.0,0,0.33429140930805035,0.12052083787956974,3.041409315582353,24.22394517186844,cloudy,bus,0.5978866645585307,0.5978866645585307,0.0
0.21176605017562333,0.17762132065398284,0.41101091435040316,0.1996017148199907,0.0,0.8854447345978579,2,5.15767716116766,1,5.6882905336909655,22.304208261039204,0,0.1711707012137143,0.3749453706206576,3.027787334346811,36.23408138328935,cloudy,bus,0.5664407299370325,0.5664407299370325,0.0
0.12438239550030983,0.14603666186837713,0.4011281812503573,0.3284527613809557,0.0,0.23538266925864293,0,1.9935932728105619,0,17.73049235563225,23.015893435790396,0,0.18715095888108646,0.3115997597273826,4.0055691163096405,32.064738115613515,cloudy,bike,0.8871131265560834,0.8871131265560834,0.0
0.08183426234519686,0.09110438682934958,0.45010623014319745,0.3322181768028788,0.04473694387937732,0.8757085532618649,1,2.346212854113386,1,35.213476129196614,26.129031734928265,0,0.5412169199199341,0.09571361741293519,2.9306104450116646,33.0737301691352,sunny,car,0.6657473317229483,0.6657473317229483,0.0
0.2583644686166419,0.38997222104467155,0.11198768563087874,0.13514939875653284,0.10452622595127492,0.46020729178819775,0,2.672087492684616,1,20.19356974189282,23.77948315203832,0,0.27765676539783374,0.15699210887494236,0.9318634405770663,36.973872032565616,rainy,walk,0.6987202176129633,0.6987202176129633,0.0
0.22800749930561573,0.23159912151417977,0.34849800146107224,0.19189537771913218,0.0,0.8248193717336545,4,6.928345719188752,1,17.824709691100587,35.02991427963241,1,0.3433898778857758,0.2819059384500109,2.4063642167835906,28.75419294732544,rainy,bike,0.37651768117471324,0.37651768117471324,0.0
0.08343567050539258,0.0423963048025182,0.3744917948848395,0.36226462236643064,0.13741160744081904,0.10688995263786882,2,0.7084374588044091,1,21.573669591090614,18.0,0,0.29887475738565794,0.4900646774314059,2.7699136996086233,28.21249428750633,sunny,bus,0.734231495187064,0.734231495187064,0.0
0.09838788463290446,0.266294162079934,0.4192759026180306,0.21604205066913099,0.0,0.7037594485751901,1,4.897394897177207,0,12.260673014462123,34.16743731878672,0,0.4822063803628964,0.3711512271286882,2.098948305455785,16.24936459611032,sunny,bus,0.7291091201782862,0.7291091201782862,0.0
0.3052588828773763,0.29667582769604134,0.19118193548444967,0.2068833539421327,0.0,0.8719675886006686,4,8.740563182410106,1,18.960039823410646,18.0,0,0.492469807299438,0.0479726342128568,2.7709614290935303,37.82176000914366,sunny,tram,0.3949252277721093,0.3949252277721093,0.0
0.1447355399964624,0.22547451843961674,0.2762875571085191,0.35350238445540166,0.0,0.5046916435101035,4,6.202680884144628,1,23.13514619732591,24.807091481784468,0,0.37140597151388954,0.13773550304058568,2.6578490149699445,49.855619103702374,sunny,bus,0.5007076989474172,0.5007076989474172,0.0
0.06319944903253265,0.10217664453972093,0.45309446884872173,0.3815294375790248,0.0,0.664156877247774,3,5.711676413492965,1,4.190981266830498,22.155243616454044,1,0.20044973884309253,0.18092998337514615,3.997891073163893,28.117390667688937,cloudy,walk,0.5797343484385015,0.5797343484385015,0.0
0.21149919341431297,0.2945849220460852,0.28811328031919387,0.1850060317796494,0.02079657244075861,0.34939673096086954,1,2.9560603457994836,1,14.909663837457092,27.537360209089506,0,0.1370596795320705,0.005285787440775541,4.214153687345567,21.095083978521522,cloudy,tram,0.7090875520341344,0.7090875520341344,0.0
0.3125456176389192,0.21785018968571546,0.3900659882847771,0.07953820439058829,0.0,0.031328211372628534,1,6.649335170076768,1,9.347573410677683,18.0,0,0.16445513441691534,0.20376450307032137,4.2568445203482295,62.717146806169076,cloudy,car,0.7170339828198924,0.7170339828198924,0.0
0.24041627333477716,0.033092778801468666,0.39742445734878024,0.32906649051497405,0.0,0.3071600104719885,1,4.3032478481390735,1,17.411306020023574,18.021890705212503,0,0.21660607642678306,0.3064708710276298,2.970491591411121,16.838051154854778,cloudy,bus,0.7513498042090287,0.7513498042090287,0.0
0.24729080820519306,0.08083759348122956,0.3449060537912451,0.3269655445223323,0.0,0.8009221121253747,1,10.104494188741855,1,3.1472737641282382,18.0,0,0.18933477923205688,0.3180677469103695,2.2455348352512376,23.331205769242082,cloudy,car,0.6573499343657769,0.6573499343657769,0.0
0.144892049022032,0.13414500496563375,0.3675727469990531,0.35339019901328106,0.0,0.5871917727177657,3,11.055858210691508,1,32.46753945575706,39.02428812506738,0,0.29614860568660606,0.18310001906217654,3.011257709416159,27.372610414910625,cloudy,tram,0.5791791302556641,0.5791791302556641,0.0
0.155633314039027,0.12425189062404254,0.443809511521427,0.2763052838155034,0.0,0.34095974318449196,2,0.5288205007426154,1,15.547520806110947,32.167413813555534,0,0.5023140500241441,0.08064493696321298,2.861820721659071,34.75123560045518,cloudy,walk,0.6731986764853445,0.6731986764853445,0.0
0.41659570727161,0.20006848766343832,0.36102884534675267,0.02230695971819913,0.0,0.5490891681178683,1,3.358582674495963,1,1.3670689430042007,21.989740149072233,0,0.16897594614761952,0.0,1.806852277045818,44.6977040715563,cloudy,bus,0.6599002264427772,0.6599002264427772,0.0
0.03197495954195965,0.11450890993839154,0.5335487953982176,0.3199673351214313,0.0,0.2548642949226897,4,1.648447778063699,1,22.744003929125906,34.06365179217659,0,0.28153365638669003,0.15407829689556107,3.3589003964939965,49.49451021740937,rainy,car,0.5972635412286572,0.5972635412286572,0.0
0.21284756676617486,0.11458962652264683,0.2816678842380914,0.3908949224730869,0.0,0.46589747122311753,4,6.299671964218616,1,30.268306301832418,27.38274575037107,0,0.4607889456789721,0.05615232055619632,3.563584177266977,19.013511518383794,cloudy,bus,0.527416012584249,0.527416012584249,0.0
0.24748971009082305,0.1099515347197859,0.13848152453588208,0.504077230653509,0.0,0.8639504781273142,4,12.73950820540966,1,0.5121344885182246,29.199406082098722,1,0.3880191608460133,0.01701127196892757,2.2571145946451363,41.08789295819949,sunny,walk,0.41981034993069705,0.41981034993069705,0.0
0.18077012978051812,0.10519051435269122,0.12487088233263115,0.5891684735341595,0.0,0.20814544343055374,0,1.832908776779979,1,1.2578955060363626,22.196233947904044,0,0.1270727783802937,0.21046671836103303,3.0500962910341762,14.00491923531698,cloudy,bike,0.833827219021641,0.833827219021641,0.0
0.36704516799641845,0.17526829335386462,0.3414299075162892,0.11625663113342782,0.0,0.8387139083794537,1,0.5228402198992405,1,7.486839357407074,28.003488211936567,0,0.07231268805554089,0.24559968571360613,1.313926522067921,37.628287103999654,cloudy,bus,0.6226810202464225,0.6226810202464225,0.0
0.055530925641856965,0.0767733616576068,0.3749017648234565,0.3502701439223395,0.1425238039547403,0.7378876574113071,0,5.891339376029928,1,9.925627079341503,18.0,0,0.33410853350581327,0.25674801559993127,2.3223201131470925,40.979507557018394,cloudy,walk,0.7611589432088849,0.7611589432088849,0.0
0.24405643620283787,0.0814905957544275,0.5154304760383789,0.13491168594255093,0.024110806061804713,0.1110317616350277,1,4.8786130143143795,1,14.711673112665881,30.072554648664656,0,0.13844281238730277,0.0,2.405678831096884,10.51885882303128,cloudy,bus,0.7943082949102214,0.7943082949102214,0.0
0.12610538534278057,0.2253002387823014,0.23210184729607028,0.4164925285788477,0.0,0.6988993175794006,4,4.9616305404107495,1,25.39944207364786,28.831280258663636,1,0.09291349975785954,0.3162780271606848,1.6742892694180154,43.51334079753444,rainy,tram,0.44808235842099314,0.44808235842099314,0.0
0.2732049953114452,0.05710910336103671,0.3896433896418733,0.28004251168564476,0.0,0.5777050620275925,2,2.53674108653896,1,1.4241833183519308,31.816445418289682,0,0.3657632648324101,0.1443049864012907,2.442759782666101,32.383075969753214,rainy,tram,0.6357976304986402,0.6357976304986402,0.0
0.2925947569590401,0.12857960378594493,0.3985314207052101,0.180294218549805,0.0,0.4010714597411382,2,3.647258729882752,1,17.736515768398977,26.343838306838656,0,0.29378555810860457,0.26733272009905923,2.5818887330790443,18.936590204616415,rainy,bike,0.6392850500993963,0.6392850500993963,0.0
0.40074609484166934,0.06534595953813972,0.3837495108058733,0.15015843481431762,0.0,0.9968778940736367,4,2.698622786237014,0,11.778561046818716,29.492387203716646,0,0.005961801721081739,0.0,2.6476926283278455,23.94896862725028,rainy,car,0.5628115081872471,0.5628115081872471,0.0
0.23003134207192277,0.08249750034739141,0.23126766618511713,0.3700997767020511,0.08610371469351763,0.9227462133853312,4,6.548232532199043,1,21.59643299644728,23.629088155834022,0,0.39845709165941856,0.15356361316764738,3.370674998638997,40.67887018280459,rainy,bus,0.45747654464156234,0.45747654464156234,0.0
0.1742884649283274,0.13723481962092443,0.4830750211541574,0.2054016942965907,0.0,0.15823340563094812,0,5.759611313530301,1,7.093714169472875,23.22452822556663,0,0.47642669903131507,0.22649817689205895,2.0586598673151117,39.16603482806499,rainy,tram,0.8069026319742738,0.8069026319742738,0.0
0.1345908275944075,0.19816967052029497,0.4465022129646328,0.22073728892066466,0.0,0.6221279606399006,1,3.036068536696487,0,27.77673633031599,35.486058097803166,0,0.2576439830834915,0.10167249826387759,1.6891339169947952,27.42634558397079,sunny,bike,0.7746981733568294,0.7746981733568294,0.0
0.09037116187530551,0.07909275061275374,0.43924215652922094,0.39129393098271975,0.0,0.5018413295852614,3,0.6329155960857173,1,25.589679517770133,38.279574636737095,0,0.12989216765499995,0.13271620119299726,3.7190163037888717,22.00304056731309,sunny,tram,0.6351046440060731,0.6351046440060731,0.0
0.21382533365261946,0.1932792193743629,0.2811552739371329,0.31174017303588475,0.0,0.9677928084276922,3,7.587221070138346,1,10.37789082858366,18.0,0,0.08328250286947217,0.2733819141366459,3.0730093454673657,38.02895040869198,cloudy,bus,0.5006349329273151,0.5006349329273151,0.0
0.15242602878688521,0.1944925735527442,0.43765719688226845,0.21542420077810223,0.0,0.12839788200545565,2,5.0770269956904635,1,23.618202344147576,19.267392355664803,0,0.0,0.3576087280363324,3.5733438262631863,31.011176341514034,cloudy,tram,0.7084566732582338,0.7084566732582338,0.0
0.28875666292107527,0.11698924677855609,0.4161166027450712,0.17813748755529765,0.0,0.8522518175547498,3,5.157061229067862,1,25.761306967942275,18.0,0,0.1864200385466328,0.016606231550658213,0.5866549989574401,17.228956842245555,rainy,car,0.5333765359306949,0.5333765359306949,0.0
0.19691472812804917,0.251621352319907,0.4444801641478573,0.10698375540418655,0.0,0.7222616944528629,0,1.5211759894259615,1,14.566086620330086,27.668601780425156,0,0.02756495924183877,0.25207760052112815,2.9253551972165814,35.79979532494963,rainy,walk,0.7163096561530109,0.7163096561530109,0.0
0.3198347440796743,0.29318251021235425,0.16044541979683152,0.12836839334878,0.09816893256235981,0.24668996102016372,2,5.990135093560379,1,0.9034335343314304,23.14550951719832,0,0.26870747031013076,0.26179171158943043,1.828156323405359,36.90688150531748,rainy,bike,0.6178021448771638,0.6178021448771638,0.0
0.3183686616578453,0.17675841738519918,0.4256483590986101,0.07922456185834553,0.0,0.9915695111573629,2,1.1859727800073991,1,3.8050877540548456,18.0,0,0.20656064055962775,0.24940555381232307,3.765369450117823,10.847352818464131,sunny,bus,0.5367778633114841,0.5367778633114841,0.0
0.13861632417761158,0.3557269360167056,0.38587594078389825,0.11978079902178451,0.0,0.8663425443646878,3,1.6925599659838848,1,23.327948999706216,30.71055648448463,0,0.3479884436804581,0.21391832420805418,1.2012087810776142,27.27813488268291,sunny,bus,0.47657258235428857,0.47657258235428857,0.0
0.14193492208259093,0.02677831340133169,0.4321574336565962,0.3991293308594812,0.0,0.45448269262991636,3,14.391468155658849,1,23.334335275004204,18.0,0,0.40121567375385836,0.19849802608648756,3.706401060638523,20.102055873300827,sunny,car,0.6185882614931211,0.6185882614931211,0.0
0.33418336527351156,0.08825726967698455,0.3347645621479661,0.24279480290153774,0.0,0.02280649710678695,1,0.3678471112824259,1,11.342943162366257,32.96712992265107,0,0.22603376548806703,0.35505321897572084,0.7065507536682234,29.14065833052046,cloudy,bus,0.7632636617808429,0.7632636617808429,0.0
0.24160374934007608,0.05367043160693181,0.36955131884762066,0.3351745002053715,0.0,0.7390176353473026,0,3.47896850868381,1,14.80555958289085,22.280185151293836,0,0.33426231969846887,0.22018677419424743,2.1606607997380576,16.370722989097718,cloudy,car,0.7339470188197743,0.7339470188197743,0.0
0.044718354611426106,0.23993209994361472,0.2667139181917134,0.44863562725324574,0.0,0.3085904366221176,1,1.2180847163208794,1,1.4257710554434606,32.00723653071181,0,0.21155718487788067,0.11018625633374657,2.8052820778684184,12.808141709414034,cloudy,tram,0.7491799334803555,0.7491799334803555,0.0
0.30079388829437004,0.24774565764716477,0.33531125905760617,0.11614919500085914,0.0,0.07617106814988972,2,3.571878463396576,1,14.772038946451325,22.388540156999273,0,0.3170293030190414,0.24460100241446406,2.272101465870966,37.644072606589916,cloudy,bike,0.6592871455671859,0.6592871455671859,0.0
0.2329895599277955,0.2100232950059332,0.32718240756287137,0.2298047375033999,0.0,0.10593824864705303,1,7.67319549525166,1,22.517391094129053,26.89522605299931,0,0.46688653585780776,0.35511174067283635,0.0,37.400380169160094,cloudy,bike,0.717203840857811,0.717203840857811,0.0
0.1779954866965738,0.12574740454661273,0.5332839521408962,0.1318924276737021,0.03108072894221514,0.01915708751745504,4,6.199856747475188,0,14.685389913236898,46.70652543673289,1,0.09129434275117257,0.43650765707499417,3.223672537446005,18.07711097160159,cloudy,tram,0.6439346209417409,0.6439346209417409,0.0
0.03332311486621388,0.2214458807866304,0.569684332941247,0.1755466714059088,0.0,0.5328910880085167,0,9.603859962046801,0,9.723598738007563,18.0,0,0.27879970074241417,0.03435660944249011,2.3033504389970894,35.7619922149417,sunny,walk,0.8492154909511698,0.8492154909511698,0.0
0.030145540999591165,0.4647861992621487,0.2566797186342123,0.21788313864581332,0.03050540245823452,0.21847986102014438,0,6.221833855808326,1,27.436418782461494,27.785548032807327,0,0.3773847811885534,0.11133319177051458,3.744189560361131,19.834251529764508,rainy,bike,0.7568273282956932,0.7568273282956932,0.0
0.2219940769453444,0.34713470466285423,0.2425716669192356,0.18829955147256586,0.0,0.18600501348268428,3,5.9958232873740585,1,19.441823265318053,27.846683697246583,0,0.31389261778466093,0.5038743403135555,2.9736398946009017,37.15532625653246,sunny,tram,0.5545769250745116,0.5545769250745116,0.0
0.06868292927368926,0.07410695283513039,0.4569771641072581,0.4002329537839222,0.0,0.1435888007651387,1,2.7238664829071997,1,29.774702874801502,18.0,0,0.37061643064708194,0.0,4.399769093064595,22.028585401394707,sunny,car,0.8080907972406102,0.8080907972406102,0.0
0.04775013301921593,0.25292470837474507,0.36599852340663347,0.33332663519940536,0.0,0.3020187919937324,4,0.3019989374227615,1,5.961217687241367,25.45209177063408,0,0.10358438330278871,0.26222577489927457,2.9173599618102815,26.796990794028908,sunny,walk,0.5648461864573538,0.5648461864573538,0.0
0.2444419290547487,0.06923095777249996,0.3759403507997465,0.3103867623730049,0.0,0.6339366587169692,4,12.483634411006653,1,34.96085988226374,26.453012636982596,0,0.2184443541136393,0.12681802419480695,3.2519105874074277,15.094932818032976,sunny,tram,0.5161899672139019,0.5161899672139019,0.0
0.05652866341920994,0.21010743140585816,0.2985459369334828,0.4348179682414491,0.0,0.6320830513675767,2,2.5601449128298155,1,31.552630201793754,32.99746730989605,1,0.2067592442318116,0.1549996481639871,5.94292077673572,12.854959424670454,rainy,car,0.5940472944403788,0.5940472944403788,0.0
0.19906319164892117,0.15816780536980737,0.4818738073366975,0.16089519564457394,0.0,0.4468295655156437,1,1.7214183653026838,0,17.605940474587356,25.49439630716026,0,0.02277120199289731,0.36492414699703246,3.466322327405652,38.72830359544426,sunny,tram,0.8046163988293897,0.8046163988293897,0.0
0.1275190322041304,0.06534234357591097,0.30460180989909685,0.25863754013320467,0.2438992741876571,0.7434328769408302,0,8.740568008653678,1,18.12699402587272,32.158413188467684,0,0.29720913533557325,0.3656432779216633,3.6613451757572237,31.848016509535093,rainy,bike,0.744322202852866,0.744322202852866,0.0
0.21042620977715695,0.3051092817098359,0.2979583553543123,0.18650615315869476,0.0,0.4544118718783777,3,2.7577385956056166,1,6.569306640492908,22.108159013454717,0,0.3317854071428301,0.27649780808248803,0.5061355244372301,34.825415837521405,sunny,bus,0.5387338071259931,0.5387338071259931,0.0
0.34508543617568577,0.2219235637076976,0.33243135087768527,0.10055964923893136,0.0,0.8688288282083603,1,3.4659898736176364,1,20.760815949795774,26.08534349352444,0,0.2695699112472628,0.14259732844693587,2.45685678868102,21.09873230863123,sunny,tram,0.6004676611159776,0.6004676611159776,0.0
0.45388783980245495,0.24117826037300158,0.2008530163670971,0.1040808834574463,0.0,0.41012283279779815,4,6.88682498474752,1,19.034994563466526,22.044174090874726,0,0.0,0.2500004028591527,2.4212356173737852,19.483776883226813,cloudy,bus,0.4782774196149272,0.4782774196149272,0.0
0.3577625673907637,0.15228253572141479,0.4260051424394046,0.06394975444841682,0.0,0.7234417638786244,1,3.7926891598533454,1,-1.721738858079057,22.02137274179166,0,0.0,0.0,1.9828967846166792,31.898307020755286,sunny,car,0.6673782709556989,0.6673782709556989,0.0
0.3838114239631411,0.12641588720667088,0.3459884537082808,0.1416795412150633,0.0021046939068438686,0.4758010616808017,0,2.6664307946985275,0,10.47968837804827,25.56634175500161,0,0.16715038340301885,0.1848550097794282,2.6695886394086314,36.465344943161014,cloudy,bus,0.8642480648188825,0.8642480648188825,0.0
0.2232239243740576,0.10023135942931669,0.4898724150383311,0.18667230115829453,0.0,0.6148537021157634,0,2.761792823447576,1,10.807917961591137,25.40459052832936,0,0.3076116333469058,0.043021755385961064,1.4902666199582495,28.533064921995617,cloudy,bus,0.7588251242731464,0.7588251242731464,0.0
0.29076574626094764,0.28944192278051606,0.3102483652035639,0.10954396575497238,0.0,0.8465172386885008,3,7.892057368821377,1,15.74933304569537,24.572314367467875,0,0.4961285518993328,0.2549138590050086,4.12748690754482,33.96952835074216,cloudy,bus,0.4510845855327638,0.4510845855327638,0.0
0.14437760171394576,0.19041694995332856,0.4229833955857348,0.24222205274699093,0.0,0.9747372450986915,3,8.760373832026664,1,17.748878452461252,30.794113867343484,0,0.11052123720781995,0.0,0.3764999760185255,42.172142716418094,cloudy,tram,0.5287135296667324,0.5287135296667324,0.0
0.14640352818465646,0.10059992483369311,0.47124637952854753,0.28175016745310283,0.0,0.8319302322848702,3,3.266874336632106,1,11.3035202762923,28.87019404109354,0,0.426700492097579,0.6246919160376785,3.405357105677513,17.729379655153416,rainy,walk,0.513417506106406,0.513417506106406,0.0
0.1366430546979912,0.052667219148243974,0.4737305491006931,0.33695917705307177,0.0,0.6821389457378533,4,4.9097046957452095,1,15.140314302688259,19.680891956403585,0,0.6835049685766186,0.2497239272039031,4.383192146658149,14.474186535677587,rainy,bus,0.4954137222669062,0.4954137222669062,0.0
0.05282996459193646,0.31476156793775184,0.4262393599949156,0.206169107475396,0.0,0.2504036377526937,2,5.3444094731416465,1,15.705206935540428,25.200577842058415,0,0.18961248763401045,0.07025286527231475,2.9371246487998053,37.32738853311476,sunny,bus,0.6816961017968057,0.6816961017968057,0.0
0.18852303673786563,0.10274658330934658,0.4716109459273627,0.2371194340254252,0.0,0.22790048689727194,2,3.150633225468579,1,16.674811090329797,33.0779011578375,0,0.04186771886747129,0.15298021469313336,3.4983004649537306,56.65356415846864,cloudy,bus,0.7016900439345538,0.7016900439345538,0.0
0.35389230730341775,0.08684801328082034,0.4086099396548413,0.1506497397609206,0.0,0.5539720606651212,0,4.1450661336126045,1,10.834071763808497,36.2104339499126,0,0.33832653374717164,0.15769272032300297,2.4998749668544438,16.845677423092262,sunny,bike,0.7369030833378772,0.7369030833378772,0.0
0.052798617974127306,0.0843334504150756,0.12257133748747578,0.17889073401998762,0.5614058601033336,0.9173241114004689,1,1.829963093291099,1,5.556001220463859,25.683229557503985,0,0.4000741676305618,0.04555200501913689,3.1298337945671664,35.60046899877115,sunny,car,0.6797999181980785,0.6797999181980785,0.0
0.26995463276129084,0.23761982809243706,0.39308713145764645,0.09933840768862562,0.0,0.2158854372946718,2,4.440607563940215,1,7.551363598653449,24.539636420956512,0,0.19871915297960838,0.20758392581061363,1.0064189259925829,35.5145689689502,cloudy,bus,0.6558905735572603,0.6558905735572603,0.0
0.15344559674074384,0.07396953414044295,0.22703697575745138,0.3854447028783354,0.16010319048302635,0.5075881745024455,1,1.528463750705894,1,2.912016784796805,18.0,0,0.37634351926564524,0.03272835990511416,3.981670707464692,21.20275957097495,sunny,bus,0.7317913219176259,0.7317913219176259,0.0
0.27394648180511305,0.3122267027666839,0.10124479395626797,0.3125820214719349,0.0,0.6215494755809409,0,2.17299013717088,1,8.433368007446235,19.59866684423843,0,0.29700996214137837,0.3610538494463822,2.7741569146292506,8.662093624408822,sunny,bike,0.6758023670458692,0.6758023670458692,0.0
0.21091489391531631,0.3523395779628935,0.26994032765128667,0.1668052004705034,0.0,0.7334530667646864,3,0.6141282065876883,1,13.349663405128098,23.060505311720036,0,0.22509767469157727,0.3842027369986263,2.0327007952152085,33.43815312227282,sunny,car,0.4838375030020934,0.4838375030020934,0.0
0.20151246002813344,0.027975925564383934,0.46923709355780996,0.3012745208496727,0.0,0.6242223543004838,2,7.6824091655698705,0,20.942553881503837,25.910972157533035,0,0.14260293175088723,0.3817186429381194,1.826802600696938,35.58275872060781,cloudy,bike,0.7001551579201862,0.7001551579201862,0.0
0.30789237177796364,0.1328496121641666,0.15744416893114713,0.40181384712672263,0.0,0.3409999176925732,4,4.768499189776186,1,19.819053008900802,25.012885806542286,0,0.3197218846306465,0.18747178077058807,3.5907770407594355,54.42930498080365,rainy,bus,0.5131311895910344,0.5131311895910344,0.0
0.04910675061909602,0.10616301629581641,0.3684820878893763,0.15045792229494773,0.32579022290076354,0.46722821407183335,3,10.617427044189157,1,23.391759568482982,28.861702340281184,0,0.32524655428268867,0.3117781286923866,3.68695971906975,18.568901918102952,cloudy,walk,0.6150378537305741,0.6150378537305741,0.0
0.3439276193476494,0.16171091246215288,0.3200142698398412,0.17434719835035647,0.0,0.6749131818340385,3,0.8299905931505125,1,4.3354045351848765,19.165696171500098,1,0.3637921556059714,0.46434972313689304,1.830185200961964,32.3643154140877,rainy,bike,0.44092811270397025,0.44092811270397025,0.0
0.14364353266856614,0.17447230871885358,0.5393169340661224,0.14256722454645782,0.0,0.9903599177241925,3,7.468462216425121,1,20.303443029999315,21.46127568187136,0,0.023086943091100348,0.2654166153833055,4.121476834821474,43.47298518434131,sunny,tram,0.5206678420893255,0.5206678420893255,0.0
0.21539476662651744,0.37886473435282114,0.24052877531056377,0.16521172371009765,0.0,0.04291994176661851,3,5.516882294571615,1,3.965042213711534,25.4250729909886,0,0.09971644889005835,0.5723745610150095,5.901984023944857,5.0,cloudy,bus,0.5702898777985306,0.5702898777985306,0.0
0.17012896971804786,0.20994034768398437,0.3513814192198257,0.2685492633781422,0.0,0.10814404990780968,1,1.388866394646096,1,14.502774691839521,20.48845478048586,0,0.1634650286690642,0.19268277493955988,1.7680116827069647,7.277119227075104,sunny,tram,0.7638817262595224,0.7638817262595224,0.0
0.2325822401270996,0.23465127189697166,0.38017071979986394,0.09864539868959982,0.05395036948646492,0.12313302689766092,2,3.2864824086340976,1,22.43538676598418,29.767098152246447,0,0.19869148191997232,0.17574393742413988,3.3484934934660338,22.592508683603928,rainy,bus,0.6811877217826747,0.6811877217826747,0.0
0.10967934476750436,0.12327465173018667,0.5621243745056832,0.20492162899662586,0.0,0.7968113741271062,4,0.9154284553211465,1,12.57572654444066,21.06589829826537,0,0.1948357949017207,0.0749693538332025,3.682123164301866,22.2423175946919,sunny,walk,0.5119647376567845,0.5119647376567845,0.0
0.26910164941803266,0.11427419563218173,0.28365955104411333,0.3329646039056723,0.0,0.07600968089969096,2,2.1218994466364323,1,27.985516586018484,18.0,0,0.09692029425150595,0.32127406933709296,1.8116860218228081,26.529516569461883,cloudy,bike,0.7113096853291111,0.7113096853291111,0.0
0.11656344960082775,0.3576004840382438,0.31840973640003656,0.207426329960892,0.0,0.2480325794548488,0,1.4073826170681247,1,35.302629078503436,31.23583288632556,0,0.22817539092247568,0.3112592318907503,0.5248570579092062,25.696858296601462,rainy,tram,0.7619483235778356,0.7619483235778356,0.0
0.2290301534321117,0.27624814712684426,0.303442007848133,0.19127969159291114,0.0,0.8533254191424723,2,1.9750479473199172,1,14.008335697097266,29.857671550055105,0,0.09162186777004275,0.11658883351420003,1.7217969606992158,39.87260630708086,cloudy,bus,0.5666407079903094,0.5666407079903094,0.0
0.31601910400668937,0.10657172194680448,0.5424282316334964,0.034980942413009856,0.0,0.01342415865966129,2,3.9974105182306934,1,12.020283455385268,31.66843276723398,0,0.4049486276625147,0.042905069270780555,2.9172582034202645,29.00817389047593,rainy,car,0.7080027547443785,0.7080027547443785,0.0
0.13827794172773697,0.17039164787960748,0.4595708320898844,0.23175957830277102,0.0,0.6055946261696045,4,8.390454864853632,1,24.124401554323523,31.358276838505684,0,0.32974088492165643,0.1444505825263097,1.3805795996933279,36.31962904930659,sunny,bus,0.5090930363071189,0.5090930363071189,0.0
0.24041229935598915,0.20108237162841403,0.34304268471204985,0.10637838139361201,0.109084262909935,0.3183338648294083,3,8.849099128263047,0,24.898995243158662,18.0,0,0.2941257587545968,0.1464909243373075,3.368300440181876,39.16115671678213,sunny,tram,0.6979078879306815,0.6979078879306815,0.0
0.20688635762394098,0.14536333556118733,0.3488186578264571,0.29893164898841457,0.0,0.12015867127355762,3,8.104188155236981,1,14.626684009221707,26.112218996439285,0,0.3953210856578825,0.321261567037328,2.8761600064513084,46.63905175750746,cloudy,bike,0.621210176304387,0.621210176304387,0.0
0.2762965677285065,0.027690580447970126,0.34373931190158086,0.3522735399219425,0.0,0.610026809458593,3,2.571147871457914,1,14.022444413348433,26.439171722938497,0,0.014948830620302833,0.4495954575874132,1.7501456320271862,8.046399597040061,cloudy,tram,0.5842218527467168,0.5842218527467168,0.0
0.22978049135522954,0.10734424778053571,0.5171762414250559,0.1456990194391787,0.0,0.9603352467567873,2,1.414077346627431,1,21.758694780114546,19.074703347550233,0,0.4193838618113037,0.04218598802492238,4.076457212059494,38.21146677187298,sunny,tram,0.572975959959322,0.572975959959322,0.0
0.14579286903013486,0.028547527629366513,0.3117831786687052,0.5138764246717934,0.0,0.8811967376572192,4,12.901803380660674,0,5.068415829337129,26.06635904710594,0,0.17371390061728287,0.3189282069621048,3.7376547564018483,12.235236657458895,sunny,bus,0.5382142995630913,0.5382142995630913,0.0
0.1356829598748807,0.4669084907134723,0.3134618839546825,0.08394666545696462,0.0,0.027089330024351765,1,3.7565873820135938,1,12.679500942675675,41.261657510866385,0,0.3674908685417392,0.5970447289329042,3.0662344499121588,9.759698713381674,rainy,bus,0.6774123463550062,0.6774123463550062,0.0
0.1165615237433739,0.12503946555749995,0.4523748007842316,0.3060242099148946,0.0,0.5580964601909958,0,7.948147657772674,1,8.608777812505409,20.79198424440844,0,0.4064353730802469,0.21116976544152596,3.982759050921216,40.609282047956505,rainy,tram,0.7628433937076713,0.7628433937076713,0.0
0.1274237443153452,0.46296606054598427,0.16771968220772826,0.2418905129309422,0.0,0.6665894024190644,3,3.344244580190476,1,27.22682013347046,30.84272955249699,0,0.38411407535119424,0.1349764554704077,1.2710935341227112,5.0,sunny,bike,0.48531109127316074,0.48531109127316074,0.0
0.2959607389504927,0.21316111265618923,0.3108074553723195,0.09140524628892147,0.0886654467320771,0.20361182241522247,0,4.986734181703937,1,15.58399009605125,30.540218242107496,0,0.3183575149528987,0.21532035606662753,6.207815124424071,23.02412460937871,sunny,bus,0.7420708617479882,0.7420708617479882,0.0
0.048718684493514276,0.22746668783057516,0.4590236463537529,0.26479098132215756,0.0,0.835463635858564,4,3.5219690020969296,1,6.297197020409232,28.071199207642366,0,0.3516620383438902,0.08789118382079572,3.7871334378824892,5.53442371352271,sunny,bus,0.47817268262653134,0.47817268262653134,0.0
0.26606956237197144,0.1582752906056446,0.4024179908534469,0.17323715616893712,0.0,0.4927836917951356,2,13.838804761975167,1,9.1019922411249,24.196797306885312,0,0.6268576471381367,0.0,2.92050583538924,26.520943473170995,rainy,car,0.6089172700214253,0.6089172700214253,0.0
0.3909551996459441,0.04886628825986732,0.33183070794858,0.22834780414560862,0.0,0.5640251461772948,2,3.221813342074552,1,23.960795449772064,28.093846821835605,0,0.30931919383872425,0.1844566982961742,2.7662367620723205,32.94644068375598,sunny,car,0.6189937039306923,0.6189937039306923,0.0
0.1619983963784518,0.06287460834520157,0.4875378934679361,0.28758910180841063,0.0,0.9561906317787011,4,3.3521630577166643,1,19.6598746865368,26.595940268966274,0,0.0,0.11699343220471693,3.727517811705788,26.631818570792728,sunny,bus,0.5030178608225297,0.5030178608225297,0.0
0.14181017195873208,0.1887092189672762,0.5218334544474892,0.14764715462650252,0.0,0.9046415443942654,3,1.611639456440129,1,10.869545530743085,30.356112652708056,0,0.22895965154148998,0.09630632436036626,3.773772502143985,5.0,sunny,tram,0.5282170277358088,0.5282170277358088,0.0
0.27863710748825465,0.24427603638447937,0.3083799260294593,0.1687069300978067,0.0,0.761648364261364,0,1.9628503380567714,1,12.712238760018325,19.270399828283878,0,0.09821045683237764,0.16765548052400286,2.2580768907385926,5.0,cloudy,bike,0.6964572987560177,0.6964572987560177,0.0
0.24638314545829826,0.11257870450660475,0.16191369390311147,0.20920278035917156,0.269921675772814,0.8513565138791264,4,7.070004080752735,1,17.37968100811495,39.26634131857818,0,0.35591237936192943,0.1284868935050407,3.041879148116813,47.092019815186205,rainy,bus,0.45935833393969744,0.45935833393969744,0.0
0.2283214585925813,0.14706837457127478,0.529433934237247,0.09517623259889678,0.0,0.4283010763707734,4,1.0692692476269263,1,5.974083613997935,18.0,0,0.22308142792019173,0.25332630609959683,0.013659307191410175,31.329359681572736,rainy,bus,0.5296981808067781,0.5296981808067781,0.0
0.25203285409306536,0.12462256257636192,0.29449709398331014,0.3288474893472626,0.0,0.686097524580942,0,3.866364916536331,1,7.0806402362484935,38.208940716781356,0,0.27369058297604965,0.3451500474853699,2.116593180222267,20.22408423115995,cloudy,bike,0.7189372893805185,0.7189372893805185,0.0
0.14814299256700203,0.33061965908617424,0.3994532587350251,0.12178408961179876,0.0,0.7827690633203687,2,4.721539902841755,1,26.455005370844564,21.429270082360766,0,0.0,0.1327610665875817,5.447725132640159,30.182295083901515,cloudy,tram,0.584218578185162,0.584218578185162,0.0
0.22558626108538496,0.2361920369817227,0.277872422595501,0.2603492793373912,0.0,0.9685428120464038,4,3.07992544763485,1,16.342111643107916,34.90788187854727,0,0.187468905408601,0.019619279327303174,2.551738494538378,41.68715577585415,cloudy,bike,0.4374949301415569,0.4374949301415569,0.0
0.18709201106888318,0.16734874519589202,0.16955862075051462,0.4760006229847102,0.0,0.8517431584781568,3,2.30614415810404,1,24.486943297203275,30.933838659087584,0,0.13877245223882234,0.46612666473097886,2.258291472439093,44.10663807100961,rainy,car,0.5169826573064099,0.5169826573064099,0.0
0.227914548892832,0.06952502548244542,0.4629765771294184,0.2395838484953042,0.0,0.7476431984209422,2,4.289808173576732,1,24.727203591455414,38.632974417812804,0,0.3524045379539827,0.11447965038346156,1.1348873011202634,50.44597996847309,rainy,bus,0.6078668442476707,0.6078668442476707,0.0
0.1686398361488554,0.07282622397983228,0.4882449285068866,0.2702890113644256,0.0,0.8685360959148601,2,14.057024580293557,1,8.58744878127727,26.42335276442645,0,0.3596469604834307,0.4652674860847381,4.706859400477951,28.47871382864691,rainy,bus,0.5815753405083544,0.5815753405083544,0.0
0.2347305951678054,0.23436475711986288,0.3134753997107289,0.2174292480016028,0.0,0.22219905137047558,0,5.10022053106828,1,21.290972234217662,29.873659796558556,1,0.24556302116604875,0.1787114036739686,4.329983082354026,36.1932456356026,rainy,bus,0.7242336719537401,0.7242336719537401,0.0
0.16629367467223122,0.12351654661320943,0.42767285218993484,0.28251692652462446,0.0,0.4233341391945853,2,0.8736055866915314,0,16.935004489192828,27.907937957301794,0,0.4105822046782791,0.0,3.6148388270354666,24.012922794682243,sunny,tram,0.7408241105440438,0.7408241105440438,0.0
0.15723947061111498,0.17574482251944348,0.3284636086565134,0.3385520982129281,0.0,0.8657394005809791,0,2.626200848227888,1,16.97931745604102,28.091437916294783,0,0.08993697383451307,0.19389796499578765,3.294399649292662,24.101692954636146,sunny,bus,0.7186562094308876,0.7186562094308876,0.0
0.10290048127579639,0.10108085356499646,0.5743658514088625,0.12289767774076714,0.09875513600957753,0.29403054264287143,0,9.977293315457528,1,19.469632346856528,18.0,0,0.2499815673365118,0.14403201532449794,1.2466314704965378,25.516623258638308,sunny,car,0.8291270725634758,0.8291270725634758,0.0
0.18698038193884225,0.045781542663422964,0.5666426642859493,0.20059541111178547,0.0,0.5919081652374318,0,0.6419333257897735,0,20.117861919809062,34.64867512439075,0,0.28964759845896104,0.1767878536182633,4.962901636187631,48.800698406185596,sunny,bike,0.824313093954712,0.824313093954712,0.0
0.3774537728103007,0.07557726511905534,0.42110833099926526,0.12586063107137876,0.0,0.9607606830334438,3,4.304240943345726,1,20.132155464718895,21.63763889553234,0,0.29201545396144085,0.2520725409550516,3.789144713320671,50.708071019213335,cloudy,walk,0.4789978636390745,0.4789978636390745,0.0
0.29237451879598114,0.08922221501312874,0.3976103482928097,0.22079291789808034,0.0,0.6215315719726148,4,9.359060725992851,1,30.574983867321755,29.589238738932185,0,0.15545569141487892,0.4753887409336722,4.647841999490058,34.099586461547126,sunny,tram,0.4878827471387734,0.4878827471387734,0.0
0.16305076681151848,0.2956027531437683,0.28192476505450975,0.25942171499020356,0.0,0.5830961677528278,4,3.9161863195460946,1,16.44063128959703,29.685251023386705,0,0.4032881379904155,0.6111696293677624,2.355802010551489,31.406375220236228,sunny,tram,0.4430433860358817,0.4430433860358817,0.0
0.23801566825170917,0.18233562104145273,0.3344570876049238,0.24519162310191434,0.0,0.11905881393065909,0,4.525030467539634,1,17.463790159759746,18.0,0,0.39226461139201196,0.12177917940241854,3.9462687801416556,28.04172084343066,cloudy,bike,0.8026148426894035,0.8026148426894035,0.0
0.10851575338315017,0.0887079559086961,0.2691525011927516,0.18650935241835176,0.34711443709705037,0.9141356397718419,0,6.711832557107428,1,8.693931180623217,19.412365633082825,0,0.3444616483872156,0.30815482007699396,3.281337156054203,31.936840725025064,cloudy,bus,0.7154602745338431,0.7154602745338431,0.0
0.17812760031544128,0.3280418060254377,0.37717290531469655,0.11665768834442458,0.0,0.2799978104012357,4,1.6509414456764782,1,18.08353390722388,35.620723919279904,1,0.07918185177939308,0.17391342529010725,2.0018323793435124,27.101095835290398,rainy,bike,0.4715138835087936,0.4715138835087936,0.0
0.012582081545563813,0.4075824352860974,0.42408829326477293,0.15574718990356587,0.0,0.8718256958975922,1,11.801480891708012,1,12.472839465235412,33.28374810727867,0,0.33802989853936455,0.40299727099885885,1.459844646334243,26.22842453628167,rainy,car,0.5948100464801166,0.5948100464801166,0.0
0.3394676565533226,0.059345254659356285,0.4433327206399408,0.15180037165929283,0.006053996488087465,0.5027389268617466,3,7.815684362191101,1,18.934326659462414,34.84162439258364,0,0.3255272368925687,0.1577771440087665,2.274820458473408,31.843531988040965,sunny,bus,0.573270670976147,0.573270670976147,0.0
0.3801595346021655,0.05908526239165883,0.3814855578983568,0.17926964510781876,0.0,0.24973769139521085,2,3.279496938730226,1,13.884211981457888,24.881120967466337,0,0.1975142553504799,0.18031398735266657,4.593404946745018,29.193515594077343,cloudy,walk,0.6771617756990761,0.6771617756990761,0.0
0.19308875143742457,0.11422899483005186,0.3544061796648087,0.3382760740677149,0.0,0.38934454473708446,3,8.914027099036678,1,20.73656210676257,28.041376923528045,0,0.18893894949207568,0.11898119195148808,0.4001863243207495,36.86541010082695,cloudy,walk,0.6186614328820876,0.6186614328820876,0.0
0.2727818349932908,0.4357457503731913,0.22835312937034866,0.06311928526316912,0.0,0.541782041376465,2,1.682512123876649,1,15.476773988840485,18.0,0,0.0718578897328836,0.2842028694907644,2.550859755293898,30.08648823251239,rainy,bike,0.5590856989283058,0.5590856989283058,0.0
0.20390176812565486,0.16606109933381624,0.29521485933439195,0.33482227320613683,0.0,0.02164991102499214,0,7.63399621264672,1,10.745646817427208,18.0,0,0.09795706127050993,0.09869509934562543,3.3741367513121565,15.87551354576179,sunny,tram,0.8506559137493853,0.8506559137493853,0.0
0.2087001104753753,0.03436516095733475,0.37588097188268943,0.38105375668460056,0.0,0.19511613586652665,1,1.770430919480025,1,12.395175168506347,23.185251766053867,1,0.38737106909911695,0.25039397964316346,3.1377865302763683,23.342796938908663,sunny,bus,0.7378885386564338,0.7378885386564338,0.0
0.21404570546985496,0.31349294968906016,0.43641349123374973,0.03604785360733519,0.0,0.09637802999311751,0,1.6138679303683394,1,-0.7882241523397759,35.41834540251115,0,0.16115670760211526,0.21283665821919823,3.8064900658506513,27.502148291259402,rainy,walk,0.7901889408399386,0.7901889408399386,0.0
0.1251663329147586,0.33899350710595993,0.4809810722260305,0.054859087753251004,0.0,0.28425497618309437,4,10.225986412584925,1,17.78990641421042,30.02285884248738,0,0.3561927172627967,0.6836729083270342,4.34307610671707,42.20373781566527,sunny,bike,0.48447930330746297,0.48447930330746297,0.0
0.1640955264014011,0.06988476941014354,0.11035470022952747,0.29459477027284303,0.36107023368608493,0.8419642428968802,3,1.5263637227545481,1,19.06951602636257,25.565696229858172,0,0.1141151735381104,0.30274499508555625,4.281693283028171,26.551393758235246,cloudy,bus,0.5597825006519367,0.5597825006519367,0.0
0.20014634229508715,0.276866973167878,0.17204940389241008,0.35093728064462476,0.0,0.9805751255186786,1,5.583165002967106,1,10.780834451310868,31.307446497312746,0,0.014596707997074021,0.13909005673267394,4.145327596474361,53.762294309667865,cloudy,walk,0.6011997239176012,0.6011997239176012,0.0
0.17261890138370478,0.19101409348427154,0.2931729745396953,0.34319403059232845,0.0,0.319130861219576,3,1.5320295190763424,0,23.110750951416897,18.0,0,0.487571422439642,0.17822520970301733,4.563123615721278,29.52302613520024,cloudy,walk,0.6828391339381908,0.6828391339381908,0.0
0.2290055601420479,0.1215035157750001,0.09565147903894837,0.20764156439200612,0.3461978806519975,0.5133977782995544,2,4.0186570368118835,1,14.927598463338779,23.865951789678565,0,0.17542916163257852,0.3834770974274726,1.3820494915816934,25.409378700101485,rainy,bus,0.6365165011510104,0.6365165011510104,0.0
0.05604075894131573,0.2544572475393315,0.5324175246377909,0.15708446888156194,0.0,0.8795335499934225,3,4.793171925825594,0,17.731652833038698,37.05419958630255,0,0.45359331175305073,0.0815362380886974,3.077910690960849,6.7552814331343995,sunny,car,0.5998137962299821,0.5998137962299821,0.0
0.38827937667979706,0.10699937440801452,0.19060014722532262,0.3141211016868659,0.0,0.30157438296375716,0,4.799618086817215,0,9.979783667629306,19.966443309710765,0,0.34651730639551886,0.300181654544045,2.7107795245368154,26.126642730904187,rainy,walk,0.869662407505977,0.869662407505977,0.0
0.3183537749609157,0.17400406495553888,0.44469803313179945,0.06294412695174602,0.0,0.15062418531547195,3,1.7550024520425578,1,10.810619270819736,23.57401558243861,0,0.35498101762241113,0.04441511329701578,4.144758672184725,26.865025103126413,cloudy,tram,0.6135315262695107,0.6135315262695107,0.0
0.13397836420005563,0.11813344457089128,0.3061882999093548,0.4416998913196983,0.0,0.5205888381214058,0,5.927045427098296,1,15.876378431720836,23.33123016606339,0,0.5369425434472108,0.1323526018762564,4.032809836421469,27.423912909517476,rainy,car,0.7629907245439757,0.7629907245439757,0.0
0.1959505875390488,0.29675343305225266,0.37927193215062815,0.1280240472580704,0.0,0.18892960678697668,1,6.558675930263419,1,10.295525943271201,18.0,0,0.6741907369740261,0.2891110809355163,2.918601975398363,10.100990889949557,rainy,car,0.6786535673587466,0.6786535673587466,0.0
0.3028929738153649,0.3165096528064896,0.34083365598036935,0.039763717397776045,0.0,0.7978556408130241,4,7.297673926837306,1,19.4779970817232,25.692369521510344,0,0.2122729270016902,0.2869343513401166,5.425086762603119,58.76954188448388,rainy,bus,0.38814962968919964,0.38814962968919964,0.0
0.1281169492906012,0.10650362638088023,0.6477545377279255,0.1176248866005931,0.0,0.3140500470629076,2,7.524990528628082,0,12.159509808135136,18.0,0,0.3507829734157901,0.1560390658172342,2.767792477046848,38.02521789743883,cloudy,bike,0.7497003416973127,0.7497003416973127,0.0
0.3728001198465864,0.13646519172054042,0.3084696709112214,0.18226501752165186,0.0,0.932580854148492,0,8.395386744442876,1,12.559151268408506,24.013904370922265,0,0.33503817556339743,0.15470701886202737,3.4647777661034684,19.578370642934427,rainy,car,0.6573970775082308,0.6573970775082308,0.0
0.24194561440021825,0.13901031818183107,0.40724327217429956,0.21180079524365106,0.0,0.873883893879785,0,7.3664095188202365,1,10.930359547718783,18.0,0,0.39328919971534115,0.0848192510220237,2.8807562710995698,30.609669455020704,rainy,bike,0.6929068981625447,0.6929068981625447,0.0
0.06983822528015407,0.4905150459909357,0.2494460302411818,0.1902006984877283,0.0,0.40465575234487317,4,3.0940473041815535,1,22.159464251590574,21.12703659660458,0,0.18761950517131076,0.4888502156178343,3.1512426543521217,45.513922526616305,cloudy,walk,0.4628507745576799,0.4628507745576799,0.0
0.15012380767269895,0.07054914033618216,0.4744082245575424,0.3049188274335766,0.0,0.32256197101727635,3,8.397312310327228,1,23.544242408409445,32.781462436120755,0,0.5150881975230883,0.0,2.469673333508877,27.471144169792787,cloudy,bus,0.6326715942345673,0.6326715942345673,0.0
0.15859952924249074,0.09138810870234271,0.36820435695741244,0.38180800509775414,0.0,0.24560514021551716,4,8.036497674108077,1,14.78835043436891,26.21740608316275,0,0.4340450906574419,0.4832336532638251,4.051416702834943,62.85781924510309,cloudy,bus,0.5272116281633858,0.5272116281633858,0.0
0.25104699741268915,0.08753271458428405,0.4767670257788251,0.18465326222420173,0.0,0.41129546977308984,1,1.5901275552297256,1,28.948756559523712,27.19970648872926,0,0.2619436408189063,0.18064836426556435,1.8308848976374974,18.056190935914504,sunny,car,0.7247288531334906,0.7247288531334906,0.0
0.08197263772814178,0.16700291188321634,0.24871019076747203,0.39247484924816994,0.10983941037299982,0.2063353007268739,2,3.9775495100749385,1,12.265152120188736,18.882099324471866,0,0.2806967394971698,0.21790782442040033,2.0138296005590783,20.143503918629726,sunny,bus,0.7048528876199495,0.7048528876199495,0.0
0.13007919521460118,0.18080428687628824,0.2620357168624313,0.4270808010466793,0.0,0.6214035167161913,4,4.249893237281225,1,19.011021168527062,27.673623866162266,0,0.2547002843122985,0.1300432483797277,1.6816714350885944,18.086571477464354,sunny,bike,0.5130499326219999,0.5130499326219999,0.0
0.055933438708565326,0.13919868886313186,0.3965349168170577,0.2854864271313093,0.12284652847993582,0.9757589709061063,1,12.188638616187534,1,12.026107154651452,37.9888870959125,0,0.515993368299914,0.16270691451888478,2.054743126323853,8.302966732518342,rainy,tram,0.6390132047784476,0.6390132047784476,0.0
0.18388213807503104,0.13885975882834034,0.4079560773629169,0.26930202573371176,0.0,0.6540238907526114,4,5.480313089134062,1,6.086893744226236,18.0,0,0.3032834930773512,0.4892004653882255,3.0001430196317,21.358115821238407,rainy,tram,0.48175594897286683,0.48175594897286683,0.0
0.1855903207572251,0.17517714522656821,0.47222676136160013,0.16700577265460648,0.0,0.3138205493933508,4,1.3588443749651877,1,27.737729666270784,18.0,0,0.3911614846781837,0.10989327351299603,3.532475339918373,36.8674781666589,sunny,walk,0.5453486306660065,0.5453486306660065,0.0
0.08226044152653257,0.047855294588582266,0.2808933682516822,0.24367200680734843,0.3453188888258545,0.8496468066594842,2,15.699693365887489,0,19.637330063189747,18.0,0,0.23939357825158064,0.019409837996843815,1.4769326834770202,36.945240858109386,cloudy,walk,0.6767883428654698,0.6767883428654698,0.0
0.12512841150082735,0.26470755838763815,0.4725618427784373,0.1376021873330972,0.0,0.20806648913352865,2,1.6374241986632974,1,16.155164095627562,20.61622614739616,0,0.32247191520240914,0.3294059037784246,3.3642601548185023,36.03708251260991,sunny,car,0.6621604238172042,0.6621604238172042,0.0
0.048558426094736075,0.2974905280343652,0.3808014256692211,0.2731496202016776,0.0,0.5762915047707762,4,4.452142023560202,1,19.044676336806734,38.9377697965444,0,0.3924846499165967,0.2264585330596618,2.587570608958644,30.423580707365204,cloudy,car,0.4902295541093035,0.4902295541093035,0.0
0.15190313246352447,0.3775968801544363,0.17737683695276393,0.29312315042927534,0.0,0.8679338776875081,3,3.997840043957629,1,15.581307464305143,31.840007895177568,0,0.3975221317167784,0.1668900943073885,2.0915512299706798,16.542167801370617,rainy,walk,0.46689015835714975,0.46689015835714975,0.0
0.1459483608508897,0.055838359908756005,0.45893188794201933,0.33928139129833496,0.0,0.1955383552234865,0,0.9332507388031497,1,11.301105233939909,30.16883244293284,0,0.35651526728474764,0.48381648478437866,5.840139117754651,32.11511304216719,sunny,tram,0.812187984273139,0.812187984273139,0.0
0.049226916528648176,0.1748852171851742,0.4678142051912985,0.18086731309767912,0.1272063479972,0.052461422024802196,2,5.952862971698773,1,14.303809368256276,18.68957905272235,0,0.30327257869176705,0.2346888248978867,3.4300780609502852,22.77659112424015,cloudy,tram,0.7308456661552037,0.7308456661552037,0.0
0.28952236846310603,0.10721836175457655,0.4378547485473707,0.16540452123494676,0.0,0.8997227122283606,2,4.557429881804379,1,11.948104248124224,22.17994950724683,0,0.36843561162896377,0.17272710527958268,3.6390134326870616,35.55787010394269,cloudy,car,0.5653771906526721,0.5653771906526721,0.0
0.21748155481542492,0.2213019676107292,0.45417746973258244,0.10703900784126359,0.0,0.034821547710543244,0,3.275831840508598,1,16.484138438280304,25.92235479028611,0,0.055738284413407696,0.22570551777360387,3.716477974721394,19.208799388806302,sunny,bus,0.8289535087701715,0.8289535087701715,0.0
0.07387441942234252,0.18018213830108323,0.488157717308723,0.2577857249678514,0.0,0.9403849480540166,1,4.702516526292038,1,27.19831218546024,34.74380406270696,0,0.3558784320156224,0.2827292413858648,2.340607317753236,34.25563091100724,sunny,bus,0.6359573410980318,0.6359573410980318,0.0
0.16339347634665613,0.1917509860226264,0.18012172264407403,0.46473381498664346,0.0,0.5276223749206055,1,3.971166051576636,1,23.240310872266598,19.10667387885575,1,0.43404641802557875,0.15987786522753367,3.797551437744535,18.685947982315597,sunny,bike,0.6413443763770642,0.6413443763770642,0.0
0.14292761862145031,0.17516468206522864,0.4074714217206822,0.2744362775926388,0.0,0.10197349162581715,2,10.7018789571294,1,12.168308194747878,25.53833639642043,0,0.028808882923968993,0.34381625029738727,3.8460921313377012,24.97403837181965,cloudy,bike,0.7165524521171603,0.7165524521171603,0.0
0.07990583357875237,0.22566871570175134,0.33472841167971684,0.35969703903977945,0.0,0.6580473349831985,4,1.085281655438707,1,9.382837353584168,25.959692750885864,0,0.2527857565649826,0.15017185778419512,0.9186174490011318,35.88623616134669,rainy,car,0.504835021447744,0.504835021447744,0.0
0.2097010431022266,0.11856455137863292,0.37405497279144495,0.2976794327276954,0.0,0.12709181872078712,0,1.8355405208710045,0,5.73921005847151,18.0,0,0.3049332438013168,0.19279825889308647,4.607259666943401,35.6315330003608,cloudy,bus,0.9048480900068084,0.9048480900068084,0.0
0.2430189063135832,0.10358381744374284,0.40080505156029955,0.21305148810530758,0.039540736577066804,0.37485346719264323,2,3.0825539042348034,1,0.9334102255305314,21.389340152634166,0,0.25981564800870777,0.05949189994233889,1.2613647085155701,34.41806856968306,cloudy,bus,0.6749645938375929,0.6749645938375929,0.0
0.062380976687520726,0.2518182147390274,0.5610066326023552,0.12479417597109664,0.0,0.9880857538120934,0,7.8158886591319465,1,10.833787066349167,24.06395351593258,0,0.24730156012264387,0.06992500619809527,2.7880876244225807,25.677130008470577,sunny,car,0.6932285390974728,0.6932285390974728,0.0
0.11062952668998811,0.25079710553561974,0.2527589205186107,0.3858144472557814,0.0,0.8492245774149231,3,2.50192378654788,1,8.679522855859226,27.357716118752492,0,0.4856179879064602,0.17990103851375214,1.4429930963063187,16.368802102647912,cloudy,car,0.5029422362400465,0.5029422362400465,0.0
0.07359051380389856,0.04298567036153715,0.33324347405089455,0.21296875498551948,0.3372115867981502,0.2057427651399676,0,1.2562279878161982,1,23.780388646276933,34.503130936190644,0,0.3422386410280595,0.3920715312209506,2.963860431531296,23.584331331567977,sunny,tram,0.8429958879501731,0.8429958879501731,0.0
0.14104706359254496,0.22595335857581733,0.4832514221170644,0.14974815571457345,0.0,0.46883487475418395,1,3.6445004923357605,1,5.185750718372292,22.40161853882407,0,0.12059743363684133,0.22406741107918882,2.524313440725257,38.341015820836844,sunny,tram,0.7080867405876804,0.7080867405876804,0.0
0.3882107276345012,0.05216964442035111,0.4810924674258647,0.07852716051928309,0.0,0.04645564992593365,4,11.241597939185683,1,23.35178411214226,24.615177843454294,0,0.2201507885065883,0.40463842921211773,5.819160949923338,44.9170931580048,sunny,tram,0.5601453939873514,0.5601453939873514,0.0
0.03796863343389047,0.17879740424448165,0.5329423852793335,0.25029157704229443,0.0,0.40828412314103235,0,6.8254149277339575,1,14.568021067285859,32.478716109844314,0,0.525051516976276,0.1281107886618011,4.234705800748605,7.909144164801749,cloudy,car,0.785410408729074,0.785410408729074,0.0
0.2798446812721319,0.014359080586179166,0.2733391702875179,0.2411247535157252,0.19133231433844577,0.9511634931081847,2,2.2883096655641206,1,18.965709097053818,20.81753034181193,0,0.37042863826340966,0.42533898930274716,2.2794806181570024,14.66606735246815,rainy,bike,0.5679224978194509,0.5679224978194509,0.0
0.07397092429458794,0.20813303956203658,0.34341670091019016,0.37447933523318544,0.0,0.8382452358870008,1,0.5932197411117341,1,6.70845348066673,21.691755854815476,0,0.1534719505195703,0.15347170367911306,0.45112298291113717,14.136714990188983,sunny,tram,0.6686296354128286,0.6686296354128286,0.0
0.16438282683299565,0.1099514570146939,0.5698628308772785,0.1558028852750318,0.0,0.8062623553987627,1,3.782042976404479,1,28.4083104306886,28.397750222518628,0,0.16454261662417752,0.41812551722905333,1.9770660032925305,15.916935305658907,rainy,car,0.6636721130080981,0.6636721130080981,0.0
0.14575246626151384,0.24127705614285946,0.5034878838983434,0.10948259369728346,0.0,0.5676400138867788,4,6.286560292005753,1,23.516219006797044,30.85939833593515,0,0.0,0.15759457774939573,1.970464451735337,7.310502507672652,sunny,tram,0.5197198250961866,0.5197198250961866,0.0
0.031135196840946584,0.3494647878008996,0.334348915817339,0.2850510995408148,0.0,0.9176811779418218,2,6.704143657084595,1,6.711121719799527,31.36965707535368,0,0.35542966000685966,0.2765284058884925,4.348245215700156,52.641667392388094,sunny,car,0.5337979417849527,0.5337979417849527,0.0
0.2121939030243464,0.1700985897972316,0.37911048948834375,0.23859701769007827,0.0,0.556464828114122,3,3.6879520497776723,1,22.317944105252085,38.000589785520496,0,0.22289006412211823,0.15065712562298347,3.3035970970570507,38.6112234707887,sunny,car,0.5716866384219813,0.5716866384219813,0.0
0.24060493370536903,0.17731577349969627,0.4501020695945227,0.13197722320041202,0.0,0.2292353146689906,4,0.6597908641019519,1,25.779634259464835,22.685867262178792,0,0.27307463828346706,0.20750945563545886,3.853259320327515,32.73850511845222,cloudy,bike,0.5507914047436681,0.5507914047436681,0.0
0.39191394836981913,0.17805236744617578,0.372069560617956,0.057964123566049075,0.0,0.8711037540808332,0,1.7110119800864092,1,23.394555431521294,23.92865799497927,0,0.3926826720690844,0.12440879014768605,2.9248073965204466,14.627991511935054,sunny,bike,0.6557719481862947,0.6557719481862947,0.0
0.2864747809166883,0.2621157760309145,0.2634656262320989,0.1879438168202984,0.0,0.9361127594255243,3,3.2084427895028615,1,20.373964976731212,34.462829877927206,0,0.36538656372594763,0.1293336529739803,3.1824053088777364,39.772214260648575,cloudy,walk,0.46461885194300634,0.46461885194300634,0.0
0.0807775430963369,0.055042168117658746,0.23166572490053206,0.6325145638854722,0.0,0.4055463535026914,0,2.821868785872386,1,10.139801304882567,30.845705287388625,0,0.16240967738381618,0.2007668806541906,2.4996497212949356,41.11460899681306,rainy,car,0.8314920479432188,0.8314920479432188,0.0
0.16031741357856244,0.3863289448313754,0.33758920593002434,0.11576443566003775,0.0,0.48037977404372245,3,3.59964584738041,1,23.83033181288382,18.0,0,0.26874911470084045,0.0,2.3551594946273573,17.744892367914645,cloudy,walk,0.5450445895247916,0.5450445895247916,0.0
0.07385206777922239,0.24434983341566655,0.39683074961192905,0.12495729421529213,0.1600100549778899,0.33931216494703886,0,10.114855141374822,0,21.918260853494147,18.0,0,0.4913422987739215,0.36738039651168336,3.319858834723943,44.479194060231556,sunny,car,0.8450031608977195,0.8450031608977195,0.0
0.04541466230535395,0.201373988899678,0.36624508709186643,0.07955398751770879,0.30741227418539274,0.6053935810722609,4,12.411716248619989,1,14.356303952070796,18.0,0,0.4287294794382116,0.17598151135695966,2.5634862018258664,21.675987346122177,cloudy,tram,0.5102727196969863,0.5102727196969863,0.0
0.06508066211572415,0.37851291904611156,0.28505725240875995,0.2713491664294043,0.0,0.8950586828839245,3,3.306401097163638,1,5.437857058900322,18.0,0,0.09272188436077569,0.22177091860626075,3.1803397729325176,32.447616809874035,rainy,bike,0.49797877559917575,0.49797877559917575,0.0
0.18774620638631934,0.1809667261971824,0.17415557935629916,0.4571314880601991,0.0,0.22082363593116727,3,0.8833339482930989,1,19.85652913301815,28.044157720653427,0,0.3279269670174953,0.45253457184457085,3.8900242562879535,49.23330230696057,sunny,bus,0.5954011829849438,0.5954011829849438,0.0
0.08868662065693854,0.329006198157509,0.3838168317537519,0.19849034943180044,0.0,0.23808315466893504,1,4.365288584481774,1,7.691622752073799,25.686484076688753,0,0.222414502440766,0.0,1.5191142036506011,40.33608801753273,sunny,tram,0.7352412372511807,0.7352412372511807,0.0
0.13233042840734044,0.21511292691796172,0.442576628817513,0.20998001585718495,0.0,0.3624746463337277,4,1.057304735733345,1,18.507274541683636,24.304654998727624,0,0.26455662916007744,0.22037918594773487,1.5076391261544977,47.63335257847416,rainy,tram,0.5358814635628528,0.5358814635628528,0.0
0.18967013177073724,0.13091270244495098,0.33718576366143926,0.34223140212287245,0.0,0.5505695592788598,1,1.3964896685209358,1,29.28358553000277,18.0,1,0.0,0.005515552622239073,2.2914837524093206,56.326265863250256,rainy,tram,0.6776514872399827,0.6776514872399827,0.0
0.1909589196406321,0.10598663729201012,0.5135356891622407,0.189518753905117,0.0,0.06440815151286716,3,0.6375826996874814,1,32.7596497263483,22.37783336371719,0,0.0038706149850614713,0.054132318639872584,3.297511232227011,34.72132171284113,cloudy,tram,0.6937483283446825,0.6937483283446825,0.0
0.14067790770214114,0.2810178303775052,0.2090283964804452,0.3692758654399084,0.0,0.6473041064307347,3,6.804317441841681,1,4.278067849968176,19.365810196107688,0,0.41392610658667495,0.0,3.245352830198845,5.0,rainy,bike,0.5371863166576527,0.5371863166576527,0.0
0.20833430222167026,0.27106600989011453,0.3954785752685102,0.12512111261970496,0.0,0.0892673225523134,0,1.4124334145684831,1,9.322547391665019,32.98569361358862,0,0.16205667971057844,0.47696197011259067,1.8511165251435113,27.327023619689246,cloudy,car,0.786713547061806,0.786713547061806,0.0
0.025277018214396204,0.26418466133434704,0.5124194577260989,0.19811886272515797,0.0,0.7978079160849799,4,10.447587327061825,1,18.91244815883101,18.0,0,0.19544087681797595,0.24005207799276473,1.965963176696844,24.888836560795472,cloudy,tram,0.48101001371372043,0.48101001371372043,0.0
0.15495622827521222,0.28918080175656086,0.30830137936359653,0.24756159060463037,0.0,0.05585359857084615,3,5.150871978377595,1,8.51399195512085,29.396442498065852,0,0.2987250461457898,0.3557544887808657,5.219088431826741,39.345655271902764,rainy,tram,0.6137651740503427,0.6137651740503427,0.0
0.35800892364655584,0.033391245103334175,0.24115804201300142,0.3674417892371086,0.0,0.34382805940855643,1,5.936631923786196,0,23.171871012387065,21.205589156635195,1,0.2189151902016992,0.28570989469234764,2.687728459908024,25.718643200323726,rainy,bike,0.7624903827933035,0.7624903827933035,0.0
0.22360959546101702,0.22607844051308834,0.2932953104900284,0.2570166535358664,0.0,0.845848412496764,3,3.670090503879249,0,19.657397091342034,27.42678136857951,0,0.014161425379683845,0.20071401759347665,3.7217766789717404,25.459146921799956,sunny,tram,0.6335004453575681,0.6335004453575681,0.0
0.5473597594582061,0.08444114050429545,0.23642913776330216,0.13176996227419624,0.0,0.46582307507007925,1,3.7371876730585005,1,8.11043502800209,30.79687825942356,0,0.11841112348473928,0.32740803941645524,3.2263472951326264,40.16438030797657,sunny,bike,0.6605635005902321,0.6605635005902321,0.0
0.1753609276568327,0.2503621246792065,0.48263078408314286,0.09164616358081798,0.0,0.1635106744256194,1,0.5649435992577397,1,12.70696283610797,34.249925039795315,0,0.10189532366372231,0.1131915648302393,2.2592229991169495,5.0,rainy,bike,0.7533614253238538,0.7533614253238538,0.0
0.09650974022184068,0.3493204231672814,0.3270447540735187,0.2271250825373592,0.0,0.8799407058268908,1,4.450721314571555,0,11.236936344619002,40.655463004101165,0,0.1472192081663094,0.0,2.854637152308646,16.558964326163316,sunny,walk,0.7511433287715406,0.7511433287715406,0.0
0.17270681246026243,0.26869339370723894,0.1792490641775182,0.37935072965498035,0.0,0.878036081136476,3,5.880537670272185,1,7.223183870474685,18.0,0,0.1514532919602643,0.25042402715586737,1.1843245175864967,5.0,cloudy,tram,0.5010792576855422,0.5010792576855422,0.0
0.3202975011051778,0.22367492922313412,0.3086758264057968,0.14735174326589132,0.0,0.3164315579713829,3,10.929089438716664,1,22.39785157929743,18.0,0,0.27423566422114865,0.28301332013578573,3.4375833490472325,45.381418042086736,sunny,bike,0.5586898149072701,0.5586898149072701,0.0
0.03936156122138154,0.1894011347690386,0.4093001270936312,0.22030381457186413,0.14163336234408452,0.44798427720860523,0,11.497185740866884,1,26.436809584469685,29.153426457681398,0,0.2834140601133628,0.1766793675072647,0.0,38.55320969899289,sunny,bus,0.7904446022507516,0.7904446022507516,0.0
0.3515327537626014,0.03328969024922563,0.2804319242870183,0.33474563170115473,0.0,0.9032669529047888,0,4.794025858698937,0,18.991233130190484,24.84307211454481,0,0.3356183498879297,0.20117268044386155,4.875349962861301,65.33229249738723,sunny,car,0.7468131893622019,0.7468131893622019,0.0
0.20843566580564316,0.07204026506582929,0.43625921233796394,0.28326485679056357,0.0,0.3148824338264723,3,2.317296025424417,1,13.869235273916583,25.730770873003568,0,0.41840754637930316,0.2813082530794073,3.311772672613952,21.86387062418612,sunny,bus,0.6139736979352142,0.6139736979352142,0.0
0.10975298393064799,0.1970026146333917,0.5234089295842063,0.16983547185175396,0.0,0.6458751226352375,1,3.3059931759606416,1,11.744606153790782,30.693848854039913,0,0.10325002344380346,0.12375377400015658,2.8995940867581718,26.742389713969587,rainy,walk,0.7006479393732865,0.7006479393732865,0.0
0.4544971139273667,0.09939552500713691,0.19008670116584822,0.2560206598996482,0.0,0.6534217042120195,4,5.846616220911909,1,23.202962175805144,34.70147339546662,0,0.5186320556542597,0.0,3.2031537284738696,37.28670786749721,sunny,walk,0.4535668563022343,0.4535668563022343,0.0
0.1882888549722561,0.19379669486680334,0.42356419054645394,0.19435025961448668,0.0,0.36175351235389264,0,5.808029432804252,1,5.801848217678733,35.92322597967886,0,0.294626770655356,0.5720529756143374,1.5505106770579151,38.03167278081296,rainy,bike,0.7491081138439544,0.7491081138439544,0.0
0.06726526708051658,0.19252386357201076,0.5013224102210755,0.23888845912639714,0.0,0.7910153062295894,3,3.540281412437535,1,17.357956584718618,27.52211971812261,0,0.044266790247719956,0.4037126275813374,4.183906527236232,31.016382222971487,rainy,bike,0.5535042170806083,0.5535042170806083,0.0
0.17102827767285392,0.2994479817813669,0.34779688706205664,0.1817268534837226,0.0,0.9325755305882468,1,5.858246572844961,0,13.85527203895734,22.944395055852365,0,0.4502652710019097,0.43229781093138825,2.165516771322374,41.52432764191922,cloudy,car,0.6933394502067252,0.6933394502067252,0.0
0.43464425266888435,0.10840669176293116,0.38975402312177365,0.06719503244641087,0.0,0.807103687014705,2,5.657045819976985,0,-10.80493656822576,18.118953748890057,0,0.3640707265181855,0.10143691993628501,0.1347392217582657,39.569856860976856,sunny,tram,0.6802094829480492,0.6802094829480492,0.0
0.2806514403937016,0.22176379040439534,0.29509198725581764,0.20249278194608542,0.0,0.7205126484615902,1,7.034246042175208,1,2.343236293050518,43.98799701288765,0,0.3264745689767589,0.12997848478202587,2.2192426349122396,28.599861924821894,rainy,tram,0.6311056995817959,0.6311056995817959,0.0
0.1154476009634958,0.11165471733267439,0.3668029965315349,0.40609468517229486,0.0,0.6693187865749617,0,5.056858100955908,1,10.087150258536067,18.0,0,0.16437981916858074,0.06886282772371807,2.530380880023008,12.3714325994968,sunny,car,0.7759504422098721,0.7759504422098721,0.0
0.440139291072962,0.06715981698691702,0.41400560929931146,0.07869528264080956,0.0,0.40628877012986,4,2.813128381859919,1,14.740896885708368,33.13188593709505,0,0.29108274278499635,0.07217026929755302,3.0133119483362307,31.819076350142613,sunny,bus,0.51895130316212,0.51895130316212,0.0
0.12004949875328295,0.09646354451368198,0.5525525566415592,0.23093440009147584,0.0,0.3284514984586253,4,4.4038080119643706,1,9.619278029605098,18.650388149696003,0,0.09013805991006729,0.0,2.6468195032157,46.2020564782905,cloudy,walk,0.6015343464806349,0.6015343464806349,0.0
0.24968902299400159,0.10457953982086085,0.26768228938686817,0.3780491477982694,0.0,0.56146555971941,3,8.59268643029478,1,22.6264172017722,21.178935265128807,0,0.03424888147432911,0.044273101002355236,3.1189559830709386,24.469831948363677,cloudy,walk,0.5983425670401215,0.5983425670401215,0.0
0.2377926925369413,0.16816994086493867,0.3934524441159552,0.20058492248216486,0.0,0.8133426936768944,0,2.4813724204441283,0,19.02675826157522,21.647353869884917,0,0.26194589933096707,0.004397162707264646,0.0,48.884214898623505,cloudy,bus,0.8060887918366219,0.8060887918366219,0.0
0.09455333020008769,0.20025990487863402,0.45015285416210726,0.25503391075917103,0.0,0.8651376064432449,2,1.6085530465490572,0,9.743012147783226,24.498107548371603,0,0.12493782885598922,0.09313590224769205,1.9929166808401986,44.50576944757966,cloudy,bike,0.6853703404588712,0.6853703404588712,0.0
0.33921983214144347,0.09622671964483655,0.1195405569819264,0.4450128912317935,0.0,0.45451080865831384,3,6.619071384442159,0,17.642307735850135,26.16355485914953,0,0.31000039430116716,0.26571666702324725,4.275133160590562,32.744957610892634,cloudy,tram,0.6673457823136685,0.6673457823136685,0.0
0.285224142260338,0.23217232044086017,0.3946057021476155,0.08799783515118638,0.0,0.8482111017298424,1,1.9802503745370708,1,18.21103355559717,18.0,0,0.22657434497736892,0.22975668715079411,4.601790994073214,24.663815124705362,sunny,tram,0.6111412499040634,0.6111412499040634,0.0
0.2621737417305084,0.12726031849404618,0.13695965826604475,0.4736062815094006,0.0,0.9348609957186189,3,2.450465916182519,1,20.930157183188506,32.14260516748337,0,0.23337133590837122,0.35800295339808486,0.0,39.4011372541414,cloudy,tram,0.4994312952469939,0.4994312952469939,0.0
0.08653340733826953,0.20965009877307714,0.4499353425792601,0.25388115130939326,0.0,0.4474710828935604,1,12.871675808765376,1,4.68185552415952,33.91842537761255,0,0.22810326304910222,0.12393981378544179,2.2543689178115063,23.810485994063008,rainy,bike,0.72277000270856,0.72277000270856,0.0
0.365993473779526,0.06790945671391575,0.28948278427004015,0.27661428523651804,0.0,0.9964250677145965,3,8.87705190416112,0,2.961256018713632,23.902675223221255,0,0.1728522225247177,0.3035580508334135,2.7805351757889674,12.417148184183043,sunny,bus,0.5863594895958001,0.5863594895958001,0.0
0.18893381406008966,0.17978147179793275,0.223124945652977,0.4081597684890006,0.0,0.27400179165042315,3,5.866837147100542,1,16.114440706638923,25.814873213135826,0,0.040237123751945825,0.13193298010828064,2.3418334137684162,38.314364007654035,sunny,bus,0.6326143391279632,0.6326143391279632,0.0
0.03983770822488291,0.04491875645453293,0.3818143410034456,0.2736287601346438,0.25980043418249477,0.5967739085402196,2,6.858445032655027,1,25.590374805344016,26.325402244562465,0,0.21844474202839842,0.24851931487098497,2.8494173945991355,18.302768889329073,rainy,walk,0.6837899676325333,0.6837899676325333,0.0
0.16561022437640818,0.0925809148114804,0.5003845121925906,0.2414243486195209,0.0,0.6338783969327992,2,0.9914549096707512,0,7.985496518775486,34.36025361472762,0,0.14562584438004378,0.29847780982037847,1.9524313441201326,41.724564886488054,sunny,bus,0.7070589948056731,0.7070589948056731,0.0
0.2311589425591936,0.2576634574596484,0.23311606583241698,0.278061534148741,0.0,0.35518685119244675,2,3.425557677659492,1,12.523391980601977,27.531422889625333,0,0.09848647036987371,0.040844949249300766,3.2370621858635085,19.376023880189912,cloudy,tram,0.65418961952546,0.65418961952546,0.0
0.2944394673807315,0.0687382101077244,0.4610061881098016,0.17581613440174257,0.0,0.056094901209963854,1,2.706006841682138,1,1.4964849617562965,25.083107189445446,0,0.4240155995599527,0.4504419599405239,1.4705985030494046,49.67299277358343,rainy,car,0.7418706280870382,0.7418706280870382,0.0
0.29837786921308623,0.2201625343633564,0.3519038973675808,0.12955569905597653,0.0,0.27164120444498874,1,4.904480011505786,0,13.477873211232598,23.46922193721684,0,0.26313702130991096,0.4005628467967519,2.405026040792956,33.579605367193395,cloudy,bus,0.8156137905130295,0.8156137905130295,0.0
0.06597927169753802,0.14836074412070444,0.328591399573965,0.03214983183758334,0.4249187527702092,0.005346002989708887,2,8.941242881832556,1,13.889710758447332,18.0,0,0.34040604233652616,0.22075732063043424,3.4227938934705167,32.26347127920601,rainy,bus,0.7395761273214561,0.7395761273214561,0.0
0.1329994019786062,0.2530536723357429,0.37092497907960903,0.2430219466060419,0.0,0.2955540859005098,4,3.6799532452624946,0,27.64166717564965,31.18555334855676,0,0.3520728332119517,0.09974780438060832,5.24411630466548,21.698000778621754,sunny,bike,0.6415721846336746,0.6415721846336746,0.0
0.2596363896204959,0.373982826707027,0.27687206270092635,0.0895087209715508,0.0,0.8616249728683216,4,9.717769193338636,1,14.399876072770954,24.156601376023488,0,0.5795405890645635,0.22131233482653612,3.1728593545629837,18.566428560408,sunny,car,0.3684816922440451,0.3684816922440451,0.0
0.3146860869790483,0.09360365671786115,0.38942258602923197,0.20228767027385858,0.0,0.28442875708421256,2,8.0497329727313,1,33.58420941874073,20.94841303681759,0,0.2416226928703483,0.29756276316852787,3.2357298173212783,53.52427630648005,sunny,car,0.6489820076402424,0.6489820076402424,0.0
0.12735739868658702,0.03668046888169141,0.1307364980661028,0.7052256343656188,0.0,0.08994917737652652,1,3.4089899622113164,1,8.357354347654155,37.52754060068693,0,0.4369015300248833,0.0,1.8750387531865655,22.073630250609597,cloudy,bike,0.8100314917844408,0.8100314917844408,0.0
0.2585588891041351,0.05097979422048047,0.448985221601551,0.2414760950738334,0.0,0.41733843274401516,4,2.9425530405614384,1,21.559568912274298,26.81186438074958,0,0.41368786965872767,0.22021450680642712,2.856804099822734,13.257973911225736,cloudy,bike,0.53731592193102,0.53731592193102,0.0
0.2129021123589947,0.3185900110537827,0.35172070102288566,0.11678717556433675,0.0,0.04809653173281281,0,7.712327457492728,1,22.717982187022727,18.23173815092014,0,0.3706122923633422,0.3582229193543101,2.7725237665825744,18.46555251374274,cloudy,bus,0.7698171544278964,0.7698171544278964,0.0
0.24521051975688432,0.20708548145846797,0.37240637989397496,0.17529761889067266,0.0,0.907871136773861,4,1.5676505286330733,1,19.07308908275287,31.345813138183715,0,0.1257779850376075,0.07467714413956239,2.2086684066976408,28.368004664717,cloudy,bike,0.4526959549534226,0.4526959549534226,0.0
0.3147005401218604,0.155631152320681,0.36815515067857985,0.1615131568788787,0.0,0.8882171168939986,2,3.7004937101503543,0,28.833980769826645,19.16050072582499,0,0.37795864720518346,0.308475170033635,0.7457570209829649,35.706553620703325,rainy,bike,0.6534545632969614,0.6534545632969614,0.0
0.3128493049963603,0.20748475070670572,0.18563655165211915,0.29402939264481487,0.0,0.3255911874086196,4,1.1568970758592088,1,8.261650962509554,26.96950958056524,0,0.3843697215816354,0.014656056923265742,3.3102365307987047,39.57460071196493,sunny,tram,0.5181554816369627,0.5181554816369627,0.0
0.061642149304743946,0.2947788501483928,0.3344198280107128,0.3091591725361504,0.0,0.6256284953228929,3,4.368695882198784,1,19.979192046992438,26.026059047380794,0,0.16377656972059762,0.0070763672773528075,1.1423874482681924,31.38962674225299,sunny,tram,0.5709585064697369,0.5709585064697369,0.0
0.4110217523395177,0.08008080741425586,0.31554420556569357,0.13415494744412274,0.059198287236410185,0.6751907065812134,3,1.3772411839485654,1,3.3019407858724037,20.69433463268689,0,0.0,0.31135767395198566,0.7689791847389675,8.138010266961242,sunny,tram,0.5458170242043292,0.5458170242043292,0.0
0.36489872218990316,0.2229555596586317,0.2642428872761084,0.14790283087535674,0.0,0.25553125881731964,0,6.305907369686344,1,3.9127908486481005,23.875437300732884,0,0.2121750608029037,0.13848097237140167,3.142650544435174,39.31321550128207,rainy,bus,0.7569600809167006,0.7569600809167006,0.0
0.19765671934395637,0.057174061732553655,0.5100535869364782,0.19782690187136515,0.037288730115646596,0.46144092292263006,1,4.693965290593625,1,12.560007307370931,26.21970208823554,0,0.4634415394729672,0.2060343868274581,3.0256156199566298,18.273605097966932,sunny,car,0.7167548670492258,0.7167548670492258,0.0
0.10254160121901605,0.15797465656756166,0.4457723161621733,0.29371142605124895,0.0,0.2858109807643998,2,2.9922212010661156,1,7.393435358405634,22.56411000408633,0,0.10192186615433732,0.2710551062970865,2.879060841264707,27.383919261108325,sunny,tram,0.7005038429372941,0.7005038429372941,0.0
0.14359367771771453,0.2316182286942963,0.17814649632001897,0.2855266174042929,0.1611149798636773,0.37389989921842537,4,0.4190432864592644,1,20.970110755011284,31.90694220354321,0,0.3559484273477032,0.2090084878854428,3.396195927070665,8.879163410923933,sunny,car,0.5257325036877194,0.5257325036877194,0.0
0.1249819505522993,0.09096913797874263,0.23102103142168567,0.5395442613041165,0.013483618743155956,0.28516995795409283,3,2.38606312106664,1,10.736582752158421,19.768037775614346,0,0.4209704702156064,0.2284930173555253,2.0065027559002186,10.361602887467075,sunny,bike,0.6327056629778008,0.6327056629778008,0.0
0.1869110131759177,0.24996933151403095,0.365719327997721,0.19740032731233026,0.0,0.06098354057676858,1,6.3773516744207965,0,24.281128289582064,23.840025533356012,0,0.13551759403153582,0.2601586620617155,0.6208414885241802,29.859795611660175,cloudy,tram,0.8652594163446574,0.8652594163446574,0.0
0.14376182064705686,0.3492561644908476,0.3699889888965559,0.1369930259655396,0.0,0.8203942122710164,1,6.262076344752572,1,-3.2500506360548336,30.977689025196565,1,0.23668125923714906,0.2595813191012363,4.017336124913455,40.36781799211012,rainy,car,0.549453698815589,0.549453698815589,0.0
0.23763945997708202,0.06979990471393904,0.40144191869074675,0.2911187166182323,0.0,0.8988019766115649,4,2.032695648024461,1,2.346761152588055,26.103311792832802,0,0.32712859894652635,0.3150059836071307,4.822524946372377,20.574472150084876,rainy,bike,0.460361467512611,0.460361467512611,0.0
0.35231865647341226,0.11595920278668519,0.35980061867065033,0.1719215220692521,0.0,0.24178780334949568,1,3.802980402151596,1,7.183689926908487,28.13317847597201,0,0.5479642353270675,0.045018936528299275,3.7150467667265685,24.937776299415443,cloudy,walk,0.7116496570932374,0.7116496570932374,0.0
0.07158984561902637,0.1460499480137461,0.4705212349437154,0.3118389714235122,0.0,0.5564356816433609,1,4.701124019325767,1,14.439914785775315,24.506771644632416,0,0.35834065570607665,0.3658522355105941,2.2334229865441673,18.29455865706995,cloudy,car,0.7011177772547129,0.7011177772547129,0.0
0.22911737020945042,0.09189664596566381,0.5684745174255265,0.11051146639935926,0.0,0.268221534233824,1,3.3314168782732083,1,22.21715859804206,25.314088295209057,0,0.1217510262023292,0.43352254749391583,2.511869063517709,25.930273244453954,rainy,tram,0.7443598231347622,0.7443598231347622,0.0
0.39074665004318304,0.02468623150439251,0.30707930185592913,0.27748781659649535,0.0,0.08211331390290644,0,2.6247814619243117,0,36.430585183718335,31.916496269899607,0,0.16824957043842032,0.07997383422640525,2.892691205752266,29.532256945401468,rainy,bus,0.9308530494109462,0.9308530494109462,0.0
0.09830450147576121,0.05143284677326282,0.23801690714544643,0.36275756785001706,0.2494881767555125,0.7908760950123415,3,4.477949865415769,1,14.452473116994579,38.140988876090624,0,0.4216241911365851,0.10843947865796863,1.2413966560779552,18.024036810888074,sunny,walk,0.5738350205650361,0.5738350205650361,0.0
0.1850644123020327,0.15967070496177782,0.47710873800218634,0.17815614473400307,0.0,0.719015470126292,1,2.836708359972936,1,11.034978560826772,20.552390430351434,0,0.4598707326117887,0.23072345446152115,4.293873645989644,21.1687458278947,cloudy,car,0.6514308045333587,0.6514308045333587,0.0
0.21597575084365558,0.3276623537177184,0.39947636333467545,0.05688553210395047,0.0,0.9626325183034349,4,1.422756154129604,1,21.756949954643233,22.365707750583326,0,0.1734021129341482,0.37799613728075515,2.964136804515644,9.025805401700602,cloudy,tram,0.39654461910439953,0.39654461910439953,0.0
0.024383814845384884,0.20041682781677145,0.20864007153653863,0.5665592858013051,0.0,0.06648391775714302,0,3.8868481151697747,0,23.96019240919384,18.0,0,0.29458076481011103,0.13762513954000483,2.546000908551794,33.743882841582376,rainy,bike,0.915785593697586,0.915785593697586,0.0
0.12686557986377414,0.2161445662368517,0.4818960829729978,0.17509377092637637,0.0,0.316311726077978,0,0.8792044209841561,1,13.77981522882051,35.432690338855465,0,0.20705854367607077,0.3572223397851899,2.3445717968998947,16.14316107692591,cloudy,bike,0.7836743032531932,0.7836743032531932,0.0
0.16316187227961912,0.3003957416819737,0.2995544658333172,0.23688792020508997,0.0,0.2686293110026531,1,19.60613281788389,1,11.210633110903107,18.8038832281208,0,0.3834301249348934,0.019298238211142155,2.4728518787613285,28.828009860385066,sunny,walk,0.7052989073505685,0.7052989073505685,0.0
0.3178982457716095,0.19562917529939738,0.37078085798638044,0.11569172094261264,0.0,0.2015697460474397,4,6.200953723605385,1,29.912785620392356,19.014178387905346,0,0.15264625901496875,0.45518265647993117,2.859306483303479,26.594641614037563,rainy,car,0.52644836252922,0.52644836252922,0.0
0.20484660608048189,0.1867285048988631,0.2638846686838125,0.34454022033684245,0.0,0.06577818777042832,2,4.760312514859365,1,20.687918576004947,24.9439720419063,0,0.69121932602522,0.30924515852568757,3.7679016487861374,12.075380093962444,rainy,bus,0.6627019739034293,0.6627019739034293,0.0
0.2224549799509401,0.27874792968957784,0.4431375235738533,0.055659566785628785,0.0,0.33799322180161506,0,7.421203945824473,1,17.91665276138416,31.69226435932939,0,0.01252505407316895,0.27418327431295725,3.2252742780526527,29.822944411830175,rainy,walk,0.7632664900783666,0.7632664900783666,0.0
0.2120840663315261,0.22031787259389923,0.4009531407714927,0.1666449203030819,0.0,0.9690433506396365,1,2.861913270183205,1,27.598659941711333,23.9579338035275,0,0.3011284373221237,0.14008763654997036,2.6819477199457538,24.44825365692575,rainy,bike,0.608245029948363,0.608245029948363,0.0
0.2590199852151923,0.15857357519150664,0.35745996734127045,0.22494647225203054,0.0,0.48851754437907025,1,9.26523789752878,0,8.137681686708397,27.533039700657316,0,0.21458934786064013,0.08097200634744003,2.2463221236692563,32.58347386054203,sunny,tram,0.799375606702747,0.799375606702747,0.0
0.1533103852503977,0.0871050835895098,0.24008146066065578,0.5195030704994366,0.0,0.6479308871405826,3,0.9100536487229927,1,25.774567861313457,23.142970331022173,0,0.35417357353581536,0.17434401952334197,4.256922630839477,33.19015763236459,cloudy,bike,0.5789618664866873,0.5789618664866873,0.0
0.13991795890995912,0.2686194511283872,0.39128415266045147,0.20017843730120222,0.0,0.44175486518637097,2,1.924296985189499,1,1.3269246820482383,23.01168495079482,0,0.0,0.2843892266226607,1.0166256596085042,24.67078402143201,sunny,bus,0.6474105467207398,0.6474105467207398,0.0
0.32216318980995345,0.051878761058264306,0.406966611242193,0.2189914378895891,0.0,0.17075951200724793,2,0.7701678057653358,1,26.0865234725037,18.0,0,0.5102809315234884,0.33135903631476654,2.0727219287638308,24.62323544838308,sunny,walk,0.6716451079009205,0.6716451079009205,0.0
0.24264264427307108,0.18493727499336246,0.379088960379247,0.19333112035431943,0.0,0.3861477025506538,0,5.777213289283273,1,7.924767903754303,27.122030099459973,0,0.5675049866464017,0.3325297375883171,3.8027413067233846,24.50815008202353,sunny,car,0.7317441808042405,0.7317441808042405,0.0
0.2151339939627686,0.04801630145907459,0.6665809378304521,0.07026876674770456,0.0,0.8070513729553875,4,2.4320831787611135,1,16.04564475612915,29.20636112226921,0,0.2325795579563707,0.22743300866648103,3.4386109957258197,26.497274881102605,rainy,tram,0.4969938661154945,0.4969938661154945,0.0
0.14860603913789616,0.18665965649952032,0.33798682595431906,0.32674747840826446,0.0,0.4976303618132776,0,4.3016730617968655,0,21.479105759464346,21.52132608900704,0,0.15478891375565318,0.27915805985790054,0.034357202843809276,23.445491922749603,sunny,bike,0.8507670658838177,0.8507670658838177,0.0
0.11144332755779317,0.28463550926851505,0.27874301892450354,0.1499299721231793,0.17524817212600896,0.605082799847019,2,0.9722906794965523,1,0.8342689955976894,21.4918345054537,0,0.24877825970206796,0.2191159843163637,4.15412437443214,17.69138150721419,cloudy,tram,0.6085261408907757,0.6085261408907757,0.0
0.24159057136699835,0.16028475394665234,0.3629236628635364,0.23520101182281286,0.0,0.9817942815229905,4,0.9727583072589012,0,22.041554716773422,18.0,0,0.05159565716232625,0.30877857576485296,2.0668925746994016,17.777047220749914,sunny,bus,0.5419636749244117,0.5419636749244117,0.0
0.32189391471758466,0.1963547906873826,0.14905985831126659,0.31363013472600443,0.019061301557761756,0.8772496314004613,3,7.599710181552769,1,14.56932450542921,32.29500292192123,0,0.5166153198785199,0.29739822220125983,6.522248391103141,24.82997971535061,cloudy,tram,0.4164659074650996,0.4164659074650996,0.0
0.42554472745233946,0.15689994515465117,0.2770604901480591,0.1404948372449503,0.0,0.0202519548401614,4,4.070174442489374,1,4.9919075653242615,30.097435429709556,0,0.2673089166652016,0.25783965990900426,3.917325345911113,43.123957168761365,sunny,bike,0.5498722424231681,0.5498722424231681,0.0
0.1051074573948498,0.08440705303857,0.47442926339412644,0.33605622617245373,0.0,0.21654452459930718,3,3.8322893221523473,0,8.182010795333463,25.440170406431573,0,0.14746991254296918,0.0,2.750646741675729,29.5743945287178,sunny,bus,0.7296522647243098,0.7296522647243098,0.0
0.2872218221966256,0.002886151465614144,0.19467162565105733,0.5152204006867029,0.0,0.8276931513450339,3,1.2810623807193504,0,16.084434466346494,32.708472662716915,1,0.3742943937607125,0.728583120452469,3.8100189765217376,29.07609347468038,rainy,bus,0.5385696127210158,0.5385696127210158,0.0
0.3386742519198362,0.22040820786093385,0.2372602021590711,0.20365733806015893,0.0,0.15483231235056683,1,2.6000927475092257,1,6.778713820744461,33.3489560190811,0,0.09141599354909619,0.0,3.671121644059925,35.26485678268804,cloudy,bus,0.7388490581026262,0.7388490581026262,0.0
0.2547040941132727,0.38819384122460177,0.30361945836021836,0.05348260630190705,0.0,0.31179387920916446,3,3.816916189246444,1,16.03055471978504,31.2188325206645,0,0.36328008447578714,0.1840781397023406,2.000200028478751,14.828817695588718,sunny,bus,0.5350536060556816,0.5350536060556816,0.0
0.09605052637511306,0.1733824348500096,0.2797459973699443,0.45082104140493295,0.0,0.870334022335403,1,3.042369592283085,0,36.15884089349942,35.35605137779996,0,0.12159250180966666,0.19570259028548942,1.077515910176349,45.20117696697618,rainy,walk,0.7370607557800839,0.7370607557800839,0.0
0.12805634562619828,0.1560932055264692,0.12954531509243666,0.5768137179674834,0.009491415787412416,0.9023672548221657,3,3.860067102323611,1,-3.1733064979573165,25.375206417823183,0,0.32883726947906544,0.11738247988205815,3.773403776806492,28.691194040541188,sunny,bus,0.5301868747535181,0.5301868747535181,0.0
0.15419533967845248,0.1629632092993487,0.2973922460995561,0.38544920492264273,0.0,0.28149387836060635,2,10.119551028796838,1,21.48564475500838,28.128547915001054,0,0.42714675062919294,0.29822651131496747,1.5762542651552687,21.341692365867303,rainy,car,0.6623904726072829,0.6623904726072829,0.0
0.20585204090502987,0.17763964405694307,0.4029674389303259,0.21354087610770103,0.0,0.8833418146169913,4,11.155205652589725,1,23.54583336840798,38.09355208850404,0,0.30487655542916003,0.08727942182876225,4.842965263947495,6.514214122294103,rainy,bus,0.4535390674819928,0.4535390674819928,0.0
0.14983059042982394,0.033310617616630435,0.489499284615191,0.32735950733835467,0.0,0.9695887149716749,3,11.092940768709544,0,14.479104482245605,18.0,0,0.34710825177246185,0.2756753514790633,1.4090910265022154,24.742313249316506,cloudy,bike,0.5747477455296096,0.5747477455296096,0.0
0.16445685686345685,0.16262141802504487,0.3873660734677891,0.2855556516437092,0.0,0.7096676431897095,2,4.894047709652581,0,9.486178338593305,34.60727760740825,0,0.05619436602859165,0.3415752870815402,4.51534052937576,29.835829515956217,sunny,car,0.6996530335024324,0.6996530335024324,0.0
0.30908370795933404,0.12352871817546655,0.21477141722330467,0.3526161566418947,0.0,0.9620162904049766,3,0.9299189716264453,1,13.404807418054354,49.06085956506621,0,0.09969467742855159,0.49952114627986927,3.5267791962680364,25.708236085285634,rainy,bus,0.48900147373157177,0.48900147373157177,0.0
0.06332824223795738,0.25712293872912095,0.34888478503708176,0.3306640339958398,0.0,0.3270933178452997,1,0.8569266801190143,1,21.335290641821395,35.281017451472614,0,0.2650157945665247,0.0,3.7167503772006873,7.9604393602148775,sunny,bike,0.7413505937186118,0.7413505937186118,0.0
0.1603037661451569,0.21703758714609164,0.516890195903806,0.1057684508049453,0.0,0.8983464606674074,3,8.201190211757142,1,13.565919145752042,18.0,0,0.13632377090217224,0.11192470853955065,3.2199579883482015,38.4716336435555,cloudy,tram,0.5223156286680923,0.5223156286680923,0.0
0.19351471892710143,0.16043161087787022,0.5028044409361073,0.12681082536598373,0.01643840389293727,0.17779372276784655,4,6.3924851851985895,1,-2.404831936878068,18.0,1,0.06021222913421276,0.30409699244096844,1.2933511175206902,28.604377893657475,rainy,car,0.537154647668102,0.537154647668102,0.0
0.3839136522032682,0.15124151221808954,0.23380178908259716,0.23104304649604515,0.0,0.002756630647653746,4,9.572157742216518,1,14.50353982236629,43.94128215690173,0,0.4587003294259352,0.1159198088809242,1.869841642763638,36.04659233380186,rainy,bus,0.5526369637735912,0.5526369637735912,0.0
0.1224385008300565,0.0687067252572389,0.5578246282103045,0.25103014570240006,0.0,0.0859626956740821,4,4.828144760520428,0,12.902242184410687,27.720735521266548,0,0.09742110419166558,0.2919292192976864,0.8842932847734357,22.86253358079197,cloudy,car,0.675761697527398,0.675761697527398,0.0
0.2611277013684164,0.22299024908206017,0.2924597327089176,0.22342231684060576,0.0,0.6621798687914451,3,1.0256988915262435,1,11.020278393012124,29.064698287386033,0,0.3856370380599175,0.3477341134461248,4.1329554221352796,31.42515332635381,sunny,bike,0.5091551685212188,0.5091551685212188,0.0
0.2444769409694838,0.23473036876682118,0.22920053423663994,0.22176120121577905,0.0698309548112761,0.7755236200131317,1,0.8763374031602995,1,21.347002705838165,20.76690067898506,0,0.2678112825978138,0.28379185909037674,0.9294898569942487,21.491958416511615,rainy,bus,0.6237674595744613,0.6237674595744613,0.0
0.22855578502623927,0.20985847057442583,0.48420782493965797,0.07737791945967676,0.0,0.40385413752321153,2,6.573306224095537,1,18.83374698809544,30.026597404554995,0,0.4851807371835037,0.2133724060468745,0.9127724294843287,17.302125453881928,sunny,tram,0.6184418855142716,0.6184418855142716,0.0
0.05038090347488378,0.1865246043956406,0.3731569655480574,0.3899375265814183,0.0,0.7216075468957713,3,2.9809864886140836,1,17.34384116801565,23.913367560989506,0,0.03077178307759096,0.23092999214952845,3.9594266582948885,26.465474901429186,sunny,bus,0.5811448190281783,0.5811448190281783,0.0
0.23655578740536606,0.13274566064049662,0.31923247857363996,0.3114660733804974,0.0,0.512867782372741,4,14.416067856284068,1,24.044864708172867,33.10535173959043,0,0.2181927901669245,0.06408861607381347,3.8861003533052827,41.337104456216665,rainy,car,0.5241304495387885,0.5241304495387885,0.0
0.145229348540018,0.18240994198647975,0.12497626210047096,0.2955606520714831,0.2518237953015482,0.13404578489300156,3,5.255670196362643,1,12.511065803447641,28.454365928541588,0,0.3690922106403582,0.2297863199317046,0.0,29.424212605677837,sunny,bike,0.6328173998267759,0.6328173998267759,0.0
0.17028528337169732,0.23090687230393658,0.24347346245440277,0.35533438186996336,0.0,0.56066030727048,4,0.9356609353924319,1,25.832153921865512,21.421712515430876,0,0.23223909034778384,0.018694191848080632,2.7926629269498604,22.506671051087668,sunny,car,0.5120002836207577,0.5120002836207577,0.0
0.3213332418971038,0.17484037167918173,0.40137716155987013,0.1024492248638443,0.0,0.374325941864708,4,1.2172095522740902,1,24.72558678419115,30.28917646697844,0,0.4436078367673185,0.19839011268816392,6.0669044826103296,9.204761781581027,cloudy,tram,0.48088250421227513,0.48088250421227513,0.0
0.2302343085308304,0.06407888780727983,0.423270109780929,0.28241669388096075,0.0,0.5277393858261926,1,1.9707288064384867,1,23.870233813466307,21.122136437865656,0,0.15896889627613892,0.35080624105238056,3.251337488951182,39.9401154874461,rainy,bus,0.7127112048649198,0.7127112048649198,0.0
0.05529176781018963,0.15161527208919523,0.4194811459936766,0.11225825981080721,0.2613535542961314,0.6474598451351871,0,1.3264410638262834,1,9.777036413224375,38.403491472025195,0,0.475399359557478,0.4695010400915139,2.0363373289351996,21.1329755338534,sunny,walk,0.7336163990702648,0.7336163990702648,0.0
0.27694658523843546,0.18456313207093544,0.3936118119582207,0.14487847073240845,0.0,0.787554342660947,4,2.58081895021911,1,18.21503487144519,23.35830727133979,0,0.0,0.07610745449524292,2.6103972882370328,22.651305139330578,rainy,car,0.4803125683060206,0.4803125683060206,0.0
0.26537009451504023,0.3569390268364175,0.3003736459544698,0.07731723269407255,0.0,0.8016146689419824,0,6.065308475250501,1,-4.645267539880237,25.120284473559664,0,0.2390469848171208,0.18057845975763767,5.412340005883523,9.979368150941543,rainy,bus,0.6507020758564518,0.6507020758564518,0.0
0.21349019509008005,0.07023770947708345,0.3880485670950993,0.2306662090417469,0.09755731929599043,0.6561540831941713,1,6.03605749695921,1,31.185760090101272,25.07183498618964,0,0.0,0.3260317325337078,2.115145156595956,33.09840447722733,cloudy,bus,0.7052161032595184,0.7052161032595184,0.0
0.010635292625763319,0.16938011569443825,0.3356594027545527,0.4843251889252458,0.0,0.043425285859561846,2,8.68196100045446,1,0.8584660233260895,23.055034331803704,0,0.4741039203228927,0.3310830041262939,3.3498403307993008,39.080640902223905,rainy,bus,0.7226243173926469,0.7226243173926469,0.0
0.09709220827267082,0.12364383057516934,0.39193374434733,0.38733021680482976,0.0,0.7517076355532254,0,3.5158607484968085,1,14.954785872101715,19.11621290041715,0,0.20401001442506855,0.29908960768387033,2.9639594402600777,22.214003196656957,rainy,walk,0.7463449354918285,0.7463449354918285,0.0
0.23061595150098088,0.28235696426821755,0.4541170363976334,0.03291004783316814,0.0,0.11940990873490076,1,1.5465373732076761,1,25.97698584677464,23.05248403486045,0,0.4790156716901092,0.282379378104981,0.6650594187754253,35.85455304368463,cloudy,bus,0.7036675352114671,0.7036675352114671,0.0
0.1692092050083375,0.10216612832322564,0.05263317190406691,0.519030371808461,0.15696112295590892,0.22161443314233797,4,8.103773892390052,1,27.872782027471885,31.71237389176534,0,0.10861076286390606,0.3053402731066476,2.421284360231867,29.600935793554807,sunny,bus,0.5879281523072908,0.5879281523072908,0.0
0.24227678899904023,0.38692288007831166,0.3306733639951085,0.04012696692753963,0.0,0.5764264781582075,3,1.5946496752403816,1,4.759668031303669,34.175164235204235,0,0.22590742565791325,0.28787514960103777,1.9616771055300375,44.16168220347281,sunny,tram,0.5001073706677437,0.5001073706677437,0.0
0.09576621832431353,0.174495408688587,0.5471787511382673,0.18255962184883223,0.0,0.37255401341190086,1,6.345020802073192,1,21.091268193694994,26.927784075846642,0,0.4098410349680376,0.07123725016031818,1.297605932356027,41.80055196037088,sunny,bus,0.7329180108707601,0.7329180108707601,0.0
0.13758566141453932,0.11117274646547207,0.4226300443070508,0.3286115478129377,0.0,0.9151849813518153,1,8.010010417685626,1,11.809462524888506,22.674549687316304,1,0.24561187304233753,0.2914246972818053,1.3483654893653838,45.58663763702522,cloudy,bus,0.6210924814979065,0.6210924814979065,0.0
0.30053526311686074,0.05155628587237986,0.34219988275028745,0.30570856826047205,0.0,0.4944142702175518,4,1.7898926315151813,1,13.27865303197027,28.627905390544598,0,0.488407432160435,0.3591709535739377,0.5099372065746337,22.22210523850991,sunny,tram,0.503453761960253,0.503453761960253,0.0
0.14749777687232554,0.06150991729768342,0.31677675366405217,0.19948805671238456,0.27472749545355424,0.8176817296056601,1,0.7469240278864857,1,34.94931690044457,26.655638339546222,0,0.43334633875244843,0.09428728364892358,2.5633421175168487,31.296735028627374,rainy,bus,0.6785331631949288,0.6785331631949288,0.0
0.19642991922298447,0.2539868611141756,0.451435618692551,0.09814760097028889,0.0,0.02998141618166683,2,15.017977195326733,1,14.323001113543796,34.12022558900271,1,0.16777060178268638,0.22081899300944866,2.376501021704602,28.50382480791221,cloudy,walk,0.6388680001571398,0.6388680001571398,0.0
0.2364240869160506,0.13420224483646223,0.269134438560407,0.3602392296870803,0.0,0.22044969740263576,4,2.2527778577492654,1,17.328912908001946,22.00014312889653,0,0.4403894401284145,0.3842769693940429,3.7229195322223605,29.50645664392378,cloudy,bike,0.540090114069462,0.540090114069462,0.0
0.1742360639247912,0.2898421538818678,0.1936334319678024,0.34228835022553866,0.0,0.6971972867663022,1,0.03437987290477376,0,19.233713040625304,33.060027636870835,0,0.16385760675276823,0.1932489275699749,3.397027149100647,23.94167236364143,cloudy,walk,0.7683158190639829,0.7683158190639829,0.0
0.22333601473745116,0.25232585144565434,0.1864958527150654,0.337842281101829,0.0,0.44143755429066134,0,10.706881975392198,1,11.309267747341591,21.356057438443543,0,0.14882668966494011,0.17752740232552006,0.5217830732492166,26.756248612823516,cloudy,walk,0.7477745448217518,0.7477745448217518,0.0
0.16896148981547757,0.1282252852434534,0.4984663439924163,0.15674969611531384,0.04759718483333886,0.11220308710176141,1,2.1698768516635387,1,9.718901339907166,29.22019766364465,0,0.1761597585842239,0.05494190081115141,2.2178673328308753,30.740458377676813,cloudy,tram,0.7915171236297952,0.7915171236297952,0.0
0.0608115490966255,0.06849682969764238,0.6002779874372619,0.2704136337684703,0.0,0.8536340926265088,0,1.3749028896280966,1,17.22536439163383,44.09994470598633,1,0.27261743304266767,0.14916835869866085,1.8279772959751488,21.421768753728912,sunny,car,0.7399461586227583,0.7399461586227583,0.0
0.12339426953043824,0.08346089786097319,0.49356131725632935,0.29958351535225924,0.0,0.14443170704795838,1,2.321498816120952,1,20.753767209815656,19.857403949664622,0,0.18420385093406078,0.060542443041044,3.774567056016225,32.14337170269326,cloudy,walk,0.8052714106581305,0.8052714106581305,0.0
0.25610701222144416,0.0502121026126799,0.4981095003207284,0.19557138484514752,0.0,0.7487958261266928,0,4.597336501596952,0,-1.4170391855921416,29.76807252275059,0,0.3542454140554103,0.4208647202771948,1.276036985121339,31.18231779295052,sunny,bus,0.7854253557201858,0.7854253557201858,0.0
0.15330995494443508,0.1328060721223224,0.5065012011848498,0.20738277174839284,0.0,0.4431723607724035,4,3.1925002795996287,1,25.698961439008237,21.376472722206845,0,0.17664089917170855,0.24277059131887296,2.046192942059072,10.076228463158351,rainy,bus,0.5483006437254906,0.5483006437254906,0.0
0.2415263896019593,0.3183116897114846,0.3095212478980181,0.1306406727885381,0.0,0.6599046935996582,0,3.6525276749782862,1,23.679175934616442,26.491294430698098,1,0.33887420942875746,0.0628084539250448,3.3000204110051543,20.86720034374864,rainy,bus,0.6218049520851952,0.6218049520851952,0.0
0.08627276522209129,0.08770380435731377,0.48536685985682226,0.3406565705637727,0.0,0.9594558761054295,2,3.0896496993832123,1,7.9827221684123195,20.761606681652573,1,0.298707934015714,0.24596760305386461,3.9364474920263546,20.62691467626647,sunny,bus,0.5798170027621155,0.5798170027621155,0.0
0.19877436050907465,0.1454964379733273,0.3406379258051381,0.31509127571246,0.0,0.013608559186134905,1,4.989331444466725,1,4.059423499229487,20.01902714122413,0,0.12239322783372408,0.20570640393357265,3.4146060439926034,29.19665833226612,sunny,bike,0.7907653338541238,0.7907653338541238,0.0
0.3494115248064085,0.09150132775568098,0.36422293115774584,0.19486421628016456,0.0,0.7622183385662746,2,6.979919801999832,1,12.406531316130934,24.912723338293972,0,0.18087274649222512,0.07039219414255735,4.665644382720832,29.140689015466172,sunny,tram,0.598273833855106,0.598273833855106,0.0
0.3028989893601843,0.17947300079654216,0.22795193680487993,0.28967607303839354,0.0,0.9284708463298558,1,7.169172746982578,1,24.039339932857544,32.508161316818544,0,0.23242919473731632,0.2326815631151442,2.4354118487435703,22.741898268533202,cloudy,bus,0.6045770683552303,0.6045770683552303,0.0
0.23626283219849617,0.2026418561054958,0.45744721621493667,0.10364809548107129,0.0,0.6196786660192791,2,6.7538894781223044,1,21.40419618817076,30.458510638617437,0,0.08343297840156291,0.152505650557122,1.9278985144423089,23.476600933416776,sunny,walk,0.6174140241408239,0.6174140241408239,0.0
0.18540609760783758,0.10356771343570084,0.17802646043670917,0.5329997285197524,0.0,0.17580056832050817,2,1.9254815212464715,1,13.542924532376336,27.560891064904112,0,0.312618047330044,0.31589382494624146,4.31458910007626,50.83029524356219,cloudy,bike,0.6895856707356629,0.6895856707356629,0.0
0.19286949854303076,0.24396573958584794,0.20668932919033348,0.35647543268078785,0.0,0.037948315613631545,0,13.509107585440159,1,24.544221177323664,18.830529616257436,0,0.38171363871789044,0.0,5.745649996116193,5.0,cloudy,bus,0.809280322486594,0.809280322486594,0.0
0.2343251413957225,0.25005435525398584,0.26744339003023904,0.24817711332005268,0.0,0.4688023136404369,3,0.8187397759510493,1,14.186347347996934,25.969638743266884,0,0.23519016993750463,0.2610375837765869,3.4923060657998386,41.194967853895555,cloudy,tram,0.5546584371251956,0.5546584371251956,0.0
0.06444835017221102,0.10937828380582845,0.4263598003078971,0.39981356571406346,0.0,0.8393959457353589,4,1.8104001655964987,1,10.105699273633512,28.70118289683694,0,0.22012632982882951,0.17788494079014242,3.7108185557727706,5.0,sunny,bus,0.5087226318032672,0.5087226318032672,0.0
0.13610037482740744,0.06383891663975888,0.2229262839969694,0.34661782993848156,0.23051659459738272,0.02211200240675204,4,3.849000413142877,0,17.148244219321818,20.303715519029545,0,0.27749872377115065,0.15636343968472505,1.5152885308472137,43.42194751126982,cloudy,tram,0.6816278436198754,0.6816278436198754,0.0
0.3750518156254238,0.20051743899255633,0.3391515560332452,0.08527918934877465,0.0,0.44117142965569967,1,5.9592171633420925,0,3.9161714458569747,20.304209232208954,0,0.237437384612067,0.3596013325657007,1.702733363953416,5.0,sunny,walk,0.7932702477028281,0.7932702477028281,0.0
0.2758996439551435,0.028986855696599353,0.4154677617898428,0.2796457385584143,0.0,0.6009441438767762,3,8.391261807571032,1,10.555630010574095,26.888335595226547,0,0.19668987464531199,0.0,2.7066158935159703,30.05137272181961,cloudy,tram,0.5968531773126692,0.5968531773126692,0.0
0.12643153939400004,0.04485446138153551,0.57712446502661,0.24521662890852045,0.0063729052893339855,0.9135491193673428,0,2.3535263301165976,1,11.935924066533836,36.180439097115354,0,0.24770791747346033,0.07293758261755659,5.313455868653251,25.53546836146968,cloudy,car,0.7459759880176258,0.7459759880176258,0.0
0.03265165938625409,0.16474221612725554,0.45596502724447996,0.3466410972420105,0.0,0.17535742818973543,4,2.63912846798589,1,1.925788162664336,26.66050949448215,0,0.47369241629504333,0.26064644210606924,2.1786057293117858,19.104516714393043,cloudy,tram,0.5830790723407933,0.5830790723407933,0.0
0.30613108460342475,0.2804265838412038,0.3522874556028653,0.06115487595250629,0.0,0.6129633286399143,1,3.002799790325564,1,13.121254526345771,18.072975718694266,0,0.38396736384927227,0.1337814860358604,3.7494770031858082,47.26643953211447,cloudy,bus,0.6230417365072383,0.6230417365072383,0.0
0.2253560677912035,0.2164132627817498,0.4304833143413504,0.12774735508569637,0.0,0.44610417740303465,2,0.9229408039640237,1,16.86824825416565,30.55331529946129,0,0.2451482664860094,0.226064289472634,1.6300589763356421,40.06030838624725,sunny,tram,0.6299192546748549,0.6299192546748549,0.0
0.059398387392734196,0.2382525363301106,0.250255849404671,0.38669141213659125,0.06540181473589302,0.7790648040037461,3,3.27196594589774,0,18.972619574595868,34.448139593189296,0,0.22264247205754858,0.1949628528383531,5.008668982066122,21.755748106763946,sunny,bus,0.6255518189185733,0.6255518189185733,0.0
0.047747686136533386,0.3286500223267396,0.31423720787413756,0.17858046870870226,0.13078461495388716,0.17664829025680928,1,1.185277273377737,1,11.715128357379365,18.0,0,0.2102866645105332,0.24689062240613008,0.7899781436898774,17.66935235895493,cloudy,car,0.7388523701676867,0.7388523701676867,0.0
0.2535774718289123,0.14664022101898688,0.3816199635618197,0.21816234359028097,0.0,0.8586894713918981,4,2.305898853015731,1,16.450161367224744,31.3834738457247,0,0.2724359953188963,0.22572548514798121,4.192188391603348,28.73677992774912,cloudy,walk,0.4537690111258402,0.4537690111258402,0.0
0.3034789131930235,0.25717602568937975,0.2037674987147089,0.2355775624028878,0.0,0.7492546862287447,3,1.216252484604948,1,21.529476945569964,35.61322753433463,0,0.0,0.327089720803485,3.14127668331295,27.879416783682316,sunny,walk,0.5082601087885756,0.5082601087885756,0.0
0.35820174177435077,0.2789446376321754,0.18357840193632413,0.17927521865714965,0.0,0.13637153886198716,1,5.960069053680902,1,9.36900568993769,29.311590877053064,0,0.334496359220553,0.1557958412395396,2.2872018144629473,31.89496964843099,cloudy,bus,0.6933533200040849,0.6933533200040849,0.0
0.15841470427177817,0.27992879942446847,0.4725047234418347,0.08915177286191871,0.0,0.22343719743754786,4,21.254210451852654,0,14.26094659804449,33.32731281636209,0,0.0,0.17526125191633388,3.172873067144353,27.53860385903505,cloudy,walk,0.6701256563889969,0.6701256563889969,0.0
0.22175139269509742,0.19434708540959392,0.22647966088178756,0.3574218610135211,0.0,0.6847678910660882,2,1.3606034265981444,0,18.54151095606098,22.38337737953631,0,0.29542510610981015,0.0,3.3822319321924086,38.94286633418208,sunny,tram,0.7111469208056515,0.7111469208056515,0.0
0.14249120449817557,0.2501989102900619,0.42125460726290254,0.18605527794886015,0.0,0.6811363929366063,3,5.466693213434961,1,18.150181333214775,18.431625681477144,0,0.20028026579099703,0.32705058658131414,0.15202039879339724,16.025343075626832,sunny,tram,0.5349265143688248,0.5349265143688248,0.0
0.26641789105054536,0.21208554158771456,0.4034930167796032,0.11800355058213698,0.0,0.32024181870950463,2,5.795654714047101,1,-1.5267238499767082,33.311458098332565,1,0.3096054776464678,0.19183579290601535,1.7430146168376828,37.15083834250256,cloudy,bus,0.5810374194347824,0.5810374194347824,0.0
0.3461446673332471,0.06273169433193138,0.24028382095063322,0.35083981738418824,0.0,0.6643808228676519,3,10.280063801562099,1,24.92797582084784,21.709195753017227,0,0.2999689320799764,0.18303117320475823,3.0120635201013015,13.315396362613452,sunny,bus,0.5438199587696595,0.5438199587696595,0.0
0.17067316622752018,0.058162529506577305,0.2979591065314041,0.369945401777914,0.10325979595658441,0.37041907055281975,0,2.6504613781773925,1,6.461894205235051,33.36909798810932,0,0.4263501611263257,0.13895093370411563,3.5482562820654033,20.523412270082623,sunny,bus,0.8038644312698343,0.8038644312698343,0.0
0.19494382338118657,0.10294959454092836,0.4297001717033827,0.27240641037450236,0.0,0.9309683321546817,0,7.667113332556994,1,33.26606035797798,29.88676058755745,0,0.2239455465787595,0.15330399716840004,0.5597901227098454,33.524772507574575,rainy,bus,0.7102647733849803,0.7102647733849803,0.0
0.26286555581876253,0.08248058183133389,0.2708068752299571,0.2624937853512131,0.12135320176873332,0.5777164513464567,2,2.674368476022519,1,-0.28655124937679943,25.842336218757094,1,0.12915110628295493,0.16596433253880305,4.25558721440959,31.604023503095323,cloudy,tram,0.6058254096617217,0.6058254096617217,0.0
0.3280581592131752,0.02759767534085269,0.3184273790538188,0.32591678639215327,0.0,0.6978036730718807,4,3.1472397831361096,0,12.910822962802456,20.290297596003573,0,0.27784852699975815,0.21329041067870566,1.9851655081032842,37.45445910947031,cloudy,car,0.5740479498523533,0.5740479498523533,0.0
0.2748293034823282,0.28084776972960357,0.30575303059210374,0.13856989619596444,0.0,0.8253896352741047,4,9.532981671456273,0,13.588429042813921,37.81041427699901,0,0.2596627255970919,0.0,2.9435514654779134,27.39211467085035,sunny,bus,0.5709464450520013,0.5709464450520013,0.0
0.194661646726665,0.17476187955461947,0.4561751489395599,0.17440132477915551,0.0,0.45983024548377327,3,2.4221822388742114,1,9.178831174760077,33.00004756393431,1,0.6721992343425616,0.23515642046907115,3.825136847456222,16.180337727287682,cloudy,car,0.5072348987444896,0.5072348987444896,0.0
0.3567435770035705,0.06518510452496724,0.2325311859746703,0.345540132496792,0.0,0.9260668774049386,3,13.13243801540695,0,7.346584207685405,36.43564268565088,0,0.2874596261157346,0.22525357811428148,4.5189956711487715,50.591149747695596,sunny,car,0.582438935454655,0.582438935454655,0.0
0.2859932224588184,0.13094078942294143,0.2413891192709398,0.3416768688473003,0.0,0.23593560126675683,0,2.254490130722496,1,30.555526447929093,18.0,0,0.35485193660566317,0.11079944992735372,0.7589715929783636,39.854882659027574,cloudy,car,0.7924245509400731,0.7924245509400731,0.0
0.21023840967834143,0.16738408289472445,0.4106986112975934,0.21167889612934065,0.0,0.014878309820822166,0,4.304542330649778,1,20.013830872533354,24.377830333633746,0,0.29677130029208293,0.27026501444591333,1.1048146879770095,41.82907609510775,cloudy,car,0.8262742376325732,0.8262742376325732,0.0
0.11688709648325642,0.15872514516222566,0.3240839881434345,0.4003037702110833,0.0,0.2742669872345629,1,3.9082772192533457,1,9.588237386126847,18.0,0,0.6527014935575322,0.07050446278170885,1.9984223425448493,38.84920670874817,sunny,walk,0.7312855155327477,0.7312855155327477,0.0
0.3147003403169435,0.09336179751648267,0.37060503963119434,0.22133282253537964,0.0,0.11074194034136353,4,7.501281033494348,1,26.191687022545413,25.3720900805272,0,0.2680074240428121,0.2592327069170186,1.1403148593838341,17.653670836742847,rainy,tram,0.5704109280223285,0.5704109280223285,0.0
0.22967818688163857,0.23512173845562387,0.33117390235248406,0.2040261723102534,0.0,0.3634406055424224,3,6.643590072420736,0,20.2544536965231,37.01418206120749,0,0.3558998255594802,0.07749202237299158,1.2605942660560425,27.542018053040298,rainy,tram,0.692328428153898,0.692328428153898,0.0
0.27903381955772827,0.10167288658044137,0.3091776783472022,0.31011561551462813,0.0,0.2948193990936592,2,3.431413298081959,1,12.806383598472278,25.99960999266604,0,0.10795379438706482,0.18797451367215273,3.296836972673445,26.305167819892397,rainy,tram,0.6843833771516864,0.6843833771516864,0.0
0.25053558408315535,0.1064590629599837,0.44247259391772287,0.200532759039138,0.0,0.19436821954800632,4,2.337522271371959,0,27.741130221407325,23.260777024790958,1,0.3465363103584096,0.33997051111882026,4.113465466933999,38.20842226891057,sunny,bus,0.5995860143860356,0.5995860143860356,0.0
0.3032603106520298,0.10538253543696767,0.4442055602395727,0.1471515936714298,0.0,0.6489426074184178,1,2.9754121834481766,1,1.9875541668345509,24.378131019485348,0,0.19222318429542612,0.15316296287964337,1.7910105548362085,18.46236053318877,rainy,bus,0.6784338208962027,0.6784338208962027,0.0
0.18250816218065333,0.1395783023260101,0.5427422993297146,0.13517123616362203,0.0,0.1577495492792479,0,8.860738237302744,1,2.724797817357814,27.318856579449193,0,0.3328816650172135,0.040391409698237346,2.1895333630214373,22.479102927097923,cloudy,car,0.8257723596945402,0.8257723596945402,0.0
0.22096963087732605,0.2644384922595662,0.25177179026717705,0.26282008659593065,0.0,0.16456032719866254,2,4.877313171253388,1,17.30015108129986,20.997065695778748,0,0.31315536506868485,0.09332317178491728,3.4639020283492306,11.166066772334375,cloudy,bike,0.6652480157002406,0.6652480157002406,0.0
0.12354779849574268,0.21158433355219675,0.2850148370179978,0.3798530309340628,0.0,0.1239319505887001,1,2.186850602582982,1,7.693641526332366,26.04391607280843,0,0.18179385188340172,0.494679499011686,4.6408797405,30.176968370212318,rainy,car,0.7492711284163069,0.7492711284163069,0.0
0.16549068819176724,0.1067903274627843,0.4006164313930341,0.32710255295241436,0.0,0.7043082138423606,3,3.53864290142563,1,32.01477022864856,30.991571607513322,0,0.21336055824569697,0.05120543617951437,3.2907163437492524,30.250417879923326,sunny,car,0.5799080860637121,0.5799080860637121,0.0
0.21079627666851194,0.17065483828391625,0.4330392575793436,0.18550962746822816,0.0,0.9718172022771558,0,0.9859911724476982,1,23.44350754507868,35.50227713305914,0,0.42508296522339606,0.0,2.1981504647972865,33.92179134641169,cloudy,bus,0.6809577002829608,0.6809577002829608,0.0
0.2563810877026008,0.3414143394802203,0.26235509272976354,0.13984948008741538,0.0,0.8146873734789618,0,8.339415325038967,1,1.5607752912619404,33.30549086240739,0,0.3736966695175794,0.36044956385817906,3.7272358247868382,18.341610208723004,cloudy,walk,0.6320540201050275,0.6320540201050275,0.0
0.5225468044117049,0.03373056962190958,0.3687077357319604,0.07501489023442492,0.0,0.4657885032337975,1,9.312111455100638,0,30.345061030770403,26.80708982082644,0,0.07694884705151617,0.17278579448486064,3.560441182819236,25.156169810195266,cloudy,tram,0.80724020790114,0.80724020790114,0.0
0.30149647543439634,0.226595814986266,0.18776608360697106,0.28414162597236653,0.0,0.680400571980272,3,4.575018472256155,1,15.307636402210823,22.078682451715586,0,0.43621725541025747,0.3124068284756675,2.526335093799553,28.254203163761957,cloudy,walk,0.4942582029526796,0.4942582029526796,0.0
0.06368234155262611,0.17480162666042937,0.442532228794209,0.3189838029927355,0.0,0.9394022822152115,3,6.552836167402948,1,14.819388792340128,31.769074321086233,1,0.5206960974761562,0.3277861446805965,3.67823699484401,25.342084309859562,sunny,car,0.47568588954091723,0.47568588954091723,0.0
0.07984584444808297,0.44493213644470003,0.39271593574686975,0.08250608336034729,0.0,0.4363481237489363,0,3.2767653481347256,1,14.81680461542566,24.878551368711474,0,0.27311000407249647,0.3352806445169118,4.359054239053688,30.395994266578164,cloudy,bike,0.7114495354081577,0.7114495354081577,0.0
0.0820227626060261,0.1655137644613005,0.6760419774144678,0.07642149551820548,0.0,0.3205472675361304,3,1.853896336851779,1,9.411140909109164,23.39829749881044,0,0.06256649031208791,0.384951779378238,0.8487182015302968,48.717417537817006,cloudy,car,0.6273326294387749,0.6273326294387749,0.0
0.3033404958037728,0.05197549896602912,0.33463484147565137,0.31004916375454655,0.0,0.3948679256043318,0,1.2842251157922595,0,19.0694325496193,29.603289542279384,0,0.1957474431418202,0.2121365757689695,2.8965865544099203,41.5045080015439,rainy,bike,0.8698340039274991,0.8698340039274991,0.0
0.2540290469129002,0.23256561367432516,0.301420038024733,0.2119853013880416,0.0,0.31449988460111244,2,5.148953021536904,1,19.895327524308364,35.005562033350635,0,0.3641946339465576,0.3382167475935146,3.14647017935846,38.53953263693563,rainy,tram,0.6238171752803151,0.6238171752803151,0.0
0.022476691147011396,0.11927551730826708,0.5155140986244015,0.34273369292032,0.0,0.24995429037875405,4,1.5081889700188316,1,15.239405384700767,23.816044610048863,0,0.4148574606730776,0.19737840723972896,2.2875611394933917,14.695612111038702,cloudy,bus,0.5928822585928847,0.5928822585928847,0.0
0.08853395851595144,0.13956477683653945,0.48010466124640977,0.2917966034010993,0.0,0.8345232220574432,3,5.276837743877194,1,24.901405170276632,22.126080810253594,0,0.355155563805469,0.22003458176099372,5.472511796693178,14.664697723527812,sunny,bus,0.544207166922363,0.544207166922363,0.0
0.2802139323979634,0.150487867657448,0.3549737415658881,0.21432445837870057,0.0,0.6429738344531805,3,2.1488594023674,1,14.843213330557228,24.212019452083823,1,0.16888781862249533,0.5038973732011245,2.0359115135816994,6.41292816777041,sunny,tram,0.4809931966639408,0.4809931966639408,0.0
0.07522194453282642,0.22672674663408088,0.1764856464434894,0.5215656623896032,0.0,0.5875039053022842,1,2.0243241210599967,1,7.2121949097326326,18.43489425538099,0,0.15131408780300826,0.25130879318839694,1.7723735357557033,26.534907003341747,sunny,car,0.6977470066280578,0.6977470066280578,0.0
0.07595575304762969,0.24924962351306115,0.3924322946758938,0.2823623287634154,0.0,0.5703120120605479,2,1.735504044421997,1,25.96978051319884,32.783793290683555,0,0.24711708322396977,0.25068439921622515,2.6363840937625276,6.107648644665886,sunny,tram,0.627708192568912,0.627708192568912,0.0
0.0752670905741348,0.22479758682925635,0.4943672344292411,0.20556808816736782,0.0,0.00832797997326129,4,10.134224673459492,1,-0.37243259985739385,28.90128234941209,0,0.4262723440127477,0.24899670670448895,1.5099917477986644,52.917727949977206,sunny,bike,0.5777597162778563,0.5777597162778563,0.0
0.14969144699963666,0.14525690203831768,0.3836549181542963,0.32139673280774933,0.0,0.8814872092362329,0,2.8233833483587714,1,21.580061430140496,29.670232220178253,0,0.05486916626427729,0.2077481352534399,2.871541836986414,23.494832982899368,cloudy,walk,0.7269326617845743,0.7269326617845743,0.0
0.03598640507906375,0.5952627156590609,0.26247077463723684,0.10628010462463859,0.0,0.15194339537821344,0,0.8692941136346924,1,13.677052253218019,36.50459404280939,0,0.4836533590452601,0.4855175282934675,3.2420326948968228,39.98620874256799,cloudy,bike,0.7025678139246234,0.7025678139246234,0.0
0.13586290341666055,0.12884380718455513,0.4131260602345714,0.3221672291642131,0.0,0.784717330723851,1,2.9944825968123623,1,13.596500751225493,26.77201724471168,0,0.3946027986827392,0.15962280606184637,2.6387851704033007,19.86363205414978,cloudy,tram,0.6671977060623059,0.6671977060623059,0.0
0.3329057922263032,0.056346619880848374,0.5396257033516354,0.07112188454121311,0.0,0.6105894864761413,3,4.222917717496517,1,18.348747011210495,23.686529431082157,0,0.24268701665660927,0.10146324697148616,0.8021111690390241,39.65921027004342,rainy,tram,0.5700571448967718,0.5700571448967718,0.0
0.30132328663833996,0.22283835822333106,0.2417734868224912,0.23406486831583778,0.0,0.4262655698703659,2,3.9953054436211106,1,20.116731577390865,24.189927505076593,0,0.13504118097740558,0.0,2.8750668592316364,27.374614670556955,sunny,bike,0.6378044188620544,0.6378044188620544,0.0
0.16252937693573413,0.41205858713461574,0.27871457330415866,0.14669746262549138,0.0,0.10128976028228232,1,7.0207071065316695,1,8.453174654648253,33.978847201673595,0,0.18558029145333585,0.18583511464337266,0.06431662367534496,38.690564708678686,cloudy,bus,0.7121889043059898,0.7121889043059898,0.0
0.126163232076569,0.02830053103477612,0.4244752357569069,0.42106100113174794,0.0,0.9013678768242424,0,4.50920202668254,1,19.14222007516891,18.0,0,0.2533643451934802,0.14292771514363878,3.721037218455253,30.69519267585093,sunny,tram,0.7468516000852696,0.7468516000852696,0.0
0.18925821550458488,0.08852588610994858,0.4507390970375437,0.27147680134792285,0.0,0.9556425329647039,3,7.307918677476351,1,10.840796804186997,37.093490201690265,1,0.0,0.1044670978175462,1.3349904772178127,33.37499681775745,cloudy,walk,0.5173777623098761,0.5173777623098761,0.0
0.24525009122472333,0.14898922998104777,0.2709929772456434,0.3347677015485855,0.0,0.7954368558777828,0,7.54253450077507,1,19.091478434330448,28.184065673053293,0,0.20199124668175386,0.1550912092612969,3.970994942277983,24.737648701230714,sunny,tram,0.7118583243817629,0.7118583243817629,0.0
0.22258426741185292,0.032103703313987375,0.6276113040484216,0.1177007252257381,0.0,0.3628814083195001,3,2.9060808459911875,1,10.040393692095366,36.733107375153395,0,0.32407335270846194,0.03242661565197888,2.7360554001138757,37.038428011679635,sunny,bike,0.6358983533178717,0.6358983533178717,0.0
0.2661201307249814,0.07026018346861305,0.5104015240983791,0.15321816170802627,0.0,0.9700700457346446,2,1.3506173553611862,0,12.527988110293926,31.911037601508376,0,0.23399881317457735,0.04251557167972461,3.2593961038751016,37.617603845842545,rainy,bus,0.6649570658088503,0.6649570658088503,0.0
0.2087159134681688,0.05103817371487163,0.4675612671106081,0.20209188597764935,0.07059275972870205,0.08660513998113406,3,3.7372329483083937,1,5.996593680480988,29.674531484505575,0,0.36754434739735786,0.46717066438536436,3.4240296931803766,8.405067227384066,cloudy,bus,0.6473356648972793,0.6473356648972793,0.0
0.08986448057774979,0.09216349640341244,0.40703050962735265,0.41094151339148505,0.0,0.12899555503805393,2,4.35684196083772,1,37.36189587392458,18.0,0,0.2211690750146304,0.2455551715101322,1.4718760806462494,32.31067257741676,sunny,bike,0.7372471480854266,0.7372471480854266,0.0
0.2515974450279418,0.17682724487193183,0.3051186971004949,0.2664566129996316,0.0,0.13001084638900384,0,4.265647549802575,1,20.554694448078592,21.15190614904273,0,0.0,0.20268087660577055,2.6790472483250922,5.0,sunny,car,0.8235313888460795,0.8235313888460795,0.0
0.24708968052069943,0.2217579919507636,0.28370959241241267,0.2474427351161242,0.0,0.506293857872765,0,14.09837344280491,1,3.129523737642133,23.081465487883058,0,0.3947661117919422,0.12598740564682986,0.2647364438035589,26.54523620911208,sunny,tram,0.7237530814454731,0.7237530814454731,0.0
0.12296759276021146,0.25269303215282257,0.4489738357274739,0.17536553935949206,0.0,0.753371447033594,0,5.458693906732321,1,14.277033204089511,23.283995672212438,0,0.20370314799707476,0.2257284153425414,3.83255243186985,31.546846120060508,cloudy,bus,0.7125877223924615,0.7125877223924615,0.0
0.24337258022176605,0.29853124827511224,0.3221334511952829,0.13596272030783876,0.0,0.6692678441727657,4,4.0635286116719485,1,16.81137628238426,23.796971704447845,0,0.3822259277907123,0.17231074045902262,3.890988755122101,43.37714450125475,sunny,tram,0.441946330087573,0.441946330087573,0.0
0.22720184066424637,0.301809822648633,0.3745307114739355,0.09645762521318514,0.0,0.700890510124919,4,9.5857843156241,1,32.41930069699555,33.788960807949195,0,0.018798732435152843,0.2937424276303705,3.6367580895569276,27.372136670750116,sunny,tram,0.4557613704432878,0.4557613704432878,0.0
0.048551167365565334,0.0842455860126928,0.5221177085752664,0.3450855380464755,0.0,0.47653305140282376,2,0.3344541450341184,1,7.329109648949917,36.32570153993541,0,0.402886527182346,0.0,0.3014144775441663,5.358904617889934,sunny,car,0.693836877545512,0.693836877545512,0.0
0.2129960282764789,0.21849298263330633,0.4009280160323212,0.16758297305789358,0.0,0.25613123013208794,0,1.4751809630269592,1,16.72349334362153,18.0,0,0.30655630781207904,0.4372535404358674,2.0292209301303608,23.069467832833144,sunny,bus,0.764297319508975,0.764297319508975,0.0
0.3543396839781962,0.09403875708560559,0.354141891264469,0.19747966767172928,0.0,0.5645383142017524,4,2.0762115544469837,1,18.783811686250008,39.34904293558435,0,0.17104517443208206,0.14789000111834616,3.035869119775302,30.68784538088843,cloudy,walk,0.5076607742143322,0.5076607742143322,0.0
0.29918984498318557,0.38612138794480005,0.2338842311761996,0.08080453589581474,0.0,0.7559445434537078,1,12.62794140763655,1,6.696209072803946,28.41980871802689,0,0.35895283968006875,0.41435810812504237,0.6549809701181499,5.0,cloudy,tram,0.5567303968970317,0.5567303968970317,0.0
0.40980113312126637,0.07432627442102202,0.30269174815710065,0.21318084430061082,0.0,0.004552348343723089,3,2.096854796836906,1,20.322855163943476,18.0,0,0.34935064037592006,0.2747380753954758,4.044877314884321,10.432986178434042,sunny,walk,0.6308504540528099,0.6308504540528099,0.0
0.3117143712006531,0.24268170420549925,0.1515276126596122,0.29407631193423545,0.0,0.3025318375011281,4,1.214386079537388,0,5.174819741533648,20.250729355789435,0,0.35988466484429177,0.49372728254493686,1.5820675526419292,24.738674740353794,sunny,tram,0.6210477619516661,0.6210477619516661,0.0
0.3601212244381898,0.2132037315823226,0.344990154812967,0.08168488916652054,0.0,0.22189738896100797,0,5.390031664076533,1,21.232620760017376,21.012449195080425,0,0.32732406806890013,0.2938051548285834,5.484647044448598,21.057989100487724,rainy,bus,0.748287256178564,0.748287256178564,0.0
0.33144492433273487,0.13591484896656827,0.21515986137088447,0.31748036532981244,0.0,0.004076887355147996,3,12.580384750418167,1,22.996748053219775,32.8984324254327,0,0.2728416084120626,0.09373830718225817,4.32654239519213,38.2378201730987,rainy,bus,0.6399600612993639,0.6399600612993639,0.0
0.3525090857121549,0.05896137874705481,0.5013859536253321,0.08714358191545818,0.0,0.9734528199473618,4,6.509369418272835,1,10.93204631898103,33.089248751672,0,0.1335209239628525,0.33302184805578294,0.9769179835785855,28.270935059024243,cloudy,tram,0.43956552238722574,0.43956552238722574,0.0
0.2763682959474974,0.12972830148373612,0.4337472796046771,0.16015612296408935,0.0,0.6504198145350996,0,6.848977897214803,1,13.212036403707797,25.780231986417053,0,0.29011261297768787,0.15552488175525908,2.4994723605226143,59.105381047964045,cloudy,bus,0.7064928462879425,0.7064928462879425,0.0
0.3293877635412821,0.037793385904532954,0.5306345701597296,0.10218428039445548,0.0,0.006694629448322331,2,9.675595710251773,1,1.6922860076240713,25.790010902420555,0,0.5723340934820107,0.2167352620929849,3.2890404674245883,14.581164146871378,rainy,bike,0.6970900628162052,0.6970900628162052,0.0
0.13979607120952503,0.04653772663932804,0.14018945780267156,0.5382822189762015,0.13519452537227383,0.2778240064185553,4,4.191719872840753,1,17.743271386088633,26.992792494898005,0,0.4899855252018702,0.34909976817612204,2.8071153046771973,30.89241441908597,sunny,bus,0.5692669199102074,0.5692669199102074,0.0
0.10036053255990045,0.20939843852262535,0.5184160774392708,0.17182495147820345,0.0,0.17393656976318805,0,4.469688809158384,1,17.91084440755205,43.147998781718925,0,0.34317497086179827,0.3419319809015801,2.9011590979128323,49.69269278653521,rainy,bike,0.7963412677228762,0.7963412677228762,0.0
0.36898534840659514,0.12308822222206507,0.47422503331619714,0.03370139605514264,0.0,0.49491097046515964,1,10.541170768739027,1,15.10829043706201,30.493085009140184,0,0.33257132694347225,0.1953028719316866,3.166378777951465,36.449475366265034,rainy,bike,0.6676456920910022,0.6676456920910022,0.0
0.18254612305002177,0.17231849896937962,0.4041568219968911,0.24097855598370746,0.0,0.6677299618512634,4,4.435657559102346,0,8.554046760187859,29.61108756738181,0,0.22208717926098143,0.07323801099605279,2.2361298874599966,23.457266668348936,sunny,car,0.5917536948265223,0.5917536948265223,0.0
0.1955731143935647,0.14135602563269462,0.15821062811372363,0.07254271067392584,0.43231752118609124,0.08039919095194958,0,11.517178862520895,1,16.886400931258557,22.36241624310059,0,0.0,0.02837919032604555,4.140601633883431,48.1314485774234,rainy,bus,0.8545161027519155,0.8545161027519155,0.0
0.0989747499483029,0.07550570551066314,0.5624170098824184,0.2631025346586156,0.0,0.6683318320479862,2,9.678381158780082,1,15.493098714448623,18.0,0,0.29727229304409664,0.045401632518427965,4.329751415333721,12.774006728726148,cloudy,bike,0.6592394374589285,0.6592394374589285,0.0
0.14967205392865768,0.09901743863570041,0.5202191518098069,0.2310913556258351,0.0,0.14381693405579765,4,11.488990524747349,1,13.341665010785176,21.131049471752036,1,0.29175161976024594,0.46787343464613906,4.907834394093472,21.76957697254397,rainy,car,0.550657295090842,0.550657295090842,0.0
0.03912605554493976,0.18677666378662552,0.621229848156885,0.15286743251154966,0.0,0.10979569895158103,2,5.307716187191503,1,3.9892932355947366,33.38904054020764,0,0.1334761739753648,0.24448384137721263,1.7705112420033986,54.952605345195025,sunny,tram,0.7176086098806375,0.7176086098806375,0.0
0.14017344960355682,0.21046209522315043,0.40418335566372554,0.24518109950956718,0.0,0.8591975136035542,1,2.2385789745940654,1,21.808789196540733,22.06777277026828,0,0.0,0.18266617492959894,0.7990306389214559,27.481977872297186,sunny,bus,0.6615404701918454,0.6615404701918454,0.0
0.25507068311137454,0.07643361126727148,0.3763777826905067,0.29211792293084726,0.0,0.8226087391604904,0,0.8633423078792755,0,15.141062411823034,24.12182211668941,0,0.1286770561002659,0.0033331738010745626,2.079968651980203,12.900821924869888,rainy,car,0.8186753779105423,0.8186753779105423,0.0
0.25421001926381814,0.11262418978998803,0.27257707605940795,0.3605887148867858,0.0,0.683126065260106,1,2.2778871452584233,1,-1.955626023704042,18.0,0,0.05666392485695568,0.09759005940369497,3.492638692960203,49.006582731691125,cloudy,bus,0.6881703006218672,0.6881703006218672,0.0
0.16586238608680118,0.21780032011076822,0.4251316123125998,0.19120568148983083,0.0,0.5813866217151467,4,4.091667066169189,1,22.758450004006825,20.241102451025455,0,0.321276332199442,0.30639785397651886,3.03627471079924,26.652198493844704,sunny,bus,0.48740937982038135,0.48740937982038135,0.0
0.2689299819414827,0.1883536138097131,0.3141005354509691,0.2286158687978351,0.0,0.3578285389590097,4,2.9561603891567865,1,22.603862497505784,28.972790906112685,0,0.11897317573098387,0.16936803930172042,1.0027543638846943,28.216874488342054,cloudy,tram,0.5348811990762113,0.5348811990762113,0.0
0.2976598921261414,0.30824718272078805,0.1606646274621064,0.23342829769096415,0.0,0.14401992313835277,0,8.607584106333825,1,9.73297976431224,32.23026815023176,0,0.2838920451358484,0.3524493290568683,2.8528624986053877,25.206924232091556,rainy,bus,0.7464313203461239,0.7464313203461239,0.0
0.21733308613446134,0.15348015187670438,0.371588832138148,0.2575979298506863,0.0,0.854539049954806,2,4.644630250054584,1,22.78775097282275,20.402851020821377,0,0.41035500595369345,0.25918179117007456,2.2515522303022166,45.13284011035087,sunny,tram,0.566092726941086,0.566092726941086,0.0
0.24859174094736314,0.1832228665569599,0.5075167196224795,0.06066867287319751,0.0,0.5164313845741306,1,5.214630779088559,1,18.055935484358244,37.68014042155218,0,0.19086051531025475,0.0,2.3343887714191047,18.26971557027732,rainy,bus,0.6987953769244931,0.6987953769244931,0.0
0.27941642545779116,0.2685806282275135,0.35634802334906807,0.09565492296562711,0.0,0.738437016122649,2,8.178622742634582,1,3.262858606380574,27.2366837488051,0,0.26590242532262204,0.03817406925581998,2.581103604587135,40.698486339089825,sunny,tram,0.566147991428237,0.566147991428237,0.0
0.25742372643501465,0.1933456920423406,0.5217255775619627,0.027505003960682096,0.0,0.17854986763744807,1,5.479300112876455,1,5.655298074248174,34.073420673061285,0,0.4139853883107011,0.16642058803430942,1.6770496324682445,51.415071519950104,cloudy,tram,0.7120875215859525,0.7120875215859525,0.0
0.21691313144885607,0.13895049633988893,0.5001914605246662,0.14394491168658885,0.0,0.9925007313743404,3,22.948864989775373,0,-2.9943229956463,31.954613028111552,0,0.3035449924610232,0.42432051583747066,3.4694757233359232,46.619217637757906,sunny,tram,0.5613044721334707,0.5613044721334707,0.0
0.2527026984631416,0.15653468056695863,0.26830552493660076,0.3224570960332991,0.0,0.9451411030490429,1,4.18565383092794,1,8.977730068322675,22.41237614959575,0,0.29112293722089166,0.04853913759389042,2.0720968090529723,38.54655515020652,cloudy,walk,0.6263023240507243,0.6263023240507243,0.0
0.10819710593750223,0.07743932737564671,0.26344695105481797,0.550916615632033,0.0,0.10888066027177667,0,7.862543531345188,0,6.382975871840118,25.716884403101357,0,0.4099241401773431,0.2795116699087014,4.038358586263007,13.820955513335338,sunny,tram,0.8892125575067522,0.8892125575067522,0.0
0.35980762104711533,0.22418757736102035,0.31059749614187715,0.10540730544998712,0.0,0.009919944540114578,3,5.051341578393112,1,7.968647307208197,38.67553098035696,0,0.30970898619405085,0.0,2.9866374654084824,30.0246679149161,cloudy,tram,0.6193065269110929,0.6193065269110929,0.0
0.24748499823140319,0.04083963276418275,0.5365133181965116,0.17516205080790254,0.0,0.5979186169896268,0,1.2474770215131425,1,7.802070782023918,32.63155653077166,0,0.19931097947925838,0.44667517543311924,1.9204402732825234,19.04624457561448,sunny,bus,0.7555656244803979,0.7555656244803979,0.0
0.1963215332251207,0.4561441172952004,0.3216186154589443,0.02591573402073464,0.0,0.9320519134875841,2,7.418624168472008,1,17.964224001270505,18.73714682395682,0,0.07541085211775561,0.0,3.429425288483161,14.730759432818395,rainy,bus,0.5209304591228897,0.5209304591228897,0.0
0.29861784511093054,0.3096048886312891,0.27154302441401634,0.12023424184376401,0.0,0.19528237822808836,2,2.3576294045957447,0,20.747392066137724,21.006404249895528,0,0.1718603198776243,0.35778900710579253,2.430788501589937,26.321028648395274,sunny,bus,0.7814028991904065,0.7814028991904065,0.0
0.06032101839270294,0.18094113538273163,0.4276274018188234,0.33111044440574194,0.0,0.6429880958062927,3,10.562868093177682,1,15.986360110332376,18.0771717156726,0,0.46724536497932256,0.129889794731638,3.2555889232127173,27.44497476678511,cloudy,bus,0.5665926707249636,0.5665926707249636,0.0
0.18592036131037207,0.06710789233831468,0.22203381142607176,0.3083690546032298,0.21656888032201171,0.1413605960137353,3,3.689102130081936,1,36.482274973122244,20.20039338735738,0,0.11927694904872796,0.263879814310736,3.982068078518461,27.256142563185957,sunny,bike,0.669749662743123,0.669749662743123,0.0
0.29053693373431466,0.1811322588068203,0.1364834989127935,0.30602487790850075,0.08582243063757089,0.021923762976229555,3,2.119797657870016,1,5.598779275588276,27.445853225684466,0,0.45053192539270603,0.13373459421109224,2.808346910259591,7.073576241539236,rainy,bus,0.6247322143335599,0.6247322143335599,0.0
0.35166571645626776,0.17861444355856507,0.21676509199713198,0.25295474798803513,0.0,0.5844273970210223,4,9.141427186516497,1,12.121164990723925,37.99986548015057,0,0.3766243588948594,0.24287358080645421,1.4779506612166862,44.02455382827978,sunny,tram,0.45759488090395184,0.45759488090395184,0.0
0.15287393279166706,0.24515893391716528,0.43434230441709926,0.16762482887406854,0.0,0.7849362207873856,4,3.2134515287735557,1,12.0062705995387,30.3892907072631,0,0.417111995002038,0.0,1.5591376682245361,44.96823509425059,cloudy,bus,0.4627064719102843,0.4627064719102843,0.0
0.31009520637616256,0.019991366269516843,0.391194822081428,0.2787186052728926,0.0,0.7708405580095236,4,2.9930674878192116,1,13.839261090113546,33.63007215153806,0,0.19793939144001135,0.09495710334141391,0.9360757851370023,17.37394874443106,sunny,bus,0.5024494865335688,0.5024494865335688,0.0
0.2991238051257573,0.04885538783948626,0.439306114906227,0.21271469212852942,0.0,0.8421701966634667,0,3.411075795424604,0,6.9181359325822775,23.86689454455659,0,0.13350574508535698,0.12442767023774336,2.7449106275498605,25.919354753805113,rainy,tram,0.8068017437228324,0.8068017437228324,0.0
0.18010306186746433,0.2488936562703594,0.43592282066158966,0.13508046120058678,0.0,0.8738835366186689,3,5.293590603743981,1,12.878025230006495,18.0,0,0.05012672989078945,0.15951573709769679,3.6249079800787425,46.57169731236385,sunny,bike,0.5162631717778352,0.5162631717778352,0.0
0.4204552866531917,0.21553030602112033,0.19270138074737145,0.17131302657831662,0.0,0.05913476546357321,1,3.3830473535288323,1,22.930814665816616,29.309583871390537,0,0.4079988694001287,0.04128229123386323,5.295643306281905,25.688300899410727,sunny,car,0.7135101155706076,0.7135101155706076,0.0
0.24592928273512776,0.4024602624615241,0.2130553266818421,0.138555128121506,0.0,0.9767577862359864,0,2.7889461784844705,1,24.429183857243487,29.012665224192062,0,0.16894093936938967,0.0,2.838024946873023,52.697213922633594,sunny,car,0.6214043695644844,0.6214043695644844,0.0
0.2057558019686411,0.21498937940537072,0.3424365937170115,0.23681822490897672,0.0,0.8057547327272739,0,4.48885926589398,1,8.630154972004263,25.277620727706275,0,0.49043126865231823,0.12394059446405907,2.5341139631796135,5.0,rainy,bike,0.6833576126543461,0.6833576126543461,0.0
0.3529672502193194,0.11847659367461959,0.19284188643931882,0.3357142696667422,0.0,0.9256896724473421,3,6.3194921389501415,1,6.382742965029886,33.335961141560816,0,0.015453918763437546,0.0,3.3878811514502636,37.78283978279546,sunny,tram,0.5215758387264252,0.5215758387264252,0.0
0.1364636081585179,0.05185141600834278,0.489838732529692,0.3218462433034473,0.0,0.9316936275637004,0,14.252989681477102,0,12.317428114601167,18.0,1,0.25873224143800677,0.17934151945251098,3.112181625596558,22.477714082933584,cloudy,bike,0.7502540714954832,0.7502540714954832,0.0
0.11060323943720185,0.1497444888076046,0.48078637004437,0.25886590171082347,0.0,0.10574515687800778,2,6.424827782151201,0,26.778851149852073,18.0,0,0.3669379357754928,0.39755036604909666,4.448809457785107,22.411547308157942,cloudy,bus,0.7680498134624761,0.7680498134624761,0.0
0.10397319747236472,0.39129267769691417,0.2293896902996586,0.27534443453106244,0.0,0.8513293716624737,0,1.0908560676992523,1,15.809069498474376,21.831250966585486,1,0.026234693868022657,0.3757060629563832,3.7666864350781597,29.706620213055945,rainy,bus,0.6106647743258452,0.6106647743258452,0.0
0.43820847144444963,0.017091600494035936,0.26479856030913745,0.2799013677523769,0.0,0.17047576131497122,2,1.0267523082402243,1,16.52598878475009,32.94350340539059,0,0.18202900675874278,0.5876678932416577,2.7957566952708577,14.343509721534506,sunny,car,0.6670923571952567,0.6670923571952567,0.0
0.1106010727165004,0.22582702928106027,0.23760236604422713,0.2517581905165909,0.17421134144162131,0.2818323627061232,3,3.672340970743386,0,25.573854322985213,33.402456772397436,0,0.06375198780234217,0.41388407569691343,3.7102634618018375,14.359425890920411,rainy,bike,0.7040043890380917,0.7040043890380917,0.0
0.2692052517816628,0.14559767944788146,0.4028454391542358,0.18235162961621984,0.0,0.5137161537956774,0,9.703862236659846,1,9.546901223988183,18.0,0,0.40988966685697115,0.18946927322263604,4.7367661784427195,27.01521492567608,sunny,tram,0.7344754775237745,0.7344754775237745,0.0
0.3251302358962617,0.15594964587681656,0.29110939269877667,0.22781072552814502,0.0,0.10494713293039126,4,0.16647150116905793,1,25.603249209052045,34.20859435335069,0,0.33780556751349405,0.27549091908688916,3.075670032402698,29.906589882285044,rainy,bus,0.551410342734451,0.551410342734451,0.0
0.215246774888406,0.24640535415001447,0.1947009138072983,0.3436469571542812,0.0,0.10305655209200881,3,3.5527447049066216,1,11.128355761694177,24.736006941269515,0,0.42427556335458894,0.3922913117718698,1.9845809642225922,27.69479187460798,cloudy,car,0.5945659960765829,0.5945659960765829,0.0
0.07728973467103871,0.1728796211504765,0.4228826442675468,0.1003396891402241,0.22660831077071386,0.6686686898191138,2,8.426153850658913,1,16.48183815013965,25.85641527702524,0,0.29378684660185056,0.42401804443599556,3.4886644610241913,21.126379999512274,rainy,walk,0.6158106957872578,0.6158106957872578,0.0
0.2770944543242132,0.1098069207370268,0.36039924129691153,0.2526993836418485,0.0,0.741659254149621,0,4.196214853608547,1,16.984757126634314,38.394073324471364,0,0.5634027789126719,0.4883566454751369,2.263918122827441,24.396442728840654,cloudy,tram,0.6786487905438194,0.6786487905438194,0.0
0.25852368708722917,0.21714303799844323,0.2893009458028552,0.23503232911147245,0.0,0.48010860021723745,2,3.1242669647216816,1,48.360691388054136,40.81900692301029,0,0.31826397708922893,0.3279631773564207,1.9968076426103143,8.710105271902606,cloudy,tram,0.6054107053723794,0.6054107053723794,0.0
0.2634770304099814,0.14869121090853685,0.273637076665159,0.3141946820163229,0.0,0.9458313106207116,0,1.332288953054429,1,7.740587743346323,34.99596085072908,0,0.22211863078700617,0.2828466222855332,2.062486319493654,12.19284849047683,sunny,bus,0.6780972910578549,0.6780972910578549,0.0
0.340837721850078,0.12963309856805577,0.25334398515769085,0.2761851944241752,0.0,0.2078098979453894,2,0.9004548536785068,1,16.543227731364397,24.1534676650033,0,0.3841836589396878,0.3370306699690932,3.0466470891921014,25.098731664338654,rainy,bus,0.6514646981131341,0.6514646981131341,0.0
0.1900607182450937,0.21693674534412988,0.26059761553169203,0.19863462671387494,0.13377029416520947,0.008439649729502507,4,5.950819527440562,1,22.429210796366355,28.424614650590435,0,0.41326420153059495,0.16459732110274625,1.8333972352962555,38.61017704801236,cloudy,bus,0.5760315750998802,0.5760315750998802,0.0
0.1504297115813224,0.5461205594081681,0.10930888671490469,0.12023417459087551,0.07390666770472942,0.9872027452223743,4,2.092733305735731,1,6.872747558601816,18.0,0,0.2280086787690157,0.4783920774883113,0.8148037623599622,12.728619915657216,cloudy,tram,0.33904646474700545,0.33904646474700545,0.0
0.10444806523348102,0.3187268380028249,0.2005470794895332,0.3762780172741608,0.0,0.013231137551367511,0,3.9822790372373036,1,14.003680078953542,21.215712890092593,0,0.22061102190888637,0.31403085734008424,3.50374675683803,49.6536508246258,rainy,bus,0.8044792968810386,0.8044792968810386,0.0
0.26322891064180515,0.22234087513309467,0.26534167371540207,0.24908854050969811,0.0,0.7538226278214617,3,4.101999635104526,1,15.792451573686021,20.47322649195246,0,0.0,0.46700339512807454,2.3815495455294187,46.78737649655185,sunny,bus,0.5109191310611826,0.5109191310611826,0.0
0.33552166333508554,0.13037413807123532,0.18533170519772,0.34877249339595917,0.0,0.7275322320942544,2,9.295360300480764,1,11.204228803724156,22.212676355941944,0,0.38477435577747043,0.47015419953136905,2.581055091947505,33.610050443209644,rainy,bus,0.55532043432463,0.55532043432463,0.0
