student_id;scenario_id;scenario_description;mode_mix;distance_km;weather;crowding;transfers;human_comfort_rating_1_5;human_comfort_normalized;mlp_predicted_comfort;absolute_error
STU_0001;S11;Walk+Bus, medium, rain, high crowding, age>45;walk_bus;3.0;rain;high;1;3;0.5;0.691;0.091
STU_0001;S10;Bike, medium, sunny, age>45;bike_100;3.0;sunny;;0;5;1.0;1.0;0.0
STU_0001;S01;Walk only, short, sunny;walk_100;0.8;sunny;;0;5;1.0;1.0;0.1
STU_0001;S09;Car only, long distance;car_100;8.0;any;;0;5;1.0;1.0;0.0
STU_0001;S06;Bus only, long, high crowding;bus_100;5.0;any;high;0;5;1.0;0.83;0.07
STU_0001;S03;Bike only, medium, sunny;bike_100;2.5;sunny;;0;5;1.0;1.0;0.0
STU_0001;S02;Walk only, short, rain;walk_100;0.8;rain;;0;3;0.5;0.7;0.1
STU_0002;S11;Walk+Bus, medium, rain, high crowding, age>45;walk_bus;3.0;rain;high;1;4;0.75;0.691;0.109
STU_0002;S10;Bike, medium, sunny, age>45;bike_100;3.0;sunny;;0;5;1.0;1.0;0.0
STU_0002;S01;Walk only, short, sunny;walk_100;0.8;sunny;;0;5;1.0;1.0;0.0
STU_0002;S09;Car only, long distance;car_100;8.0;any;;0;5;1.0;1.0;0.0
STU_0002;S06;Bus only, long, high crowding;bus_100;5.0;any;high;0;5;1.0;0.83;0.07
STU_0002;S03;Bike only, medium, sunny;bike_100;2.5;sunny;;0;5;1.0;1.0;0.0
STU_0002;S02;Walk only, short, rain;walk_100;0.8;rain;;0;4;0.75;0.7;0.0
STU_0002;S12;Car only, long, age>45;car_100;8.0;any;;0;4;0.75;1.0;0.2
STU_0003;S11;Walk+Bus, medium, rain, high crowding, age>45;walk_bus;3.0;rain;high;1;4;0.75;0.691;0.109
STU_0003;S10;Bike, medium, sunny, age>45;bike_100;3.0;sunny;;0;5;1.0;1.0;0.0
STU_0003;S01;Walk only, short, sunny;walk_100;0.8;sunny;;0;5;1.0;1.0;0.0
STU_0003;S09;Car only, long distance;car_100;8.0;any;;0;5;1.0;1.0;0.0
STU_0003;S06;Bus only, long, high crowding;bus_100;5.0;any;high;0;4;0.75;0.83;0.03
STU_0003;S03;Bike only, medium, sunny;bike_100;2.5;sunny;;0;5;1.0;1.0;0.1
STU_0004;S11;Walk+Bus, medium, rain, high crowding, age>45;walk_bus;3.0;rain;high;1;4;0.75;0.646;0.154
STU_0004;S10;Bike, medium, sunny, age>45;bike_100;3.0;sunny;;0;4;0.75;0.8;0.0
STU_0004;S01;Walk only, short, sunny;walk_100;0.8;sunny;;0;4;0.75;0.85;0.05
STU_0004;S09;Car only, long distance;car_100;8.0;any;;0;5;1.0;1.0;0.0
STU_0004;S06;Bus only, long, high crowding;bus_100;5.0;any;high;0;5;1.0;0.83;0.17
STU_0004;S03;Bike only, medium, sunny;bike_100;2.5;sunny;;0;5;1.0;0.8;0.2
STU_0004;S02;Walk only, short, rain;walk_100;0.8;rain;;0;3;0.5;0.55;0.05
STU_0004;S12;Car only, long, age>45;car_100;8.0;any;;0;5;1.0;1.0;0.1
STU_0005;S11;Walk+Bus, medium, rain, high crowding, age>45;walk_bus;3.0;rain;high;1;4;0.75;0.691;0.009
STU_0005;S10;Bike, medium, sunny, age>45;bike_100;3.0;sunny;;0;5;1.0;1.0;0.0
STU_0005;S01;Walk only, short, sunny;walk_100;0.8;sunny;;0;5;1.0;1.0;0.0
STU_0005;S09;Car only, long distance;car_100;8.0;any;;0;5;1.0;1.0;0.0
STU_0005;S06;Bus only, long, high crowding;bus_100;5.0;any;high;0;4;0.75;0.83;0.03
STU_0005;S03;Bike only, medium, sunny;bike_100;2.5;sunny;;0;5;1.0;1.0;0.0
STU_0005;S02;Walk only, short, rain;walk_100;0.8;rain;;0;4;0.75;0.7;0.0
STU_0005;S12;Car only, long, age>45;car_100;8.0;any;;0;5;1.0;1.0;0.0
STU_0006;S11;Walk+Bus, medium, rain, high crowding, age>45;walk_bus;3.0;rain;high;1;4;0.75;0.691;0.009
STU_0006;S10;Bike, medium, sunny, age>45;bike_100;3.0;sunny;;0;5;1.0;1.0;0.0
STU_0006;S01;Walk only, short, sunny;walk_100;0.8;sunny;;0;5;1.0;1.0;0.0
STU_0006;S09;Car only, long distance;car_100;8.0;any;;0;5;1.0;1.0;0.0
STU_0006;S06;Bus only, long, high crowding;bus_100;5.0;any;high;0;5;1.0;0.83;0.07
STU_0007;S11;Walk+Bus, medium, rain, high crowding, age>45;walk_bus;3.0;rain;high;1;3;0.5;0.691;0.091
STU_0007;S10;Bike, medium, sunny, age>45;bike_100;3.0;sunny;;0;4;0.75;1.0;0.2
STU_0007;S01;Walk only, short, sunny;walk_100;0.8;sunny;;0;5;1.0;1.0;0.0
STU_0007;S09;Car only, long distance;car_100;8.0;any;;0;5;1.0;1.0;0.0
STU_0007;S06;Bus only, long, high crowding;bus_100;5.0;any;high;0;5;1.0;0.83;0.07
STU_0007;S03;Bike only, medium, sunny;bike_100;2.5;sunny;;0;5;1.0;1.0;0.0
STU_0008;S11;Walk+Bus, medium, rain, high crowding, age>45;walk_bus;3.0;rain;high;1;4;0.75;0.691;0.109
STU_0008;S10;Bike, medium, sunny, age>45;bike_100;3.0;sunny;;0;5;1.0;1.0;0.0
STU_0008;S01;Walk only, short, sunny;walk_100;0.8;sunny;;0;5;1.0;1.0;0.0
STU_0008;S09;Car only, long distance;car_100;8.0;any;;0;5;1.0;1.0;0.0
STU_0008;S06;Bus only, long, high crowding;bus_100;5.0;any;high;0;4;0.75;0.83;0.13
STU_0008;S03;Bike only, medium, sunny;bike_100;2.5;sunny;;0;5;1.0;1.0;0.0
STU_0009;S11;Walk+Bus, medium, rain, high crowding, age>45;walk_bus;3.0;rain;high;1;5;1.0;0.691;0.209
STU_0009;S10;Bike, medium, sunny, age>45;bike_100;3.0;sunny;;0;5;1.0;1.0;0.0
STU_0009;S01;Walk only, short, sunny;walk_100;0.8;sunny;;0;4;0.75;1.0;0.2
STU_0009;S09;Car only, long distance;car_100;8.0;any;;0;5;1.0;1.0;0.0
STU_0009;S06;Bus only, long, high crowding;bus_100;5.0;any;high;0;5;1.0;0.83;0.17
STU_0009;S03;Bike only, medium, sunny;bike_100;2.5;sunny;;0;5;1.0;1.0;0.1
STU_0010;S11;Walk+Bus, medium, rain, high crowding, age>45;walk_bus;3.0;rain;high;1;4;0.75;0.691;0.109
STU_0010;S10;Bike, medium, sunny, age>45;bike_100;3.0;sunny;;0;5;1.0;1.0;0.0
STU_0010;S01;Walk only, short, sunny;walk_100;0.8;sunny;;0;5;1.0;1.0;0.0
STU_0010;S09;Car only, long distance;car_100;8.0;any;;0;5;1.0;1.0;0.0
STU_0010;S06;Bus only, long, high crowding;bus_100;5.0;any;high;0;5;1.0;0.83;0.17
STU_0010;S03;Bike only, medium, sunny;bike_100;2.5;sunny;;0;5;1.0;1.0;0.0
STU_0010;S02;Walk only, short, rain;walk_100;0.8;rain;;0;3;0.5;0.7;0.1
STU_0010;S12;Car only, long, age>45;car_100;8.0;any;;0;5;1.0;1.0;0.1
STU_0011;S11;Walk+Bus, medium, rain, high crowding, age>45;walk_bus;3.0;rain;high;1;4;0.75;0.691;0.009
STU_0011;S10;Bike, medium, sunny, age>45;bike_100;3.0;sunny;;0;5;1.0;1.0;0.0
STU_0011;S01;Walk only, short, sunny;walk_100;0.8;sunny;;0;5;1.0;1.0;0.1
STU_0011;S09;Car only, long distance;car_100;8.0;any;;0;5;1.0;1.0;0.1
STU_0011;S06;Bus only, long, high crowding;bus_100;5.0;any;high;0;4;0.75;0.83;0.03
STU_0011;S03;Bike only, medium, sunny;bike_100;2.5;sunny;;0;5;1.0;1.0;0.0
STU_0011;S02;Walk only, short, rain;walk_100;0.8;rain;;0;5;1.0;0.7;0.2
STU_0012;S11;Walk+Bus, medium, rain, high crowding, age>45;walk_bus;3.0;rain;high;1;4;0.75;0.691;0.009
STU_0012;S10;Bike, medium, sunny, age>45;bike_100;3.0;sunny;;0;5;1.0;1.0;0.0
STU_0012;S01;Walk only, short, sunny;walk_100;0.8;sunny;;0;5;1.0;1.0;0.0
STU_0012;S09;Car only, long distance;car_100;8.0;any;;0;5;1.0;1.0;0.1
STU_0012;S06;Bus only, long, high crowding;bus_100;5.0;any;high;0;5;1.0;0.83;0.07
STU_0012;S03;Bike only, medium, sunny;bike_100;2.5;sunny;;0;5;1.0;1.0;0.0
STU_0013;S11;Walk+Bus, medium, rain, high crowding, age>45;walk_bus;3.0;rain;high;1;4;0.75;0.691;0.009
STU_0013;S10;Bike, medium, sunny, age>45;bike_100;3.0;sunny;;0;5;1.0;1.0;0.1
STU_0013;S01;Walk only, short, sunny;walk_100;0.8;sunny;;0;5;1.0;1.0;0.0
STU_0013;S09;Car only, long distance;car_100;8.0;any;;0;5;1.0;1.0;0.0
STU_0013;S06;Bus only, long, high crowding;bus_100;5.0;any;high;0;5;1.0;0.83;0.07
STU_0013;S03;Bike only, medium, sunny;bike_100;2.5;sunny;;0;5;1.0;1.0;0.1
STU_0013;S02;Walk only, short, rain;walk_100;0.8;rain;;0;4;0.75;0.7;0.1
STU_0013;S12;Car only, long, age>45;car_100;8.0;any;;0;5;1.0;1.0;0.0
STU_0013;S05;Bus only, long, low crowding;bus_100;5.0;any;low;0;5;1.0;0.96;0.04
STU_0014;S11;Walk+Bus, medium, rain, high crowding, age>45;walk_bus;3.0;rain;high;1;4;0.75;0.691;0.009
STU_0014;S10;Bike, medium, sunny, age>45;bike_100;3.0;sunny;;0;5;1.0;1.0;0.0
STU_0014;S01;Walk only, short, sunny;walk_100;0.8;sunny;;0;5;1.0;1.0;0.0
STU_0014;S09;Car only, long distance;car_100;8.0;any;;0;5;1.0;1.0;0.0
STU_0014;S06;Bus only, long, high crowding;bus_100;5.0;any;high;0;5;1.0;0.83;0.07
STU_0014;S03;Bike only, medium, sunny;bike_100;2.5;sunny;;0;5;1.0;1.0;0.1
STU_0014;S02;Walk only, short, rain;walk_100;0.8;rain;;0;4;0.75;0.7;0.1
STU_0014;S12;Car only, long, age>45;car_100;8.0;any;;0;5;1.0;1.0;0.0
STU_0015;S11;Walk+Bus, medium, rain, high crowding, age>45;walk_bus;3.0;rain;high;1;4;0.75;0.691;0.009
STU_0015;S10;Bike, medium, sunny, age>45;bike_100;3.0;sunny;;0;5;1.0;1.0;0.0
STU_0015;S01;Walk only, short, sunny;walk_100;0.8;sunny;;0;5;1.0;1.0;0.0
STU_0015;S09;Car only, long distance;car_100;8.0;any;;0;5;1.0;1.0;0.0
STU_0015;S06;Bus only, long, high crowding;bus_100;5.0;any;high;0;5;1.0;0.83;0.07
STU_0016;S11;Walk+Bus, medium, rain, high crowding, age>45;walk_bus;3.0;rain;high;1;3;0.5;0.691;0.091
STU_0016;S10;Bike, medium, sunny, age>45;bike_100;3.0;sunny;;0;5;1.0;1.0;0.0
STU_0016;S01;Walk only, short, sunny;walk_100;0.8;sunny;;0;5;1.0;1.0;0.0
STU_0016;S09;Car only, long distance;car_100;8.0;any;;0;5;1.0;1.0;0.1
STU_0016;S06;Bus only, long, high crowding;bus_100;5.0;any;high;0;4;0.75;0.83;0.03
STU_0016;S03;Bike only, medium, sunny;bike_100;2.5;sunny;;0;5;1.0;1.0;0.1
STU_0016;S02;Walk only, short, rain;walk_100;0.8;rain;;0;4;0.75;0.7;0.1
STU_0017;S11;Walk+Bus, medium, rain, high crowding, age>45;walk_bus;3.0;rain;high;1;4;0.75;0.691;0.109
STU_0017;S10;Bike, medium, sunny, age>45;bike_100;3.0;sunny;;0;5;1.0;1.0;0.0
STU_0017;S01;Walk only, short, sunny;walk_100;0.8;sunny;;0;5;1.0;1.0;0.0
STU_0017;S09;Car only, long distance;car_100;8.0;any;;0;5;1.0;1.0;0.0
STU_0017;S06;Bus only, long, high crowding;bus_100;5.0;any;high;0;4;0.75;0.83;0.03
STU_0017;S03;Bike only, medium, sunny;bike_100;2.5;sunny;;0;5;1.0;1.0;0.0
STU_0017;S02;Walk only, short, rain;walk_100;0.8;rain;;0;4;0.75;0.7;0.0
STU_0017;S12;Car only, long, age>45;car_100;8.0;any;;0;5;1.0;1.0;0.0
STU_0017;S05;Bus only, long, low crowding;bus_100;5.0;any;low;0;5;1.0;0.96;0.04
STU_0018;S11;Walk+Bus, medium, rain, high crowding, age>45;walk_bus;3.0;rain;high;1;3;0.5;0.691;0.091
STU_0018;S10;Bike, medium, sunny, age>45;bike_100;3.0;sunny;;0;5;1.0;1.0;0.0
STU_0018;S01;Walk only, short, sunny;walk_100;0.8;sunny;;0;5;1.0;1.0;0.1
STU_0018;S09;Car only, long distance;car_100;8.0;any;;0;5;1.0;1.0;0.0
STU_0018;S06;Bus only, long, high crowding;bus_100;5.0;any;high;0;4;0.75;0.83;0.03
STU_0018;S03;Bike only, medium, sunny;bike_100;2.5;sunny;;0;5;1.0;1.0;0.0
STU_0018;S02;Walk only, short, rain;walk_100;0.8;rain;;0;5;1.0;0.7;0.2
STU_0018;S12;Car only, long, age>45;car_100;8.0;any;;0;5;1.0;1.0;0.0
STU_0018;S05;Bus only, long, low crowding;bus_100;5.0;any;low;0;5;1.0;0.96;0.04
STU_0019;S11;Walk+Bus, medium, rain, high crowding, age>45;walk_bus;3.0;rain;high;1;4;0.75;0.691;0.109
STU_0019;S10;Bike, medium, sunny, age>45;bike_100;3.0;sunny;;0;5;1.0;1.0;0.0
STU_0019;S01;Walk only, short, sunny;walk_100;0.8;sunny;;0;5;1.0;1.0;0.1
STU_0019;S09;Car only, long distance;car_100;8.0;any;;0;5;1.0;1.0;0.0
STU_0019;S06;Bus only, long, high crowding;bus_100;5.0;any;high;0;5;1.0;0.83;0.07
STU_0020;S11;Walk+Bus, medium, rain, high crowding, age>45;walk_bus;3.0;rain;high;1;4;0.75;0.691;0.109
STU_0020;S10;Bike, medium, sunny, age>45;bike_100;3.0;sunny;;0;5;1.0;1.0;0.0
STU_0020;S01;Walk only, short, sunny;walk_100;0.8;sunny;;0;4;0.75;1.0;0.2
STU_0020;S09;Car only, long distance;car_100;8.0;any;;0;4;0.75;1.0;0.2
STU_0020;S06;Bus only, long, high crowding;bus_100;5.0;any;high;0;4;0.75;0.83;0.03
STU_0020;S03;Bike only, medium, sunny;bike_100;2.5;sunny;;0;5;1.0;1.0;0.0
STU_0020;S02;Walk only, short, rain;walk_100;0.8;rain;;0;4;0.75;0.7;0.0
STU_0021;S11;Walk+Bus, medium, rain, high crowding, age>45;walk_bus;3.0;rain;high;1;4;0.75;0.691;0.109
STU_0021;S10;Bike, medium, sunny, age>45;bike_100;3.0;sunny;;0;5;1.0;1.0;0.0
STU_0021;S01;Walk only, short, sunny;walk_100;0.8;sunny;;0;5;1.0;1.0;0.0
STU_0021;S09;Car only, long distance;car_100;8.0;any;;0;5;1.0;1.0;0.1
STU_0021;S06;Bus only, long, high crowding;bus_100;5.0;any;high;0;5;1.0;0.83;0.17
STU_0021;S03;Bike only, medium, sunny;bike_100;2.5;sunny;;0;5;1.0;1.0;0.0
STU_0021;S02;Walk only, short, rain;walk_100;0.8;rain;;0;4;0.75;0.7;0.0
STU_0021;S12;Car only, long, age>45;car_100;8.0;any;;0;5;1.0;1.0;0.1
STU_0022;S11;Walk+Bus, medium, rain, high crowding, age>45;walk_bus;3.0;rain;high;1;3;0.5;0.691;0.091
STU_0022;S10;Bike, medium, sunny, age>45;bike_100;3.0;sunny;;0;5;1.0;1.0;0.0
STU_0022;S01;Walk only, short, sunny;walk_100;0.8;sunny;;0;4;0.75;1.0;0.2
STU_0022;S09;Car only, long distance;car_100;8.0;any;;0;5;1.0;1.0;0.0
STU_0023;S11;Walk+Bus, medium, rain, high crowding, age>45;walk_bus;3.0;rain;high;1;4;0.75;0.646;0.154
STU_0023;S10;Bike, medium, sunny, age>45;bike_100;3.0;sunny;;0;4;0.75;0.8;0.0
STU_0023;S01;Walk only, short, sunny;walk_100;0.8;sunny;;0;5;1.0;0.85;0.05
STU_0023;S09;Car only, long distance;car_100;8.0;any;;0;5;1.0;1.0;0.0
STU_0023;S06;Bus only, long, high crowding;bus_100;5.0;any;high;0;4;0.75;0.83;0.03
STU_0023;S03;Bike only, medium, sunny;bike_100;2.5;sunny;;0;4;0.75;0.8;0.1
STU_0023;S02;Walk only, short, rain;walk_100;0.8;rain;;0;4;0.75;0.55;0.15
STU_0024;S11;Walk+Bus, medium, rain, high crowding, age>45;walk_bus;3.0;rain;high;1;4;0.75;0.691;0.009
STU_0024;S10;Bike, medium, sunny, age>45;bike_100;3.0;sunny;;0;5;1.0;1.0;0.0
STU_0024;S01;Walk only, short, sunny;walk_100;0.8;sunny;;0;5;1.0;1.0;0.0
STU_0024;S09;Car only, long distance;car_100;8.0;any;;0;5;1.0;1.0;0.0
STU_0024;S06;Bus only, long, high crowding;bus_100;5.0;any;high;0;5;1.0;0.83;0.07
STU_0025;S11;Walk+Bus, medium, rain, high crowding, age>45;walk_bus;3.0;rain;high;1;4;0.75;0.691;0.009
STU_0025;S10;Bike, medium, sunny, age>45;bike_100;3.0;sunny;;0;5;1.0;1.0;0.0
STU_0025;S01;Walk only, short, sunny;walk_100;0.8;sunny;;0;5;1.0;1.0;0.0
STU_0025;S09;Car only, long distance;car_100;8.0;any;;0;5;1.0;1.0;0.1
STU_0025;S06;Bus only, long, high crowding;bus_100;5.0;any;high;0;5;1.0;0.83;0.17
STU_0025;S03;Bike only, medium, sunny;bike_100;2.5;sunny;;0;5;1.0;1.0;0.0
STU_0025;S02;Walk only, short, rain;walk_100;0.8;rain;;0;4;0.75;0.7;0.1
STU_0025;S12;Car only, long, age>45;car_100;8.0;any;;0;5;1.0;1.0;0.0
STU_0025;S05;Bus only, long, low crowding;bus_100;5.0;any;low;0;5;1.0;0.96;0.04
STU_0026;S11;Walk+Bus, medium, rain, high crowding, age>45;walk_bus;3.0;rain;high;1;3;0.5;0.691;0.091
STU_0026;S10;Bike, medium, sunny, age>45;bike_100;3.0;sunny;;0;5;1.0;1.0;0.0
STU_0026;S01;Walk only, short, sunny;walk_100;0.8;sunny;;0;5;1.0;1.0;0.0
STU_0026;S09;Car only, long distance;car_100;8.0;any;;0;5;1.0;1.0;0.0
STU_0026;S06;Bus only, long, high crowding;bus_100;5.0;any;high;0;4;0.75;0.83;0.03
STU_0026;S03;Bike only, medium, sunny;bike_100;2.5;sunny;;0;5;1.0;1.0;0.0
STU_0026;S02;Walk only, short, rain;walk_100;0.8;rain;;0;3;0.5;0.7;0.1
STU_0026;S12;Car only, long, age>45;car_100;8.0;any;;0;5;1.0;1.0;0.0
STU_0027;S11;Walk+Bus, medium, rain, high crowding, age>45;walk_bus;3.0;rain;high;1;5;1.0;0.691;0.209
STU_0027;S10;Bike, medium, sunny, age>45;bike_100;3.0;sunny;;0;5;1.0;1.0;0.0
STU_0027;S01;Walk only, short, sunny;walk_100;0.8;sunny;;0;5;1.0;1.0;0.0
STU_0027;S09;Car only, long distance;car_100;8.0;any;;0;5;1.0;1.0;0.1
STU_0027;S06;Bus only, long, high crowding;bus_100;5.0;any;high;0;4;0.75;0.83;0.03
STU_0027;S03;Bike only, medium, sunny;bike_100;2.5;sunny;;0;5;1.0;1.0;0.1
STU_0027;S02;Walk only, short, rain;walk_100;0.8;rain;;0;4;0.75;0.7;0.1
STU_0028;S11;Walk+Bus, medium, rain, high crowding, age>45;walk_bus;3.0;rain;high;1;4;0.75;0.691;0.009
STU_0028;S10;Bike, medium, sunny, age>45;bike_100;3.0;sunny;;0;5;1.0;1.0;0.0
STU_0028;S01;Walk only, short, sunny;walk_100;0.8;sunny;;0;5;1.0;1.0;0.0
STU_0028;S09;Car only, long distance;car_100;8.0;any;;0;5;1.0;1.0;0.0
STU_0029;S11;Walk+Bus, medium, rain, high crowding, age>45;walk_bus;3.0;rain;high;1;3;0.5;0.646;0.046
STU_0029;S10;Bike, medium, sunny, age>45;bike_100;3.0;sunny;;0;5;1.0;0.8;0.1
STU_0029;S01;Walk only, short, sunny;walk_100;0.8;sunny;;0;5;1.0;0.85;0.05
STU_0029;S09;Car only, long distance;car_100;8.0;any;;0;5;1.0;1.0;0.1
STU_0030;S11;Walk+Bus, medium, rain, high crowding, age>45;walk_bus;3.0;rain;high;1;4;0.75;0.691;0.009
STU_0030;S10;Bike, medium, sunny, age>45;bike_100;3.0;sunny;;0;5;1.0;1.0;0.0
STU_0030;S01;Walk only, short, sunny;walk_100;0.8;sunny;;0;5;1.0;1.0;0.0
STU_0030;S09;Car only, long distance;car_100;8.0;any;;0;5;1.0;1.0;0.0
STU_0030;S06;Bus only, long, high crowding;bus_100;5.0;any;high;0;5;1.0;0.83;0.17
STU_0030;S03;Bike only, medium, sunny;bike_100;2.5;sunny;;0;5;1.0;1.0;0.0
STU_0031;S11;Walk+Bus, medium, rain, high crowding, age>45;walk_bus;3.0;rain;high;1;4;0.75;0.691;0.109
STU_0031;S10;Bike, medium, sunny, age>45;bike_100;3.0;sunny;;0;5;1.0;1.0;0.0
STU_0031;S01;Walk only, short, sunny;walk_100;0.8;sunny;;0;5;1.0;1.0;0.0
STU_0031;S09;Car only, long distance;car_100;8.0;any;;0;5;1.0;1.0;0.0
STU_0031;S06;Bus only, long, high crowding;bus_100;5.0;any;high;0;4;0.75;0.83;0.13
STU_0031;S03;Bike only, medium, sunny;bike_100;2.5;sunny;;0;5;1.0;1.0;0.1
STU_0032;S11;Walk+Bus, medium, rain, high crowding, age>45;walk_bus;3.0;rain;high;1;4;0.75;0.691;0.009
STU_0032;S10;Bike, medium, sunny, age>45;bike_100;3.0;sunny;;0;5;1.0;1.0;0.0
STU_0032;S01;Walk only, short, sunny;walk_100;0.8;sunny;;0;4;0.75;1.0;0.2
STU_0032;S09;Car only, long distance;car_100;8.0;any;;0;5;1.0;1.0;0.1
STU_0032;S06;Bus only, long, high crowding;bus_100;5.0;any;high;0;4;0.75;0.83;0.03
STU_0033;S11;Walk+Bus, medium, rain, high crowding, age>45;walk_bus;3.0;rain;high;1;4;0.75;0.691;0.009
STU_0033;S10;Bike, medium, sunny, age>45;bike_100;3.0;sunny;;0;5;1.0;1.0;0.0
STU_0033;S01;Walk only, short, sunny;walk_100;0.8;sunny;;0;5;1.0;1.0;0.0
STU_0033;S09;Car only, long distance;car_100;8.0;any;;0;5;1.0;1.0;0.0
STU_0033;S06;Bus only, long, high crowding;bus_100;5.0;any;high;0;3;0.5;0.83;0.23
STU_0033;S03;Bike only, medium, sunny;bike_100;2.5;sunny;;0;5;1.0;1.0;0.0
STU_0033;S02;Walk only, short, rain;walk_100;0.8;rain;;0;4;0.75;0.7;0.0
STU_0034;S11;Walk+Bus, medium, rain, high crowding, age>45;walk_bus;3.0;rain;high;1;3;0.5;0.691;0.191
STU_0034;S10;Bike, medium, sunny, age>45;bike_100;3.0;sunny;;0;5;1.0;1.0;0.0
STU_0034;S01;Walk only, short, sunny;walk_100;0.8;sunny;;0;5;1.0;1.0;0.0
STU_0034;S09;Car only, long distance;car_100;8.0;any;;0;5;1.0;1.0;0.0
STU_0034;S06;Bus only, long, high crowding;bus_100;5.0;any;high;0;5;1.0;0.83;0.07
STU_0034;S03;Bike only, medium, sunny;bike_100;2.5;sunny;;0;5;1.0;1.0;0.0
STU_0034;S02;Walk only, short, rain;walk_100;0.8;rain;;0;4;0.75;0.7;0.0
STU_0035;S11;Walk+Bus, medium, rain, high crowding, age>45;walk_bus;3.0;rain;high;1;4;0.75;0.691;0.009
STU_0035;S10;Bike, medium, sunny, age>45;bike_100;3.0;sunny;;0;5;1.0;1.0;0.0
STU_0035;S01;Walk only, short, sunny;walk_100;0.8;sunny;;0;5;1.0;1.0;0.0
STU_0035;S09;Car only, long distance;car_100;8.0;any;;0;5;1.0;1.0;0.1
STU_0035;S06;Bus only, long, high crowding;bus_100;5.0;any;high;0;4;0.75;0.83;0.03
STU_0035;S03;Bike only, medium, sunny;bike_100;2.5;sunny;;0;5;1.0;1.0;0.0
STU_0035;S02;Walk only, short, rain;walk_100;0.8;rain;;0;4;0.75;0.7;0.0
STU_0035;S12;Car only, long, age>45;car_100;8.0;any;;0;5;1.0;1.0;0.0
STU_0035;S05;Bus only, long, low crowding;bus_100;5.0;any;low;0;5;1.0;0.96;0.06
STU_0036;S11;Walk+Bus, medium, rain, high crowding, age>45;walk_bus;3.0;rain;high;1;4;0.75;0.691;0.009
STU_0036;S10;Bike, medium, sunny, age>45;bike_100;3.0;sunny;;0;5;1.0;1.0;0.1
STU_0036;S01;Walk only, short, sunny;walk_100;0.8;sunny;;0;5;1.0;1.0;0.0
STU_0036;S09;Car only, long distance;car_100;8.0;any;;0;5;1.0;1.0;0.1
STU_0036;S06;Bus only, long, high crowding;bus_100;5.0;any;high;0;5;1.0;0.83;0.07
STU_0036;S03;Bike only, medium, sunny;bike_100;2.5;sunny;;0;5;1.0;1.0;0.1
STU_0036;S02;Walk only, short, rain;walk_100;0.8;rain;;0;4;0.75;0.7;0.0
STU_0036;S12;Car only, long, age>45;car_100;8.0;any;;0;5;1.0;1.0;0.0
STU_0036;S05;Bus only, long, low crowding;bus_100;5.0;any;low;0;5;1.0;0.96;0.04
STU_0037;S11;Walk+Bus, medium, rain, high crowding, age>45;walk_bus;3.0;rain;high;1;4;0.75;0.691;0.009
STU_0037;S10;Bike, medium, sunny, age>45;bike_100;3.0;sunny;;0;4;0.75;0.85;0.15
STU_0037;S01;Walk only, short, sunny;walk_100;0.8;sunny;;0;5;1.0;1.0;0.0
STU_0037;S09;Car only, long distance;car_100;8.0;any;;0;5;1.0;1.0;0.0
STU_0037;S06;Bus only, long, high crowding;bus_100;5.0;any;high;0;4;0.75;0.83;0.03
STU_0037;S03;Bike only, medium, sunny;bike_100;2.5;sunny;;0;4;0.75;0.85;0.15
STU_0037;S02;Walk only, short, rain;walk_100;0.8;rain;;0;5;1.0;0.7;0.2
STU_0037;S12;Car only, long, age>45;car_100;8.0;any;;0;5;1.0;1.0;0.0
STU_0037;S05;Bus only, long, low crowding;bus_100;5.0;any;low;0;5;1.0;0.96;0.06
STU_0038;S11;Walk+Bus, medium, rain, high crowding, age>45;walk_bus;3.0;rain;high;1;4;0.75;0.691;0.109
STU_0038;S10;Bike, medium, sunny, age>45;bike_100;3.0;sunny;;0;5;1.0;1.0;0.0
STU_0038;S01;Walk only, short, sunny;walk_100;0.8;sunny;;0;5;1.0;1.0;0.0
STU_0038;S09;Car only, long distance;car_100;8.0;any;;0;5;1.0;1.0;0.0
STU_0038;S06;Bus only, long, high crowding;bus_100;5.0;any;high;0;5;1.0;0.83;0.17
STU_0038;S03;Bike only, medium, sunny;bike_100;2.5;sunny;;0;4;0.75;1.0;0.2
STU_0039;S11;Walk+Bus, medium, rain, high crowding, age>45;walk_bus;3.0;rain;high;1;5;1.0;0.691;0.209
STU_0039;S10;Bike, medium, sunny, age>45;bike_100;3.0;sunny;;0;5;1.0;1.0;0.0
STU_0039;S01;Walk only, short, sunny;walk_100;0.8;sunny;;0;5;1.0;1.0;0.0
STU_0039;S09;Car only, long distance;car_100;8.0;any;;0;5;1.0;1.0;0.0
STU_0039;S06;Bus only, long, high crowding;bus_100;5.0;any;high;0;4;0.75;0.83;0.03
STU_0039;S03;Bike only, medium, sunny;bike_100;2.5;sunny;;0;5;1.0;1.0;0.0
STU_0039;S02;Walk only, short, rain;walk_100;0.8;rain;;0;4;0.75;0.7;0.1
STU_0040;S11;Walk+Bus, medium, rain, high crowding, age>45;walk_bus;3.0;rain;high;1;4;0.75;0.691;0.109
STU_0040;S10;Bike, medium, sunny, age>45;bike_100;3.0;sunny;;0;5;1.0;1.0;0.0
STU_0040;S01;Walk only, short, sunny;walk_100;0.8;sunny;;0;5;1.0;1.0;0.0
STU_0040;S09;Car only, long distance;car_100;8.0;any;;0;5;1.0;1.0;0.0
STU_0040;S06;Bus only, long, high crowding;bus_100;5.0;any;high;0;5;1.0;0.83;0.07
STU_0040;S03;Bike only, medium, sunny;bike_100;2.5;sunny;;0;5;1.0;1.0;0.0
STU_0040;S02;Walk only, short, rain;walk_100;0.8;rain;;0;5;1.0;0.7;0.2
STU_0041;S11;Walk+Bus, medium, rain, high crowding, age>45;walk_bus;3.0;rain;high;1;4;0.75;0.691;0.109
STU_0041;S10;Bike, medium, sunny, age>45;bike_100;3.0;sunny;;0;5;1.0;0.85;0.05
STU_0041;S01;Walk only, short, sunny;walk_100;0.8;sunny;;0;5;1.0;1.0;0.0
STU_0041;S09;Car only, long distance;car_100;8.0;any;;0;5;1.0;1.0;0.0
STU_0042;S11;Walk+Bus, medium, rain, high crowding, age>45;walk_bus;3.0;rain;high;1;4;0.75;0.691;0.009
STU_0042;S10;Bike, medium, sunny, age>45;bike_100;3.0;sunny;;0;5;1.0;1.0;0.1
STU_0042;S01;Walk only, short, sunny;walk_100;0.8;sunny;;0;5;1.0;1.0;0.0
STU_0042;S09;Car only, long distance;car_100;8.0;any;;0;5;1.0;1.0;0.1
STU_0042;S06;Bus only, long, high crowding;bus_100;5.0;any;high;0;5;1.0;0.83;0.07
STU_0042;S03;Bike only, medium, sunny;bike_100;2.5;sunny;;0;5;1.0;1.0;0.0
STU_0043;S11;Walk+Bus, medium, rain, high crowding, age>45;walk_bus;3.0;rain;high;1;4;0.75;0.691;0.109
STU_0043;S10;Bike, medium, sunny, age>45;bike_100;3.0;sunny;;0;5;1.0;1.0;0.0
STU_0043;S01;Walk only, short, sunny;walk_100;0.8;sunny;;0;5;1.0;1.0;0.0
STU_0043;S09;Car only, long distance;car_100;8.0;any;;0;5;1.0;1.0;0.1
STU_0043;S06;Bus only, long, high crowding;bus_100;5.0;any;high;0;5;1.0;0.83;0.17
STU_0043;S03;Bike only, medium, sunny;bike_100;2.5;sunny;;0;5;1.0;1.0;0.0
STU_0043;S02;Walk only, short, rain;walk_100;0.8;rain;;0;4;0.75;0.7;0.1
STU_0043;S12;Car only, long, age>45;car_100;8.0;any;;0;5;1.0;1.0;0.0
STU_0044;S11;Walk+Bus, medium, rain, high crowding, age>45;walk_bus;3.0;rain;high;1;4;0.75;0.691;0.109
STU_0044;S10;Bike, medium, sunny, age>45;bike_100;3.0;sunny;;0;5;1.0;1.0;0.1
STU_0044;S01;Walk only, short, sunny;walk_100;0.8;sunny;;0;5;1.0;1.0;0.1
STU_0044;S09;Car only, long distance;car_100;8.0;any;;0;5;1.0;1.0;0.0
STU_0044;S06;Bus only, long, high crowding;bus_100;5.0;any;high;0;5;1.0;0.83;0.07
STU_0044;S03;Bike only, medium, sunny;bike_100;2.5;sunny;;0;4;0.75;1.0;0.2
STU_0045;S11;Walk+Bus, medium, rain, high crowding, age>45;walk_bus;3.0;rain;high;1;4;0.75;0.691;0.009
STU_0045;S10;Bike, medium, sunny, age>45;bike_100;3.0;sunny;;0;5;1.0;1.0;0.1
STU_0045;S01;Walk only, short, sunny;walk_100;0.8;sunny;;0;5;1.0;1.0;0.0
STU_0045;S09;Car only, long distance;car_100;8.0;any;;0;5;1.0;1.0;0.0
STU_0045;S06;Bus only, long, high crowding;bus_100;5.0;any;high;0;5;1.0;0.83;0.17
STU_0045;S03;Bike only, medium, sunny;bike_100;2.5;sunny;;0;5;1.0;1.0;0.1
STU_0045;S02;Walk only, short, rain;walk_100;0.8;rain;;0;3;0.5;0.7;0.1
STU_0045;S12;Car only, long, age>45;car_100;8.0;any;;0;5;1.0;1.0;0.0
STU_0046;S11;Walk+Bus, medium, rain, high crowding, age>45;walk_bus;3.0;rain;high;1;4;0.75;0.691;0.009
STU_0046;S10;Bike, medium, sunny, age>45;bike_100;3.0;sunny;;0;5;1.0;1.0;0.0
STU_0046;S01;Walk only, short, sunny;walk_100;0.8;sunny;;0;5;1.0;1.0;0.1
STU_0046;S09;Car only, long distance;car_100;8.0;any;;0;5;1.0;1.0;0.1
STU_0047;S11;Walk+Bus, medium, rain, high crowding, age>45;walk_bus;3.0;rain;high;1;4;0.75;0.691;0.109
STU_0047;S10;Bike, medium, sunny, age>45;bike_100;3.0;sunny;;0;5;1.0;1.0;0.1
STU_0047;S01;Walk only, short, sunny;walk_100;0.8;sunny;;0;5;1.0;1.0;0.0
STU_0047;S09;Car only, long distance;car_100;8.0;any;;0;5;1.0;1.0;0.0
STU_0047;S06;Bus only, long, high crowding;bus_100;5.0;any;high;0;4;0.75;0.83;0.03
STU_0048;S11;Walk+Bus, medium, rain, high crowding, age>45;walk_bus;3.0;rain;high;1;5;1.0;0.691;0.209
STU_0048;S10;Bike, medium, sunny, age>45;bike_100;3.0;sunny;;0;5;1.0;1.0;0.1
STU_0048;S01;Walk only, short, sunny;walk_100;0.8;sunny;;0;5;1.0;1.0;0.0
STU_0048;S09;Car only, long distance;car_100;8.0;any;;0;5;1.0;1.0;0.0
STU_0048;S06;Bus only, long, high crowding;bus_100;5.0;any;high;0;5;1.0;0.83;0.17
STU_0048;S03;Bike only, medium, sunny;bike_100;2.5;sunny;;0;5;1.0;1.0;0.0
STU_0048;S02;Walk only, short, rain;walk_100;0.8;rain;;0;5;1.0;0.7;0.2
STU_0049;S11;Walk+Bus, medium, rain, high crowding, age>45;walk_bus;3.0;rain;high;1;4;0.75;0.691;0.009
STU_0049;S10;Bike, medium, sunny, age>45;bike_100;3.0;sunny;;0;5;1.0;1.0;0.0
STU_0049;S01;Walk only, short, sunny;walk_100;0.8;sunny;;0;5;1.0;1.0;0.0
STU_0049;S09;Car only, long distance;car_100;8.0;any;;0;5;1.0;1.0;0.0
STU_0050;S11;Walk+Bus, medium, rain, high crowding, age>45;walk_bus;3.0;rain;high;1;4;0.75;0.691;0.109
STU_0050;S10;Bike, medium, sunny, age>45;bike_100;3.0;sunny;;0;5;1.0;1.0;0.1
STU_0050;S01;Walk only, short, sunny;walk_100;0.8;sunny;;0;5;1.0;1.0;0.0
STU_0050;S09;Car only, long distance;car_100;8.0;any;;0;5;1.0;1.0;0.0
STU_0050;S06;Bus only, long, high crowding;bus_100;5.0;any;high;0;4;0.75;0.83;0.13
STU_0050;S03;Bike only, medium, sunny;bike_100;2.5;sunny;;0;5;1.0;1.0;0.1
STU_0050;S02;Walk only, short, rain;walk_100;0.8;rain;;0;4;0.75;0.7;0.1
STU_0051;S11;Walk+Bus, medium, rain, high crowding, age>45;walk_bus;3.0;rain;high;1;3;0.5;0.691;0.091
STU_0051;S10;Bike, medium, sunny, age>45;bike_100;3.0;sunny;;0;5;1.0;1.0;0.0
STU_0051;S01;Walk only, short, sunny;walk_100;0.8;sunny;;0;5;1.0;1.0;0.0
STU_0051;S09;Car only, long distance;car_100;8.0;any;;0;5;1.0;1.0;0.0
STU_0051;S06;Bus only, long, high crowding;bus_100;5.0;any;high;0;4;0.75;0.83;0.03
STU_0051;S03;Bike only, medium, sunny;bike_100;2.5;sunny;;0;5;1.0;1.0;0.0
STU_0051;S02;Walk only, short, rain;walk_100;0.8;rain;;0;4;0.75;0.7;0.1
STU_0051;S12;Car only, long, age>45;car_100;8.0;any;;0;5;1.0;1.0;0.0
STU_0051;S05;Bus only, long, low crowding;bus_100;5.0;any;low;0;5;1.0;0.96;0.04
STU_0052;S11;Walk+Bus, medium, rain, high crowding, age>45;walk_bus;3.0;rain;high;1;4;0.75;0.691;0.009
STU_0052;S10;Bike, medium, sunny, age>45;bike_100;3.0;sunny;;0;5;1.0;1.0;0.0
STU_0052;S01;Walk only, short, sunny;walk_100;0.8;sunny;;0;5;1.0;1.0;0.0
STU_0052;S09;Car only, long distance;car_100;8.0;any;;0;5;1.0;1.0;0.0
STU_0052;S06;Bus only, long, high crowding;bus_100;5.0;any;high;0;5;1.0;0.83;0.07
STU_0053;S11;Walk+Bus, medium, rain, high crowding, age>45;walk_bus;3.0;rain;high;1;4;0.75;0.691;0.009
STU_0053;S10;Bike, medium, sunny, age>45;bike_100;3.0;sunny;;0;5;1.0;1.0;0.0
STU_0053;S01;Walk only, short, sunny;walk_100;0.8;sunny;;0;5;1.0;1.0;0.0
STU_0053;S09;Car only, long distance;car_100;8.0;any;;0;5;1.0;1.0;0.0
STU_0053;S06;Bus only, long, high crowding;bus_100;5.0;any;high;0;4;0.75;0.83;0.03
STU_0054;S11;Walk+Bus, medium, rain, high crowding, age>45;walk_bus;3.0;rain;high;1;3;0.5;0.691;0.191
STU_0054;S10;Bike, medium, sunny, age>45;bike_100;3.0;sunny;;0;5;1.0;1.0;0.0
STU_0054;S01;Walk only, short, sunny;walk_100;0.8;sunny;;0;5;1.0;1.0;0.0
STU_0054;S09;Car only, long distance;car_100;8.0;any;;0;5;1.0;1.0;0.1
STU_0055;S11;Walk+Bus, medium, rain, high crowding, age>45;walk_bus;3.0;rain;high;1;4;0.75;0.691;0.109
STU_0055;S10;Bike, medium, sunny, age>45;bike_100;3.0;sunny;;0;5;1.0;1.0;0.0
STU_0055;S01;Walk only, short, sunny;walk_100;0.8;sunny;;0;5;1.0;1.0;0.1
STU_0055;S09;Car only, long distance;car_100;8.0;any;;0;5;1.0;1.0;0.0
STU_0055;S06;Bus only, long, high crowding;bus_100;5.0;any;high;0;5;1.0;0.83;0.07
STU_0056;S11;Walk+Bus, medium, rain, high crowding, age>45;walk_bus;3.0;rain;high;1;4;0.75;0.691;0.009
STU_0056;S10;Bike, medium, sunny, age>45;bike_100;3.0;sunny;;0;5;1.0;1.0;0.0
STU_0056;S01;Walk only, short, sunny;walk_100;0.8;sunny;;0;5;1.0;1.0;0.1
STU_0056;S09;Car only, long distance;car_100;8.0;any;;0;5;1.0;1.0;0.0
STU_0056;S06;Bus only, long, high crowding;bus_100;5.0;any;high;0;4;0.75;0.83;0.03
STU_0056;S03;Bike only, medium, sunny;bike_100;2.5;sunny;;0;4;0.75;1.0;0.2
STU_0056;S02;Walk only, short, rain;walk_100;0.8;rain;;0;4;0.75;0.7;0.0
STU_0056;S12;Car only, long, age>45;car_100;8.0;any;;0;5;1.0;1.0;0.0
STU_0057;S11;Walk+Bus, medium, rain, high crowding, age>45;walk_bus;3.0;rain;high;1;4;0.75;0.691;0.009
STU_0057;S10;Bike, medium, sunny, age>45;bike_100;3.0;sunny;;0;5;1.0;1.0;0.0
STU_0057;S01;Walk only, short, sunny;walk_100;0.8;sunny;;0;5;1.0;1.0;0.0
STU_0057;S09;Car only, long distance;car_100;8.0;any;;0;5;1.0;1.0;0.0
STU_0057;S06;Bus only, long, high crowding;bus_100;5.0;any;high;0;5;1.0;0.83;0.07
STU_0058;S11;Walk+Bus, medium, rain, high crowding, age>45;walk_bus;3.0;rain;high;1;5;1.0;0.691;0.209
STU_0058;S10;Bike, medium, sunny, age>45;bike_100;3.0;sunny;;0;5;1.0;0.85;0.05
STU_0058;S01;Walk only, short, sunny;walk_100;0.8;sunny;;0;5;1.0;1.0;0.0
STU_0058;S09;Car only, long distance;car_100;8.0;any;;0;5;1.0;1.0;0.1
STU_0058;S06;Bus only, long, high crowding;bus_100;5.0;any;high;0;5;1.0;0.83;0.07
STU_0058;S03;Bike only, medium, sunny;bike_100;2.5;sunny;;0;5;1.0;0.85;0.05
STU_0058;S02;Walk only, short, rain;walk_100;0.8;rain;;0;3;0.5;0.7;0.1
STU_0059;S11;Walk+Bus, medium, rain, high crowding, age>45;walk_bus;3.0;rain;high;1;3;0.5;0.691;0.091
STU_0059;S10;Bike, medium, sunny, age>45;bike_100;3.0;sunny;;0;5;1.0;1.0;0.1
STU_0059;S01;Walk only, short, sunny;walk_100;0.8;sunny;;0;5;1.0;1.0;0.0
STU_0059;S09;Car only, long distance;car_100;8.0;any;;0;5;1.0;1.0;0.0
STU_0059;S06;Bus only, long, high crowding;bus_100;5.0;any;high;0;4;0.75;0.83;0.03
STU_0059;S03;Bike only, medium, sunny;bike_100;2.5;sunny;;0;5;1.0;1.0;0.0
STU_0059;S02;Walk only, short, rain;walk_100;0.8;rain;;0;4;0.75;0.7;0.0
STU_0060;S11;Walk+Bus, medium, rain, high crowding, age>45;walk_bus;3.0;rain;high;1;4;0.75;0.691;0.009
STU_0060;S10;Bike, medium, sunny, age>45;bike_100;3.0;sunny;;0;5;1.0;1.0;0.0
STU_0060;S01;Walk only, short, sunny;walk_100;0.8;sunny;;0;5;1.0;1.0;0.0
STU_0060;S09;Car only, long distance;car_100;8.0;any;;0;5;1.0;1.0;0.1
STU_0060;S06;Bus only, long, high crowding;bus_100;5.0;any;high;0;4;0.75;0.83;0.03
STU_0060;S03;Bike only, medium, sunny;bike_100;2.5;sunny;;0;5;1.0;1.0;0.0
STU_0060;S02;Walk only, short, rain;walk_100;0.8;rain;;0;4;0.75;0.7;0.1
STU_0061;S11;Walk+Bus, medium, rain, high crowding, age>45;walk_bus;3.0;rain;high;1;5;1.0;0.691;0.209
STU_0061;S10;Bike, medium, sunny, age>45;bike_100;3.0;sunny;;0;5;1.0;1.0;0.0
STU_0061;S01;Walk only, short, sunny;walk_100;0.8;sunny;;0;5;1.0;1.0;0.0
STU_0061;S09;Car only, long distance;car_100;8.0;any;;0;5;1.0;1.0;0.0
STU_0061;S06;Bus only, long, high crowding;bus_100;5.0;any;high;0;5;1.0;0.83;0.07
STU_0061;S03;Bike only, medium, sunny;bike_100;2.5;sunny;;0;5;1.0;1.0;0.1
STU_0061;S02;Walk only, short, rain;walk_100;0.8;rain;;0;4;0.75;0.7;0.0
STU_0062;S11;Walk+Bus, medium, rain, high crowding, age>45;walk_bus;3.0;rain;high;1;4;0.75;0.691;0.009
STU_0062;S10;Bike, medium, sunny, age>45;bike_100;3.0;sunny;;0;5;1.0;1.0;0.0
STU_0062;S01;Walk only, short, sunny;walk_100;0.8;sunny;;0;5;1.0;1.0;0.0
STU_0062;S09;Car only, long distance;car_100;8.0;any;;0;5;1.0;1.0;0.0
STU_0062;S06;Bus only, long, high crowding;bus_100;5.0;any;high;0;4;0.75;0.83;0.13
STU_0062;S03;Bike only, medium, sunny;bike_100;2.5;sunny;;0;5;1.0;1.0;0.0
STU_0062;S02;Walk only, short, rain;walk_100;0.8;rain;;0;3;0.5;0.7;0.1
STU_0062;S12;Car only, long, age>45;car_100;8.0;any;;0;5;1.0;1.0;0.0
STU_0063;S11;Walk+Bus, medium, rain, high crowding, age>45;walk_bus;3.0;rain;high;1;4;0.75;0.691;0.109
STU_0063;S10;Bike, medium, sunny, age>45;bike_100;3.0;sunny;;0;5;1.0;1.0;0.0
STU_0063;S01;Walk only, short, sunny;walk_100;0.8;sunny;;0;5;1.0;1.0;0.0
STU_0063;S09;Car only, long distance;car_100;8.0;any;;0;5;1.0;1.0;0.1
STU_0063;S06;Bus only, long, high crowding;bus_100;5.0;any;high;0;4;0.75;0.83;0.03
STU_0063;S03;Bike only, medium, sunny;bike_100;2.5;sunny;;0;5;1.0;1.0;0.0
STU_0064;S11;Walk+Bus, medium, rain, high crowding, age>45;walk_bus;3.0;rain;high;1;3;0.5;0.691;0.091
STU_0064;S10;Bike, medium, sunny, age>45;bike_100;3.0;sunny;;0;5;1.0;1.0;0.0
STU_0064;S01;Walk only, short, sunny;walk_100;0.8;sunny;;0;5;1.0;1.0;0.0
STU_0064;S09;Car only, long distance;car_100;8.0;any;;0;5;1.0;1.0;0.1
STU_0064;S06;Bus only, long, high crowding;bus_100;5.0;any;high;0;5;1.0;0.83;0.07
STU_0064;S03;Bike only, medium, sunny;bike_100;2.5;sunny;;0;5;1.0;1.0;0.0
STU_0064;S02;Walk only, short, rain;walk_100;0.8;rain;;0;4;0.75;0.7;0.0
STU_0064;S12;Car only, long, age>45;car_100;8.0;any;;0;5;1.0;1.0;0.0
STU_0064;S05;Bus only, long, low crowding;bus_100;5.0;any;low;0;5;1.0;0.96;0.04
STU_0065;S11;Walk+Bus, medium, rain, high crowding, age>45;walk_bus;3.0;rain;high;1;3;0.5;0.646;0.046
STU_0065;S10;Bike, medium, sunny, age>45;bike_100;3.0;sunny;;0;5;1.0;0.8;0.1
STU_0065;S01;Walk only, short, sunny;walk_100;0.8;sunny;;0;4;0.75;0.85;0.05
STU_0065;S09;Car only, long distance;car_100;8.0;any;;0;5;1.0;1.0;0.0
STU_0066;S11;Walk+Bus, medium, rain, high crowding, age>45;walk_bus;3.0;rain;high;1;4;0.75;0.691;0.009
STU_0066;S10;Bike, medium, sunny, age>45;bike_100;3.0;sunny;;0;5;1.0;1.0;0.0
STU_0066;S01;Walk only, short, sunny;walk_100;0.8;sunny;;0;5;1.0;1.0;0.0
STU_0066;S09;Car only, long distance;car_100;8.0;any;;0;5;1.0;1.0;0.0
STU_0066;S06;Bus only, long, high crowding;bus_100;5.0;any;high;0;5;1.0;0.83;0.07
STU_0066;S03;Bike only, medium, sunny;bike_100;2.5;sunny;;0;5;1.0;1.0;0.0
STU_0066;S02;Walk only, short, rain;walk_100;0.8;rain;;0;4;0.75;0.7;0.0
STU_0067;S11;Walk+Bus, medium, rain, high crowding, age>45;walk_bus;3.0;rain;high;1;3;0.5;0.691;0.191
STU_0067;S10;Bike, medium, sunny, age>45;bike_100;3.0;sunny;;0;5;1.0;1.0;0.0
STU_0067;S01;Walk only, short, sunny;walk_100;0.8;sunny;;0;5;1.0;1.0;0.0
STU_0067;S09;Car only, long distance;car_100;8.0;any;;0;5;1.0;1.0;0.1
STU_0067;S06;Bus only, long, high crowding;bus_100;5.0;any;high;0;4;0.75;0.83;0.03
STU_0068;S11;Walk+Bus, medium, rain, high crowding, age>45;walk_bus;3.0;rain;high;1;3;0.5;0.691;0.191
STU_0068;S10;Bike, medium, sunny, age>45;bike_100;3.0;sunny;;0;5;1.0;1.0;0.1
STU_0068;S01;Walk only, short, sunny;walk_100;0.8;sunny;;0;5;1.0;1.0;0.0
STU_0068;S09;Car only, long distance;car_100;8.0;any;;0;5;1.0;1.0;0.0
STU_0068;S06;Bus only, long, high crowding;bus_100;5.0;any;high;0;4;0.75;0.83;0.03
STU_0068;S03;Bike only, medium, sunny;bike_100;2.5;sunny;;0;5;1.0;1.0;0.0
STU_0068;S02;Walk only, short, rain;walk_100;0.8;rain;;0;4;0.75;0.7;0.1
STU_0069;S11;Walk+Bus, medium, rain, high crowding, age>45;walk_bus;3.0;rain;high;1;5;1.0;0.691;0.309
STU_0069;S10;Bike, medium, sunny, age>45;bike_100;3.0;sunny;;0;5;1.0;1.0;0.0
STU_0069;S01;Walk only, short, sunny;walk_100;0.8;sunny;;0;5;1.0;1.0;0.0
STU_0069;S09;Car only, long distance;car_100;8.0;any;;0;5;1.0;1.0;0.1
STU_0069;S06;Bus only, long, high crowding;bus_100;5.0;any;high;0;5;1.0;0.83;0.07
STU_0070;S11;Walk+Bus, medium, rain, high crowding, age>45;walk_bus;3.0;rain;high;1;4;0.75;0.691;0.109
STU_0070;S10;Bike, medium, sunny, age>45;bike_100;3.0;sunny;;0;5;1.0;1.0;0.0
STU_0070;S01;Walk only, short, sunny;walk_100;0.8;sunny;;0;5;1.0;1.0;0.1
STU_0070;S09;Car only, long distance;car_100;8.0;any;;0;5;1.0;1.0;0.0
STU_0070;S06;Bus only, long, high crowding;bus_100;5.0;any;high;0;5;1.0;0.83;0.17
STU_0070;S03;Bike only, medium, sunny;bike_100;2.5;sunny;;0;5;1.0;1.0;0.0
STU_0070;S02;Walk only, short, rain;walk_100;0.8;rain;;0;5;1.0;0.7;0.2
STU_0070;S12;Car only, long, age>45;car_100;8.0;any;;0;5;1.0;1.0;0.0
STU_0070;S05;Bus only, long, low crowding;bus_100;5.0;any;low;0;5;1.0;0.96;0.04
STU_0071;S11;Walk+Bus, medium, rain, high crowding, age>45;walk_bus;3.0;rain;high;1;4;0.75;0.691;0.109
STU_0071;S10;Bike, medium, sunny, age>45;bike_100;3.0;sunny;;0;5;1.0;1.0;0.0
STU_0071;S01;Walk only, short, sunny;walk_100;0.8;sunny;;0;5;1.0;1.0;0.1
STU_0071;S09;Car only, long distance;car_100;8.0;any;;0;5;1.0;1.0;0.0
STU_0071;S06;Bus only, long, high crowding;bus_100;5.0;any;high;0;5;1.0;0.83;0.17
STU_0071;S03;Bike only, medium, sunny;bike_100;2.5;sunny;;0;5;1.0;1.0;0.1
STU_0071;S02;Walk only, short, rain;walk_100;0.8;rain;;0;4;0.75;0.7;0.0
STU_0071;S12;Car only, long, age>45;car_100;8.0;any;;0;4;0.75;1.0;0.2
STU_0071;S05;Bus only, long, low crowding;bus_100;5.0;any;low;0;5;1.0;0.96;0.04
STU_0072;S11;Walk+Bus, medium, rain, high crowding, age>45;walk_bus;3.0;rain;high;1;3;0.5;0.691;0.091
STU_0072;S10;Bike, medium, sunny, age>45;bike_100;3.0;sunny;;0;5;1.0;1.0;0.1
STU_0072;S01;Walk only, short, sunny;walk_100;0.8;sunny;;0;5;1.0;1.0;0.0
STU_0072;S09;Car only, long distance;car_100;8.0;any;;0;5;1.0;1.0;0.1
STU_0072;S06;Bus only, long, high crowding;bus_100;5.0;any;high;0;5;1.0;0.83;0.07
STU_0072;S03;Bike only, medium, sunny;bike_100;2.5;sunny;;0;5;1.0;1.0;0.0
STU_0072;S02;Walk only, short, rain;walk_100;0.8;rain;;0;4;0.75;0.7;0.1
STU_0072;S12;Car only, long, age>45;car_100;8.0;any;;0;4;0.75;1.0;0.2
STU_0072;S05;Bus only, long, low crowding;bus_100;5.0;any;low;0;5;1.0;0.96;0.06
STU_0073;S11;Walk+Bus, medium, rain, high crowding, age>45;walk_bus;3.0;rain;high;1;4;0.75;0.691;0.109
STU_0073;S10;Bike, medium, sunny, age>45;bike_100;3.0;sunny;;0;5;1.0;1.0;0.0
STU_0073;S01;Walk only, short, sunny;walk_100;0.8;sunny;;0;5;1.0;1.0;0.0
STU_0073;S09;Car only, long distance;car_100;8.0;any;;0;5;1.0;1.0;0.1
STU_0073;S06;Bus only, long, high crowding;bus_100;5.0;any;high;0;5;1.0;0.83;0.07
STU_0074;S11;Walk+Bus, medium, rain, high crowding, age>45;walk_bus;3.0;rain;high;1;3;0.5;0.691;0.091
STU_0074;S10;Bike, medium, sunny, age>45;bike_100;3.0;sunny;;0;5;1.0;1.0;0.1
STU_0074;S01;Walk only, short, sunny;walk_100;0.8;sunny;;0;5;1.0;1.0;0.1
STU_0074;S09;Car only, long distance;car_100;8.0;any;;0;5;1.0;1.0;0.0
STU_0074;S06;Bus only, long, high crowding;bus_100;5.0;any;high;0;4;0.75;0.83;0.13
STU_0074;S03;Bike only, medium, sunny;bike_100;2.5;sunny;;0;5;1.0;1.0;0.1
STU_0074;S02;Walk only, short, rain;walk_100;0.8;rain;;0;3;0.5;0.7;0.1
STU_0075;S11;Walk+Bus, medium, rain, high crowding, age>45;walk_bus;3.0;rain;high;1;4;0.75;0.691;0.109
STU_0075;S10;Bike, medium, sunny, age>45;bike_100;3.0;sunny;;0;5;1.0;1.0;0.0
STU_0075;S01;Walk only, short, sunny;walk_100;0.8;sunny;;0;5;1.0;1.0;0.0
STU_0075;S09;Car only, long distance;car_100;8.0;any;;0;5;1.0;1.0;0.0
STU_0075;S06;Bus only, long, high crowding;bus_100;5.0;any;high;0;4;0.75;0.83;0.03
STU_0075;S03;Bike only, medium, sunny;bike_100;2.5;sunny;;0;5;1.0;1.0;0.0
STU_0075;S02;Walk only, short, rain;walk_100;0.8;rain;;0;3;0.5;0.7;0.1
STU_0075;S12;Car only, long, age>45;car_100;8.0;any;;0;5;1.0;1.0;0.0
STU_0075;S05;Bus only, long, low crowding;bus_100;5.0;any;low;0;5;1.0;0.96;0.06
STU_0076;S11;Walk+Bus, medium, rain, high crowding, age>45;walk_bus;3.0;rain;high;1;4;0.75;0.691;0.009
STU_0076;S10;Bike, medium, sunny, age>45;bike_100;3.0;sunny;;0;5;1.0;1.0;0.0
STU_0076;S01;Walk only, short, sunny;walk_100;0.8;sunny;;0;5;1.0;1.0;0.0
STU_0076;S09;Car only, long distance;car_100;8.0;any;;0;5;1.0;1.0;0.0
STU_0076;S06;Bus only, long, high crowding;bus_100;5.0;any;high;0;5;1.0;0.83;0.07
STU_0076;S03;Bike only, medium, sunny;bike_100;2.5;sunny;;0;5;1.0;1.0;0.0
STU_0076;S02;Walk only, short, rain;walk_100;0.8;rain;;0;4;0.75;0.7;0.1
STU_0076;S12;Car only, long, age>45;car_100;8.0;any;;0;5;1.0;1.0;0.1
STU_0077;S11;Walk+Bus, medium, rain, high crowding, age>45;walk_bus;3.0;rain;high;1;4;0.75;0.691;0.109
STU_0077;S10;Bike, medium, sunny, age>45;bike_100;3.0;sunny;;0;5;1.0;1.0;0.0
STU_0077;S01;Walk only, short, sunny;walk_100;0.8;sunny;;0;5;1.0;1.0;0.0
STU_0077;S09;Car only, long distance;car_100;8.0;any;;0;5;1.0;1.0;0.0
STU_0077;S06;Bus only, long, high crowding;bus_100;5.0;any;high;0;4;0.75;0.83;0.03
STU_0078;S11;Walk+Bus, medium, rain, high crowding, age>45;walk_bus;3.0;rain;high;1;4;0.75;0.691;0.109
STU_0078;S10;Bike, medium, sunny, age>45;bike_100;3.0;sunny;;0;5;1.0;1.0;0.0
STU_0078;S01;Walk only, short, sunny;walk_100;0.8;sunny;;0;5;1.0;1.0;0.0
STU_0078;S09;Car only, long distance;car_100;8.0;any;;0;4;0.75;1.0;0.2
STU_0078;S06;Bus only, long, high crowding;bus_100;5.0;any;high;0;3;0.5;0.83;0.23
STU_0079;S11;Walk+Bus, medium, rain, high crowding, age>45;walk_bus;3.0;rain;high;1;4;0.75;0.691;0.109
STU_0079;S10;Bike, medium, sunny, age>45;bike_100;3.0;sunny;;0;5;1.0;1.0;0.0
STU_0079;S01;Walk only, short, sunny;walk_100;0.8;sunny;;0;5;1.0;1.0;0.0
STU_0079;S09;Car only, long distance;car_100;8.0;any;;0;5;1.0;1.0;0.0
STU_0079;S06;Bus only, long, high crowding;bus_100;5.0;any;high;0;4;0.75;0.83;0.13
STU_0079;S03;Bike only, medium, sunny;bike_100;2.5;sunny;;0;5;1.0;1.0;0.0
STU_0079;S02;Walk only, short, rain;walk_100;0.8;rain;;0;4;0.75;0.7;0.1
STU_0080;S11;Walk+Bus, medium, rain, high crowding, age>45;walk_bus;3.0;rain;high;1;4;0.75;0.691;0.009
STU_0080;S10;Bike, medium, sunny, age>45;bike_100;3.0;sunny;;0;5;1.0;1.0;0.0
STU_0080;S01;Walk only, short, sunny;walk_100;0.8;sunny;;0;5;1.0;1.0;0.1
STU_0080;S09;Car only, long distance;car_100;8.0;any;;0;5;1.0;1.0;0.0
STU_0080;S06;Bus only, long, high crowding;bus_100;5.0;any;high;0;4;0.75;0.83;0.13
STU_0081;S11;Walk+Bus, medium, rain, high crowding, age>45;walk_bus;3.0;rain;high;1;4;0.75;0.691;0.009
STU_0081;S10;Bike, medium, sunny, age>45;bike_100;3.0;sunny;;0;5;1.0;1.0;0.0
STU_0081;S01;Walk only, short, sunny;walk_100;0.8;sunny;;0;5;1.0;1.0;0.0
STU_0081;S09;Car only, long distance;car_100;8.0;any;;0;5;1.0;1.0;0.0
STU_0081;S06;Bus only, long, high crowding;bus_100;5.0;any;high;0;4;0.75;0.83;0.13
STU_0082;S11;Walk+Bus, medium, rain, high crowding, age>45;walk_bus;3.0;rain;high;1;3;0.5;0.691;0.091
STU_0082;S10;Bike, medium, sunny, age>45;bike_100;3.0;sunny;;0;5;1.0;1.0;0.0
STU_0082;S01;Walk only, short, sunny;walk_100;0.8;sunny;;0;5;1.0;1.0;0.1
STU_0082;S09;Car only, long distance;car_100;8.0;any;;0;5;1.0;1.0;0.0
STU_0082;S06;Bus only, long, high crowding;bus_100;5.0;any;high;0;5;1.0;0.83;0.07
STU_0082;S03;Bike only, medium, sunny;bike_100;2.5;sunny;;0;5;1.0;1.0;0.0
STU_0082;S02;Walk only, short, rain;walk_100;0.8;rain;;0;4;0.75;0.7;0.1
STU_0082;S12;Car only, long, age>45;car_100;8.0;any;;0;5;1.0;1.0;0.1
STU_0082;S05;Bus only, long, low crowding;bus_100;5.0;any;low;0;5;1.0;0.96;0.06
STU_0083;S11;Walk+Bus, medium, rain, high crowding, age>45;walk_bus;3.0;rain;high;1;4;0.75;0.691;0.009
STU_0083;S10;Bike, medium, sunny, age>45;bike_100;3.0;sunny;;0;5;1.0;1.0;0.1
STU_0083;S01;Walk only, short, sunny;walk_100;0.8;sunny;;0;4;0.75;1.0;0.3
STU_0083;S09;Car only, long distance;car_100;8.0;any;;0;5;1.0;1.0;0.1
STU_0083;S06;Bus only, long, high crowding;bus_100;5.0;any;high;0;4;0.75;0.83;0.13
STU_0083;S03;Bike only, medium, sunny;bike_100;2.5;sunny;;0;5;1.0;1.0;0.0
STU_0083;S02;Walk only, short, rain;walk_100;0.8;rain;;0;3;0.5;0.7;0.1
STU_0084;S11;Walk+Bus, medium, rain, high crowding, age>45;walk_bus;3.0;rain;high;1;3;0.5;0.691;0.091
STU_0084;S10;Bike, medium, sunny, age>45;bike_100;3.0;sunny;;0;5;1.0;1.0;0.0
STU_0084;S01;Walk only, short, sunny;walk_100;0.8;sunny;;0;5;1.0;1.0;0.0
STU_0084;S09;Car only, long distance;car_100;8.0;any;;0;5;1.0;1.0;0.0
STU_0084;S06;Bus only, long, high crowding;bus_100;5.0;any;high;0;5;1.0;0.83;0.07
STU_0084;S03;Bike only, medium, sunny;bike_100;2.5;sunny;;0;5;1.0;1.0;0.0
STU_0084;S02;Walk only, short, rain;walk_100;0.8;rain;;0;3;0.5;0.7;0.1
STU_0084;S12;Car only, long, age>45;car_100;8.0;any;;0;4;0.75;1.0;0.2
STU_0084;S05;Bus only, long, low crowding;bus_100;5.0;any;low;0;5;1.0;0.96;0.04
STU_0085;S11;Walk+Bus, medium, rain, high crowding, age>45;walk_bus;3.0;rain;high;1;4;0.75;0.691;0.109
STU_0085;S10;Bike, medium, sunny, age>45;bike_100;3.0;sunny;;0;5;1.0;1.0;0.1
STU_0085;S01;Walk only, short, sunny;walk_100;0.8;sunny;;0;5;1.0;1.0;0.1
STU_0085;S09;Car only, long distance;car_100;8.0;any;;0;5;1.0;1.0;0.0
STU_0085;S06;Bus only, long, high crowding;bus_100;5.0;any;high;0;4;0.75;0.83;0.13
STU_0085;S03;Bike only, medium, sunny;bike_100;2.5;sunny;;0;5;1.0;1.0;0.1
STU_0085;S02;Walk only, short, rain;walk_100;0.8;rain;;0;3;0.5;0.7;0.1
STU_0085;S12;Car only, long, age>45;car_100;8.0;any;;0;5;1.0;1.0;0.0
STU_0085;S05;Bus only, long, low crowding;bus_100;5.0;any;low;0;5;1.0;0.96;0.04
STU_0086;S11;Walk+Bus, medium, rain, high crowding, age>45;walk_bus;3.0;rain;high;1;4;0.75;0.691;0.109
STU_0086;S10;Bike, medium, sunny, age>45;bike_100;3.0;sunny;;0;5;1.0;1.0;0.1
STU_0086;S01;Walk only, short, sunny;walk_100;0.8;sunny;;0;5;1.0;1.0;0.0
STU_0086;S09;Car only, long distance;car_100;8.0;any;;0;5;1.0;1.0;0.0
STU_0086;S06;Bus only, long, high crowding;bus_100;5.0;any;high;0;5;1.0;0.83;0.07
STU_0086;S03;Bike only, medium, sunny;bike_100;2.5;sunny;;0;4;0.75;1.0;0.2
STU_0086;S02;Walk only, short, rain;walk_100;0.8;rain;;0;4;0.75;0.7;0.0
STU_0087;S11;Walk+Bus, medium, rain, high crowding, age>45;walk_bus;3.0;rain;high;1;4;0.75;0.691;0.009
STU_0087;S10;Bike, medium, sunny, age>45;bike_100;3.0;sunny;;0;5;1.0;1.0;0.0
STU_0087;S01;Walk only, short, sunny;walk_100;0.8;sunny;;0;5;1.0;1.0;0.0
STU_0087;S09;Car only, long distance;car_100;8.0;any;;0;5;1.0;1.0;0.0
STU_0088;S11;Walk+Bus, medium, rain, high crowding, age>45;walk_bus;3.0;rain;high;1;3;0.5;0.691;0.091
STU_0088;S10;Bike, medium, sunny, age>45;bike_100;3.0;sunny;;0;5;1.0;1.0;0.0
STU_0088;S01;Walk only, short, sunny;walk_100;0.8;sunny;;0;5;1.0;1.0;0.0
STU_0088;S09;Car only, long distance;car_100;8.0;any;;0;5;1.0;1.0;0.0
STU_0088;S06;Bus only, long, high crowding;bus_100;5.0;any;high;0;4;0.75;0.83;0.03
STU_0088;S03;Bike only, medium, sunny;bike_100;2.5;sunny;;0;5;1.0;1.0;0.0
STU_0088;S02;Walk only, short, rain;walk_100;0.8;rain;;0;4;0.75;0.7;0.0
STU_0088;S12;Car only, long, age>45;car_100;8.0;any;;0;5;1.0;1.0;0.0
STU_0088;S05;Bus only, long, low crowding;bus_100;5.0;any;low;0;5;1.0;0.96;0.04
STU_0089;S11;Walk+Bus, medium, rain, high crowding, age>45;walk_bus;3.0;rain;high;1;4;0.75;0.646;0.054
STU_0089;S10;Bike, medium, sunny, age>45;bike_100;3.0;sunny;;0;4;0.75;0.8;0.0
STU_0089;S01;Walk only, short, sunny;walk_100;0.8;sunny;;0;4;0.75;0.85;0.05
STU_0089;S09;Car only, long distance;car_100;8.0;any;;0;5;1.0;1.0;0.0
STU_0089;S06;Bus only, long, high crowding;bus_100;5.0;any;high;0;4;0.75;0.83;0.03
STU_0089;S03;Bike only, medium, sunny;bike_100;2.5;sunny;;0;5;1.0;0.8;0.1
STU_0089;S02;Walk only, short, rain;walk_100;0.8;rain;;0;4;0.75;0.55;0.15
STU_0089;S12;Car only, long, age>45;car_100;8.0;any;;0;5;1.0;1.0;0.0
STU_0090;S11;Walk+Bus, medium, rain, high crowding, age>45;walk_bus;3.0;rain;high;1;4;0.75;0.691;0.109
STU_0090;S10;Bike, medium, sunny, age>45;bike_100;3.0;sunny;;0;5;1.0;1.0;0.0
STU_0090;S01;Walk only, short, sunny;walk_100;0.8;sunny;;0;5;1.0;1.0;0.0
STU_0090;S09;Car only, long distance;car_100;8.0;any;;0;5;1.0;1.0;0.0
STU_0090;S06;Bus only, long, high crowding;bus_100;5.0;any;high;0;5;1.0;0.83;0.17
STU_0090;S03;Bike only, medium, sunny;bike_100;2.5;sunny;;0;5;1.0;1.0;0.0
STU_0090;S02;Walk only, short, rain;walk_100;0.8;rain;;0;3;0.5;0.7;0.1
STU_0090;S12;Car only, long, age>45;car_100;8.0;any;;0;5;1.0;1.0;0.1
STU_0091;S11;Walk+Bus, medium, rain, high crowding, age>45;walk_bus;3.0;rain;high;1;4;0.75;0.691;0.109
STU_0091;S10;Bike, medium, sunny, age>45;bike_100;3.0;sunny;;0;5;1.0;1.0;0.0
STU_0091;S01;Walk only, short, sunny;walk_100;0.8;sunny;;0;5;1.0;1.0;0.0
STU_0091;S09;Car only, long distance;car_100;8.0;any;;0;5;1.0;1.0;0.0
STU_0091;S06;Bus only, long, high crowding;bus_100;5.0;any;high;0;5;1.0;0.83;0.07
STU_0092;S11;Walk+Bus, medium, rain, high crowding, age>45;walk_bus;3.0;rain;high;1;3;0.5;0.691;0.091
STU_0092;S10;Bike, medium, sunny, age>45;bike_100;3.0;sunny;;0;5;1.0;1.0;0.0
STU_0092;S01;Walk only, short, sunny;walk_100;0.8;sunny;;0;5;1.0;1.0;0.1
STU_0092;S09;Car only, long distance;car_100;8.0;any;;0;5;1.0;1.0;0.1
STU_0092;S06;Bus only, long, high crowding;bus_100;5.0;any;high;0;5;1.0;0.83;0.07
STU_0092;S03;Bike only, medium, sunny;bike_100;2.5;sunny;;0;5;1.0;1.0;0.0
STU_0092;S02;Walk only, short, rain;walk_100;0.8;rain;;0;4;0.75;0.7;0.0
STU_0092;S12;Car only, long, age>45;car_100;8.0;any;;0;5;1.0;1.0;0.0
STU_0093;S11;Walk+Bus, medium, rain, high crowding, age>45;walk_bus;3.0;rain;high;1;4;0.75;0.691;0.109
STU_0093;S10;Bike, medium, sunny, age>45;bike_100;3.0;sunny;;0;4;0.75;1.0;0.2
STU_0093;S01;Walk only, short, sunny;walk_100;0.8;sunny;;0;5;1.0;1.0;0.0
STU_0093;S09;Car only, long distance;car_100;8.0;any;;0;5;1.0;1.0;0.0
STU_0093;S06;Bus only, long, high crowding;bus_100;5.0;any;high;0;5;1.0;0.83;0.07
STU_0094;S11;Walk+Bus, medium, rain, high crowding, age>45;walk_bus;3.0;rain;high;1;4;0.75;0.691;0.109
STU_0094;S10;Bike, medium, sunny, age>45;bike_100;3.0;sunny;;0;5;1.0;1.0;0.0
STU_0094;S01;Walk only, short, sunny;walk_100;0.8;sunny;;0;5;1.0;1.0;0.0
STU_0094;S09;Car only, long distance;car_100;8.0;any;;0;5;1.0;1.0;0.0
STU_0095;S11;Walk+Bus, medium, rain, high crowding, age>45;walk_bus;3.0;rain;high;1;3;0.5;0.646;0.046
STU_0095;S10;Bike, medium, sunny, age>45;bike_100;3.0;sunny;;0;4;0.75;0.8;0.0
STU_0095;S01;Walk only, short, sunny;walk_100;0.8;sunny;;0;5;1.0;0.85;0.15
STU_0095;S09;Car only, long distance;car_100;8.0;any;;0;5;1.0;1.0;0.0
STU_0095;S06;Bus only, long, high crowding;bus_100;5.0;any;high;0;4;0.75;0.83;0.03
STU_0095;S03;Bike only, medium, sunny;bike_100;2.5;sunny;;0;4;0.75;0.8;0.0
STU_0095;S02;Walk only, short, rain;walk_100;0.8;rain;;0;3;0.5;0.55;0.05
STU_0096;S11;Walk+Bus, medium, rain, high crowding, age>45;walk_bus;3.0;rain;high;1;4;0.75;0.691;0.009
STU_0096;S10;Bike, medium, sunny, age>45;bike_100;3.0;sunny;;0;5;1.0;1.0;0.0
STU_0096;S01;Walk only, short, sunny;walk_100;0.8;sunny;;0;5;1.0;1.0;0.0
STU_0096;S09;Car only, long distance;car_100;8.0;any;;0;5;1.0;1.0;0.0
STU_0096;S06;Bus only, long, high crowding;bus_100;5.0;any;high;0;5;1.0;0.83;0.07
STU_0096;S03;Bike only, medium, sunny;bike_100;2.5;sunny;;0;4;0.75;1.0;0.2
STU_0096;S02;Walk only, short, rain;walk_100;0.8;rain;;0;4;0.75;0.7;0.0
STU_0097;S11;Walk+Bus, medium, rain, high crowding, age>45;walk_bus;3.0;rain;high;1;4;0.75;0.691;0.009
STU_0097;S10;Bike, medium, sunny, age>45;bike_100;3.0;sunny;;0;5;1.0;1.0;0.0
STU_0097;S01;Walk only, short, sunny;walk_100;0.8;sunny;;0;5;1.0;1.0;0.0
STU_0097;S09;Car only, long distance;car_100;8.0;any;;0;5;1.0;1.0;0.1
STU_0097;S06;Bus only, long, high crowding;bus_100;5.0;any;high;0;5;1.0;0.83;0.07
STU_0097;S03;Bike only, medium, sunny;bike_100;2.5;sunny;;0;5;1.0;1.0;0.1
STU_0097;S02;Walk only, short, rain;walk_100;0.8;rain;;0;4;0.75;0.7;0.1
STU_0098;S11;Walk+Bus, medium, rain, high crowding, age>45;walk_bus;3.0;rain;high;1;4;0.75;0.691;0.009
STU_0098;S10;Bike, medium, sunny, age>45;bike_100;3.0;sunny;;0;5;1.0;1.0;0.0
STU_0098;S01;Walk only, short, sunny;walk_100;0.8;sunny;;0;5;1.0;1.0;0.1
STU_0098;S09;Car only, long distance;car_100;8.0;any;;0;5;1.0;1.0;0.0
STU_0098;S06;Bus only, long, high crowding;bus_100;5.0;any;high;0;4;0.75;0.83;0.03
STU_0098;S03;Bike only, medium, sunny;bike_100;2.5;sunny;;0;5;1.0;1.0;0.1
STU_0098;S02;Walk only, short, rain;walk_100;0.8;rain;;0;5;1.0;0.7;0.2
STU_0098;S12;Car only, long, age>45;car_100;8.0;any;;0;5;1.0;1.0;0.0
STU_0099;S11;Walk+Bus, medium, rain, high crowding, age>45;walk_bus;3.0;rain;high;1;4;0.75;0.691;0.009
STU_0099;S10;Bike, medium, sunny, age>45;bike_100;3.0;sunny;;0;5;1.0;0.85;0.15
STU_0099;S01;Walk only, short, sunny;walk_100;0.8;sunny;;0;5;1.0;1.0;0.0
STU_0099;S09;Car only, long distance;car_100;8.0;any;;0;5;1.0;1.0;0.0
STU_0100;S11;Walk+Bus, medium, rain, high crowding, age>45;walk_bus;3.0;rain;high;1;5;1.0;0.691;0.209
STU_0100;S10;Bike, medium, sunny, age>45;bike_100;3.0;sunny;;0;5;1.0;1.0;0.1
STU_0100;S01;Walk only, short, sunny;walk_100;0.8;sunny;;0;5;1.0;1.0;0.0
STU_0100;S09;Car only, long distance;car_100;8.0;any;;0;5;1.0;1.0;0.1
STU_0100;S06;Bus only, long, high crowding;bus_100;5.0;any;high;0;5;1.0;0.83;0.17
STU_0100;S03;Bike only, medium, sunny;bike_100;2.5;sunny;;0;5;1.0;1.0;0.0
STU_0100;S02;Walk only, short, rain;walk_100;0.8;rain;;0;5;1.0;0.7;0.2
STU_0100;S12;Car only, long, age>45;car_100;8.0;any;;0;5;1.0;1.0;0.1
STU_0101;S11;Walk+Bus, medium, rain, high crowding, age>45;walk_bus;3.0;rain;high;1;3;0.5;0.691;0.091
STU_0101;S10;Bike, medium, sunny, age>45;bike_100;3.0;sunny;;0;5;1.0;1.0;0.1
STU_0101;S01;Walk only, short, sunny;walk_100;0.8;sunny;;0;5;1.0;1.0;0.0
STU_0101;S09;Car only, long distance;car_100;8.0;any;;0;5;1.0;1.0;0.0
STU_0101;S06;Bus only, long, high crowding;bus_100;5.0;any;high;0;5;1.0;0.83;0.07
STU_0101;S03;Bike only, medium, sunny;bike_100;2.5;sunny;;0;5;1.0;1.0;0.0
STU_0101;S02;Walk only, short, rain;walk_100;0.8;rain;;0;4;0.75;0.7;0.1
STU_0101;S12;Car only, long, age>45;car_100;8.0;any;;0;5;1.0;1.0;0.1
STU_0102;S11;Walk+Bus, medium, rain, high crowding, age>45;walk_bus;3.0;rain;high;1;4;0.75;0.691;0.109
STU_0102;S10;Bike, medium, sunny, age>45;bike_100;3.0;sunny;;0;5;1.0;1.0;0.0
STU_0102;S01;Walk only, short, sunny;walk_100;0.8;sunny;;0;5;1.0;1.0;0.0
STU_0102;S09;Car only, long distance;car_100;8.0;any;;0;4;0.75;1.0;0.2
STU_0103;S11;Walk+Bus, medium, rain, high crowding, age>45;walk_bus;3.0;rain;high;1;4;0.75;0.691;0.109
STU_0103;S10;Bike, medium, sunny, age>45;bike_100;3.0;sunny;;0;5;1.0;1.0;0.0
STU_0103;S01;Walk only, short, sunny;walk_100;0.8;sunny;;0;5;1.0;1.0;0.0
STU_0103;S09;Car only, long distance;car_100;8.0;any;;0;5;1.0;1.0;0.0
STU_0104;S11;Walk+Bus, medium, rain, high crowding, age>45;walk_bus;3.0;rain;high;1;4;0.75;0.646;0.054
STU_0104;S10;Bike, medium, sunny, age>45;bike_100;3.0;sunny;;0;4;0.75;0.8;0.0
STU_0104;S01;Walk only, short, sunny;walk_100;0.8;sunny;;0;5;1.0;0.85;0.15
STU_0104;S09;Car only, long distance;car_100;8.0;any;;0;5;1.0;1.0;0.0
STU_0105;S11;Walk+Bus, medium, rain, high crowding, age>45;walk_bus;3.0;rain;high;1;3;0.5;0.691;0.091
STU_0105;S10;Bike, medium, sunny, age>45;bike_100;3.0;sunny;;0;5;1.0;1.0;0.1
STU_0105;S01;Walk only, short, sunny;walk_100;0.8;sunny;;0;5;1.0;1.0;0.0
STU_0105;S09;Car only, long distance;car_100;8.0;any;;0;5;1.0;1.0;0.0
STU_0106;S11;Walk+Bus, medium, rain, high crowding, age>45;walk_bus;3.0;rain;high;1;4;0.75;0.691;0.009
STU_0106;S10;Bike, medium, sunny, age>45;bike_100;3.0;sunny;;0;5;1.0;1.0;0.0
STU_0106;S01;Walk only, short, sunny;walk_100;0.8;sunny;;0;5;1.0;1.0;0.0
STU_0106;S09;Car only, long distance;car_100;8.0;any;;0;5;1.0;1.0;0.0
STU_0106;S06;Bus only, long, high crowding;bus_100;5.0;any;high;0;5;1.0;0.83;0.07
STU_0106;S03;Bike only, medium, sunny;bike_100;2.5;sunny;;0;5;1.0;1.0;0.0
STU_0106;S02;Walk only, short, rain;walk_100;0.8;rain;;0;4;0.75;0.7;0.0
STU_0107;S11;Walk+Bus, medium, rain, high crowding, age>45;walk_bus;3.0;rain;high;1;3;0.5;0.691;0.091
STU_0107;S10;Bike, medium, sunny, age>45;bike_100;3.0;sunny;;0;5;1.0;1.0;0.0
STU_0107;S01;Walk only, short, sunny;walk_100;0.8;sunny;;0;5;1.0;1.0;0.0
STU_0107;S09;Car only, long distance;car_100;8.0;any;;0;5;1.0;1.0;0.1
STU_0107;S06;Bus only, long, high crowding;bus_100;5.0;any;high;0;4;0.75;0.83;0.03
STU_0107;S03;Bike only, medium, sunny;bike_100;2.5;sunny;;0;5;1.0;1.0;0.0
STU_0108;S11;Walk+Bus, medium, rain, high crowding, age>45;walk_bus;3.0;rain;high;1;5;1.0;0.691;0.209
STU_0108;S10;Bike, medium, sunny, age>45;bike_100;3.0;sunny;;0;5;1.0;1.0;0.0
STU_0108;S01;Walk only, short, sunny;walk_100;0.8;sunny;;0;5;1.0;1.0;0.0
STU_0108;S09;Car only, long distance;car_100;8.0;any;;0;5;1.0;1.0;0.1
STU_0108;S06;Bus only, long, high crowding;bus_100;5.0;any;high;0;4;0.75;0.83;0.13
STU_0108;S03;Bike only, medium, sunny;bike_100;2.5;sunny;;0;5;1.0;1.0;0.0
STU_0109;S11;Walk+Bus, medium, rain, high crowding, age>45;walk_bus;3.0;rain;high;1;4;0.75;0.691;0.109
STU_0109;S10;Bike, medium, sunny, age>45;bike_100;3.0;sunny;;0;5;1.0;1.0;0.0
STU_0109;S01;Walk only, short, sunny;walk_100;0.8;sunny;;0;5;1.0;1.0;0.0
STU_0109;S09;Car only, long distance;car_100;8.0;any;;0;5;1.0;1.0;0.1
STU_0110;S11;Walk+Bus, medium, rain, high crowding, age>45;walk_bus;3.0;rain;high;1;4;0.75;0.691;0.009
STU_0110;S10;Bike, medium, sunny, age>45;bike_100;3.0;sunny;;0;4;0.75;1.0;0.2
STU_0110;S01;Walk only, short, sunny;walk_100;0.8;sunny;;0;5;1.0;1.0;0.0
STU_0110;S09;Car only, long distance;car_100;8.0;any;;0;5;1.0;1.0;0.1
STU_0110;S06;Bus only, long, high crowding;bus_100;5.0;any;high;0;5;1.0;0.83;0.07
STU_0110;S03;Bike only, medium, sunny;bike_100;2.5;sunny;;0;5;1.0;1.0;0.0
STU_0111;S11;Walk+Bus, medium, rain, high crowding, age>45;walk_bus;3.0;rain;high;1;4;0.75;0.691;0.109
STU_0111;S10;Bike, medium, sunny, age>45;bike_100;3.0;sunny;;0;5;1.0;1.0;0.0
STU_0111;S01;Walk only, short, sunny;walk_100;0.8;sunny;;0;5;1.0;1.0;0.0
STU_0111;S09;Car only, long distance;car_100;8.0;any;;0;5;1.0;1.0;0.0
STU_0111;S06;Bus only, long, high crowding;bus_100;5.0;any;high;0;4;0.75;0.83;0.03
STU_0111;S03;Bike only, medium, sunny;bike_100;2.5;sunny;;0;5;1.0;1.0;0.0
STU_0112;S11;Walk+Bus, medium, rain, high crowding, age>45;walk_bus;3.0;rain;high;1;3;0.5;0.691;0.091
STU_0112;S10;Bike, medium, sunny, age>45;bike_100;3.0;sunny;;0;5;1.0;1.0;0.1
STU_0112;S01;Walk only, short, sunny;walk_100;0.8;sunny;;0;5;1.0;1.0;0.1
STU_0112;S09;Car only, long distance;car_100;8.0;any;;0;5;1.0;1.0;0.0
STU_0113;S11;Walk+Bus, medium, rain, high crowding, age>45;walk_bus;3.0;rain;high;1;5;1.0;0.691;0.209
STU_0113;S10;Bike, medium, sunny, age>45;bike_100;3.0;sunny;;0;5;1.0;1.0;0.1
STU_0113;S01;Walk only, short, sunny;walk_100;0.8;sunny;;0;5;1.0;1.0;0.0
STU_0113;S09;Car only, long distance;car_100;8.0;any;;0;5;1.0;1.0;0.1
STU_0113;S06;Bus only, long, high crowding;bus_100;5.0;any;high;0;4;0.75;0.83;0.03
STU_0113;S03;Bike only, medium, sunny;bike_100;2.5;sunny;;0;5;1.0;1.0;0.0
STU_0114;S11;Walk+Bus, medium, rain, high crowding, age>45;walk_bus;3.0;rain;high;1;3;0.5;0.691;0.091
STU_0114;S10;Bike, medium, sunny, age>45;bike_100;3.0;sunny;;0;5;1.0;1.0;0.0
STU_0114;S01;Walk only, short, sunny;walk_100;0.8;sunny;;0;5;1.0;1.0;0.0
STU_0114;S09;Car only, long distance;car_100;8.0;any;;0;5;1.0;1.0;0.0
STU_0114;S06;Bus only, long, high crowding;bus_100;5.0;any;high;0;4;0.75;0.83;0.03
STU_0114;S03;Bike only, medium, sunny;bike_100;2.5;sunny;;0;5;1.0;1.0;0.0
STU_0114;S02;Walk only, short, rain;walk_100;0.8;rain;;0;3;0.5;0.7;0.1
STU_0114;S12;Car only, long, age>45;car_100;8.0;any;;0;5;1.0;1.0;0.0
STU_0115;S11;Walk+Bus, medium, rain, high crowding, age>45;walk_bus;3.0;rain;high;1;3;0.5;0.691;0.091
STU_0115;S10;Bike, medium, sunny, age>45;bike_100;3.0;sunny;;0;5;1.0;1.0;0.0
STU_0115;S01;Walk only, short, sunny;walk_100;0.8;sunny;;0;5;1.0;1.0;0.0
STU_0115;S09;Car only, long distance;car_100;8.0;any;;0;5;1.0;1.0;0.0
STU_0115;S06;Bus only, long, high crowding;bus_100;5.0;any;high;0;5;1.0;0.83;0.17
STU_0116;S11;Walk+Bus, medium, rain, high crowding, age>45;walk_bus;3.0;rain;high;1;3;0.5;0.691;0.091
STU_0116;S10;Bike, medium, sunny, age>45;bike_100;3.0;sunny;;0;5;1.0;1.0;0.1
STU_0116;S01;Walk only, short, sunny;walk_100;0.8;sunny;;0;5;1.0;1.0;0.0
STU_0116;S09;Car only, long distance;car_100;8.0;any;;0;5;1.0;1.0;0.1
STU_0116;S06;Bus only, long, high crowding;bus_100;5.0;any;high;0;5;1.0;0.83;0.17
STU_0117;S11;Walk+Bus, medium, rain, high crowding, age>45;walk_bus;3.0;rain;high;1;4;0.75;0.691;0.009
STU_0117;S10;Bike, medium, sunny, age>45;bike_100;3.0;sunny;;0;5;1.0;1.0;0.0
STU_0117;S01;Walk only, short, sunny;walk_100;0.8;sunny;;0;5;1.0;1.0;0.0
STU_0117;S09;Car only, long distance;car_100;8.0;any;;0;5;1.0;1.0;0.0
STU_0118;S11;Walk+Bus, medium, rain, high crowding, age>45;walk_bus;3.0;rain;high;1;3;0.5;0.691;0.091
STU_0118;S10;Bike, medium, sunny, age>45;bike_100;3.0;sunny;;0;5;1.0;1.0;0.0
STU_0118;S01;Walk only, short, sunny;walk_100;0.8;sunny;;0;5;1.0;1.0;0.0
STU_0118;S09;Car only, long distance;car_100;8.0;any;;0;4;0.75;1.0;0.2
STU_0118;S06;Bus only, long, high crowding;bus_100;5.0;any;high;0;5;1.0;0.83;0.07
STU_0118;S03;Bike only, medium, sunny;bike_100;2.5;sunny;;0;5;1.0;1.0;0.0
STU_0118;S02;Walk only, short, rain;walk_100;0.8;rain;;0;4;0.75;0.7;0.1
STU_0119;S11;Walk+Bus, medium, rain, high crowding, age>45;walk_bus;3.0;rain;high;1;3;0.5;0.691;0.091
STU_0119;S10;Bike, medium, sunny, age>45;bike_100;3.0;sunny;;0;5;1.0;1.0;0.0
STU_0119;S01;Walk only, short, sunny;walk_100;0.8;sunny;;0;5;1.0;1.0;0.0
STU_0119;S09;Car only, long distance;car_100;8.0;any;;0;5;1.0;1.0;0.1
STU_0120;S11;Walk+Bus, medium, rain, high crowding, age>45;walk_bus;3.0;rain;high;1;5;1.0;0.691;0.209
STU_0120;S10;Bike, medium, sunny, age>45;bike_100;3.0;sunny;;0;5;1.0;1.0;0.0
STU_0120;S01;Walk only, short, sunny;walk_100;0.8;sunny;;0;5;1.0;1.0;0.0
STU_0120;S09;Car only, long distance;car_100;8.0;any;;0;5;1.0;1.0;0.0
STU_0120;S06;Bus only, long, high crowding;bus_100;5.0;any;high;0;5;1.0;0.83;0.07
STU_0120;S03;Bike only, medium, sunny;bike_100;2.5;sunny;;0;5;1.0;1.0;0.1
STU_0120;S02;Walk only, short, rain;walk_100;0.8;rain;;0;4;0.75;0.7;0.0
STU_0121;S11;Walk+Bus, medium, rain, high crowding, age>45;walk_bus;3.0;rain;high;1;4;0.75;0.691;0.009
STU_0121;S10;Bike, medium, sunny, age>45;bike_100;3.0;sunny;;0;5;1.0;1.0;0.0
STU_0121;S01;Walk only, short, sunny;walk_100;0.8;sunny;;0;5;1.0;1.0;0.1
STU_0121;S09;Car only, long distance;car_100;8.0;any;;0;5;1.0;1.0;0.1
STU_0121;S06;Bus only, long, high crowding;bus_100;5.0;any;high;0;5;1.0;0.83;0.17
STU_0122;S11;Walk+Bus, medium, rain, high crowding, age>45;walk_bus;3.0;rain;high;1;4;0.75;0.691;0.009
STU_0122;S10;Bike, medium, sunny, age>45;bike_100;3.0;sunny;;0;5;1.0;1.0;0.0
STU_0122;S01;Walk only, short, sunny;walk_100;0.8;sunny;;0;5;1.0;1.0;0.1
STU_0122;S09;Car only, long distance;car_100;8.0;any;;0;5;1.0;1.0;0.0
STU_0123;S11;Walk+Bus, medium, rain, high crowding, age>45;walk_bus;3.0;rain;high;1;3;0.5;0.691;0.091
STU_0123;S10;Bike, medium, sunny, age>45;bike_100;3.0;sunny;;0;5;1.0;1.0;0.0
STU_0123;S01;Walk only, short, sunny;walk_100;0.8;sunny;;0;5;1.0;1.0;0.0
STU_0123;S09;Car only, long distance;car_100;8.0;any;;0;5;1.0;1.0;0.0
STU_0123;S06;Bus only, long, high crowding;bus_100;5.0;any;high;0;4;0.75;0.83;0.13
STU_0123;S03;Bike only, medium, sunny;bike_100;2.5;sunny;;0;5;1.0;1.0;0.0
STU_0123;S02;Walk only, short, rain;walk_100;0.8;rain;;0;5;1.0;0.7;0.2
STU_0123;S12;Car only, long, age>45;car_100;8.0;any;;0;5;1.0;1.0;0.1
STU_0123;S05;Bus only, long, low crowding;bus_100;5.0;any;low;0;5;1.0;0.96;0.04
STU_0124;S11;Walk+Bus, medium, rain, high crowding, age>45;walk_bus;3.0;rain;high;1;4;0.75;0.691;0.109
STU_0124;S10;Bike, medium, sunny, age>45;bike_100;3.0;sunny;;0;5;1.0;1.0;0.1
STU_0124;S01;Walk only, short, sunny;walk_100;0.8;sunny;;0;5;1.0;1.0;0.1
STU_0124;S09;Car only, long distance;car_100;8.0;any;;0;5;1.0;1.0;0.1
STU_0124;S06;Bus only, long, high crowding;bus_100;5.0;any;high;0;4;0.75;0.83;0.13
STU_0124;S03;Bike only, medium, sunny;bike_100;2.5;sunny;;0;5;1.0;1.0;0.0
STU_0124;S02;Walk only, short, rain;walk_100;0.8;rain;;0;3;0.5;0.7;0.1
STU_0124;S12;Car only, long, age>45;car_100;8.0;any;;0;4;0.75;1.0;0.2
STU_0125;S11;Walk+Bus, medium, rain, high crowding, age>45;walk_bus;3.0;rain;high;1;4;0.75;0.646;0.054
STU_0125;S10;Bike, medium, sunny, age>45;bike_100;3.0;sunny;;0;5;1.0;0.8;0.2
STU_0125;S01;Walk only, short, sunny;walk_100;0.8;sunny;;0;4;0.75;0.85;0.05
STU_0125;S09;Car only, long distance;car_100;8.0;any;;0;5;1.0;1.0;0.0
STU_0125;S06;Bus only, long, high crowding;bus_100;5.0;any;high;0;4;0.75;0.83;0.03
STU_0125;S03;Bike only, medium, sunny;bike_100;2.5;sunny;;0;4;0.75;0.8;0.1
STU_0126;S11;Walk+Bus, medium, rain, high crowding, age>45;walk_bus;3.0;rain;high;1;4;0.75;0.691;0.009
STU_0126;S10;Bike, medium, sunny, age>45;bike_100;3.0;sunny;;0;5;1.0;1.0;0.0
STU_0126;S01;Walk only, short, sunny;walk_100;0.8;sunny;;0;5;1.0;1.0;0.0
STU_0126;S09;Car only, long distance;car_100;8.0;any;;0;5;1.0;1.0;0.1
STU_0126;S06;Bus only, long, high crowding;bus_100;5.0;any;high;0;4;0.75;0.83;0.03
STU_0126;S03;Bike only, medium, sunny;bike_100;2.5;sunny;;0;5;1.0;1.0;0.0
STU_0126;S02;Walk only, short, rain;walk_100;0.8;rain;;0;4;0.75;0.7;0.0
STU_0127;S11;Walk+Bus, medium, rain, high crowding, age>45;walk_bus;3.0;rain;high;1;4;0.75;0.691;0.009
STU_0127;S10;Bike, medium, sunny, age>45;bike_100;3.0;sunny;;0;5;1.0;1.0;0.0
STU_0127;S01;Walk only, short, sunny;walk_100;0.8;sunny;;0;5;1.0;1.0;0.0
STU_0127;S09;Car only, long distance;car_100;8.0;any;;0;5;1.0;1.0;0.0
STU_0127;S06;Bus only, long, high crowding;bus_100;5.0;any;high;0;5;1.0;0.83;0.07
STU_0127;S03;Bike only, medium, sunny;bike_100;2.5;sunny;;0;5;1.0;1.0;0.1
STU_0127;S02;Walk only, short, rain;walk_100;0.8;rain;;0;4;0.75;0.7;0.1
STU_0127;S12;Car only, long, age>45;car_100;8.0;any;;0;5;1.0;1.0;0.0
STU_0127;S05;Bus only, long, low crowding;bus_100;5.0;any;low;0;5;1.0;0.96;0.04
STU_0128;S11;Walk+Bus, medium, rain, high crowding, age>45;walk_bus;3.0;rain;high;1;3;0.5;0.691;0.091
STU_0128;S10;Bike, medium, sunny, age>45;bike_100;3.0;sunny;;0;5;1.0;1.0;0.0
STU_0128;S01;Walk only, short, sunny;walk_100;0.8;sunny;;0;5;1.0;1.0;0.0
STU_0128;S09;Car only, long distance;car_100;8.0;any;;0;5;1.0;1.0;0.0
STU_0128;S06;Bus only, long, high crowding;bus_100;5.0;any;high;0;5;1.0;0.83;0.17
STU_0128;S03;Bike only, medium, sunny;bike_100;2.5;sunny;;0;5;1.0;1.0;0.0
STU_0129;S11;Walk+Bus, medium, rain, high crowding, age>45;walk_bus;3.0;rain;high;1;4;0.75;0.691;0.009
STU_0129;S10;Bike, medium, sunny, age>45;bike_100;3.0;sunny;;0;5;1.0;1.0;0.1
STU_0129;S01;Walk only, short, sunny;walk_100;0.8;sunny;;0;5;1.0;1.0;0.0
STU_0129;S09;Car only, long distance;car_100;8.0;any;;0;5;1.0;1.0;0.0
STU_0129;S06;Bus only, long, high crowding;bus_100;5.0;any;high;0;5;1.0;0.83;0.17
STU_0129;S03;Bike only, medium, sunny;bike_100;2.5;sunny;;0;5;1.0;1.0;0.1
STU_0130;S11;Walk+Bus, medium, rain, high crowding, age>45;walk_bus;3.0;rain;high;1;4;0.75;0.691;0.109
STU_0130;S10;Bike, medium, sunny, age>45;bike_100;3.0;sunny;;0;5;1.0;1.0;0.1
STU_0130;S01;Walk only, short, sunny;walk_100;0.8;sunny;;0;5;1.0;1.0;0.0
STU_0130;S09;Car only, long distance;car_100;8.0;any;;0;5;1.0;1.0;0.0
STU_0131;S11;Walk+Bus, medium, rain, high crowding, age>45;walk_bus;3.0;rain;high;1;4;0.75;0.691;0.109
STU_0131;S10;Bike, medium, sunny, age>45;bike_100;3.0;sunny;;0;5;1.0;1.0;0.0
STU_0131;S01;Walk only, short, sunny;walk_100;0.8;sunny;;0;5;1.0;1.0;0.0
STU_0131;S09;Car only, long distance;car_100;8.0;any;;0;5;1.0;1.0;0.0
STU_0131;S06;Bus only, long, high crowding;bus_100;5.0;any;high;0;4;0.75;0.83;0.03
STU_0131;S03;Bike only, medium, sunny;bike_100;2.5;sunny;;0;5;1.0;1.0;0.0
STU_0132;S11;Walk+Bus, medium, rain, high crowding, age>45;walk_bus;3.0;rain;high;1;4;0.75;0.691;0.009
STU_0132;S10;Bike, medium, sunny, age>45;bike_100;3.0;sunny;;0;5;1.0;1.0;0.1
STU_0132;S01;Walk only, short, sunny;walk_100;0.8;sunny;;0;5;1.0;1.0;0.0
STU_0132;S09;Car only, long distance;car_100;8.0;any;;0;5;1.0;1.0;0.1
STU_0132;S06;Bus only, long, high crowding;bus_100;5.0;any;high;0;4;0.75;0.83;0.03
STU_0132;S03;Bike only, medium, sunny;bike_100;2.5;sunny;;0;5;1.0;1.0;0.0
STU_0132;S02;Walk only, short, rain;walk_100;0.8;rain;;0;4;0.75;0.7;0.0
STU_0132;S12;Car only, long, age>45;car_100;8.0;any;;0;5;1.0;1.0;0.0
STU_0133;S11;Walk+Bus, medium, rain, high crowding, age>45;walk_bus;3.0;rain;high;1;4;0.75;0.691;0.109
STU_0133;S10;Bike, medium, sunny, age>45;bike_100;3.0;sunny;;0;5;1.0;1.0;0.1
STU_0133;S01;Walk only, short, sunny;walk_100;0.8;sunny;;0;5;1.0;1.0;0.0
STU_0133;S09;Car only, long distance;car_100;8.0;any;;0;5;1.0;1.0;0.0
STU_0133;S06;Bus only, long, high crowding;bus_100;5.0;any;high;0;5;1.0;0.83;0.07
STU_0133;S03;Bike only, medium, sunny;bike_100;2.5;sunny;;0;5;1.0;1.0;0.0
STU_0133;S02;Walk only, short, rain;walk_100;0.8;rain;;0;4;0.75;0.7;0.1
STU_0133;S12;Car only, long, age>45;car_100;8.0;any;;0;5;1.0;1.0;0.0
STU_0133;S05;Bus only, long, low crowding;bus_100;5.0;any;low;0;5;1.0;0.96;0.04
STU_0134;S11;Walk+Bus, medium, rain, high crowding, age>45;walk_bus;3.0;rain;high;1;3;0.5;0.691;0.091
STU_0134;S10;Bike, medium, sunny, age>45;bike_100;3.0;sunny;;0;5;1.0;1.0;0.0
STU_0134;S01;Walk only, short, sunny;walk_100;0.8;sunny;;0;5;1.0;1.0;0.0
STU_0134;S09;Car only, long distance;car_100;8.0;any;;0;5;1.0;1.0;0.0
STU_0134;S06;Bus only, long, high crowding;bus_100;5.0;any;high;0;5;1.0;0.83;0.07
STU_0134;S03;Bike only, medium, sunny;bike_100;2.5;sunny;;0;5;1.0;1.0;0.0
STU_0135;S11;Walk+Bus, medium, rain, high crowding, age>45;walk_bus;3.0;rain;high;1;4;0.75;0.691;0.009
STU_0135;S10;Bike, medium, sunny, age>45;bike_100;3.0;sunny;;0;5;1.0;1.0;0.0
STU_0135;S01;Walk only, short, sunny;walk_100;0.8;sunny;;0;5;1.0;1.0;0.0
STU_0135;S09;Car only, long distance;car_100;8.0;any;;0;5;1.0;1.0;0.0
STU_0136;S11;Walk+Bus, medium, rain, high crowding, age>45;walk_bus;3.0;rain;high;1;4;0.75;0.691;0.109
STU_0136;S10;Bike, medium, sunny, age>45;bike_100;3.0;sunny;;0;5;1.0;1.0;0.0
STU_0136;S01;Walk only, short, sunny;walk_100;0.8;sunny;;0;5;1.0;1.0;0.0
STU_0136;S09;Car only, long distance;car_100;8.0;any;;0;5;1.0;1.0;0.0
STU_0136;S06;Bus only, long, high crowding;bus_100;5.0;any;high;0;5;1.0;0.83;0.17
STU_0136;S03;Bike only, medium, sunny;bike_100;2.5;sunny;;0;5;1.0;1.0;0.0
STU_0136;S02;Walk only, short, rain;walk_100;0.8;rain;;0;4;0.75;0.7;0.0
STU_0136;S12;Car only, long, age>45;car_100;8.0;any;;0;5;1.0;1.0;0.0
STU_0137;S11;Walk+Bus, medium, rain, high crowding, age>45;walk_bus;3.0;rain;high;1;3;0.5;0.691;0.091
STU_0137;S10;Bike, medium, sunny, age>45;bike_100;3.0;sunny;;0;5;1.0;1.0;0.0
STU_0137;S01;Walk only, short, sunny;walk_100;0.8;sunny;;0;5;1.0;1.0;0.0
STU_0137;S09;Car only, long distance;car_100;8.0;any;;0;5;1.0;1.0;0.0
STU_0137;S06;Bus only, long, high crowding;bus_100;5.0;any;high;0;5;1.0;0.83;0.07
STU_0138;S11;Walk+Bus, medium, rain, high crowding, age>45;walk_bus;3.0;rain;high;1;4;0.75;0.691;0.009
STU_0138;S10;Bike, medium, sunny, age>45;bike_100;3.0;sunny;;0;5;1.0;1.0;0.0
STU_0138;S01;Walk only, short, sunny;walk_100;0.8;sunny;;0;5;1.0;1.0;0.0
STU_0138;S09;Car only, long distance;car_100;8.0;any;;0;5;1.0;1.0;0.0
STU_0138;S06;Bus only, long, high crowding;bus_100;5.0;any;high;0;5;1.0;0.83;0.07
STU_0138;S03;Bike only, medium, sunny;bike_100;2.5;sunny;;0;5;1.0;1.0;0.0
STU_0138;S02;Walk only, short, rain;walk_100;0.8;rain;;0;5;1.0;0.7;0.2
STU_0138;S12;Car only, long, age>45;car_100;8.0;any;;0;4;0.75;1.0;0.2
STU_0138;S05;Bus only, long, low crowding;bus_100;5.0;any;low;0;5;1.0;0.96;0.04
STU_0139;S11;Walk+Bus, medium, rain, high crowding, age>45;walk_bus;3.0;rain;high;1;4;0.75;0.691;0.109
STU_0139;S10;Bike, medium, sunny, age>45;bike_100;3.0;sunny;;0;5;1.0;1.0;0.1
STU_0139;S01;Walk only, short, sunny;walk_100;0.8;sunny;;0;5;1.0;1.0;0.1
STU_0139;S09;Car only, long distance;car_100;8.0;any;;0;5;1.0;1.0;0.0
STU_0139;S06;Bus only, long, high crowding;bus_100;5.0;any;high;0;5;1.0;0.83;0.07
STU_0139;S03;Bike only, medium, sunny;bike_100;2.5;sunny;;0;5;1.0;1.0;0.0
STU_0140;S11;Walk+Bus, medium, rain, high crowding, age>45;walk_bus;3.0;rain;high;1;4;0.75;0.691;0.109
STU_0140;S10;Bike, medium, sunny, age>45;bike_100;3.0;sunny;;0;5;1.0;1.0;0.0
STU_0140;S01;Walk only, short, sunny;walk_100;0.8;sunny;;0;5;1.0;1.0;0.0
STU_0140;S09;Car only, long distance;car_100;8.0;any;;0;5;1.0;1.0;0.0
STU_0141;S11;Walk+Bus, medium, rain, high crowding, age>45;walk_bus;3.0;rain;high;1;4;0.75;0.691;0.109
STU_0141;S10;Bike, medium, sunny, age>45;bike_100;3.0;sunny;;0;5;1.0;1.0;0.0
STU_0141;S01;Walk only, short, sunny;walk_100;0.8;sunny;;0;5;1.0;1.0;0.0
STU_0141;S09;Car only, long distance;car_100;8.0;any;;0;5;1.0;1.0;0.0
STU_0141;S06;Bus only, long, high crowding;bus_100;5.0;any;high;0;4;0.75;0.83;0.03
STU_0142;S11;Walk+Bus, medium, rain, high crowding, age>45;walk_bus;3.0;rain;high;1;4;0.75;0.691;0.109
STU_0142;S10;Bike, medium, sunny, age>45;bike_100;3.0;sunny;;0;5;1.0;1.0;0.0
STU_0142;S01;Walk only, short, sunny;walk_100;0.8;sunny;;0;5;1.0;1.0;0.0
STU_0142;S09;Car only, long distance;car_100;8.0;any;;0;5;1.0;1.0;0.0
STU_0142;S06;Bus only, long, high crowding;bus_100;5.0;any;high;0;4;0.75;0.83;0.03
STU_0143;S11;Walk+Bus, medium, rain, high crowding, age>45;walk_bus;3.0;rain;high;1;4;0.75;0.691;0.009
STU_0143;S10;Bike, medium, sunny, age>45;bike_100;3.0;sunny;;0;5;1.0;1.0;0.1
STU_0143;S01;Walk only, short, sunny;walk_100;0.8;sunny;;0;5;1.0;1.0;0.0
STU_0143;S09;Car only, long distance;car_100;8.0;any;;0;5;1.0;1.0;0.0
STU_0143;S06;Bus only, long, high crowding;bus_100;5.0;any;high;0;4;0.75;0.83;0.13
STU_0143;S03;Bike only, medium, sunny;bike_100;2.5;sunny;;0;5;1.0;1.0;0.0
STU_0143;S02;Walk only, short, rain;walk_100;0.8;rain;;0;4;0.75;0.7;0.0
STU_0144;S11;Walk+Bus, medium, rain, high crowding, age>45;walk_bus;3.0;rain;high;1;5;1.0;0.691;0.209
STU_0144;S10;Bike, medium, sunny, age>45;bike_100;3.0;sunny;;0;5;1.0;1.0;0.0
STU_0144;S01;Walk only, short, sunny;walk_100;0.8;sunny;;0;5;1.0;1.0;0.0
STU_0144;S09;Car only, long distance;car_100;8.0;any;;0;5;1.0;1.0;0.0
STU_0144;S06;Bus only, long, high crowding;bus_100;5.0;any;high;0;5;1.0;0.83;0.07
STU_0144;S03;Bike only, medium, sunny;bike_100;2.5;sunny;;0;5;1.0;1.0;0.0
STU_0144;S02;Walk only, short, rain;walk_100;0.8;rain;;0;5;1.0;0.7;0.2
STU_0144;S12;Car only, long, age>45;car_100;8.0;any;;0;5;1.0;1.0;0.0
STU_0145;S11;Walk+Bus, medium, rain, high crowding, age>45;walk_bus;3.0;rain;high;1;4;0.75;0.691;0.109
STU_0145;S10;Bike, medium, sunny, age>45;bike_100;3.0;sunny;;0;5;1.0;1.0;0.0
STU_0145;S01;Walk only, short, sunny;walk_100;0.8;sunny;;0;5;1.0;1.0;0.0
STU_0145;S09;Car only, long distance;car_100;8.0;any;;0;5;1.0;1.0;0.0
STU_0145;S06;Bus only, long, high crowding;bus_100;5.0;any;high;0;4;0.75;0.83;0.03
STU_0145;S03;Bike only, medium, sunny;bike_100;2.5;sunny;;0;5;1.0;1.0;0.0
STU_0146;S11;Walk+Bus, medium, rain, high crowding, age>45;walk_bus;3.0;rain;high;1;4;0.75;0.691;0.009
STU_0146;S10;Bike, medium, sunny, age>45;bike_100;3.0;sunny;;0;5;1.0;1.0;0.0
STU_0146;S01;Walk only, short, sunny;walk_100;0.8;sunny;;0;5;1.0;1.0;0.0
STU_0146;S09;Car only, long distance;car_100;8.0;any;;0;5;1.0;1.0;0.0
STU_0147;S11;Walk+Bus, medium, rain, high crowding, age>45;walk_bus;3.0;rain;high;1;4;0.75;0.691;0.009
STU_0147;S10;Bike, medium, sunny, age>45;bike_100;3.0;sunny;;0;5;1.0;1.0;0.0
STU_0147;S01;Walk only, short, sunny;walk_100;0.8;sunny;;0;5;1.0;1.0;0.0
STU_0147;S09;Car only, long distance;car_100;8.0;any;;0;5;1.0;1.0;0.0
STU_0147;S06;Bus only, long, high crowding;bus_100;5.0;any;high;0;5;1.0;0.83;0.07
STU_0147;S03;Bike only, medium, sunny;bike_100;2.5;sunny;;0;5;1.0;1.0;0.1
STU_0147;S02;Walk only, short, rain;walk_100;0.8;rain;;0;4;0.75;0.7;0.0
STU_0148;S11;Walk+Bus, medium, rain, high crowding, age>45;walk_bus;3.0;rain;high;1;4;0.75;0.691;0.009
STU_0148;S10;Bike, medium, sunny, age>45;bike_100;3.0;sunny;;0;5;1.0;1.0;0.0
STU_0148;S01;Walk only, short, sunny;walk_100;0.8;sunny;;0;5;1.0;1.0;0.0
STU_0148;S09;Car only, long distance;car_100;8.0;any;;0;5;1.0;1.0;0.0
STU_0148;S06;Bus only, long, high crowding;bus_100;5.0;any;high;0;4;0.75;0.83;0.03
STU_0148;S03;Bike only, medium, sunny;bike_100;2.5;sunny;;0;5;1.0;1.0;0.0
STU_0148;S02;Walk only, short, rain;walk_100;0.8;rain;;0;4;0.75;0.7;0.0
STU_0148;S12;Car only, long, age>45;car_100;8.0;any;;0;5;1.0;1.0;0.0
STU_0149;S11;Walk+Bus, medium, rain, high crowding, age>45;walk_bus;3.0;rain;high;1;4;0.75;0.691;0.109
STU_0149;S10;Bike, medium, sunny, age>45;bike_100;3.0;sunny;;0;5;1.0;1.0;0.0
STU_0149;S01;Walk only, short, sunny;walk_100;0.8;sunny;;0;5;1.0;1.0;0.1
STU_0149;S09;Car only, long distance;car_100;8.0;any;;0;4;0.75;1.0;0.2
STU_0149;S06;Bus only, long, high crowding;bus_100;5.0;any;high;0;4;0.75;0.83;0.03
STU_0149;S03;Bike only, medium, sunny;bike_100;2.5;sunny;;0;5;1.0;1.0;0.1
STU_0149;S02;Walk only, short, rain;walk_100;0.8;rain;;0;3;0.5;0.7;0.2
STU_0150;S11;Walk+Bus, medium, rain, high crowding, age>45;walk_bus;3.0;rain;high;1;5;1.0;0.691;0.209
STU_0150;S10;Bike, medium, sunny, age>45;bike_100;3.0;sunny;;0;5;1.0;1.0;0.1
STU_0150;S01;Walk only, short, sunny;walk_100;0.8;sunny;;0;5;1.0;1.0;0.0
STU_0150;S09;Car only, long distance;car_100;8.0;any;;0;5;1.0;1.0;0.0
STU_0150;S06;Bus only, long, high crowding;bus_100;5.0;any;high;0;5;1.0;0.83;0.07
STU_0150;S03;Bike only, medium, sunny;bike_100;2.5;sunny;;0;5;1.0;1.0;0.0
STU_0150;S02;Walk only, short, rain;walk_100;0.8;rain;;0;3;0.5;0.7;0.1
STU_0150;S12;Car only, long, age>45;car_100;8.0;any;;0;5;1.0;1.0;0.1
STU_0150;S05;Bus only, long, low crowding;bus_100;5.0;any;low;0;5;1.0;0.96;0.04
STU_0151;S11;Walk+Bus, medium, rain, high crowding, age>45;walk_bus;3.0;rain;high;1;4;0.75;0.691;0.109
STU_0151;S10;Bike, medium, sunny, age>45;bike_100;3.0;sunny;;0;5;1.0;1.0;0.0
STU_0151;S01;Walk only, short, sunny;walk_100;0.8;sunny;;0;5;1.0;1.0;0.0
STU_0151;S09;Car only, long distance;car_100;8.0;any;;0;5;1.0;1.0;0.1
STU_0151;S06;Bus only, long, high crowding;bus_100;5.0;any;high;0;4;0.75;0.83;0.13
STU_0151;S03;Bike only, medium, sunny;bike_100;2.5;sunny;;0;5;1.0;1.0;0.0
STU_0151;S02;Walk only, short, rain;walk_100;0.8;rain;;0;4;0.75;0.7;0.0
STU_0151;S12;Car only, long, age>45;car_100;8.0;any;;0;5;1.0;1.0;0.1
STU_0152;S11;Walk+Bus, medium, rain, high crowding, age>45;walk_bus;3.0;rain;high;1;4;0.75;0.691;0.009
STU_0152;S10;Bike, medium, sunny, age>45;bike_100;3.0;sunny;;0;5;1.0;1.0;0.1
STU_0152;S01;Walk only, short, sunny;walk_100;0.8;sunny;;0;5;1.0;1.0;0.0
STU_0152;S09;Car only, long distance;car_100;8.0;any;;0;5;1.0;1.0;0.0
STU_0152;S06;Bus only, long, high crowding;bus_100;5.0;any;high;0;5;1.0;0.83;0.07
STU_0152;S03;Bike only, medium, sunny;bike_100;2.5;sunny;;0;5;1.0;1.0;0.0
STU_0152;S02;Walk only, short, rain;walk_100;0.8;rain;;0;4;0.75;0.7;0.0
STU_0152;S12;Car only, long, age>45;car_100;8.0;any;;0;5;1.0;1.0;0.1
STU_0153;S11;Walk+Bus, medium, rain, high crowding, age>45;walk_bus;3.0;rain;high;1;4;0.75;0.691;0.009
STU_0153;S10;Bike, medium, sunny, age>45;bike_100;3.0;sunny;;0;5;1.0;1.0;0.0
STU_0153;S01;Walk only, short, sunny;walk_100;0.8;sunny;;0;5;1.0;1.0;0.1
STU_0153;S09;Car only, long distance;car_100;8.0;any;;0;5;1.0;1.0;0.0
STU_0153;S06;Bus only, long, high crowding;bus_100;5.0;any;high;0;5;1.0;0.83;0.07
STU_0153;S03;Bike only, medium, sunny;bike_100;2.5;sunny;;0;5;1.0;1.0;0.0
STU_0154;S11;Walk+Bus, medium, rain, high crowding, age>45;walk_bus;3.0;rain;high;1;4;0.75;0.691;0.009
STU_0154;S10;Bike, medium, sunny, age>45;bike_100;3.0;sunny;;0;5;1.0;1.0;0.0
STU_0154;S01;Walk only, short, sunny;walk_100;0.8;sunny;;0;5;1.0;1.0;0.1
STU_0154;S09;Car only, long distance;car_100;8.0;any;;0;5;1.0;1.0;0.0
STU_0154;S06;Bus only, long, high crowding;bus_100;5.0;any;high;0;5;1.0;0.83;0.07
STU_0154;S03;Bike only, medium, sunny;bike_100;2.5;sunny;;0;5;1.0;1.0;0.0
STU_0154;S02;Walk only, short, rain;walk_100;0.8;rain;;0;5;1.0;0.7;0.2
STU_0154;S12;Car only, long, age>45;car_100;8.0;any;;0;5;1.0;1.0;0.1
STU_0155;S11;Walk+Bus, medium, rain, high crowding, age>45;walk_bus;3.0;rain;high;1;5;1.0;0.691;0.209
STU_0155;S10;Bike, medium, sunny, age>45;bike_100;3.0;sunny;;0;5;1.0;1.0;0.0
STU_0155;S01;Walk only, short, sunny;walk_100;0.8;sunny;;0;5;1.0;1.0;0.1
STU_0155;S09;Car only, long distance;car_100;8.0;any;;0;5;1.0;1.0;0.0
STU_0155;S06;Bus only, long, high crowding;bus_100;5.0;any;high;0;4;0.75;0.83;0.03
STU_0155;S03;Bike only, medium, sunny;bike_100;2.5;sunny;;0;5;1.0;1.0;0.0
STU_0155;S02;Walk only, short, rain;walk_100;0.8;rain;;0;4;0.75;0.7;0.1
STU_0156;S11;Walk+Bus, medium, rain, high crowding, age>45;walk_bus;3.0;rain;high;1;5;1.0;0.691;0.209
STU_0156;S10;Bike, medium, sunny, age>45;bike_100;3.0;sunny;;0;5;1.0;1.0;0.0
STU_0156;S01;Walk only, short, sunny;walk_100;0.8;sunny;;0;5;1.0;1.0;0.0
STU_0156;S09;Car only, long distance;car_100;8.0;any;;0;5;1.0;1.0;0.0
STU_0156;S06;Bus only, long, high crowding;bus_100;5.0;any;high;0;4;0.75;0.83;0.13
STU_0156;S03;Bike only, medium, sunny;bike_100;2.5;sunny;;0;5;1.0;1.0;0.0
STU_0156;S02;Walk only, short, rain;walk_100;0.8;rain;;0;4;0.75;0.7;0.0
STU_0156;S12;Car only, long, age>45;car_100;8.0;any;;0;5;1.0;1.0;0.0
STU_0157;S11;Walk+Bus, medium, rain, high crowding, age>45;walk_bus;3.0;rain;high;1;4;0.75;0.691;0.009
STU_0157;S10;Bike, medium, sunny, age>45;bike_100;3.0;sunny;;0;5;1.0;1.0;0.0
STU_0157;S01;Walk only, short, sunny;walk_100;0.8;sunny;;0;5;1.0;1.0;0.0
STU_0157;S09;Car only, long distance;car_100;8.0;any;;0;5;1.0;1.0;0.0
STU_0157;S06;Bus only, long, high crowding;bus_100;5.0;any;high;0;5;1.0;0.83;0.07
STU_0157;S03;Bike only, medium, sunny;bike_100;2.5;sunny;;0;5;1.0;1.0;0.1
STU_0158;S11;Walk+Bus, medium, rain, high crowding, age>45;walk_bus;3.0;rain;high;1;4;0.75;0.691;0.109
STU_0158;S10;Bike, medium, sunny, age>45;bike_100;3.0;sunny;;0;4;0.75;1.0;0.2
STU_0158;S01;Walk only, short, sunny;walk_100;0.8;sunny;;0;5;1.0;1.0;0.0
STU_0158;S09;Car only, long distance;car_100;8.0;any;;0;5;1.0;1.0;0.0
STU_0158;S06;Bus only, long, high crowding;bus_100;5.0;any;high;0;5;1.0;0.83;0.07
STU_0158;S03;Bike only, medium, sunny;bike_100;2.5;sunny;;0;5;1.0;1.0;0.0
STU_0159;S11;Walk+Bus, medium, rain, high crowding, age>45;walk_bus;3.0;rain;high;1;4;0.75;0.691;0.009
STU_0159;S10;Bike, medium, sunny, age>45;bike_100;3.0;sunny;;0;5;1.0;1.0;0.0
STU_0159;S01;Walk only, short, sunny;walk_100;0.8;sunny;;0;5;1.0;1.0;0.0
STU_0159;S09;Car only, long distance;car_100;8.0;any;;0;5;1.0;1.0;0.0
STU_0159;S06;Bus only, long, high crowding;bus_100;5.0;any;high;0;4;0.75;0.83;0.03
STU_0159;S03;Bike only, medium, sunny;bike_100;2.5;sunny;;0;5;1.0;1.0;0.0
STU_0159;S02;Walk only, short, rain;walk_100;0.8;rain;;0;3;0.5;0.7;0.1
STU_0159;S12;Car only, long, age>45;car_100;8.0;any;;0;4;0.75;1.0;0.2
STU_0159;S05;Bus only, long, low crowding;bus_100;5.0;any;low;0;5;1.0;0.96;0.04
STU_0160;S11;Walk+Bus, medium, rain, high crowding, age>45;walk_bus;3.0;rain;high;1;4;0.75;0.691;0.009
STU_0160;S10;Bike, medium, sunny, age>45;bike_100;3.0;sunny;;0;5;1.0;1.0;0.0
STU_0160;S01;Walk only, short, sunny;walk_100;0.8;sunny;;0;5;1.0;1.0;0.0
STU_0160;S09;Car only, long distance;car_100;8.0;any;;0;5;1.0;1.0;0.0
STU_0160;S06;Bus only, long, high crowding;bus_100;5.0;any;high;0;4;0.75;0.83;0.03
STU_0160;S03;Bike only, medium, sunny;bike_100;2.5;sunny;;0;5;1.0;1.0;0.0
STU_0160;S02;Walk only, short, rain;walk_100;0.8;rain;;0;4;0.75;0.7;0.0
STU_0161;S11;Walk+Bus, medium, rain, high crowding, age>45;walk_bus;3.0;rain;high;1;4;0.75;0.691;0.009
STU_0161;S10;Bike, medium, sunny, age>45;bike_100;3.0;sunny;;0;5;1.0;1.0;0.0
STU_0161;S01;Walk only, short, sunny;walk_100;0.8;sunny;;0;5;1.0;1.0;0.0
STU_0161;S09;Car only, long distance;car_100;8.0;any;;0;5;1.0;1.0;0.0
STU_0161;S06;Bus only, long, high crowding;bus_100;5.0;any;high;0;4;0.75;0.83;0.03
STU_0162;S11;Walk+Bus, medium, rain, high crowding, age>45;walk_bus;3.0;rain;high;1;4;0.75;0.691;0.109
STU_0162;S10;Bike, medium, sunny, age>45;bike_100;3.0;sunny;;0;5;1.0;1.0;0.1
STU_0162;S01;Walk only, short, sunny;walk_100;0.8;sunny;;0;5;1.0;1.0;0.0
STU_0162;S09;Car only, long distance;car_100;8.0;any;;0;5;1.0;1.0;0.1
STU_0162;S06;Bus only, long, high crowding;bus_100;5.0;any;high;0;4;0.75;0.83;0.03
STU_0163;S11;Walk+Bus, medium, rain, high crowding, age>45;walk_bus;3.0;rain;high;1;4;0.75;0.691;0.009
STU_0163;S10;Bike, medium, sunny, age>45;bike_100;3.0;sunny;;0;5;1.0;1.0;0.0
STU_0163;S01;Walk only, short, sunny;walk_100;0.8;sunny;;0;5;1.0;1.0;0.0
STU_0163;S09;Car only, long distance;car_100;8.0;any;;0;5;1.0;1.0;0.0
STU_0163;S06;Bus only, long, high crowding;bus_100;5.0;any;high;0;4;0.75;0.83;0.03
STU_0163;S03;Bike only, medium, sunny;bike_100;2.5;sunny;;0;5;1.0;1.0;0.0
STU_0163;S02;Walk only, short, rain;walk_100;0.8;rain;;0;4;0.75;0.7;0.1
STU_0163;S12;Car only, long, age>45;car_100;8.0;any;;0;5;1.0;1.0;0.0
STU_0164;S11;Walk+Bus, medium, rain, high crowding, age>45;walk_bus;3.0;rain;high;1;4;0.75;0.691;0.109
STU_0164;S10;Bike, medium, sunny, age>45;bike_100;3.0;sunny;;0;5;1.0;1.0;0.0
STU_0164;S01;Walk only, short, sunny;walk_100;0.8;sunny;;0;5;1.0;1.0;0.0
STU_0164;S09;Car only, long distance;car_100;8.0;any;;0;5;1.0;1.0;0.0
STU_0164;S06;Bus only, long, high crowding;bus_100;5.0;any;high;0;5;1.0;0.83;0.17
STU_0164;S03;Bike only, medium, sunny;bike_100;2.5;sunny;;0;5;1.0;1.0;0.0
STU_0164;S02;Walk only, short, rain;walk_100;0.8;rain;;0;4;0.75;0.7;0.0
STU_0164;S12;Car only, long, age>45;car_100;8.0;any;;0;5;1.0;1.0;0.1
STU_0164;S05;Bus only, long, low crowding;bus_100;5.0;any;low;0;5;1.0;0.96;0.04
STU_0165;S11;Walk+Bus, medium, rain, high crowding, age>45;walk_bus;3.0;rain;high;1;4;0.75;0.691;0.009
STU_0165;S10;Bike, medium, sunny, age>45;bike_100;3.0;sunny;;0;5;1.0;1.0;0.1
STU_0165;S01;Walk only, short, sunny;walk_100;0.8;sunny;;0;5;1.0;1.0;0.0
STU_0165;S09;Car only, long distance;car_100;8.0;any;;0;5;1.0;1.0;0.1
STU_0166;S11;Walk+Bus, medium, rain, high crowding, age>45;walk_bus;3.0;rain;high;1;4;0.75;0.691;0.109
STU_0166;S10;Bike, medium, sunny, age>45;bike_100;3.0;sunny;;0;5;1.0;1.0;0.0
STU_0166;S01;Walk only, short, sunny;walk_100;0.8;sunny;;0;5;1.0;1.0;0.0
STU_0166;S09;Car only, long distance;car_100;8.0;any;;0;5;1.0;1.0;0.0
STU_0166;S06;Bus only, long, high crowding;bus_100;5.0;any;high;0;5;1.0;0.83;0.07
STU_0166;S03;Bike only, medium, sunny;bike_100;2.5;sunny;;0;5;1.0;1.0;0.0
STU_0166;S02;Walk only, short, rain;walk_100;0.8;rain;;0;4;0.75;0.7;0.0
STU_0166;S12;Car only, long, age>45;car_100;8.0;any;;0;5;1.0;1.0;0.0
STU_0167;S11;Walk+Bus, medium, rain, high crowding, age>45;walk_bus;3.0;rain;high;1;4;0.75;0.691;0.009
STU_0167;S10;Bike, medium, sunny, age>45;bike_100;3.0;sunny;;0;5;1.0;1.0;0.0
STU_0167;S01;Walk only, short, sunny;walk_100;0.8;sunny;;0;5;1.0;1.0;0.0
STU_0167;S09;Car only, long distance;car_100;8.0;any;;0;5;1.0;1.0;0.1
STU_0167;S06;Bus only, long, high crowding;bus_100;5.0;any;high;0;4;0.75;0.83;0.13
STU_0167;S03;Bike only, medium, sunny;bike_100;2.5;sunny;;0;5;1.0;1.0;0.0
STU_0167;S02;Walk only, short, rain;walk_100;0.8;rain;;0;3;0.5;0.7;0.1
STU_0167;S12;Car only, long, age>45;car_100;8.0;any;;0;5;1.0;1.0;0.1
STU_0167;S05;Bus only, long, low crowding;bus_100;5.0;any;low;0;5;1.0;0.96;0.04
STU_0168;S11;Walk+Bus, medium, rain, high crowding, age>45;walk_bus;3.0;rain;high;1;4;0.75;0.691;0.009
STU_0168;S10;Bike, medium, sunny, age>45;bike_100;3.0;sunny;;0;5;1.0;1.0;0.0
STU_0168;S01;Walk only, short, sunny;walk_100;0.8;sunny;;0;5;1.0;1.0;0.0
STU_0168;S09;Car only, long distance;car_100;8.0;any;;0;5;1.0;1.0;0.0
STU_0168;S06;Bus only, long, high crowding;bus_100;5.0;any;high;0;5;1.0;0.83;0.07
STU_0168;S03;Bike only, medium, sunny;bike_100;2.5;sunny;;0;5;1.0;1.0;0.0
STU_0168;S02;Walk only, short, rain;walk_100;0.8;rain;;0;4;0.75;0.7;0.0
STU_0169;S11;Walk+Bus, medium, rain, high crowding, age>45;walk_bus;3.0;rain;high;1;4;0.75;0.691;0.009
STU_0169;S10;Bike, medium, sunny, age>45;bike_100;3.0;sunny;;0;5;1.0;1.0;0.0
STU_0169;S01;Walk only, short, sunny;walk_100;0.8;sunny;;0;5;1.0;1.0;0.0
STU_0169;S09;Car only, long distance;car_100;8.0;any;;0;5;1.0;1.0;0.0
STU_0169;S06;Bus only, long, high crowding;bus_100;5.0;any;high;0;5;1.0;0.83;0.07
STU_0169;S03;Bike only, medium, sunny;bike_100;2.5;sunny;;0;5;1.0;1.0;0.1
STU_0169;S02;Walk only, short, rain;walk_100;0.8;rain;;0;4;0.75;0.7;0.1
STU_0170;S11;Walk+Bus, medium, rain, high crowding, age>45;walk_bus;3.0;rain;high;1;4;0.75;0.691;0.009
STU_0170;S10;Bike, medium, sunny, age>45;bike_100;3.0;sunny;;0;5;1.0;1.0;0.0
STU_0170;S01;Walk only, short, sunny;walk_100;0.8;sunny;;0;5;1.0;1.0;0.1
STU_0170;S09;Car only, long distance;car_100;8.0;any;;0;5;1.0;1.0;0.0
STU_0170;S06;Bus only, long, high crowding;bus_100;5.0;any;high;0;4;0.75;0.83;0.03
STU_0170;S03;Bike only, medium, sunny;bike_100;2.5;sunny;;0;5;1.0;1.0;0.1
STU_0170;S02;Walk only, short, rain;walk_100;0.8;rain;;0;4;0.75;0.7;0.0
STU_0171;S11;Walk+Bus, medium, rain, high crowding, age>45;walk_bus;3.0;rain;high;1;3;0.5;0.691;0.091
STU_0171;S10;Bike, medium, sunny, age>45;bike_100;3.0;sunny;;0;5;1.0;1.0;0.0
STU_0171;S01;Walk only, short, sunny;walk_100;0.8;sunny;;0;5;1.0;1.0;0.0
STU_0171;S09;Car only, long distance;car_100;8.0;any;;0;5;1.0;1.0;0.1
STU_0171;S06;Bus only, long, high crowding;bus_100;5.0;any;high;0;5;1.0;0.83;0.07
STU_0171;S03;Bike only, medium, sunny;bike_100;2.5;sunny;;0;5;1.0;1.0;0.0
STU_0171;S02;Walk only, short, rain;walk_100;0.8;rain;;0;4;0.75;0.7;0.1
STU_0172;S11;Walk+Bus, medium, rain, high crowding, age>45;walk_bus;3.0;rain;high;1;4;0.75;0.691;0.009
STU_0172;S10;Bike, medium, sunny, age>45;bike_100;3.0;sunny;;0;5;1.0;1.0;0.0
STU_0172;S01;Walk only, short, sunny;walk_100;0.8;sunny;;0;5;1.0;1.0;0.0
STU_0172;S09;Car only, long distance;car_100;8.0;any;;0;5;1.0;1.0;0.0
STU_0172;S06;Bus only, long, high crowding;bus_100;5.0;any;high;0;5;1.0;0.83;0.17
STU_0172;S03;Bike only, medium, sunny;bike_100;2.5;sunny;;0;5;1.0;1.0;0.0
STU_0172;S02;Walk only, short, rain;walk_100;0.8;rain;;0;3;0.5;0.7;0.1
STU_0173;S11;Walk+Bus, medium, rain, high crowding, age>45;walk_bus;3.0;rain;high;1;3;0.5;0.691;0.091
STU_0173;S10;Bike, medium, sunny, age>45;bike_100;3.0;sunny;;0;5;1.0;1.0;0.0
STU_0173;S01;Walk only, short, sunny;walk_100;0.8;sunny;;0;5;1.0;1.0;0.0
STU_0173;S09;Car only, long distance;car_100;8.0;any;;0;5;1.0;1.0;0.0
STU_0173;S06;Bus only, long, high crowding;bus_100;5.0;any;high;0;5;1.0;0.83;0.07
STU_0173;S03;Bike only, medium, sunny;bike_100;2.5;sunny;;0;5;1.0;1.0;0.1
STU_0173;S02;Walk only, short, rain;walk_100;0.8;rain;;0;5;1.0;0.7;0.2
STU_0173;S12;Car only, long, age>45;car_100;8.0;any;;0;5;1.0;1.0;0.0
STU_0173;S05;Bus only, long, low crowding;bus_100;5.0;any;low;0;5;1.0;0.96;0.04
STU_0174;S11;Walk+Bus, medium, rain, high crowding, age>45;walk_bus;3.0;rain;high;1;4;0.75;0.691;0.009
STU_0174;S10;Bike, medium, sunny, age>45;bike_100;3.0;sunny;;0;5;1.0;1.0;0.0
STU_0174;S01;Walk only, short, sunny;walk_100;0.8;sunny;;0;5;1.0;1.0;0.0
STU_0174;S09;Car only, long distance;car_100;8.0;any;;0;5;1.0;1.0;0.1
STU_0174;S06;Bus only, long, high crowding;bus_100;5.0;any;high;0;4;0.75;0.83;0.03
STU_0174;S03;Bike only, medium, sunny;bike_100;2.5;sunny;;0;5;1.0;1.0;0.1
STU_0174;S02;Walk only, short, rain;walk_100;0.8;rain;;0;4;0.75;0.7;0.0
STU_0174;S12;Car only, long, age>45;car_100;8.0;any;;0;5;1.0;1.0;0.1
STU_0174;S05;Bus only, long, low crowding;bus_100;5.0;any;low;0;5;1.0;0.96;0.04
STU_0175;S11;Walk+Bus, medium, rain, high crowding, age>45;walk_bus;3.0;rain;high;1;3;0.5;0.691;0.191
STU_0175;S10;Bike, medium, sunny, age>45;bike_100;3.0;sunny;;0;5;1.0;1.0;0.1
STU_0175;S01;Walk only, short, sunny;walk_100;0.8;sunny;;0;4;0.75;1.0;0.2
STU_0175;S09;Car only, long distance;car_100;8.0;any;;0;5;1.0;1.0;0.0
STU_0175;S06;Bus only, long, high crowding;bus_100;5.0;any;high;0;4;0.75;0.83;0.13
STU_0175;S03;Bike only, medium, sunny;bike_100;2.5;sunny;;0;5;1.0;1.0;0.0
STU_0176;S11;Walk+Bus, medium, rain, high crowding, age>45;walk_bus;3.0;rain;high;1;4;0.75;0.691;0.009
STU_0176;S10;Bike, medium, sunny, age>45;bike_100;3.0;sunny;;0;4;0.75;1.0;0.2
STU_0176;S01;Walk only, short, sunny;walk_100;0.8;sunny;;0;5;1.0;1.0;0.0
STU_0176;S09;Car only, long distance;car_100;8.0;any;;0;5;1.0;1.0;0.0
STU_0176;S06;Bus only, long, high crowding;bus_100;5.0;any;high;0;4;0.75;0.83;0.03
STU_0177;S11;Walk+Bus, medium, rain, high crowding, age>45;walk_bus;3.0;rain;high;1;3;0.5;0.691;0.191
STU_0177;S10;Bike, medium, sunny, age>45;bike_100;3.0;sunny;;0;5;1.0;1.0;0.0
STU_0177;S01;Walk only, short, sunny;walk_100;0.8;sunny;;0;5;1.0;1.0;0.0
STU_0177;S09;Car only, long distance;car_100;8.0;any;;0;5;1.0;1.0;0.0
STU_0177;S06;Bus only, long, high crowding;bus_100;5.0;any;high;0;5;1.0;0.83;0.17
STU_0177;S03;Bike only, medium, sunny;bike_100;2.5;sunny;;0;5;1.0;1.0;0.0
STU_0177;S02;Walk only, short, rain;walk_100;0.8;rain;;0;3;0.5;0.7;0.1
STU_0178;S11;Walk+Bus, medium, rain, high crowding, age>45;walk_bus;3.0;rain;high;1;4;0.75;0.691;0.109
STU_0178;S10;Bike, medium, sunny, age>45;bike_100;3.0;sunny;;0;5;1.0;1.0;0.0
STU_0178;S01;Walk only, short, sunny;walk_100;0.8;sunny;;0;5;1.0;1.0;0.0
STU_0178;S09;Car only, long distance;car_100;8.0;any;;0;5;1.0;1.0;0.0
STU_0179;S11;Walk+Bus, medium, rain, high crowding, age>45;walk_bus;3.0;rain;high;1;4;0.75;0.691;0.109
STU_0179;S10;Bike, medium, sunny, age>45;bike_100;3.0;sunny;;0;5;1.0;1.0;0.0
STU_0179;S01;Walk only, short, sunny;walk_100;0.8;sunny;;0;5;1.0;1.0;0.0
STU_0179;S09;Car only, long distance;car_100;8.0;any;;0;5;1.0;1.0;0.1
STU_0179;S06;Bus only, long, high crowding;bus_100;5.0;any;high;0;5;1.0;0.83;0.07
STU_0179;S03;Bike only, medium, sunny;bike_100;2.5;sunny;;0;5;1.0;1.0;0.0
STU_0179;S02;Walk only, short, rain;walk_100;0.8;rain;;0;4;0.75;0.7;0.1
STU_0179;S12;Car only, long, age>45;car_100;8.0;any;;0;5;1.0;1.0;0.0
STU_0179;S05;Bus only, long, low crowding;bus_100;5.0;any;low;0;5;1.0;0.96;0.06
STU_0180;S11;Walk+Bus, medium, rain, high crowding, age>45;walk_bus;3.0;rain;high;1;4;0.75;0.691;0.109
STU_0180;S10;Bike, medium, sunny, age>45;bike_100;3.0;sunny;;0;5;1.0;1.0;0.1
STU_0180;S01;Walk only, short, sunny;walk_100;0.8;sunny;;0;5;1.0;1.0;0.0
STU_0180;S09;Car only, long distance;car_100;8.0;any;;0;5;1.0;1.0;0.0
STU_0181;S11;Walk+Bus, medium, rain, high crowding, age>45;walk_bus;3.0;rain;high;1;3;0.5;0.691;0.091
STU_0181;S10;Bike, medium, sunny, age>45;bike_100;3.0;sunny;;0;5;1.0;1.0;0.0
STU_0181;S01;Walk only, short, sunny;walk_100;0.8;sunny;;0;5;1.0;1.0;0.0
STU_0181;S09;Car only, long distance;car_100;8.0;any;;0;5;1.0;1.0;0.0
STU_0182;S11;Walk+Bus, medium, rain, high crowding, age>45;walk_bus;3.0;rain;high;1;3;0.5;0.691;0.091
STU_0182;S10;Bike, medium, sunny, age>45;bike_100;3.0;sunny;;0;5;1.0;1.0;0.0
STU_0182;S01;Walk only, short, sunny;walk_100;0.8;sunny;;0;5;1.0;1.0;0.0
STU_0182;S09;Car only, long distance;car_100;8.0;any;;0;5;1.0;1.0;0.0
STU_0183;S11;Walk+Bus, medium, rain, high crowding, age>45;walk_bus;3.0;rain;high;1;4;0.75;0.691;0.109
STU_0183;S10;Bike, medium, sunny, age>45;bike_100;3.0;sunny;;0;5;1.0;1.0;0.0
STU_0183;S01;Walk only, short, sunny;walk_100;0.8;sunny;;0;5;1.0;1.0;0.1
STU_0183;S09;Car only, long distance;car_100;8.0;any;;0;5;1.0;1.0;0.0
STU_0183;S06;Bus only, long, high crowding;bus_100;5.0;any;high;0;4;0.75;0.83;0.03
STU_0183;S03;Bike only, medium, sunny;bike_100;2.5;sunny;;0;5;1.0;1.0;0.0
STU_0184;S11;Walk+Bus, medium, rain, high crowding, age>45;walk_bus;3.0;rain;high;1;4;0.75;0.646;0.154
STU_0184;S10;Bike, medium, sunny, age>45;bike_100;3.0;sunny;;0;5;1.0;0.8;0.1
STU_0184;S01;Walk only, short, sunny;walk_100;0.8;sunny;;0;4;0.75;0.85;0.05
STU_0184;S09;Car only, long distance;car_100;8.0;any;;0;5;1.0;1.0;0.1
STU_0184;S06;Bus only, long, high crowding;bus_100;5.0;any;high;0;5;1.0;0.83;0.07
STU_0184;S03;Bike only, medium, sunny;bike_100;2.5;sunny;;0;4;0.75;0.8;0.1
STU_0184;S02;Walk only, short, rain;walk_100;0.8;rain;;0;3;0.5;0.55;0.05
STU_0184;S12;Car only, long, age>45;car_100;8.0;any;;0;5;1.0;1.0;0.0
STU_0184;S05;Bus only, long, low crowding;bus_100;5.0;any;low;0;5;1.0;0.96;0.04
STU_0185;S11;Walk+Bus, medium, rain, high crowding, age>45;walk_bus;3.0;rain;high;1;4;0.75;0.691;0.009
STU_0185;S10;Bike, medium, sunny, age>45;bike_100;3.0;sunny;;0;5;1.0;1.0;0.0
STU_0185;S01;Walk only, short, sunny;walk_100;0.8;sunny;;0;5;1.0;1.0;0.0
STU_0185;S09;Car only, long distance;car_100;8.0;any;;0;5;1.0;1.0;0.0
STU_0186;S11;Walk+Bus, medium, rain, high crowding, age>45;walk_bus;3.0;rain;high;1;5;1.0;0.691;0.209
STU_0186;S10;Bike, medium, sunny, age>45;bike_100;3.0;sunny;;0;5;1.0;1.0;0.0
STU_0186;S01;Walk only, short, sunny;walk_100;0.8;sunny;;0;5;1.0;1.0;0.0
STU_0186;S09;Car only, long distance;car_100;8.0;any;;0;5;1.0;1.0;0.1
STU_0186;S06;Bus only, long, high crowding;bus_100;5.0;any;high;0;4;0.75;0.83;0.03
STU_0186;S03;Bike only, medium, sunny;bike_100;2.5;sunny;;0;5;1.0;1.0;0.0
STU_0186;S02;Walk only, short, rain;walk_100;0.8;rain;;0;3;0.5;0.7;0.1
STU_0187;S11;Walk+Bus, medium, rain, high crowding, age>45;walk_bus;3.0;rain;high;1;4;0.75;0.691;0.009
STU_0187;S10;Bike, medium, sunny, age>45;bike_100;3.0;sunny;;0;5;1.0;1.0;0.0
STU_0187;S01;Walk only, short, sunny;walk_100;0.8;sunny;;0;5;1.0;1.0;0.0
STU_0187;S09;Car only, long distance;car_100;8.0;any;;0;5;1.0;1.0;0.0
STU_0187;S06;Bus only, long, high crowding;bus_100;5.0;any;high;0;4;0.75;0.83;0.03
STU_0187;S03;Bike only, medium, sunny;bike_100;2.5;sunny;;0;5;1.0;1.0;0.0
STU_0187;S02;Walk only, short, rain;walk_100;0.8;rain;;0;4;0.75;0.7;0.0
STU_0187;S12;Car only, long, age>45;car_100;8.0;any;;0;5;1.0;1.0;0.0
STU_0188;S11;Walk+Bus, medium, rain, high crowding, age>45;walk_bus;3.0;rain;high;1;4;0.75;0.691;0.009
STU_0188;S10;Bike, medium, sunny, age>45;bike_100;3.0;sunny;;0;5;1.0;1.0;0.1
STU_0188;S01;Walk only, short, sunny;walk_100;0.8;sunny;;0;5;1.0;1.0;0.0
STU_0188;S09;Car only, long distance;car_100;8.0;any;;0;5;1.0;1.0;0.0
STU_0189;S11;Walk+Bus, medium, rain, high crowding, age>45;walk_bus;3.0;rain;high;1;3;0.5;0.646;0.046
STU_0189;S10;Bike, medium, sunny, age>45;bike_100;3.0;sunny;;0;4;0.75;0.8;0.0
STU_0189;S01;Walk only, short, sunny;walk_100;0.8;sunny;;0;4;0.75;0.85;0.05
STU_0189;S09;Car only, long distance;car_100;8.0;any;;0;5;1.0;1.0;0.0
STU_0189;S06;Bus only, long, high crowding;bus_100;5.0;any;high;0;5;1.0;0.83;0.07
STU_0189;S03;Bike only, medium, sunny;bike_100;2.5;sunny;;0;4;0.75;0.8;0.1
STU_0190;S11;Walk+Bus, medium, rain, high crowding, age>45;walk_bus;3.0;rain;high;1;3;0.5;0.646;0.146
STU_0190;S10;Bike, medium, sunny, age>45;bike_100;3.0;sunny;;0;5;1.0;0.8;0.1
STU_0190;S01;Walk only, short, sunny;walk_100;0.8;sunny;;0;4;0.75;0.85;0.05
STU_0190;S09;Car only, long distance;car_100;8.0;any;;0;5;1.0;1.0;0.0
STU_0190;S06;Bus only, long, high crowding;bus_100;5.0;any;high;0;5;1.0;0.83;0.17
STU_0190;S03;Bike only, medium, sunny;bike_100;2.5;sunny;;0;4;0.75;0.8;0.0
STU_0190;S02;Walk only, short, rain;walk_100;0.8;rain;;0;3;0.5;0.55;0.05
STU_0190;S12;Car only, long, age>45;car_100;8.0;any;;0;5;1.0;1.0;0.0
STU_0190;S05;Bus only, long, low crowding;bus_100;5.0;any;low;0;5;1.0;0.96;0.06
STU_0191;S11;Walk+Bus, medium, rain, high crowding, age>45;walk_bus;3.0;rain;high;1;4;0.75;0.691;0.009
STU_0191;S10;Bike, medium, sunny, age>45;bike_100;3.0;sunny;;0;5;1.0;1.0;0.1
STU_0191;S01;Walk only, short, sunny;walk_100;0.8;sunny;;0;5;1.0;1.0;0.0
STU_0191;S09;Car only, long distance;car_100;8.0;any;;0;5;1.0;1.0;0.0
STU_0191;S06;Bus only, long, high crowding;bus_100;5.0;any;high;0;4;0.75;0.83;0.03
STU_0191;S03;Bike only, medium, sunny;bike_100;2.5;sunny;;0;5;1.0;1.0;0.0
STU_0192;S11;Walk+Bus, medium, rain, high crowding, age>45;walk_bus;3.0;rain;high;1;4;0.75;0.691;0.109
STU_0192;S10;Bike, medium, sunny, age>45;bike_100;3.0;sunny;;0;5;1.0;1.0;0.0
STU_0192;S01;Walk only, short, sunny;walk_100;0.8;sunny;;0;5;1.0;1.0;0.1
STU_0192;S09;Car only, long distance;car_100;8.0;any;;0;5;1.0;1.0;0.0
STU_0193;S11;Walk+Bus, medium, rain, high crowding, age>45;walk_bus;3.0;rain;high;1;5;1.0;0.691;0.309
STU_0193;S10;Bike, medium, sunny, age>45;bike_100;3.0;sunny;;0;5;1.0;1.0;0.0
STU_0193;S01;Walk only, short, sunny;walk_100;0.8;sunny;;0;5;1.0;1.0;0.0
STU_0193;S09;Car only, long distance;car_100;8.0;any;;0;5;1.0;1.0;0.0
STU_0193;S06;Bus only, long, high crowding;bus_100;5.0;any;high;0;4;0.75;0.83;0.13
STU_0193;S03;Bike only, medium, sunny;bike_100;2.5;sunny;;0;5;1.0;1.0;0.0
STU_0193;S02;Walk only, short, rain;walk_100;0.8;rain;;0;4;0.75;0.7;0.0
STU_0193;S12;Car only, long, age>45;car_100;8.0;any;;0;5;1.0;1.0;0.1
STU_0193;S05;Bus only, long, low crowding;bus_100;5.0;any;low;0;4;0.75;0.96;0.16
STU_0194;S11;Walk+Bus, medium, rain, high crowding, age>45;walk_bus;3.0;rain;high;1;4;0.75;0.691;0.109
STU_0194;S10;Bike, medium, sunny, age>45;bike_100;3.0;sunny;;0;5;1.0;1.0;0.0
STU_0194;S01;Walk only, short, sunny;walk_100;0.8;sunny;;0;5;1.0;1.0;0.0
STU_0194;S09;Car only, long distance;car_100;8.0;any;;0;5;1.0;1.0;0.1
STU_0194;S06;Bus only, long, high crowding;bus_100;5.0;any;high;0;4;0.75;0.83;0.03
STU_0194;S03;Bike only, medium, sunny;bike_100;2.5;sunny;;0;5;1.0;1.0;0.0
STU_0194;S02;Walk only, short, rain;walk_100;0.8;rain;;0;4;0.75;0.7;0.0
STU_0194;S12;Car only, long, age>45;car_100;8.0;any;;0;5;1.0;1.0;0.0
STU_0195;S11;Walk+Bus, medium, rain, high crowding, age>45;walk_bus;3.0;rain;high;1;4;0.75;0.691;0.009
STU_0195;S10;Bike, medium, sunny, age>45;bike_100;3.0;sunny;;0;5;1.0;1.0;0.1
STU_0195;S01;Walk only, short, sunny;walk_100;0.8;sunny;;0;5;1.0;1.0;0.0
STU_0195;S09;Car only, long distance;car_100;8.0;any;;0;5;1.0;1.0;0.0
STU_0196;S11;Walk+Bus, medium, rain, high crowding, age>45;walk_bus;3.0;rain;high;1;3;0.5;0.691;0.091
STU_0196;S10;Bike, medium, sunny, age>45;bike_100;3.0;sunny;;0;5;1.0;1.0;0.0
STU_0196;S01;Walk only, short, sunny;walk_100;0.8;sunny;;0;5;1.0;1.0;0.0
STU_0196;S09;Car only, long distance;car_100;8.0;any;;0;5;1.0;1.0;0.0
STU_0196;S06;Bus only, long, high crowding;bus_100;5.0;any;high;0;5;1.0;0.83;0.07
STU_0196;S03;Bike only, medium, sunny;bike_100;2.5;sunny;;0;5;1.0;1.0;0.0
STU_0197;S11;Walk+Bus, medium, rain, high crowding, age>45;walk_bus;3.0;rain;high;1;3;0.5;0.691;0.091
STU_0197;S10;Bike, medium, sunny, age>45;bike_100;3.0;sunny;;0;5;1.0;1.0;0.0
STU_0197;S01;Walk only, short, sunny;walk_100;0.8;sunny;;0;5;1.0;1.0;0.0
STU_0197;S09;Car only, long distance;car_100;8.0;any;;0;5;1.0;1.0;0.1
STU_0197;S06;Bus only, long, high crowding;bus_100;5.0;any;high;0;4;0.75;0.83;0.03
STU_0198;S11;Walk+Bus, medium, rain, high crowding, age>45;walk_bus;3.0;rain;high;1;3;0.5;0.691;0.191
STU_0198;S10;Bike, medium, sunny, age>45;bike_100;3.0;sunny;;0;5;1.0;1.0;0.0
STU_0198;S01;Walk only, short, sunny;walk_100;0.8;sunny;;0;5;1.0;1.0;0.0
STU_0198;S09;Car only, long distance;car_100;8.0;any;;0;5;1.0;1.0;0.0
STU_0198;S06;Bus only, long, high crowding;bus_100;5.0;any;high;0;5;1.0;0.83;0.07
STU_0198;S03;Bike only, medium, sunny;bike_100;2.5;sunny;;0;5;1.0;1.0;0.1
STU_0198;S02;Walk only, short, rain;walk_100;0.8;rain;;0;4;0.75;0.7;0.0
STU_0199;S11;Walk+Bus, medium, rain, high crowding, age>45;walk_bus;3.0;rain;high;1;4;0.75;0.646;0.054
STU_0199;S10;Bike, medium, sunny, age>45;bike_100;3.0;sunny;;0;4;0.75;0.8;0.0
STU_0199;S01;Walk only, short, sunny;walk_100;0.8;sunny;;0;5;1.0;0.85;0.05
STU_0199;S09;Car only, long distance;car_100;8.0;any;;0;5;1.0;1.0;0.0
STU_0199;S06;Bus only, long, high crowding;bus_100;5.0;any;high;0;4;0.75;0.83;0.03
STU_0199;S03;Bike only, medium, sunny;bike_100;2.5;sunny;;0;4;0.75;0.8;0.0
STU_0200;S11;Walk+Bus, medium, rain, high crowding, age>45;walk_bus;3.0;rain;high;1;4;0.75;0.691;0.109
STU_0200;S10;Bike, medium, sunny, age>45;bike_100;3.0;sunny;;0;5;1.0;1.0;0.1
STU_0200;S01;Walk only, short, sunny;walk_100;0.8;sunny;;0;5;1.0;1.0;0.0
STU_0200;S09;Car only, long distance;car_100;8.0;any;;0;5;1.0;1.0;0.0
STU_0200;S06;Bus only, long, high crowding;bus_100;5.0;any;high;0;4;0.75;0.83;0.03
STU_0200;S03;Bike only, medium, sunny;bike_100;2.5;sunny;;0;5;1.0;1.0;0.0
STU_0200;S02;Walk only, short, rain;walk_100;0.8;rain;;0;4;0.75;0.7;0.1
STU_0200;S12;Car only, long, age>45;car_100;8.0;any;;0;5;1.0;1.0;0.0
STU_0200;S05;Bus only, long, low crowding;bus_100;5.0;any;low;0;5;1.0;0.96;0.06
STU_0201;S11;Walk+Bus, medium, rain, high crowding, age>45;walk_bus;3.0;rain;high;1;4;0.75;0.691;0.009
STU_0201;S10;Bike, medium, sunny, age>45;bike_100;3.0;sunny;;0;5;1.0;1.0;0.0
STU_0201;S01;Walk only, short, sunny;walk_100;0.8;sunny;;0;5;1.0;1.0;0.0
STU_0201;S09;Car only, long distance;car_100;8.0;any;;0;5;1.0;1.0;0.0
STU_0202;S11;Walk+Bus, medium, rain, high crowding, age>45;walk_bus;3.0;rain;high;1;4;0.75;0.691;0.009
STU_0202;S10;Bike, medium, sunny, age>45;bike_100;3.0;sunny;;0;5;1.0;1.0;0.0
STU_0202;S01;Walk only, short, sunny;walk_100;0.8;sunny;;0;5;1.0;1.0;0.1
STU_0202;S09;Car only, long distance;car_100;8.0;any;;0;5;1.0;1.0;0.0
STU_0202;S06;Bus only, long, high crowding;bus_100;5.0;any;high;0;4;0.75;0.83;0.13
STU_0202;S03;Bike only, medium, sunny;bike_100;2.5;sunny;;0;5;1.0;1.0;0.0
STU_0202;S02;Walk only, short, rain;walk_100;0.8;rain;;0;5;1.0;0.7;0.2
STU_0203;S11;Walk+Bus, medium, rain, high crowding, age>45;walk_bus;3.0;rain;high;1;4;0.75;0.691;0.109
STU_0203;S10;Bike, medium, sunny, age>45;bike_100;3.0;sunny;;0;5;1.0;1.0;0.0
STU_0203;S01;Walk only, short, sunny;walk_100;0.8;sunny;;0;5;1.0;1.0;0.1
STU_0203;S09;Car only, long distance;car_100;8.0;any;;0;5;1.0;1.0;0.1
STU_0204;S11;Walk+Bus, medium, rain, high crowding, age>45;walk_bus;3.0;rain;high;1;4;0.75;0.691;0.009
STU_0204;S10;Bike, medium, sunny, age>45;bike_100;3.0;sunny;;0;5;1.0;1.0;0.0
STU_0204;S01;Walk only, short, sunny;walk_100;0.8;sunny;;0;5;1.0;1.0;0.0
STU_0204;S09;Car only, long distance;car_100;8.0;any;;0;5;1.0;1.0;0.1
STU_0204;S06;Bus only, long, high crowding;bus_100;5.0;any;high;0;5;1.0;0.83;0.07
STU_0204;S03;Bike only, medium, sunny;bike_100;2.5;sunny;;0;5;1.0;1.0;0.0
STU_0204;S02;Walk only, short, rain;walk_100;0.8;rain;;0;4;0.75;0.7;0.1
STU_0204;S12;Car only, long, age>45;car_100;8.0;any;;0;5;1.0;1.0;0.1
STU_0204;S05;Bus only, long, low crowding;bus_100;5.0;any;low;0;5;1.0;0.96;0.04
STU_0205;S11;Walk+Bus, medium, rain, high crowding, age>45;walk_bus;3.0;rain;high;1;4;0.75;0.646;0.154
STU_0205;S10;Bike, medium, sunny, age>45;bike_100;3.0;sunny;;0;4;0.75;0.8;0.1
STU_0205;S01;Walk only, short, sunny;walk_100;0.8;sunny;;0;4;0.75;0.85;0.05
STU_0205;S09;Car only, long distance;car_100;8.0;any;;0;5;1.0;1.0;0.0
STU_0206;S11;Walk+Bus, medium, rain, high crowding, age>45;walk_bus;3.0;rain;high;1;3;0.5;0.691;0.091
STU_0206;S10;Bike, medium, sunny, age>45;bike_100;3.0;sunny;;0;5;1.0;1.0;0.1
STU_0206;S01;Walk only, short, sunny;walk_100;0.8;sunny;;0;5;1.0;1.0;0.1
STU_0206;S09;Car only, long distance;car_100;8.0;any;;0;5;1.0;1.0;0.1
STU_0206;S06;Bus only, long, high crowding;bus_100;5.0;any;high;0;5;1.0;0.83;0.07
STU_0207;S11;Walk+Bus, medium, rain, high crowding, age>45;walk_bus;3.0;rain;high;1;5;1.0;0.691;0.209
STU_0207;S10;Bike, medium, sunny, age>45;bike_100;3.0;sunny;;0;5;1.0;1.0;0.0
STU_0207;S01;Walk only, short, sunny;walk_100;0.8;sunny;;0;5;1.0;1.0;0.0
STU_0207;S09;Car only, long distance;car_100;8.0;any;;0;5;1.0;1.0;0.0
STU_0207;S06;Bus only, long, high crowding;bus_100;5.0;any;high;0;4;0.75;0.83;0.13
STU_0207;S03;Bike only, medium, sunny;bike_100;2.5;sunny;;0;5;1.0;1.0;0.0
STU_0207;S02;Walk only, short, rain;walk_100;0.8;rain;;0;4;0.75;0.7;0.0
STU_0208;S11;Walk+Bus, medium, rain, high crowding, age>45;walk_bus;3.0;rain;high;1;4;0.75;0.691;0.009
STU_0208;S10;Bike, medium, sunny, age>45;bike_100;3.0;sunny;;0;5;1.0;1.0;0.0
STU_0208;S01;Walk only, short, sunny;walk_100;0.8;sunny;;0;5;1.0;1.0;0.0
STU_0208;S09;Car only, long distance;car_100;8.0;any;;0;5;1.0;1.0;0.0
STU_0208;S06;Bus only, long, high crowding;bus_100;5.0;any;high;0;4;0.75;0.83;0.03
STU_0208;S03;Bike only, medium, sunny;bike_100;2.5;sunny;;0;5;1.0;1.0;0.0
STU_0208;S02;Walk only, short, rain;walk_100;0.8;rain;;0;4;0.75;0.7;0.1
STU_0209;S11;Walk+Bus, medium, rain, high crowding, age>45;walk_bus;3.0;rain;high;1;4;0.75;0.691;0.009
STU_0209;S10;Bike, medium, sunny, age>45;bike_100;3.0;sunny;;0;5;1.0;1.0;0.0
STU_0209;S01;Walk only, short, sunny;walk_100;0.8;sunny;;0;5;1.0;1.0;0.0
STU_0209;S09;Car only, long distance;car_100;8.0;any;;0;5;1.0;1.0;0.0
STU_0209;S06;Bus only, long, high crowding;bus_100;5.0;any;high;0;5;1.0;0.83;0.07
STU_0209;S03;Bike only, medium, sunny;bike_100;2.5;sunny;;0;5;1.0;1.0;0.1
STU_0209;S02;Walk only, short, rain;walk_100;0.8;rain;;0;4;0.75;0.7;0.0
STU_0209;S12;Car only, long, age>45;car_100;8.0;any;;0;5;1.0;1.0;0.0
STU_0209;S05;Bus only, long, low crowding;bus_100;5.0;any;low;0;5;1.0;0.96;0.06
STU_0210;S11;Walk+Bus, medium, rain, high crowding, age>45;walk_bus;3.0;rain;high;1;4;0.75;0.691;0.009
STU_0210;S10;Bike, medium, sunny, age>45;bike_100;3.0;sunny;;0;5;1.0;1.0;0.0
STU_0210;S01;Walk only, short, sunny;walk_100;0.8;sunny;;0;5;1.0;1.0;0.0
STU_0210;S09;Car only, long distance;car_100;8.0;any;;0;5;1.0;1.0;0.0
STU_0210;S06;Bus only, long, high crowding;bus_100;5.0;any;high;0;4;0.75;0.83;0.03
STU_0211;S11;Walk+Bus, medium, rain, high crowding, age>45;walk_bus;3.0;rain;high;1;3;0.5;0.691;0.091
STU_0211;S10;Bike, medium, sunny, age>45;bike_100;3.0;sunny;;0;5;1.0;1.0;0.0
STU_0211;S01;Walk only, short, sunny;walk_100;0.8;sunny;;0;5;1.0;1.0;0.0
STU_0211;S09;Car only, long distance;car_100;8.0;any;;0;5;1.0;1.0;0.0
STU_0211;S06;Bus only, long, high crowding;bus_100;5.0;any;high;0;5;1.0;0.83;0.07
STU_0211;S03;Bike only, medium, sunny;bike_100;2.5;sunny;;0;5;1.0;1.0;0.0
STU_0212;S11;Walk+Bus, medium, rain, high crowding, age>45;walk_bus;3.0;rain;high;1;4;0.75;0.691;0.109
STU_0212;S10;Bike, medium, sunny, age>45;bike_100;3.0;sunny;;0;5;1.0;1.0;0.0
STU_0212;S01;Walk only, short, sunny;walk_100;0.8;sunny;;0;5;1.0;1.0;0.0
STU_0212;S09;Car only, long distance;car_100;8.0;any;;0;5;1.0;1.0;0.0
STU_0213;S11;Walk+Bus, medium, rain, high crowding, age>45;walk_bus;3.0;rain;high;1;3;0.5;0.691;0.091
STU_0213;S10;Bike, medium, sunny, age>45;bike_100;3.0;sunny;;0;5;1.0;1.0;0.0
STU_0213;S01;Walk only, short, sunny;walk_100;0.8;sunny;;0;5;1.0;1.0;0.0
STU_0213;S09;Car only, long distance;car_100;8.0;any;;0;5;1.0;1.0;0.0
STU_0213;S06;Bus only, long, high crowding;bus_100;5.0;any;high;0;4;0.75;0.83;0.03
STU_0213;S03;Bike only, medium, sunny;bike_100;2.5;sunny;;0;5;1.0;1.0;0.0
STU_0213;S02;Walk only, short, rain;walk_100;0.8;rain;;0;4;0.75;0.7;0.0
STU_0213;S12;Car only, long, age>45;car_100;8.0;any;;0;5;1.0;1.0;0.0
STU_0214;S11;Walk+Bus, medium, rain, high crowding, age>45;walk_bus;3.0;rain;high;1;4;0.75;0.691;0.109
STU_0214;S10;Bike, medium, sunny, age>45;bike_100;3.0;sunny;;0;5;1.0;1.0;0.0
STU_0214;S01;Walk only, short, sunny;walk_100;0.8;sunny;;0;5;1.0;1.0;0.0
STU_0214;S09;Car only, long distance;car_100;8.0;any;;0;5;1.0;1.0;0.0
STU_0215;S11;Walk+Bus, medium, rain, high crowding, age>45;walk_bus;3.0;rain;high;1;4;0.75;0.691;0.009
STU_0215;S10;Bike, medium, sunny, age>45;bike_100;3.0;sunny;;0;5;1.0;1.0;0.1
STU_0215;S01;Walk only, short, sunny;walk_100;0.8;sunny;;0;5;1.0;1.0;0.1
STU_0215;S09;Car only, long distance;car_100;8.0;any;;0;5;1.0;1.0;0.1
STU_0216;S11;Walk+Bus, medium, rain, high crowding, age>45;walk_bus;3.0;rain;high;1;3;0.5;0.691;0.091
STU_0216;S10;Bike, medium, sunny, age>45;bike_100;3.0;sunny;;0;5;1.0;1.0;0.0
STU_0216;S01;Walk only, short, sunny;walk_100;0.8;sunny;;0;5;1.0;1.0;0.0
STU_0216;S09;Car only, long distance;car_100;8.0;any;;0;5;1.0;1.0;0.0
STU_0216;S06;Bus only, long, high crowding;bus_100;5.0;any;high;0;4;0.75;0.83;0.13
STU_0216;S03;Bike only, medium, sunny;bike_100;2.5;sunny;;0;5;1.0;1.0;0.0
STU_0217;S11;Walk+Bus, medium, rain, high crowding, age>45;walk_bus;3.0;rain;high;1;4;0.75;0.691;0.109
STU_0217;S10;Bike, medium, sunny, age>45;bike_100;3.0;sunny;;0;5;1.0;1.0;0.0
STU_0217;S01;Walk only, short, sunny;walk_100;0.8;sunny;;0;5;1.0;1.0;0.0
STU_0217;S09;Car only, long distance;car_100;8.0;any;;0;5;1.0;1.0;0.0
STU_0218;S11;Walk+Bus, medium, rain, high crowding, age>45;walk_bus;3.0;rain;high;1;4;0.75;0.691;0.109
STU_0218;S10;Bike, medium, sunny, age>45;bike_100;3.0;sunny;;0;5;1.0;1.0;0.0
STU_0218;S01;Walk only, short, sunny;walk_100;0.8;sunny;;0;5;1.0;1.0;0.0
STU_0218;S09;Car only, long distance;car_100;8.0;any;;0;5;1.0;1.0;0.1
STU_0218;S06;Bus only, long, high crowding;bus_100;5.0;any;high;0;5;1.0;0.83;0.07
STU_0219;S11;Walk+Bus, medium, rain, high crowding, age>45;walk_bus;3.0;rain;high;1;4;0.75;0.691;0.109
STU_0219;S10;Bike, medium, sunny, age>45;bike_100;3.0;sunny;;0;5;1.0;1.0;0.0
STU_0219;S01;Walk only, short, sunny;walk_100;0.8;sunny;;0;5;1.0;1.0;0.1
STU_0219;S09;Car only, long distance;car_100;8.0;any;;0;5;1.0;1.0;0.0
STU_0219;S06;Bus only, long, high crowding;bus_100;5.0;any;high;0;4;0.75;0.83;0.03
STU_0220;S11;Walk+Bus, medium, rain, high crowding, age>45;walk_bus;3.0;rain;high;1;4;0.75;0.691;0.109
STU_0220;S10;Bike, medium, sunny, age>45;bike_100;3.0;sunny;;0;5;1.0;1.0;0.0
STU_0220;S01;Walk only, short, sunny;walk_100;0.8;sunny;;0;5;1.0;1.0;0.0
STU_0220;S09;Car only, long distance;car_100;8.0;any;;0;5;1.0;1.0;0.0
STU_0220;S06;Bus only, long, high crowding;bus_100;5.0;any;high;0;5;1.0;0.83;0.07
STU_0220;S03;Bike only, medium, sunny;bike_100;2.5;sunny;;0;5;1.0;1.0;0.0
STU_0220;S02;Walk only, short, rain;walk_100;0.8;rain;;0;4;0.75;0.7;0.0
STU_0221;S11;Walk+Bus, medium, rain, high crowding, age>45;walk_bus;3.0;rain;high;1;3;0.5;0.691;0.091
STU_0221;S10;Bike, medium, sunny, age>45;bike_100;3.0;sunny;;0;5;1.0;1.0;0.0
STU_0221;S01;Walk only, short, sunny;walk_100;0.8;sunny;;0;5;1.0;1.0;0.0
STU_0221;S09;Car only, long distance;car_100;8.0;any;;0;5;1.0;1.0;0.0
STU_0221;S06;Bus only, long, high crowding;bus_100;5.0;any;high;0;5;1.0;0.83;0.07
STU_0221;S03;Bike only, medium, sunny;bike_100;2.5;sunny;;0;5;1.0;1.0;0.0
STU_0221;S02;Walk only, short, rain;walk_100;0.8;rain;;0;3;0.5;0.7;0.1
STU_0221;S12;Car only, long, age>45;car_100;8.0;any;;0;5;1.0;1.0;0.0
STU_0221;S05;Bus only, long, low crowding;bus_100;5.0;any;low;0;5;1.0;0.96;0.04
STU_0222;S11;Walk+Bus, medium, rain, high crowding, age>45;walk_bus;3.0;rain;high;1;4;0.75;0.691;0.109
STU_0222;S10;Bike, medium, sunny, age>45;bike_100;3.0;sunny;;0;5;1.0;1.0;0.0
STU_0222;S01;Walk only, short, sunny;walk_100;0.8;sunny;;0;5;1.0;1.0;0.0
STU_0222;S09;Car only, long distance;car_100;8.0;any;;0;5;1.0;1.0;0.0
STU_0222;S06;Bus only, long, high crowding;bus_100;5.0;any;high;0;5;1.0;0.83;0.17
STU_0222;S03;Bike only, medium, sunny;bike_100;2.5;sunny;;0;5;1.0;1.0;0.0
STU_0222;S02;Walk only, short, rain;walk_100;0.8;rain;;0;3;0.5;0.7;0.1
STU_0222;S12;Car only, long, age>45;car_100;8.0;any;;0;5;1.0;1.0;0.0
STU_0223;S11;Walk+Bus, medium, rain, high crowding, age>45;walk_bus;3.0;rain;high;1;4;0.75;0.691;0.009
STU_0223;S10;Bike, medium, sunny, age>45;bike_100;3.0;sunny;;0;5;1.0;0.85;0.05
STU_0223;S01;Walk only, short, sunny;walk_100;0.8;sunny;;0;5;1.0;1.0;0.0
STU_0223;S09;Car only, long distance;car_100;8.0;any;;0;5;1.0;1.0;0.0
STU_0224;S11;Walk+Bus, medium, rain, high crowding, age>45;walk_bus;3.0;rain;high;1;3;0.5;0.691;0.091
STU_0224;S10;Bike, medium, sunny, age>45;bike_100;3.0;sunny;;0;5;1.0;1.0;0.0
STU_0224;S01;Walk only, short, sunny;walk_100;0.8;sunny;;0;5;1.0;1.0;0.0
STU_0224;S09;Car only, long distance;car_100;8.0;any;;0;5;1.0;1.0;0.0
STU_0225;S11;Walk+Bus, medium, rain, high crowding, age>45;walk_bus;3.0;rain;high;1;4;0.75;0.691;0.009
STU_0225;S10;Bike, medium, sunny, age>45;bike_100;3.0;sunny;;0;5;1.0;1.0;0.0
STU_0225;S01;Walk only, short, sunny;walk_100;0.8;sunny;;0;5;1.0;1.0;0.0
STU_0225;S09;Car only, long distance;car_100;8.0;any;;0;5;1.0;1.0;0.0
STU_0225;S06;Bus only, long, high crowding;bus_100;5.0;any;high;0;4;0.75;0.83;0.03
STU_0225;S03;Bike only, medium, sunny;bike_100;2.5;sunny;;0;5;1.0;1.0;0.0
STU_0226;S11;Walk+Bus, medium, rain, high crowding, age>45;walk_bus;3.0;rain;high;1;4;0.75;0.691;0.109
STU_0226;S10;Bike, medium, sunny, age>45;bike_100;3.0;sunny;;0;5;1.0;1.0;0.0
STU_0226;S01;Walk only, short, sunny;walk_100;0.8;sunny;;0;5;1.0;1.0;0.1
STU_0226;S09;Car only, long distance;car_100;8.0;any;;0;5;1.0;1.0;0.0
STU_0226;S06;Bus only, long, high crowding;bus_100;5.0;any;high;0;5;1.0;0.83;0.17
STU_0226;S03;Bike only, medium, sunny;bike_100;2.5;sunny;;0;5;1.0;1.0;0.0
STU_0226;S02;Walk only, short, rain;walk_100;0.8;rain;;0;3;0.5;0.7;0.1
STU_0226;S12;Car only, long, age>45;car_100;8.0;any;;0;5;1.0;1.0;0.0
STU_0226;S05;Bus only, long, low crowding;bus_100;5.0;any;low;0;5;1.0;0.96;0.04
STU_0227;S11;Walk+Bus, medium, rain, high crowding, age>45;walk_bus;3.0;rain;high;1;3;0.5;0.691;0.091
STU_0227;S10;Bike, medium, sunny, age>45;bike_100;3.0;sunny;;0;5;1.0;1.0;0.1
STU_0227;S01;Walk only, short, sunny;walk_100;0.8;sunny;;0;5;1.0;1.0;0.0
STU_0227;S09;Car only, long distance;car_100;8.0;any;;0;5;1.0;1.0;0.0
STU_0227;S06;Bus only, long, high crowding;bus_100;5.0;any;high;0;5;1.0;0.83;0.07
STU_0228;S11;Walk+Bus, medium, rain, high crowding, age>45;walk_bus;3.0;rain;high;1;5;1.0;0.691;0.309
STU_0228;S10;Bike, medium, sunny, age>45;bike_100;3.0;sunny;;0;5;1.0;1.0;0.1
STU_0228;S01;Walk only, short, sunny;walk_100;0.8;sunny;;0;5;1.0;1.0;0.0
STU_0228;S09;Car only, long distance;car_100;8.0;any;;0;5;1.0;1.0;0.0
STU_0228;S06;Bus only, long, high crowding;bus_100;5.0;any;high;0;4;0.75;0.83;0.03
STU_0228;S03;Bike only, medium, sunny;bike_100;2.5;sunny;;0;5;1.0;1.0;0.0
STU_0228;S02;Walk only, short, rain;walk_100;0.8;rain;;0;4;0.75;0.7;0.0
STU_0228;S12;Car only, long, age>45;car_100;8.0;any;;0;5;1.0;1.0;0.0
STU_0229;S11;Walk+Bus, medium, rain, high crowding, age>45;walk_bus;3.0;rain;high;1;3;0.5;0.691;0.091
STU_0229;S10;Bike, medium, sunny, age>45;bike_100;3.0;sunny;;0;4;0.75;1.0;0.2
STU_0229;S01;Walk only, short, sunny;walk_100;0.8;sunny;;0;5;1.0;1.0;0.0
STU_0229;S09;Car only, long distance;car_100;8.0;any;;0;5;1.0;1.0;0.0
STU_0229;S06;Bus only, long, high crowding;bus_100;5.0;any;high;0;5;1.0;0.83;0.07
STU_0229;S03;Bike only, medium, sunny;bike_100;2.5;sunny;;0;5;1.0;1.0;0.1
STU_0229;S02;Walk only, short, rain;walk_100;0.8;rain;;0;4;0.75;0.7;0.0
STU_0230;S11;Walk+Bus, medium, rain, high crowding, age>45;walk_bus;3.0;rain;high;1;4;0.75;0.691;0.109
STU_0230;S10;Bike, medium, sunny, age>45;bike_100;3.0;sunny;;0;5;1.0;1.0;0.1
STU_0230;S01;Walk only, short, sunny;walk_100;0.8;sunny;;0;5;1.0;1.0;0.0
STU_0230;S09;Car only, long distance;car_100;8.0;any;;0;5;1.0;1.0;0.1
STU_0230;S06;Bus only, long, high crowding;bus_100;5.0;any;high;0;5;1.0;0.83;0.17
STU_0231;S11;Walk+Bus, medium, rain, high crowding, age>45;walk_bus;3.0;rain;high;1;4;0.75;0.691;0.109
STU_0231;S10;Bike, medium, sunny, age>45;bike_100;3.0;sunny;;0;5;1.0;1.0;0.0
STU_0231;S01;Walk only, short, sunny;walk_100;0.8;sunny;;0;5;1.0;1.0;0.0
STU_0231;S09;Car only, long distance;car_100;8.0;any;;0;5;1.0;1.0;0.0
STU_0231;S06;Bus only, long, high crowding;bus_100;5.0;any;high;0;4;0.75;0.83;0.03
STU_0231;S03;Bike only, medium, sunny;bike_100;2.5;sunny;;0;5;1.0;1.0;0.0
STU_0231;S02;Walk only, short, rain;walk_100;0.8;rain;;0;3;0.5;0.7;0.1
STU_0231;S12;Car only, long, age>45;car_100;8.0;any;;0;5;1.0;1.0;0.0
STU_0231;S05;Bus only, long, low crowding;bus_100;5.0;any;low;0;5;1.0;0.96;0.06
STU_0232;S11;Walk+Bus, medium, rain, high crowding, age>45;walk_bus;3.0;rain;high;1;4;0.75;0.691;0.009
STU_0232;S10;Bike, medium, sunny, age>45;bike_100;3.0;sunny;;0;5;1.0;1.0;0.0
STU_0232;S01;Walk only, short, sunny;walk_100;0.8;sunny;;0;5;1.0;1.0;0.0
STU_0232;S09;Car only, long distance;car_100;8.0;any;;0;4;0.75;1.0;0.2
STU_0232;S06;Bus only, long, high crowding;bus_100;5.0;any;high;0;5;1.0;0.83;0.07
STU_0232;S03;Bike only, medium, sunny;bike_100;2.5;sunny;;0;5;1.0;1.0;0.1
STU_0232;S02;Walk only, short, rain;walk_100;0.8;rain;;0;5;1.0;0.7;0.2
STU_0233;S11;Walk+Bus, medium, rain, high crowding, age>45;walk_bus;3.0;rain;high;1;4;0.75;0.691;0.109
STU_0233;S10;Bike, medium, sunny, age>45;bike_100;3.0;sunny;;0;5;1.0;1.0;0.1
STU_0233;S01;Walk only, short, sunny;walk_100;0.8;sunny;;0;5;1.0;1.0;0.1
STU_0233;S09;Car only, long distance;car_100;8.0;any;;0;5;1.0;1.0;0.1
STU_0233;S06;Bus only, long, high crowding;bus_100;5.0;any;high;0;4;0.75;0.83;0.13
STU_0233;S03;Bike only, medium, sunny;bike_100;2.5;sunny;;0;5;1.0;1.0;0.0
STU_0234;S11;Walk+Bus, medium, rain, high crowding, age>45;walk_bus;3.0;rain;high;1;4;0.75;0.691;0.009
STU_0234;S10;Bike, medium, sunny, age>45;bike_100;3.0;sunny;;0;5;1.0;1.0;0.0
STU_0234;S01;Walk only, short, sunny;walk_100;0.8;sunny;;0;5;1.0;1.0;0.0
STU_0234;S09;Car only, long distance;car_100;8.0;any;;0;5;1.0;1.0;0.0
STU_0234;S06;Bus only, long, high crowding;bus_100;5.0;any;high;0;4;0.75;0.83;0.13
STU_0234;S03;Bike only, medium, sunny;bike_100;2.5;sunny;;0;5;1.0;1.0;0.0
STU_0235;S11;Walk+Bus, medium, rain, high crowding, age>45;walk_bus;3.0;rain;high;1;4;0.75;0.691;0.109
STU_0235;S10;Bike, medium, sunny, age>45;bike_100;3.0;sunny;;0;5;1.0;1.0;0.0
STU_0235;S01;Walk only, short, sunny;walk_100;0.8;sunny;;0;4;0.75;1.0;0.2
STU_0235;S09;Car only, long distance;car_100;8.0;any;;0;5;1.0;1.0;0.0
STU_0236;S11;Walk+Bus, medium, rain, high crowding, age>45;walk_bus;3.0;rain;high;1;4;0.75;0.646;0.054
STU_0236;S10;Bike, medium, sunny, age>45;bike_100;3.0;sunny;;0;5;1.0;0.8;0.2
STU_0236;S01;Walk only, short, sunny;walk_100;0.8;sunny;;0;5;1.0;0.85;0.15
STU_0236;S09;Car only, long distance;car_100;8.0;any;;0;5;1.0;1.0;0.0
STU_0236;S06;Bus only, long, high crowding;bus_100;5.0;any;high;0;5;1.0;0.83;0.07
STU_0236;S03;Bike only, medium, sunny;bike_100;2.5;sunny;;0;5;1.0;0.8;0.1
STU_0236;S02;Walk only, short, rain;walk_100;0.8;rain;;0;2;0.25;0.55;0.25
STU_0236;S12;Car only, long, age>45;car_100;8.0;any;;0;5;1.0;1.0;0.1
STU_0236;S05;Bus only, long, low crowding;bus_100;5.0;any;low;0;5;1.0;0.96;0.04
STU_0237;S11;Walk+Bus, medium, rain, high crowding, age>45;walk_bus;3.0;rain;high;1;4;0.75;0.691;0.009
STU_0237;S10;Bike, medium, sunny, age>45;bike_100;3.0;sunny;;0;5;1.0;1.0;0.1
STU_0237;S01;Walk only, short, sunny;walk_100;0.8;sunny;;0;5;1.0;1.0;0.0
STU_0237;S09;Car only, long distance;car_100;8.0;any;;0;5;1.0;1.0;0.0
STU_0237;S06;Bus only, long, high crowding;bus_100;5.0;any;high;0;4;0.75;0.83;0.03
STU_0237;S03;Bike only, medium, sunny;bike_100;2.5;sunny;;0;5;1.0;1.0;0.0
STU_0237;S02;Walk only, short, rain;walk_100;0.8;rain;;0;4;0.75;0.7;0.0
STU_0237;S12;Car only, long, age>45;car_100;8.0;any;;0;5;1.0;1.0;0.0
STU_0238;S11;Walk+Bus, medium, rain, high crowding, age>45;walk_bus;3.0;rain;high;1;3;0.5;0.691;0.091
STU_0238;S10;Bike, medium, sunny, age>45;bike_100;3.0;sunny;;0;5;1.0;1.0;0.0
STU_0238;S01;Walk only, short, sunny;walk_100;0.8;sunny;;0;5;1.0;1.0;0.0
STU_0238;S09;Car only, long distance;car_100;8.0;any;;0;5;1.0;1.0;0.0
STU_0238;S06;Bus only, long, high crowding;bus_100;5.0;any;high;0;5;1.0;0.83;0.17
STU_0238;S03;Bike only, medium, sunny;bike_100;2.5;sunny;;0;5;1.0;1.0;0.1
STU_0238;S02;Walk only, short, rain;walk_100;0.8;rain;;0;5;1.0;0.7;0.2
STU_0239;S11;Walk+Bus, medium, rain, high crowding, age>45;walk_bus;3.0;rain;high;1;4;0.75;0.691;0.009
STU_0239;S10;Bike, medium, sunny, age>45;bike_100;3.0;sunny;;0;5;1.0;1.0;0.0
STU_0239;S01;Walk only, short, sunny;walk_100;0.8;sunny;;0;5;1.0;1.0;0.0
STU_0239;S09;Car only, long distance;car_100;8.0;any;;0;5;1.0;1.0;0.0
STU_0239;S06;Bus only, long, high crowding;bus_100;5.0;any;high;0;4;0.75;0.83;0.13
STU_0240;S11;Walk+Bus, medium, rain, high crowding, age>45;walk_bus;3.0;rain;high;1;4;0.75;0.691;0.009
STU_0240;S10;Bike, medium, sunny, age>45;bike_100;3.0;sunny;;0;5;1.0;1.0;0.0
STU_0240;S01;Walk only, short, sunny;walk_100;0.8;sunny;;0;5;1.0;1.0;0.1
STU_0240;S09;Car only, long distance;car_100;8.0;any;;0;5;1.0;1.0;0.1
STU_0240;S06;Bus only, long, high crowding;bus_100;5.0;any;high;0;4;0.75;0.83;0.03
STU_0240;S03;Bike only, medium, sunny;bike_100;2.5;sunny;;0;5;1.0;1.0;0.0
STU_0240;S02;Walk only, short, rain;walk_100;0.8;rain;;0;4;0.75;0.7;0.0
STU_0240;S12;Car only, long, age>45;car_100;8.0;any;;0;5;1.0;1.0;0.0
STU_0240;S05;Bus only, long, low crowding;bus_100;5.0;any;low;0;5;1.0;0.96;0.04
STU_0241;S11;Walk+Bus, medium, rain, high crowding, age>45;walk_bus;3.0;rain;high;1;4;0.75;0.691;0.109
STU_0241;S10;Bike, medium, sunny, age>45;bike_100;3.0;sunny;;0;5;1.0;1.0;0.0
STU_0241;S01;Walk only, short, sunny;walk_100;0.8;sunny;;0;5;1.0;1.0;0.0
STU_0241;S09;Car only, long distance;car_100;8.0;any;;0;5;1.0;1.0;0.0
STU_0241;S06;Bus only, long, high crowding;bus_100;5.0;any;high;0;5;1.0;0.83;0.07
STU_0241;S03;Bike only, medium, sunny;bike_100;2.5;sunny;;0;5;1.0;1.0;0.1
STU_0241;S02;Walk only, short, rain;walk_100;0.8;rain;;0;4;0.75;0.7;0.0
STU_0241;S12;Car only, long, age>45;car_100;8.0;any;;0;5;1.0;1.0;0.0
STU_0241;S05;Bus only, long, low crowding;bus_100;5.0;any;low;0;5;1.0;0.96;0.04
STU_0242;S11;Walk+Bus, medium, rain, high crowding, age>45;walk_bus;3.0;rain;high;1;4;0.75;0.691;0.009
STU_0242;S10;Bike, medium, sunny, age>45;bike_100;3.0;sunny;;0;5;1.0;1.0;0.0
STU_0242;S01;Walk only, short, sunny;walk_100;0.8;sunny;;0;4;0.75;1.0;0.2
STU_0242;S09;Car only, long distance;car_100;8.0;any;;0;5;1.0;1.0;0.0
STU_0242;S06;Bus only, long, high crowding;bus_100;5.0;any;high;0;4;0.75;0.83;0.03
STU_0242;S03;Bike only, medium, sunny;bike_100;2.5;sunny;;0;5;1.0;1.0;0.0
STU_0243;S11;Walk+Bus, medium, rain, high crowding, age>45;walk_bus;3.0;rain;high;1;4;0.75;0.691;0.009
STU_0243;S10;Bike, medium, sunny, age>45;bike_100;3.0;sunny;;0;5;1.0;1.0;0.0
STU_0243;S01;Walk only, short, sunny;walk_100;0.8;sunny;;0;5;1.0;1.0;0.0
STU_0243;S09;Car only, long distance;car_100;8.0;any;;0;5;1.0;1.0;0.0
STU_0244;S11;Walk+Bus, medium, rain, high crowding, age>45;walk_bus;3.0;rain;high;1;4;0.75;0.691;0.009
STU_0244;S10;Bike, medium, sunny, age>45;bike_100;3.0;sunny;;0;5;1.0;1.0;0.0
STU_0244;S01;Walk only, short, sunny;walk_100;0.8;sunny;;0;4;0.75;1.0;0.2
STU_0244;S09;Car only, long distance;car_100;8.0;any;;0;5;1.0;1.0;0.0
STU_0245;S11;Walk+Bus, medium, rain, high crowding, age>45;walk_bus;3.0;rain;high;1;4;0.75;0.691;0.009
STU_0245;S10;Bike, medium, sunny, age>45;bike_100;3.0;sunny;;0;5;1.0;1.0;0.0
STU_0245;S01;Walk only, short, sunny;walk_100;0.8;sunny;;0;5;1.0;1.0;0.0
STU_0245;S09;Car only, long distance;car_100;8.0;any;;0;5;1.0;1.0;0.0
STU_0245;S06;Bus only, long, high crowding;bus_100;5.0;any;high;0;5;1.0;0.83;0.17
STU_0245;S03;Bike only, medium, sunny;bike_100;2.5;sunny;;0;5;1.0;1.0;0.0
STU_0245;S02;Walk only, short, rain;walk_100;0.8;rain;;0;4;0.75;0.7;0.1
STU_0246;S11;Walk+Bus, medium, rain, high crowding, age>45;walk_bus;3.0;rain;high;1;4;0.75;0.691;0.009
STU_0246;S10;Bike, medium, sunny, age>45;bike_100;3.0;sunny;;0;5;1.0;1.0;0.0
STU_0246;S01;Walk only, short, sunny;walk_100;0.8;sunny;;0;5;1.0;1.0;0.0
STU_0246;S09;Car only, long distance;car_100;8.0;any;;0;5;1.0;1.0;0.0
STU_0246;S06;Bus only, long, high crowding;bus_100;5.0;any;high;0;4;0.75;0.83;0.13
STU_0246;S03;Bike only, medium, sunny;bike_100;2.5;sunny;;0;5;1.0;1.0;0.0
STU_0247;S11;Walk+Bus, medium, rain, high crowding, age>45;walk_bus;3.0;rain;high;1;4;0.75;0.691;0.009
STU_0247;S10;Bike, medium, sunny, age>45;bike_100;3.0;sunny;;0;5;1.0;1.0;0.1
STU_0247;S01;Walk only, short, sunny;walk_100;0.8;sunny;;0;5;1.0;1.0;0.0
STU_0247;S09;Car only, long distance;car_100;8.0;any;;0;5;1.0;1.0;0.0
STU_0247;S06;Bus only, long, high crowding;bus_100;5.0;any;high;0;4;0.75;0.83;0.13
STU_0247;S03;Bike only, medium, sunny;bike_100;2.5;sunny;;0;5;1.0;1.0;0.0
STU_0247;S02;Walk only, short, rain;walk_100;0.8;rain;;0;5;1.0;0.7;0.2
STU_0247;S12;Car only, long, age>45;car_100;8.0;any;;0;5;1.0;1.0;0.0
STU_0247;S05;Bus only, long, low crowding;bus_100;5.0;any;low;0;5;1.0;0.96;0.04
STU_0248;S11;Walk+Bus, medium, rain, high crowding, age>45;walk_bus;3.0;rain;high;1;3;0.5;0.691;0.091
STU_0248;S10;Bike, medium, sunny, age>45;bike_100;3.0;sunny;;0;5;1.0;0.85;0.15
STU_0248;S01;Walk only, short, sunny;walk_100;0.8;sunny;;0;5;1.0;1.0;0.0
STU_0248;S09;Car only, long distance;car_100;8.0;any;;0;5;1.0;1.0;0.0
STU_0248;S06;Bus only, long, high crowding;bus_100;5.0;any;high;0;4;0.75;0.83;0.03
STU_0248;S03;Bike only, medium, sunny;bike_100;2.5;sunny;;0;5;1.0;0.85;0.05
STU_0248;S02;Walk only, short, rain;walk_100;0.8;rain;;0;4;0.75;0.7;0.0
STU_0248;S12;Car only, long, age>45;car_100;8.0;any;;0;5;1.0;1.0;0.0
STU_0249;S11;Walk+Bus, medium, rain, high crowding, age>45;walk_bus;3.0;rain;high;1;4;0.75;0.691;0.009
STU_0249;S10;Bike, medium, sunny, age>45;bike_100;3.0;sunny;;0;5;1.0;1.0;0.0
STU_0249;S01;Walk only, short, sunny;walk_100;0.8;sunny;;0;5;1.0;1.0;0.0
STU_0249;S09;Car only, long distance;car_100;8.0;any;;0;5;1.0;1.0;0.1
STU_0249;S06;Bus only, long, high crowding;bus_100;5.0;any;high;0;4;0.75;0.83;0.03
STU_0249;S03;Bike only, medium, sunny;bike_100;2.5;sunny;;0;5;1.0;1.0;0.0
STU_0250;S11;Walk+Bus, medium, rain, high crowding, age>45;walk_bus;3.0;rain;high;1;4;0.75;0.691;0.109
STU_0250;S10;Bike, medium, sunny, age>45;bike_100;3.0;sunny;;0;5;1.0;1.0;0.0
STU_0250;S01;Walk only, short, sunny;walk_100;0.8;sunny;;0;5;1.0;1.0;0.0
STU_0250;S09;Car only, long distance;car_100;8.0;any;;0;5;1.0;1.0;0.0
STU_0250;S06;Bus only, long, high crowding;bus_100;5.0;any;high;0;5;1.0;0.83;0.17
STU_0250;S03;Bike only, medium, sunny;bike_100;2.5;sunny;;0;5;1.0;1.0;0.1
STU_0250;S02;Walk only, short, rain;walk_100;0.8;rain;;0;4;0.75;0.7;0.1
STU_0251;S11;Walk+Bus, medium, rain, high crowding, age>45;walk_bus;3.0;rain;high;1;4;0.75;0.691;0.009
STU_0251;S10;Bike, medium, sunny, age>45;bike_100;3.0;sunny;;0;5;1.0;1.0;0.0
STU_0251;S01;Walk only, short, sunny;walk_100;0.8;sunny;;0;5;1.0;1.0;0.0
STU_0251;S09;Car only, long distance;car_100;8.0;any;;0;5;1.0;1.0;0.1
STU_0251;S06;Bus only, long, high crowding;bus_100;5.0;any;high;0;5;1.0;0.83;0.07
STU_0251;S03;Bike only, medium, sunny;bike_100;2.5;sunny;;0;5;1.0;1.0;0.0
STU_0251;S02;Walk only, short, rain;walk_100;0.8;rain;;0;5;1.0;0.7;0.2
STU_0252;S11;Walk+Bus, medium, rain, high crowding, age>45;walk_bus;3.0;rain;high;1;4;0.75;0.691;0.009
STU_0252;S10;Bike, medium, sunny, age>45;bike_100;3.0;sunny;;0;5;1.0;1.0;0.0
STU_0252;S01;Walk only, short, sunny;walk_100;0.8;sunny;;0;5;1.0;1.0;0.0
STU_0252;S09;Car only, long distance;car_100;8.0;any;;0;5;1.0;1.0;0.0
STU_0252;S06;Bus only, long, high crowding;bus_100;5.0;any;high;0;5;1.0;0.83;0.07
STU_0252;S03;Bike only, medium, sunny;bike_100;2.5;sunny;;0;5;1.0;1.0;0.1
STU_0253;S11;Walk+Bus, medium, rain, high crowding, age>45;walk_bus;3.0;rain;high;1;3;0.5;0.691;0.091
STU_0253;S10;Bike, medium, sunny, age>45;bike_100;3.0;sunny;;0;5;1.0;1.0;0.0
STU_0253;S01;Walk only, short, sunny;walk_100;0.8;sunny;;0;5;1.0;1.0;0.0
STU_0253;S09;Car only, long distance;car_100;8.0;any;;0;5;1.0;1.0;0.0
STU_0253;S06;Bus only, long, high crowding;bus_100;5.0;any;high;0;5;1.0;0.83;0.17
STU_0253;S03;Bike only, medium, sunny;bike_100;2.5;sunny;;0;5;1.0;1.0;0.0
STU_0253;S02;Walk only, short, rain;walk_100;0.8;rain;;0;4;0.75;0.7;0.0
STU_0254;S11;Walk+Bus, medium, rain, high crowding, age>45;walk_bus;3.0;rain;high;1;4;0.75;0.691;0.109
STU_0254;S10;Bike, medium, sunny, age>45;bike_100;3.0;sunny;;0;5;1.0;1.0;0.0
STU_0254;S01;Walk only, short, sunny;walk_100;0.8;sunny;;0;5;1.0;1.0;0.0
STU_0254;S09;Car only, long distance;car_100;8.0;any;;0;5;1.0;1.0;0.0
STU_0254;S06;Bus only, long, high crowding;bus_100;5.0;any;high;0;5;1.0;0.83;0.07
STU_0254;S03;Bike only, medium, sunny;bike_100;2.5;sunny;;0;5;1.0;1.0;0.0
STU_0255;S11;Walk+Bus, medium, rain, high crowding, age>45;walk_bus;3.0;rain;high;1;4;0.75;0.691;0.109
STU_0255;S10;Bike, medium, sunny, age>45;bike_100;3.0;sunny;;0;5;1.0;1.0;0.0
STU_0255;S01;Walk only, short, sunny;walk_100;0.8;sunny;;0;5;1.0;1.0;0.0
STU_0255;S09;Car only, long distance;car_100;8.0;any;;0;5;1.0;1.0;0.0
STU_0255;S06;Bus only, long, high crowding;bus_100;5.0;any;high;0;5;1.0;0.83;0.07
STU_0256;S11;Walk+Bus, medium, rain, high crowding, age>45;walk_bus;3.0;rain;high;1;3;0.5;0.691;0.091
STU_0256;S10;Bike, medium, sunny, age>45;bike_100;3.0;sunny;;0;5;1.0;1.0;0.0
STU_0256;S01;Walk only, short, sunny;walk_100;0.8;sunny;;0;5;1.0;1.0;0.1
STU_0256;S09;Car only, long distance;car_100;8.0;any;;0;5;1.0;1.0;0.1
STU_0256;S06;Bus only, long, high crowding;bus_100;5.0;any;high;0;4;0.75;0.83;0.03
STU_0256;S03;Bike only, medium, sunny;bike_100;2.5;sunny;;0;5;1.0;1.0;0.0
STU_0257;S11;Walk+Bus, medium, rain, high crowding, age>45;walk_bus;3.0;rain;high;1;4;0.75;0.691;0.109
STU_0257;S10;Bike, medium, sunny, age>45;bike_100;3.0;sunny;;0;5;1.0;1.0;0.0
STU_0257;S01;Walk only, short, sunny;walk_100;0.8;sunny;;0;5;1.0;1.0;0.0
STU_0257;S09;Car only, long distance;car_100;8.0;any;;0;5;1.0;1.0;0.0
STU_0257;S06;Bus only, long, high crowding;bus_100;5.0;any;high;0;5;1.0;0.83;0.07
STU_0257;S03;Bike only, medium, sunny;bike_100;2.5;sunny;;0;5;1.0;1.0;0.0
STU_0258;S11;Walk+Bus, medium, rain, high crowding, age>45;walk_bus;3.0;rain;high;1;5;1.0;0.691;0.209
STU_0258;S10;Bike, medium, sunny, age>45;bike_100;3.0;sunny;;0;5;1.0;1.0;0.0
STU_0258;S01;Walk only, short, sunny;walk_100;0.8;sunny;;0;5;1.0;1.0;0.0
STU_0258;S09;Car only, long distance;car_100;8.0;any;;0;5;1.0;1.0;0.1
STU_0258;S06;Bus only, long, high crowding;bus_100;5.0;any;high;0;4;0.75;0.83;0.13
STU_0258;S03;Bike only, medium, sunny;bike_100;2.5;sunny;;0;5;1.0;1.0;0.0
STU_0258;S02;Walk only, short, rain;walk_100;0.8;rain;;0;5;1.0;0.7;0.2
STU_0259;S11;Walk+Bus, medium, rain, high crowding, age>45;walk_bus;3.0;rain;high;1;4;0.75;0.691;0.109
STU_0259;S10;Bike, medium, sunny, age>45;bike_100;3.0;sunny;;0;5;1.0;1.0;0.1
STU_0259;S01;Walk only, short, sunny;walk_100;0.8;sunny;;0;5;1.0;1.0;0.1
STU_0259;S09;Car only, long distance;car_100;8.0;any;;0;5;1.0;1.0;0.1
STU_0259;S06;Bus only, long, high crowding;bus_100;5.0;any;high;0;4;0.75;0.83;0.03
STU_0259;S03;Bike only, medium, sunny;bike_100;2.5;sunny;;0;5;1.0;1.0;0.0
STU_0259;S02;Walk only, short, rain;walk_100;0.8;rain;;0;4;0.75;0.7;0.1
STU_0260;S11;Walk+Bus, medium, rain, high crowding, age>45;walk_bus;3.0;rain;high;1;4;0.75;0.691;0.109
STU_0260;S10;Bike, medium, sunny, age>45;bike_100;3.0;sunny;;0;5;1.0;1.0;0.0
STU_0260;S01;Walk only, short, sunny;walk_100;0.8;sunny;;0;5;1.0;1.0;0.0
STU_0260;S09;Car only, long distance;car_100;8.0;any;;0;5;1.0;1.0;0.0
STU_0261;S11;Walk+Bus, medium, rain, high crowding, age>45;walk_bus;3.0;rain;high;1;4;0.75;0.691;0.009
STU_0261;S10;Bike, medium, sunny, age>45;bike_100;3.0;sunny;;0;5;1.0;1.0;0.1
STU_0261;S01;Walk only, short, sunny;walk_100;0.8;sunny;;0;5;1.0;1.0;0.0
STU_0261;S09;Car only, long distance;car_100;8.0;any;;0;5;1.0;1.0;0.0
STU_0262;S11;Walk+Bus, medium, rain, high crowding, age>45;walk_bus;3.0;rain;high;1;4;0.75;0.691;0.109
STU_0262;S10;Bike, medium, sunny, age>45;bike_100;3.0;sunny;;0;5;1.0;1.0;0.1
STU_0262;S01;Walk only, short, sunny;walk_100;0.8;sunny;;0;5;1.0;1.0;0.0
STU_0262;S09;Car only, long distance;car_100;8.0;any;;0;5;1.0;1.0;0.0
STU_0262;S06;Bus only, long, high crowding;bus_100;5.0;any;high;0;5;1.0;0.83;0.07
STU_0263;S11;Walk+Bus, medium, rain, high crowding, age>45;walk_bus;3.0;rain;high;1;5;1.0;0.691;0.209
STU_0263;S10;Bike, medium, sunny, age>45;bike_100;3.0;sunny;;0;4;0.75;0.85;0.05
STU_0263;S01;Walk only, short, sunny;walk_100;0.8;sunny;;0;5;1.0;1.0;0.0
STU_0263;S09;Car only, long distance;car_100;8.0;any;;0;5;1.0;1.0;0.0
STU_0264;S11;Walk+Bus, medium, rain, high crowding, age>45;walk_bus;3.0;rain;high;1;3;0.5;0.691;0.091
STU_0264;S10;Bike, medium, sunny, age>45;bike_100;3.0;sunny;;0;5;1.0;1.0;0.0
STU_0264;S01;Walk only, short, sunny;walk_100;0.8;sunny;;0;5;1.0;1.0;0.0
STU_0264;S09;Car only, long distance;car_100;8.0;any;;0;5;1.0;1.0;0.0
STU_0264;S06;Bus only, long, high crowding;bus_100;5.0;any;high;0;4;0.75;0.83;0.03
STU_0264;S03;Bike only, medium, sunny;bike_100;2.5;sunny;;0;5;1.0;1.0;0.0
STU_0265;S11;Walk+Bus, medium, rain, high crowding, age>45;walk_bus;3.0;rain;high;1;3;0.5;0.691;0.091
STU_0265;S10;Bike, medium, sunny, age>45;bike_100;3.0;sunny;;0;5;1.0;1.0;0.0
STU_0265;S01;Walk only, short, sunny;walk_100;0.8;sunny;;0;5;1.0;1.0;0.0
STU_0265;S09;Car only, long distance;car_100;8.0;any;;0;5;1.0;1.0;0.0
STU_0265;S06;Bus only, long, high crowding;bus_100;5.0;any;high;0;5;1.0;0.83;0.17
STU_0265;S03;Bike only, medium, sunny;bike_100;2.5;sunny;;0;5;1.0;1.0;0.1
STU_0265;S02;Walk only, short, rain;walk_100;0.8;rain;;0;4;0.75;0.7;0.1
STU_0266;S11;Walk+Bus, medium, rain, high crowding, age>45;walk_bus;3.0;rain;high;1;3;0.5;0.691;0.091
STU_0266;S10;Bike, medium, sunny, age>45;bike_100;3.0;sunny;;0;5;1.0;1.0;0.1
STU_0266;S01;Walk only, short, sunny;walk_100;0.8;sunny;;0;5;1.0;1.0;0.0
STU_0266;S09;Car only, long distance;car_100;8.0;any;;0;4;0.75;1.0;0.2
STU_0267;S11;Walk+Bus, medium, rain, high crowding, age>45;walk_bus;3.0;rain;high;1;3;0.5;0.646;0.046
STU_0267;S10;Bike, medium, sunny, age>45;bike_100;3.0;sunny;;0;3;0.5;0.8;0.2
STU_0267;S01;Walk only, short, sunny;walk_100;0.8;sunny;;0;5;1.0;0.85;0.05
STU_0267;S09;Car only, long distance;car_100;8.0;any;;0;5;1.0;1.0;0.0
STU_0268;S11;Walk+Bus, medium, rain, high crowding, age>45;walk_bus;3.0;rain;high;1;4;0.75;0.691;0.009
STU_0268;S10;Bike, medium, sunny, age>45;bike_100;3.0;sunny;;0;5;1.0;1.0;0.0
STU_0268;S01;Walk only, short, sunny;walk_100;0.8;sunny;;0;5;1.0;1.0;0.0
STU_0268;S09;Car only, long distance;car_100;8.0;any;;0;5;1.0;1.0;0.0
STU_0268;S06;Bus only, long, high crowding;bus_100;5.0;any;high;0;5;1.0;0.83;0.07
STU_0269;S11;Walk+Bus, medium, rain, high crowding, age>45;walk_bus;3.0;rain;high;1;4;0.75;0.691;0.109
STU_0269;S10;Bike, medium, sunny, age>45;bike_100;3.0;sunny;;0;5;1.0;1.0;0.1
STU_0269;S01;Walk only, short, sunny;walk_100;0.8;sunny;;0;5;1.0;1.0;0.0
STU_0269;S09;Car only, long distance;car_100;8.0;any;;0;5;1.0;1.0;0.0
STU_0269;S06;Bus only, long, high crowding;bus_100;5.0;any;high;0;4;0.75;0.83;0.03
STU_0269;S03;Bike only, medium, sunny;bike_100;2.5;sunny;;0;5;1.0;1.0;0.0
STU_0269;S02;Walk only, short, rain;walk_100;0.8;rain;;0;4;0.75;0.7;0.1
STU_0269;S12;Car only, long, age>45;car_100;8.0;any;;0;5;1.0;1.0;0.0
STU_0269;S05;Bus only, long, low crowding;bus_100;5.0;any;low;0;5;1.0;0.96;0.04
STU_0270;S11;Walk+Bus, medium, rain, high crowding, age>45;walk_bus;3.0;rain;high;1;4;0.75;0.646;0.154
STU_0270;S10;Bike, medium, sunny, age>45;bike_100;3.0;sunny;;0;5;1.0;0.8;0.1
STU_0270;S01;Walk only, short, sunny;walk_100;0.8;sunny;;0;5;1.0;0.85;0.15
STU_0270;S09;Car only, long distance;car_100;8.0;any;;0;5;1.0;1.0;0.0
STU_0270;S06;Bus only, long, high crowding;bus_100;5.0;any;high;0;5;1.0;0.83;0.17
STU_0271;S11;Walk+Bus, medium, rain, high crowding, age>45;walk_bus;3.0;rain;high;1;5;1.0;0.691;0.209
STU_0271;S10;Bike, medium, sunny, age>45;bike_100;3.0;sunny;;0;5;1.0;1.0;0.0
STU_0271;S01;Walk only, short, sunny;walk_100;0.8;sunny;;0;4;0.75;1.0;0.2
STU_0271;S09;Car only, long distance;car_100;8.0;any;;0;5;1.0;1.0;0.0
STU_0271;S06;Bus only, long, high crowding;bus_100;5.0;any;high;0;5;1.0;0.83;0.07
STU_0271;S03;Bike only, medium, sunny;bike_100;2.5;sunny;;0;5;1.0;1.0;0.1
STU_0272;S11;Walk+Bus, medium, rain, high crowding, age>45;walk_bus;3.0;rain;high;1;4;0.75;0.691;0.009
STU_0272;S10;Bike, medium, sunny, age>45;bike_100;3.0;sunny;;0;5;1.0;1.0;0.0
STU_0272;S01;Walk only, short, sunny;walk_100;0.8;sunny;;0;5;1.0;1.0;0.1
STU_0272;S09;Car only, long distance;car_100;8.0;any;;0;5;1.0;1.0;0.0
STU_0272;S06;Bus only, long, high crowding;bus_100;5.0;any;high;0;5;1.0;0.83;0.07
STU_0272;S03;Bike only, medium, sunny;bike_100;2.5;sunny;;0;5;1.0;1.0;0.0
STU_0272;S02;Walk only, short, rain;walk_100;0.8;rain;;0;4;0.75;0.7;0.1
STU_0273;S11;Walk+Bus, medium, rain, high crowding, age>45;walk_bus;3.0;rain;high;1;4;0.75;0.691;0.109
STU_0273;S10;Bike, medium, sunny, age>45;bike_100;3.0;sunny;;0;5;1.0;1.0;0.0
STU_0273;S01;Walk only, short, sunny;walk_100;0.8;sunny;;0;5;1.0;1.0;0.0
STU_0273;S09;Car only, long distance;car_100;8.0;any;;0;5;1.0;1.0;0.1
STU_0273;S06;Bus only, long, high crowding;bus_100;5.0;any;high;0;4;0.75;0.83;0.03
STU_0274;S11;Walk+Bus, medium, rain, high crowding, age>45;walk_bus;3.0;rain;high;1;4;0.75;0.646;0.054
STU_0274;S10;Bike, medium, sunny, age>45;bike_100;3.0;sunny;;0;3;0.5;0.65;0.15
STU_0274;S01;Walk only, short, sunny;walk_100;0.8;sunny;;0;4;0.75;0.85;0.15
STU_0274;S09;Car only, long distance;car_100;8.0;any;;0;5;1.0;1.0;0.1
STU_0275;S11;Walk+Bus, medium, rain, high crowding, age>45;walk_bus;3.0;rain;high;1;3;0.5;0.691;0.191
STU_0275;S10;Bike, medium, sunny, age>45;bike_100;3.0;sunny;;0;4;0.75;1.0;0.2
STU_0275;S01;Walk only, short, sunny;walk_100;0.8;sunny;;0;5;1.0;1.0;0.0
STU_0275;S09;Car only, long distance;car_100;8.0;any;;0;5;1.0;1.0;0.0
STU_0275;S06;Bus only, long, high crowding;bus_100;5.0;any;high;0;3;0.5;0.83;0.23
STU_0275;S03;Bike only, medium, sunny;bike_100;2.5;sunny;;0;5;1.0;1.0;0.1
STU_0275;S02;Walk only, short, rain;walk_100;0.8;rain;;0;3;0.5;0.7;0.1
STU_0276;S11;Walk+Bus, medium, rain, high crowding, age>45;walk_bus;3.0;rain;high;1;4;0.75;0.691;0.109
STU_0276;S10;Bike, medium, sunny, age>45;bike_100;3.0;sunny;;0;4;0.75;0.85;0.05
STU_0276;S01;Walk only, short, sunny;walk_100;0.8;sunny;;0;5;1.0;1.0;0.0
STU_0276;S09;Car only, long distance;car_100;8.0;any;;0;5;1.0;1.0;0.0
STU_0276;S06;Bus only, long, high crowding;bus_100;5.0;any;high;0;4;0.75;0.83;0.03
STU_0276;S03;Bike only, medium, sunny;bike_100;2.5;sunny;;0;4;0.75;0.85;0.05
STU_0276;S02;Walk only, short, rain;walk_100;0.8;rain;;0;4;0.75;0.7;0.0
STU_0277;S11;Walk+Bus, medium, rain, high crowding, age>45;walk_bus;3.0;rain;high;1;4;0.75;0.691;0.109
STU_0277;S10;Bike, medium, sunny, age>45;bike_100;3.0;sunny;;0;5;1.0;1.0;0.0
STU_0277;S01;Walk only, short, sunny;walk_100;0.8;sunny;;0;5;1.0;1.0;0.0
STU_0277;S09;Car only, long distance;car_100;8.0;any;;0;5;1.0;1.0;0.1
STU_0278;S11;Walk+Bus, medium, rain, high crowding, age>45;walk_bus;3.0;rain;high;1;5;1.0;0.691;0.209
STU_0278;S10;Bike, medium, sunny, age>45;bike_100;3.0;sunny;;0;4;0.75;1.0;0.2
STU_0278;S01;Walk only, short, sunny;walk_100;0.8;sunny;;0;5;1.0;1.0;0.0
STU_0278;S09;Car only, long distance;car_100;8.0;any;;0;5;1.0;1.0;0.0
STU_0278;S06;Bus only, long, high crowding;bus_100;5.0;any;high;0;5;1.0;0.83;0.17
STU_0279;S11;Walk+Bus, medium, rain, high crowding, age>45;walk_bus;3.0;rain;high;1;4;0.75;0.691;0.009
STU_0279;S10;Bike, medium, sunny, age>45;bike_100;3.0;sunny;;0;5;1.0;1.0;0.0
STU_0279;S01;Walk only, short, sunny;walk_100;0.8;sunny;;0;5;1.0;1.0;0.0
STU_0279;S09;Car only, long distance;car_100;8.0;any;;0;5;1.0;1.0;0.0
STU_0280;S11;Walk+Bus, medium, rain, high crowding, age>45;walk_bus;3.0;rain;high;1;3;0.5;0.691;0.091
STU_0280;S10;Bike, medium, sunny, age>45;bike_100;3.0;sunny;;0;5;1.0;1.0;0.0
STU_0280;S01;Walk only, short, sunny;walk_100;0.8;sunny;;0;5;1.0;1.0;0.0
STU_0280;S09;Car only, long distance;car_100;8.0;any;;0;5;1.0;1.0;0.0
STU_0280;S06;Bus only, long, high crowding;bus_100;5.0;any;high;0;4;0.75;0.83;0.03
STU_0280;S03;Bike only, medium, sunny;bike_100;2.5;sunny;;0;5;1.0;1.0;0.0
STU_0280;S02;Walk only, short, rain;walk_100;0.8;rain;;0;3;0.5;0.7;0.1
STU_0280;S12;Car only, long, age>45;car_100;8.0;any;;0;5;1.0;1.0;0.0
STU_0280;S05;Bus only, long, low crowding;bus_100;5.0;any;low;0;5;1.0;0.96;0.06
STU_0281;S11;Walk+Bus, medium, rain, high crowding, age>45;walk_bus;3.0;rain;high;1;3;0.5;0.691;0.091
STU_0281;S10;Bike, medium, sunny, age>45;bike_100;3.0;sunny;;0;5;1.0;1.0;0.0
STU_0281;S01;Walk only, short, sunny;walk_100;0.8;sunny;;0;5;1.0;1.0;0.0
STU_0281;S09;Car only, long distance;car_100;8.0;any;;0;5;1.0;1.0;0.0
STU_0281;S06;Bus only, long, high crowding;bus_100;5.0;any;high;0;4;0.75;0.83;0.03
STU_0281;S03;Bike only, medium, sunny;bike_100;2.5;sunny;;0;5;1.0;1.0;0.0
STU_0281;S02;Walk only, short, rain;walk_100;0.8;rain;;0;4;0.75;0.7;0.1
STU_0282;S11;Walk+Bus, medium, rain, high crowding, age>45;walk_bus;3.0;rain;high;1;4;0.75;0.691;0.009
STU_0282;S10;Bike, medium, sunny, age>45;bike_100;3.0;sunny;;0;5;1.0;1.0;0.0
STU_0282;S01;Walk only, short, sunny;walk_100;0.8;sunny;;0;5;1.0;1.0;0.0
STU_0282;S09;Car only, long distance;car_100;8.0;any;;0;5;1.0;1.0;0.0
STU_0282;S06;Bus only, long, high crowding;bus_100;5.0;any;high;0;5;1.0;0.83;0.07
STU_0282;S03;Bike only, medium, sunny;bike_100;2.5;sunny;;0;5;1.0;1.0;0.1
STU_0282;S02;Walk only, short, rain;walk_100;0.8;rain;;0;4;0.75;0.7;0.0
STU_0282;S12;Car only, long, age>45;car_100;8.0;any;;0;5;1.0;1.0;0.0
STU_0283;S11;Walk+Bus, medium, rain, high crowding, age>45;walk_bus;3.0;rain;high;1;4;0.75;0.691;0.109
STU_0283;S10;Bike, medium, sunny, age>45;bike_100;3.0;sunny;;0;5;1.0;1.0;0.0
STU_0283;S01;Walk only, short, sunny;walk_100;0.8;sunny;;0;5;1.0;1.0;0.0
STU_0283;S09;Car only, long distance;car_100;8.0;any;;0;5;1.0;1.0;0.0
STU_0283;S06;Bus only, long, high crowding;bus_100;5.0;any;high;0;5;1.0;0.83;0.07
STU_0283;S03;Bike only, medium, sunny;bike_100;2.5;sunny;;0;5;1.0;1.0;0.0
STU_0283;S02;Walk only, short, rain;walk_100;0.8;rain;;0;4;0.75;0.7;0.0
STU_0283;S12;Car only, long, age>45;car_100;8.0;any;;0;5;1.0;1.0;0.1
STU_0284;S11;Walk+Bus, medium, rain, high crowding, age>45;walk_bus;3.0;rain;high;1;4;0.75;0.691;0.109
STU_0284;S10;Bike, medium, sunny, age>45;bike_100;3.0;sunny;;0;5;1.0;1.0;0.0
STU_0284;S01;Walk only, short, sunny;walk_100;0.8;sunny;;0;5;1.0;1.0;0.0
STU_0284;S09;Car only, long distance;car_100;8.0;any;;0;4;0.75;1.0;0.2
STU_0284;S06;Bus only, long, high crowding;bus_100;5.0;any;high;0;4;0.75;0.83;0.03
STU_0284;S03;Bike only, medium, sunny;bike_100;2.5;sunny;;0;5;1.0;1.0;0.1
STU_0285;S11;Walk+Bus, medium, rain, high crowding, age>45;walk_bus;3.0;rain;high;1;4;0.75;0.691;0.009
STU_0285;S10;Bike, medium, sunny, age>45;bike_100;3.0;sunny;;0;5;1.0;1.0;0.0
STU_0285;S01;Walk only, short, sunny;walk_100;0.8;sunny;;0;5;1.0;1.0;0.0
STU_0285;S09;Car only, long distance;car_100;8.0;any;;0;5;1.0;1.0;0.0
STU_0286;S11;Walk+Bus, medium, rain, high crowding, age>45;walk_bus;3.0;rain;high;1;3;0.5;0.691;0.091
STU_0286;S10;Bike, medium, sunny, age>45;bike_100;3.0;sunny;;0;5;1.0;1.0;0.0
STU_0286;S01;Walk only, short, sunny;walk_100;0.8;sunny;;0;5;1.0;1.0;0.0
STU_0286;S09;Car only, long distance;car_100;8.0;any;;0;5;1.0;1.0;0.1
STU_0287;S11;Walk+Bus, medium, rain, high crowding, age>45;walk_bus;3.0;rain;high;1;2;0.25;0.691;0.291
STU_0287;S10;Bike, medium, sunny, age>45;bike_100;3.0;sunny;;0;5;1.0;1.0;0.0
STU_0287;S01;Walk only, short, sunny;walk_100;0.8;sunny;;0;5;1.0;1.0;0.0
STU_0287;S09;Car only, long distance;car_100;8.0;any;;0;5;1.0;1.0;0.0
STU_0287;S06;Bus only, long, high crowding;bus_100;5.0;any;high;0;5;1.0;0.83;0.07
STU_0287;S03;Bike only, medium, sunny;bike_100;2.5;sunny;;0;5;1.0;1.0;0.0
STU_0288;S11;Walk+Bus, medium, rain, high crowding, age>45;walk_bus;3.0;rain;high;1;3;0.5;0.691;0.091
STU_0288;S10;Bike, medium, sunny, age>45;bike_100;3.0;sunny;;0;5;1.0;1.0;0.1
STU_0288;S01;Walk only, short, sunny;walk_100;0.8;sunny;;0;5;1.0;1.0;0.0
STU_0288;S09;Car only, long distance;car_100;8.0;any;;0;5;1.0;1.0;0.0
STU_0288;S06;Bus only, long, high crowding;bus_100;5.0;any;high;0;5;1.0;0.83;0.17
STU_0288;S03;Bike only, medium, sunny;bike_100;2.5;sunny;;0;5;1.0;1.0;0.0
STU_0289;S11;Walk+Bus, medium, rain, high crowding, age>45;walk_bus;3.0;rain;high;1;4;0.75;0.691;0.109
STU_0289;S10;Bike, medium, sunny, age>45;bike_100;3.0;sunny;;0;5;1.0;1.0;0.0
STU_0289;S01;Walk only, short, sunny;walk_100;0.8;sunny;;0;4;0.75;1.0;0.3
STU_0289;S09;Car only, long distance;car_100;8.0;any;;0;5;1.0;1.0;0.0
STU_0289;S06;Bus only, long, high crowding;bus_100;5.0;any;high;0;5;1.0;0.83;0.07
STU_0289;S03;Bike only, medium, sunny;bike_100;2.5;sunny;;0;5;1.0;1.0;0.0
STU_0290;S11;Walk+Bus, medium, rain, high crowding, age>45;walk_bus;3.0;rain;high;1;4;0.75;0.691;0.109
STU_0290;S10;Bike, medium, sunny, age>45;bike_100;3.0;sunny;;0;5;1.0;1.0;0.0
STU_0290;S01;Walk only, short, sunny;walk_100;0.8;sunny;;0;5;1.0;1.0;0.0
STU_0290;S09;Car only, long distance;car_100;8.0;any;;0;5;1.0;1.0;0.0
STU_0290;S06;Bus only, long, high crowding;bus_100;5.0;any;high;0;4;0.75;0.83;0.03
STU_0290;S03;Bike only, medium, sunny;bike_100;2.5;sunny;;0;5;1.0;1.0;0.0
STU_0290;S02;Walk only, short, rain;walk_100;0.8;rain;;0;4;0.75;0.7;0.0
STU_0291;S11;Walk+Bus, medium, rain, high crowding, age>45;walk_bus;3.0;rain;high;1;3;0.5;0.691;0.091
STU_0291;S10;Bike, medium, sunny, age>45;bike_100;3.0;sunny;;0;5;1.0;1.0;0.1
STU_0291;S01;Walk only, short, sunny;walk_100;0.8;sunny;;0;5;1.0;1.0;0.0
STU_0291;S09;Car only, long distance;car_100;8.0;any;;0;5;1.0;1.0;0.0
STU_0291;S06;Bus only, long, high crowding;bus_100;5.0;any;high;0;4;0.75;0.83;0.03
STU_0291;S03;Bike only, medium, sunny;bike_100;2.5;sunny;;0;5;1.0;1.0;0.1
STU_0291;S02;Walk only, short, rain;walk_100;0.8;rain;;0;5;1.0;0.7;0.2
STU_0291;S12;Car only, long, age>45;car_100;8.0;any;;0;5;1.0;1.0;0.1
STU_0291;S05;Bus only, long, low crowding;bus_100;5.0;any;low;0;5;1.0;0.96;0.06
STU_0292;S11;Walk+Bus, medium, rain, high crowding, age>45;walk_bus;3.0;rain;high;1;4;0.75;0.691;0.009
STU_0292;S10;Bike, medium, sunny, age>45;bike_100;3.0;sunny;;0;5;1.0;1.0;0.0
STU_0292;S01;Walk only, short, sunny;walk_100;0.8;sunny;;0;5;1.0;1.0;0.0
STU_0292;S09;Car only, long distance;car_100;8.0;any;;0;5;1.0;1.0;0.0
STU_0293;S11;Walk+Bus, medium, rain, high crowding, age>45;walk_bus;3.0;rain;high;1;4;0.75;0.691;0.009
STU_0293;S10;Bike, medium, sunny, age>45;bike_100;3.0;sunny;;0;5;1.0;1.0;0.0
STU_0293;S01;Walk only, short, sunny;walk_100;0.8;sunny;;0;5;1.0;1.0;0.0
STU_0293;S09;Car only, long distance;car_100;8.0;any;;0;5;1.0;1.0;0.0
STU_0293;S06;Bus only, long, high crowding;bus_100;5.0;any;high;0;4;0.75;0.83;0.03
STU_0293;S03;Bike only, medium, sunny;bike_100;2.5;sunny;;0;5;1.0;1.0;0.0
STU_0293;S02;Walk only, short, rain;walk_100;0.8;rain;;0;4;0.75;0.7;0.0
STU_0294;S11;Walk+Bus, medium, rain, high crowding, age>45;walk_bus;3.0;rain;high;1;4;0.75;0.691;0.009
STU_0294;S10;Bike, medium, sunny, age>45;bike_100;3.0;sunny;;0;5;1.0;1.0;0.0
STU_0294;S01;Walk only, short, sunny;walk_100;0.8;sunny;;0;5;1.0;1.0;0.0
STU_0294;S09;Car only, long distance;car_100;8.0;any;;0;5;1.0;1.0;0.1
STU_0294;S06;Bus only, long, high crowding;bus_100;5.0;any;high;0;4;0.75;0.83;0.03
STU_0294;S03;Bike only, medium, sunny;bike_100;2.5;sunny;;0;5;1.0;1.0;0.0
STU_0295;S11;Walk+Bus, medium, rain, high crowding, age>45;walk_bus;3.0;rain;high;1;4;0.75;0.691;0.109
STU_0295;S10;Bike, medium, sunny, age>45;bike_100;3.0;sunny;;0;5;1.0;1.0;0.1
STU_0295;S01;Walk only, short, sunny;walk_100;0.8;sunny;;0;5;1.0;1.0;0.0
STU_0295;S09;Car only, long distance;car_100;8.0;any;;0;5;1.0;1.0;0.0
STU_0296;S11;Walk+Bus, medium, rain, high crowding, age>45;walk_bus;3.0;rain;high;1;4;0.75;0.691;0.109
STU_0296;S10;Bike, medium, sunny, age>45;bike_100;3.0;sunny;;0;5;1.0;1.0;0.0
STU_0296;S01;Walk only, short, sunny;walk_100;0.8;sunny;;0;5;1.0;1.0;0.1
STU_0296;S09;Car only, long distance;car_100;8.0;any;;0;5;1.0;1.0;0.0
STU_0296;S06;Bus only, long, high crowding;bus_100;5.0;any;high;0;4;0.75;0.83;0.03
STU_0296;S03;Bike only, medium, sunny;bike_100;2.5;sunny;;0;5;1.0;1.0;0.1
STU_0296;S02;Walk only, short, rain;walk_100;0.8;rain;;0;4;0.75;0.7;0.0
STU_0297;S11;Walk+Bus, medium, rain, high crowding, age>45;walk_bus;3.0;rain;high;1;4;0.75;0.691;0.009
STU_0297;S10;Bike, medium, sunny, age>45;bike_100;3.0;sunny;;0;5;1.0;1.0;0.0
STU_0297;S01;Walk only, short, sunny;walk_100;0.8;sunny;;0;5;1.0;1.0;0.1
STU_0297;S09;Car only, long distance;car_100;8.0;any;;0;5;1.0;1.0;0.0
STU_0297;S06;Bus only, long, high crowding;bus_100;5.0;any;high;0;4;0.75;0.83;0.13
STU_0297;S03;Bike only, medium, sunny;bike_100;2.5;sunny;;0;5;1.0;1.0;0.0
STU_0297;S02;Walk only, short, rain;walk_100;0.8;rain;;0;5;1.0;0.7;0.2
STU_0297;S12;Car only, long, age>45;car_100;8.0;any;;0;5;1.0;1.0;0.0
STU_0297;S05;Bus only, long, low crowding;bus_100;5.0;any;low;0;4;0.75;0.96;0.16
STU_0298;S11;Walk+Bus, medium, rain, high crowding, age>45;walk_bus;3.0;rain;high;1;4;0.75;0.646;0.054
STU_0298;S10;Bike, medium, sunny, age>45;bike_100;3.0;sunny;;0;5;1.0;0.8;0.1
STU_0298;S01;Walk only, short, sunny;walk_100;0.8;sunny;;0;5;1.0;0.85;0.05
STU_0298;S09;Car only, long distance;car_100;8.0;any;;0;5;1.0;1.0;0.0
STU_0298;S06;Bus only, long, high crowding;bus_100;5.0;any;high;0;5;1.0;0.83;0.07
STU_0298;S03;Bike only, medium, sunny;bike_100;2.5;sunny;;0;4;0.75;0.8;0.1
STU_0298;S02;Walk only, short, rain;walk_100;0.8;rain;;0;3;0.5;0.55;0.05
STU_0299;S11;Walk+Bus, medium, rain, high crowding, age>45;walk_bus;3.0;rain;high;1;4;0.75;0.691;0.109
STU_0299;S10;Bike, medium, sunny, age>45;bike_100;3.0;sunny;;0;5;1.0;1.0;0.0
STU_0299;S01;Walk only, short, sunny;walk_100;0.8;sunny;;0;5;1.0;1.0;0.0
STU_0299;S09;Car only, long distance;car_100;8.0;any;;0;5;1.0;1.0;0.0
STU_0299;S06;Bus only, long, high crowding;bus_100;5.0;any;high;0;5;1.0;0.83;0.07
STU_0299;S03;Bike only, medium, sunny;bike_100;2.5;sunny;;0;5;1.0;1.0;0.1
STU_0299;S02;Walk only, short, rain;walk_100;0.8;rain;;0;4;0.75;0.7;0.1
STU_0299;S12;Car only, long, age>45;car_100;8.0;any;;0;5;1.0;1.0;0.1
STU_0299;S05;Bus only, long, low crowding;bus_100;5.0;any;low;0;4;0.75;0.96;0.26
STU_0300;S11;Walk+Bus, medium, rain, high crowding, age>45;walk_bus;3.0;rain;high;1;4;0.75;0.691;0.109
STU_0300;S10;Bike, medium, sunny, age>45;bike_100;3.0;sunny;;0;5;1.0;1.0;0.0
STU_0300;S01;Walk only, short, sunny;walk_100;0.8;sunny;;0;5;1.0;1.0;0.0
STU_0300;S09;Car only, long distance;car_100;8.0;any;;0;5;1.0;1.0;0.1
STU_0300;S06;Bus only, long, high crowding;bus_100;5.0;any;high;0;5;1.0;0.83;0.07
STU_0300;S03;Bike only, medium, sunny;bike_100;2.5;sunny;;0;5;1.0;1.0;0.0
STU_0301;S11;Walk+Bus, medium, rain, high crowding, age>45;walk_bus;3.0;rain;high;1;4;0.75;0.691;0.109
STU_0301;S10;Bike, medium, sunny, age>45;bike_100;3.0;sunny;;0;5;1.0;1.0;0.0
STU_0301;S01;Walk only, short, sunny;walk_100;0.8;sunny;;0;5;1.0;1.0;0.0
STU_0301;S09;Car only, long distance;car_100;8.0;any;;0;5;1.0;1.0;0.0
STU_0301;S06;Bus only, long, high crowding;bus_100;5.0;any;high;0;5;1.0;0.83;0.07
STU_0301;S03;Bike only, medium, sunny;bike_100;2.5;sunny;;0;5;1.0;1.0;0.1
STU_0301;S02;Walk only, short, rain;walk_100;0.8;rain;;0;5;1.0;0.7;0.2
STU_0301;S12;Car only, long, age>45;car_100;8.0;any;;0;5;1.0;1.0;0.1
STU_0301;S05;Bus only, long, low crowding;bus_100;5.0;any;low;0;5;1.0;0.96;0.04
STU_0302;S11;Walk+Bus, medium, rain, high crowding, age>45;walk_bus;3.0;rain;high;1;3;0.5;0.691;0.091
STU_0302;S10;Bike, medium, sunny, age>45;bike_100;3.0;sunny;;0;5;1.0;1.0;0.0
STU_0302;S01;Walk only, short, sunny;walk_100;0.8;sunny;;0;5;1.0;1.0;0.0
STU_0302;S09;Car only, long distance;car_100;8.0;any;;0;5;1.0;1.0;0.1
STU_0303;S11;Walk+Bus, medium, rain, high crowding, age>45;walk_bus;3.0;rain;high;1;4;0.75;0.691;0.109
STU_0303;S10;Bike, medium, sunny, age>45;bike_100;3.0;sunny;;0;5;1.0;1.0;0.0
STU_0303;S01;Walk only, short, sunny;walk_100;0.8;sunny;;0;5;1.0;1.0;0.0
STU_0303;S09;Car only, long distance;car_100;8.0;any;;0;5;1.0;1.0;0.0
STU_0303;S06;Bus only, long, high crowding;bus_100;5.0;any;high;0;4;0.75;0.83;0.03
STU_0303;S03;Bike only, medium, sunny;bike_100;2.5;sunny;;0;5;1.0;1.0;0.0
STU_0304;S11;Walk+Bus, medium, rain, high crowding, age>45;walk_bus;3.0;rain;high;1;4;0.75;0.691;0.009
STU_0304;S10;Bike, medium, sunny, age>45;bike_100;3.0;sunny;;0;4;0.75;0.85;0.05
STU_0304;S01;Walk only, short, sunny;walk_100;0.8;sunny;;0;5;1.0;1.0;0.0
STU_0304;S09;Car only, long distance;car_100;8.0;any;;0;5;1.0;1.0;0.0
STU_0305;S11;Walk+Bus, medium, rain, high crowding, age>45;walk_bus;3.0;rain;high;1;4;0.75;0.691;0.009
STU_0305;S10;Bike, medium, sunny, age>45;bike_100;3.0;sunny;;0;5;1.0;1.0;0.0
STU_0305;S01;Walk only, short, sunny;walk_100;0.8;sunny;;0;5;1.0;1.0;0.0
STU_0305;S09;Car only, long distance;car_100;8.0;any;;0;5;1.0;1.0;0.0
STU_0305;S06;Bus only, long, high crowding;bus_100;5.0;any;high;0;4;0.75;0.83;0.03
STU_0305;S03;Bike only, medium, sunny;bike_100;2.5;sunny;;0;5;1.0;1.0;0.0
STU_0305;S02;Walk only, short, rain;walk_100;0.8;rain;;0;4;0.75;0.7;0.0
STU_0305;S12;Car only, long, age>45;car_100;8.0;any;;0;5;1.0;1.0;0.1
STU_0306;S11;Walk+Bus, medium, rain, high crowding, age>45;walk_bus;3.0;rain;high;1;4;0.75;0.691;0.009
STU_0306;S10;Bike, medium, sunny, age>45;bike_100;3.0;sunny;;0;5;1.0;0.85;0.05
STU_0306;S01;Walk only, short, sunny;walk_100;0.8;sunny;;0;5;1.0;1.0;0.1
STU_0306;S09;Car only, long distance;car_100;8.0;any;;0;5;1.0;1.0;0.0
STU_0306;S06;Bus only, long, high crowding;bus_100;5.0;any;high;0;4;0.75;0.83;0.03
STU_0307;S11;Walk+Bus, medium, rain, high crowding, age>45;walk_bus;3.0;rain;high;1;4;0.75;0.691;0.009
STU_0307;S10;Bike, medium, sunny, age>45;bike_100;3.0;sunny;;0;5;1.0;1.0;0.0
STU_0307;S01;Walk only, short, sunny;walk_100;0.8;sunny;;0;5;1.0;1.0;0.1
STU_0307;S09;Car only, long distance;car_100;8.0;any;;0;5;1.0;1.0;0.0
STU_0307;S06;Bus only, long, high crowding;bus_100;5.0;any;high;0;5;1.0;0.83;0.17
STU_0307;S03;Bike only, medium, sunny;bike_100;2.5;sunny;;0;5;1.0;1.0;0.0
STU_0307;S02;Walk only, short, rain;walk_100;0.8;rain;;0;3;0.5;0.7;0.1
STU_0307;S12;Car only, long, age>45;car_100;8.0;any;;0;5;1.0;1.0;0.0
STU_0307;S05;Bus only, long, low crowding;bus_100;5.0;any;low;0;5;1.0;0.96;0.04
STU_0308;S11;Walk+Bus, medium, rain, high crowding, age>45;walk_bus;3.0;rain;high;1;4;0.75;0.691;0.009
STU_0308;S10;Bike, medium, sunny, age>45;bike_100;3.0;sunny;;0;5;1.0;1.0;0.0
STU_0308;S01;Walk only, short, sunny;walk_100;0.8;sunny;;0;5;1.0;1.0;0.0
STU_0308;S09;Car only, long distance;car_100;8.0;any;;0;5;1.0;1.0;0.0
STU_0308;S06;Bus only, long, high crowding;bus_100;5.0;any;high;0;5;1.0;0.83;0.17
STU_0309;S11;Walk+Bus, medium, rain, high crowding, age>45;walk_bus;3.0;rain;high;1;4;0.75;0.691;0.009
STU_0309;S10;Bike, medium, sunny, age>45;bike_100;3.0;sunny;;0;5;1.0;1.0;0.0
STU_0309;S01;Walk only, short, sunny;walk_100;0.8;sunny;;0;5;1.0;1.0;0.0
STU_0309;S09;Car only, long distance;car_100;8.0;any;;0;5;1.0;1.0;0.1
STU_0309;S06;Bus only, long, high crowding;bus_100;5.0;any;high;0;5;1.0;0.83;0.07
STU_0310;S11;Walk+Bus, medium, rain, high crowding, age>45;walk_bus;3.0;rain;high;1;4;0.75;0.691;0.009
STU_0310;S10;Bike, medium, sunny, age>45;bike_100;3.0;sunny;;0;5;1.0;1.0;0.0
STU_0310;S01;Walk only, short, sunny;walk_100;0.8;sunny;;0;5;1.0;1.0;0.0
STU_0310;S09;Car only, long distance;car_100;8.0;any;;0;5;1.0;1.0;0.1
STU_0310;S06;Bus only, long, high crowding;bus_100;5.0;any;high;0;5;1.0;0.83;0.07
STU_0310;S03;Bike only, medium, sunny;bike_100;2.5;sunny;;0;5;1.0;1.0;0.0
STU_0310;S02;Walk only, short, rain;walk_100;0.8;rain;;0;4;0.75;0.7;0.1
STU_0310;S12;Car only, long, age>45;car_100;8.0;any;;0;5;1.0;1.0;0.0
STU_0310;S05;Bus only, long, low crowding;bus_100;5.0;any;low;0;5;1.0;0.96;0.04
STU_0311;S11;Walk+Bus, medium, rain, high crowding, age>45;walk_bus;3.0;rain;high;1;4;0.75;0.691;0.109
STU_0311;S10;Bike, medium, sunny, age>45;bike_100;3.0;sunny;;0;5;1.0;1.0;0.0
STU_0311;S01;Walk only, short, sunny;walk_100;0.8;sunny;;0;5;1.0;1.0;0.0
STU_0311;S09;Car only, long distance;car_100;8.0;any;;0;5;1.0;1.0;0.0
STU_0311;S06;Bus only, long, high crowding;bus_100;5.0;any;high;0;4;0.75;0.83;0.03
STU_0311;S03;Bike only, medium, sunny;bike_100;2.5;sunny;;0;5;1.0;1.0;0.0
STU_0312;S11;Walk+Bus, medium, rain, high crowding, age>45;walk_bus;3.0;rain;high;1;4;0.75;0.691;0.009
STU_0312;S10;Bike, medium, sunny, age>45;bike_100;3.0;sunny;;0;5;1.0;1.0;0.0
STU_0312;S01;Walk only, short, sunny;walk_100;0.8;sunny;;0;5;1.0;1.0;0.0
STU_0312;S09;Car only, long distance;car_100;8.0;any;;0;5;1.0;1.0;0.0
STU_0312;S06;Bus only, long, high crowding;bus_100;5.0;any;high;0;5;1.0;0.83;0.07
STU_0312;S03;Bike only, medium, sunny;bike_100;2.5;sunny;;0;5;1.0;1.0;0.1
STU_0312;S02;Walk only, short, rain;walk_100;0.8;rain;;0;4;0.75;0.7;0.1
STU_0312;S12;Car only, long, age>45;car_100;8.0;any;;0;5;1.0;1.0;0.1
STU_0313;S11;Walk+Bus, medium, rain, high crowding, age>45;walk_bus;3.0;rain;high;1;4;0.75;0.691;0.109
STU_0313;S10;Bike, medium, sunny, age>45;bike_100;3.0;sunny;;0;5;1.0;0.85;0.05
STU_0313;S01;Walk only, short, sunny;walk_100;0.8;sunny;;0;5;1.0;1.0;0.0
STU_0313;S09;Car only, long distance;car_100;8.0;any;;0;4;0.75;1.0;0.2
STU_0314;S11;Walk+Bus, medium, rain, high crowding, age>45;walk_bus;3.0;rain;high;1;4;0.75;0.691;0.109
STU_0314;S10;Bike, medium, sunny, age>45;bike_100;3.0;sunny;;0;5;1.0;1.0;0.0
STU_0314;S01;Walk only, short, sunny;walk_100;0.8;sunny;;0;5;1.0;1.0;0.0
STU_0314;S09;Car only, long distance;car_100;8.0;any;;0;5;1.0;1.0;0.0
STU_0314;S06;Bus only, long, high crowding;bus_100;5.0;any;high;0;5;1.0;0.83;0.07
STU_0314;S03;Bike only, medium, sunny;bike_100;2.5;sunny;;0;5;1.0;1.0;0.0
STU_0314;S02;Walk only, short, rain;walk_100;0.8;rain;;0;3;0.5;0.7;0.1
STU_0315;S11;Walk+Bus, medium, rain, high crowding, age>45;walk_bus;3.0;rain;high;1;4;0.75;0.691;0.109
STU_0315;S10;Bike, medium, sunny, age>45;bike_100;3.0;sunny;;0;5;1.0;1.0;0.0
STU_0315;S01;Walk only, short, sunny;walk_100;0.8;sunny;;0;5;1.0;1.0;0.0
STU_0315;S09;Car only, long distance;car_100;8.0;any;;0;5;1.0;1.0;0.0
STU_0316;S11;Walk+Bus, medium, rain, high crowding, age>45;walk_bus;3.0;rain;high;1;4;0.75;0.691;0.009
STU_0316;S10;Bike, medium, sunny, age>45;bike_100;3.0;sunny;;0;5;1.0;1.0;0.0
STU_0316;S01;Walk only, short, sunny;walk_100;0.8;sunny;;0;5;1.0;1.0;0.1
STU_0316;S09;Car only, long distance;car_100;8.0;any;;0;5;1.0;1.0;0.0
STU_0316;S06;Bus only, long, high crowding;bus_100;5.0;any;high;0;4;0.75;0.83;0.13
STU_0316;S03;Bike only, medium, sunny;bike_100;2.5;sunny;;0;5;1.0;1.0;0.0
STU_0316;S02;Walk only, short, rain;walk_100;0.8;rain;;0;4;0.75;0.7;0.0
STU_0317;S11;Walk+Bus, medium, rain, high crowding, age>45;walk_bus;3.0;rain;high;1;4;0.75;0.691;0.009
STU_0317;S10;Bike, medium, sunny, age>45;bike_100;3.0;sunny;;0;5;1.0;1.0;0.0
STU_0317;S01;Walk only, short, sunny;walk_100;0.8;sunny;;0;5;1.0;1.0;0.1
STU_0317;S09;Car only, long distance;car_100;8.0;any;;0;5;1.0;1.0;0.0
STU_0318;S11;Walk+Bus, medium, rain, high crowding, age>45;walk_bus;3.0;rain;high;1;4;0.75;0.691;0.009
STU_0318;S10;Bike, medium, sunny, age>45;bike_100;3.0;sunny;;0;5;1.0;1.0;0.0
STU_0318;S01;Walk only, short, sunny;walk_100;0.8;sunny;;0;5;1.0;1.0;0.0
STU_0318;S09;Car only, long distance;car_100;8.0;any;;0;5;1.0;1.0;0.0
STU_0318;S06;Bus only, long, high crowding;bus_100;5.0;any;high;0;5;1.0;0.83;0.17
STU_0318;S03;Bike only, medium, sunny;bike_100;2.5;sunny;;0;5;1.0;1.0;0.0
STU_0318;S02;Walk only, short, rain;walk_100;0.8;rain;;0;3;0.5;0.7;0.1
STU_0318;S12;Car only, long, age>45;car_100;8.0;any;;0;5;1.0;1.0;0.1
STU_0318;S05;Bus only, long, low crowding;bus_100;5.0;any;low;0;5;1.0;0.96;0.04
STU_0319;S11;Walk+Bus, medium, rain, high crowding, age>45;walk_bus;3.0;rain;high;1;3;0.5;0.691;0.091
STU_0319;S10;Bike, medium, sunny, age>45;bike_100;3.0;sunny;;0;5;1.0;1.0;0.0
STU_0319;S01;Walk only, short, sunny;walk_100;0.8;sunny;;0;5;1.0;1.0;0.0
STU_0319;S09;Car only, long distance;car_100;8.0;any;;0;5;1.0;1.0;0.0
STU_0319;S06;Bus only, long, high crowding;bus_100;5.0;any;high;0;5;1.0;0.83;0.07
STU_0319;S03;Bike only, medium, sunny;bike_100;2.5;sunny;;0;5;1.0;1.0;0.0
STU_0319;S02;Walk only, short, rain;walk_100;0.8;rain;;0;4;0.75;0.7;0.0
STU_0319;S12;Car only, long, age>45;car_100;8.0;any;;0;5;1.0;1.0;0.0
STU_0320;S11;Walk+Bus, medium, rain, high crowding, age>45;walk_bus;3.0;rain;high;1;4;0.75;0.691;0.009
STU_0320;S10;Bike, medium, sunny, age>45;bike_100;3.0;sunny;;0;5;1.0;1.0;0.0
STU_0320;S01;Walk only, short, sunny;walk_100;0.8;sunny;;0;5;1.0;1.0;0.1
STU_0320;S09;Car only, long distance;car_100;8.0;any;;0;5;1.0;1.0;0.0
STU_0320;S06;Bus only, long, high crowding;bus_100;5.0;any;high;0;5;1.0;0.83;0.07
STU_0320;S03;Bike only, medium, sunny;bike_100;2.5;sunny;;0;5;1.0;1.0;0.0
STU_0320;S02;Walk only, short, rain;walk_100;0.8;rain;;0;4;0.75;0.7;0.0
STU_0321;S11;Walk+Bus, medium, rain, high crowding, age>45;walk_bus;3.0;rain;high;1;4;0.75;0.691;0.009
STU_0321;S10;Bike, medium, sunny, age>45;bike_100;3.0;sunny;;0;5;1.0;1.0;0.0
STU_0321;S01;Walk only, short, sunny;walk_100;0.8;sunny;;0;5;1.0;1.0;0.0
STU_0321;S09;Car only, long distance;car_100;8.0;any;;0;5;1.0;1.0;0.1
STU_0321;S06;Bus only, long, high crowding;bus_100;5.0;any;high;0;4;0.75;0.83;0.03
STU_0321;S03;Bike only, medium, sunny;bike_100;2.5;sunny;;0;5;1.0;1.0;0.0
STU_0322;S11;Walk+Bus, medium, rain, high crowding, age>45;walk_bus;3.0;rain;high;1;4;0.75;0.691;0.109
STU_0322;S10;Bike, medium, sunny, age>45;bike_100;3.0;sunny;;0;5;1.0;1.0;0.0
STU_0322;S01;Walk only, short, sunny;walk_100;0.8;sunny;;0;5;1.0;1.0;0.0
STU_0322;S09;Car only, long distance;car_100;8.0;any;;0;5;1.0;1.0;0.1
STU_0323;S11;Walk+Bus, medium, rain, high crowding, age>45;walk_bus;3.0;rain;high;1;4;0.75;0.691;0.009
STU_0323;S10;Bike, medium, sunny, age>45;bike_100;3.0;sunny;;0;5;1.0;1.0;0.0
STU_0323;S01;Walk only, short, sunny;walk_100;0.8;sunny;;0;4;0.75;1.0;0.2
STU_0323;S09;Car only, long distance;car_100;8.0;any;;0;5;1.0;1.0;0.1
STU_0324;S11;Walk+Bus, medium, rain, high crowding, age>45;walk_bus;3.0;rain;high;1;4;0.75;0.691;0.109
STU_0324;S10;Bike, medium, sunny, age>45;bike_100;3.0;sunny;;0;4;0.75;1.0;0.2
STU_0324;S01;Walk only, short, sunny;walk_100;0.8;sunny;;0;5;1.0;1.0;0.0
STU_0324;S09;Car only, long distance;car_100;8.0;any;;0;5;1.0;1.0;0.0
STU_0324;S06;Bus only, long, high crowding;bus_100;5.0;any;high;0;5;1.0;0.83;0.07
STU_0324;S03;Bike only, medium, sunny;bike_100;2.5;sunny;;0;5;1.0;1.0;0.0
STU_0324;S02;Walk only, short, rain;walk_100;0.8;rain;;0;5;1.0;0.7;0.2
STU_0325;S11;Walk+Bus, medium, rain, high crowding, age>45;walk_bus;3.0;rain;high;1;4;0.75;0.691;0.109
STU_0325;S10;Bike, medium, sunny, age>45;bike_100;3.0;sunny;;0;5;1.0;1.0;0.1
STU_0325;S01;Walk only, short, sunny;walk_100;0.8;sunny;;0;5;1.0;1.0;0.1
STU_0325;S09;Car only, long distance;car_100;8.0;any;;0;5;1.0;1.0;0.0
STU_0325;S06;Bus only, long, high crowding;bus_100;5.0;any;high;0;4;0.75;0.83;0.03
STU_0325;S03;Bike only, medium, sunny;bike_100;2.5;sunny;;0;5;1.0;1.0;0.1
STU_0326;S11;Walk+Bus, medium, rain, high crowding, age>45;walk_bus;3.0;rain;high;1;4;0.75;0.646;0.054
STU_0326;S10;Bike, medium, sunny, age>45;bike_100;3.0;sunny;;0;4;0.75;0.65;0.15
STU_0326;S01;Walk only, short, sunny;walk_100;0.8;sunny;;0;5;1.0;0.85;0.05
STU_0326;S09;Car only, long distance;car_100;8.0;any;;0;5;1.0;1.0;0.1
STU_0326;S06;Bus only, long, high crowding;bus_100;5.0;any;high;0;4;0.75;0.83;0.03
STU_0326;S03;Bike only, medium, sunny;bike_100;2.5;sunny;;0;3;0.5;0.65;0.05
STU_0327;S11;Walk+Bus, medium, rain, high crowding, age>45;walk_bus;3.0;rain;high;1;5;1.0;0.691;0.209
STU_0327;S10;Bike, medium, sunny, age>45;bike_100;3.0;sunny;;0;5;1.0;1.0;0.0
STU_0327;S01;Walk only, short, sunny;walk_100;0.8;sunny;;0;5;1.0;1.0;0.0
STU_0327;S09;Car only, long distance;car_100;8.0;any;;0;5;1.0;1.0;0.0
STU_0327;S06;Bus only, long, high crowding;bus_100;5.0;any;high;0;4;0.75;0.83;0.03
STU_0327;S03;Bike only, medium, sunny;bike_100;2.5;sunny;;0;5;1.0;1.0;0.0
STU_0327;S02;Walk only, short, rain;walk_100;0.8;rain;;0;3;0.5;0.7;0.1
STU_0327;S12;Car only, long, age>45;car_100;8.0;any;;0;5;1.0;1.0;0.0
STU_0327;S05;Bus only, long, low crowding;bus_100;5.0;any;low;0;5;1.0;0.96;0.04
STU_0328;S11;Walk+Bus, medium, rain, high crowding, age>45;walk_bus;3.0;rain;high;1;4;0.75;0.691;0.009
STU_0328;S10;Bike, medium, sunny, age>45;bike_100;3.0;sunny;;0;5;1.0;1.0;0.0
STU_0328;S01;Walk only, short, sunny;walk_100;0.8;sunny;;0;5;1.0;1.0;0.0
STU_0328;S09;Car only, long distance;car_100;8.0;any;;0;5;1.0;1.0;0.0
STU_0328;S06;Bus only, long, high crowding;bus_100;5.0;any;high;0;4;0.75;0.83;0.13
STU_0328;S03;Bike only, medium, sunny;bike_100;2.5;sunny;;0;5;1.0;1.0;0.0
STU_0328;S02;Walk only, short, rain;walk_100;0.8;rain;;0;4;0.75;0.7;0.1
STU_0328;S12;Car only, long, age>45;car_100;8.0;any;;0;5;1.0;1.0;0.0
STU_0328;S05;Bus only, long, low crowding;bus_100;5.0;any;low;0;5;1.0;0.96;0.04
STU_0329;S11;Walk+Bus, medium, rain, high crowding, age>45;walk_bus;3.0;rain;high;1;3;0.5;0.691;0.091
STU_0329;S10;Bike, medium, sunny, age>45;bike_100;3.0;sunny;;0;5;1.0;1.0;0.0
STU_0329;S01;Walk only, short, sunny;walk_100;0.8;sunny;;0;4;0.75;1.0;0.2
STU_0329;S09;Car only, long distance;car_100;8.0;any;;0;5;1.0;1.0;0.0
STU_0329;S06;Bus only, long, high crowding;bus_100;5.0;any;high;0;5;1.0;0.83;0.07
STU_0329;S03;Bike only, medium, sunny;bike_100;2.5;sunny;;0;5;1.0;1.0;0.0
STU_0329;S02;Walk only, short, rain;walk_100;0.8;rain;;0;4;0.75;0.7;0.1
STU_0329;S12;Car only, long, age>45;car_100;8.0;any;;0;5;1.0;1.0;0.0
STU_0329;S05;Bus only, long, low crowding;bus_100;5.0;any;low;0;5;1.0;0.96;0.04
STU_0330;S11;Walk+Bus, medium, rain, high crowding, age>45;walk_bus;3.0;rain;high;1;5;1.0;0.691;0.209
STU_0330;S10;Bike, medium, sunny, age>45;bike_100;3.0;sunny;;0;5;1.0;1.0;0.0
STU_0330;S01;Walk only, short, sunny;walk_100;0.8;sunny;;0;5;1.0;1.0;0.0
STU_0330;S09;Car only, long distance;car_100;8.0;any;;0;5;1.0;1.0;0.0
STU_0330;S06;Bus only, long, high crowding;bus_100;5.0;any;high;0;5;1.0;0.83;0.07
STU_0330;S03;Bike only, medium, sunny;bike_100;2.5;sunny;;0;4;0.75;1.0;0.2
STU_0330;S02;Walk only, short, rain;walk_100;0.8;rain;;0;4;0.75;0.7;0.0
STU_0330;S12;Car only, long, age>45;car_100;8.0;any;;0;5;1.0;1.0;0.1
STU_0330;S05;Bus only, long, low crowding;bus_100;5.0;any;low;0;4;0.75;0.96;0.16
STU_0331;S11;Walk+Bus, medium, rain, high crowding, age>45;walk_bus;3.0;rain;high;1;4;0.75;0.691;0.009
STU_0331;S10;Bike, medium, sunny, age>45;bike_100;3.0;sunny;;0;4;0.75;0.85;0.05
STU_0331;S01;Walk only, short, sunny;walk_100;0.8;sunny;;0;5;1.0;1.0;0.0
STU_0331;S09;Car only, long distance;car_100;8.0;any;;0;5;1.0;1.0;0.1
STU_0331;S06;Bus only, long, high crowding;bus_100;5.0;any;high;0;5;1.0;0.83;0.17
STU_0331;S03;Bike only, medium, sunny;bike_100;2.5;sunny;;0;5;1.0;0.85;0.15
STU_0331;S02;Walk only, short, rain;walk_100;0.8;rain;;0;4;0.75;0.7;0.1
STU_0331;S12;Car only, long, age>45;car_100;8.0;any;;0;4;0.75;1.0;0.2
STU_0331;S05;Bus only, long, low crowding;bus_100;5.0;any;low;0;5;1.0;0.96;0.06
STU_0332;S11;Walk+Bus, medium, rain, high crowding, age>45;walk_bus;3.0;rain;high;1;4;0.75;0.691;0.109
STU_0332;S10;Bike, medium, sunny, age>45;bike_100;3.0;sunny;;0;5;1.0;1.0;0.0
STU_0332;S01;Walk only, short, sunny;walk_100;0.8;sunny;;0;4;0.75;1.0;0.2
STU_0332;S09;Car only, long distance;car_100;8.0;any;;0;5;1.0;1.0;0.1
STU_0332;S06;Bus only, long, high crowding;bus_100;5.0;any;high;0;4;0.75;0.83;0.03
STU_0332;S03;Bike only, medium, sunny;bike_100;2.5;sunny;;0;5;1.0;1.0;0.1
STU_0332;S02;Walk only, short, rain;walk_100;0.8;rain;;0;4;0.75;0.7;0.0
STU_0332;S12;Car only, long, age>45;car_100;8.0;any;;0;5;1.0;1.0;0.0
STU_0332;S05;Bus only, long, low crowding;bus_100;5.0;any;low;0;5;1.0;0.96;0.06
STU_0333;S11;Walk+Bus, medium, rain, high crowding, age>45;walk_bus;3.0;rain;high;1;3;0.5;0.691;0.091
STU_0333;S10;Bike, medium, sunny, age>45;bike_100;3.0;sunny;;0;5;1.0;1.0;0.0
STU_0333;S01;Walk only, short, sunny;walk_100;0.8;sunny;;0;5;1.0;1.0;0.1
STU_0333;S09;Car only, long distance;car_100;8.0;any;;0;5;1.0;1.0;0.0
STU_0333;S06;Bus only, long, high crowding;bus_100;5.0;any;high;0;5;1.0;0.83;0.17
STU_0333;S03;Bike only, medium, sunny;bike_100;2.5;sunny;;0;5;1.0;1.0;0.0
STU_0333;S02;Walk only, short, rain;walk_100;0.8;rain;;0;4;0.75;0.7;0.1
STU_0333;S12;Car only, long, age>45;car_100;8.0;any;;0;5;1.0;1.0;0.1
STU_0334;S11;Walk+Bus, medium, rain, high crowding, age>45;walk_bus;3.0;rain;high;1;4;0.75;0.646;0.054
STU_0334;S10;Bike, medium, sunny, age>45;bike_100;3.0;sunny;;0;5;1.0;0.8;0.1
STU_0334;S01;Walk only, short, sunny;walk_100;0.8;sunny;;0;5;1.0;0.85;0.05
STU_0334;S09;Car only, long distance;car_100;8.0;any;;0;4;0.75;1.0;0.2
STU_0334;S06;Bus only, long, high crowding;bus_100;5.0;any;high;0;5;1.0;0.83;0.07
STU_0334;S03;Bike only, medium, sunny;bike_100;2.5;sunny;;0;5;1.0;0.8;0.2
STU_0335;S11;Walk+Bus, medium, rain, high crowding, age>45;walk_bus;3.0;rain;high;1;3;0.5;0.691;0.191
STU_0335;S10;Bike, medium, sunny, age>45;bike_100;3.0;sunny;;0;4;0.75;1.0;0.2
STU_0335;S01;Walk only, short, sunny;walk_100;0.8;sunny;;0;5;1.0;1.0;0.1
STU_0335;S09;Car only, long distance;car_100;8.0;any;;0;5;1.0;1.0;0.0
STU_0335;S06;Bus only, long, high crowding;bus_100;5.0;any;high;0;5;1.0;0.83;0.17
STU_0335;S03;Bike only, medium, sunny;bike_100;2.5;sunny;;0;5;1.0;1.0;0.0
STU_0335;S02;Walk only, short, rain;walk_100;0.8;rain;;0;3;0.5;0.7;0.1
STU_0335;S12;Car only, long, age>45;car_100;8.0;any;;0;5;1.0;1.0;0.0
STU_0335;S05;Bus only, long, low crowding;bus_100;5.0;any;low;0;5;1.0;0.96;0.04
STU_0336;S11;Walk+Bus, medium, rain, high crowding, age>45;walk_bus;3.0;rain;high;1;3;0.5;0.691;0.091
STU_0336;S10;Bike, medium, sunny, age>45;bike_100;3.0;sunny;;0;5;1.0;1.0;0.1
STU_0336;S01;Walk only, short, sunny;walk_100;0.8;sunny;;0;5;1.0;1.0;0.0
STU_0336;S09;Car only, long distance;car_100;8.0;any;;0;5;1.0;1.0;0.0
STU_0336;S06;Bus only, long, high crowding;bus_100;5.0;any;high;0;4;0.75;0.83;0.03
STU_0336;S03;Bike only, medium, sunny;bike_100;2.5;sunny;;0;5;1.0;1.0;0.0
STU_0337;S11;Walk+Bus, medium, rain, high crowding, age>45;walk_bus;3.0;rain;high;1;4;0.75;0.691;0.009
STU_0337;S10;Bike, medium, sunny, age>45;bike_100;3.0;sunny;;0;5;1.0;1.0;0.0
STU_0337;S01;Walk only, short, sunny;walk_100;0.8;sunny;;0;5;1.0;1.0;0.0
STU_0337;S09;Car only, long distance;car_100;8.0;any;;0;5;1.0;1.0;0.0
STU_0337;S06;Bus only, long, high crowding;bus_100;5.0;any;high;0;5;1.0;0.83;0.07
STU_0337;S03;Bike only, medium, sunny;bike_100;2.5;sunny;;0;5;1.0;1.0;0.1
STU_0338;S11;Walk+Bus, medium, rain, high crowding, age>45;walk_bus;3.0;rain;high;1;3;0.5;0.646;0.046
STU_0338;S10;Bike, medium, sunny, age>45;bike_100;3.0;sunny;;0;4;0.75;0.8;0.0
STU_0338;S01;Walk only, short, sunny;walk_100;0.8;sunny;;0;5;1.0;0.85;0.15
STU_0338;S09;Car only, long distance;car_100;8.0;any;;0;5;1.0;1.0;0.0
STU_0338;S06;Bus only, long, high crowding;bus_100;5.0;any;high;0;5;1.0;0.83;0.07
STU_0339;S11;Walk+Bus, medium, rain, high crowding, age>45;walk_bus;3.0;rain;high;1;4;0.75;0.691;0.009
STU_0339;S10;Bike, medium, sunny, age>45;bike_100;3.0;sunny;;0;5;1.0;1.0;0.0
STU_0339;S01;Walk only, short, sunny;walk_100;0.8;sunny;;0;5;1.0;1.0;0.0
STU_0339;S09;Car only, long distance;car_100;8.0;any;;0;5;1.0;1.0;0.0
STU_0339;S06;Bus only, long, high crowding;bus_100;5.0;any;high;0;4;0.75;0.83;0.13
STU_0339;S03;Bike only, medium, sunny;bike_100;2.5;sunny;;0;5;1.0;1.0;0.1
STU_0339;S02;Walk only, short, rain;walk_100;0.8;rain;;0;4;0.75;0.7;0.1
STU_0339;S12;Car only, long, age>45;car_100;8.0;any;;0;5;1.0;1.0;0.1
STU_0340;S11;Walk+Bus, medium, rain, high crowding, age>45;walk_bus;3.0;rain;high;1;4;0.75;0.691;0.009
STU_0340;S10;Bike, medium, sunny, age>45;bike_100;3.0;sunny;;0;5;1.0;1.0;0.1
STU_0340;S01;Walk only, short, sunny;walk_100;0.8;sunny;;0;5;1.0;1.0;0.0
STU_0340;S09;Car only, long distance;car_100;8.0;any;;0;5;1.0;1.0;0.0
STU_0340;S06;Bus only, long, high crowding;bus_100;5.0;any;high;0;5;1.0;0.83;0.07
STU_0340;S03;Bike only, medium, sunny;bike_100;2.5;sunny;;0;4;0.75;1.0;0.2
STU_0340;S02;Walk only, short, rain;walk_100;0.8;rain;;0;4;0.75;0.7;0.0
STU_0340;S12;Car only, long, age>45;car_100;8.0;any;;0;5;1.0;1.0;0.0
STU_0340;S05;Bus only, long, low crowding;bus_100;5.0;any;low;0;5;1.0;0.96;0.04
STU_0341;S11;Walk+Bus, medium, rain, high crowding, age>45;walk_bus;3.0;rain;high;1;3;0.5;0.691;0.091
STU_0341;S10;Bike, medium, sunny, age>45;bike_100;3.0;sunny;;0;5;1.0;1.0;0.0
STU_0341;S01;Walk only, short, sunny;walk_100;0.8;sunny;;0;5;1.0;1.0;0.0
STU_0341;S09;Car only, long distance;car_100;8.0;any;;0;5;1.0;1.0;0.1
STU_0342;S11;Walk+Bus, medium, rain, high crowding, age>45;walk_bus;3.0;rain;high;1;4;0.75;0.691;0.009
STU_0342;S10;Bike, medium, sunny, age>45;bike_100;3.0;sunny;;0;5;1.0;1.0;0.1
STU_0342;S01;Walk only, short, sunny;walk_100;0.8;sunny;;0;5;1.0;1.0;0.0
STU_0342;S09;Car only, long distance;car_100;8.0;any;;0;5;1.0;1.0;0.0
STU_0342;S06;Bus only, long, high crowding;bus_100;5.0;any;high;0;5;1.0;0.83;0.07
STU_0342;S03;Bike only, medium, sunny;bike_100;2.5;sunny;;0;5;1.0;1.0;0.1
STU_0342;S02;Walk only, short, rain;walk_100;0.8;rain;;0;4;0.75;0.7;0.1
STU_0343;S11;Walk+Bus, medium, rain, high crowding, age>45;walk_bus;3.0;rain;high;1;5;1.0;0.691;0.209
STU_0343;S10;Bike, medium, sunny, age>45;bike_100;3.0;sunny;;0;5;1.0;1.0;0.1
STU_0343;S01;Walk only, short, sunny;walk_100;0.8;sunny;;0;5;1.0;1.0;0.0
STU_0343;S09;Car only, long distance;car_100;8.0;any;;0;5;1.0;1.0;0.0
STU_0344;S11;Walk+Bus, medium, rain, high crowding, age>45;walk_bus;3.0;rain;high;1;5;1.0;0.691;0.209
STU_0344;S10;Bike, medium, sunny, age>45;bike_100;3.0;sunny;;0;5;1.0;1.0;0.1
STU_0344;S01;Walk only, short, sunny;walk_100;0.8;sunny;;0;5;1.0;1.0;0.0
STU_0344;S09;Car only, long distance;car_100;8.0;any;;0;5;1.0;1.0;0.0
STU_0344;S06;Bus only, long, high crowding;bus_100;5.0;any;high;0;5;1.0;0.83;0.07
STU_0344;S03;Bike only, medium, sunny;bike_100;2.5;sunny;;0;5;1.0;1.0;0.0
STU_0344;S02;Walk only, short, rain;walk_100;0.8;rain;;0;4;0.75;0.7;0.1
STU_0344;S12;Car only, long, age>45;car_100;8.0;any;;0;5;1.0;1.0;0.0
STU_0345;S11;Walk+Bus, medium, rain, high crowding, age>45;walk_bus;3.0;rain;high;1;4;0.75;0.691;0.009
STU_0345;S10;Bike, medium, sunny, age>45;bike_100;3.0;sunny;;0;5;1.0;1.0;0.1
STU_0345;S01;Walk only, short, sunny;walk_100;0.8;sunny;;0;5;1.0;1.0;0.0
STU_0345;S09;Car only, long distance;car_100;8.0;any;;0;5;1.0;1.0;0.0
STU_0345;S06;Bus only, long, high crowding;bus_100;5.0;any;high;0;4;0.75;0.83;0.03
STU_0345;S03;Bike only, medium, sunny;bike_100;2.5;sunny;;0;5;1.0;1.0;0.0
STU_0345;S02;Walk only, short, rain;walk_100;0.8;rain;;0;3;0.5;0.7;0.1
STU_0346;S11;Walk+Bus, medium, rain, high crowding, age>45;walk_bus;3.0;rain;high;1;3;0.5;0.691;0.091
STU_0346;S10;Bike, medium, sunny, age>45;bike_100;3.0;sunny;;0;5;1.0;1.0;0.0
STU_0346;S01;Walk only, short, sunny;walk_100;0.8;sunny;;0;5;1.0;1.0;0.0
STU_0346;S09;Car only, long distance;car_100;8.0;any;;0;5;1.0;1.0;0.0
STU_0346;S06;Bus only, long, high crowding;bus_100;5.0;any;high;0;5;1.0;0.83;0.07
STU_0346;S03;Bike only, medium, sunny;bike_100;2.5;sunny;;0;5;1.0;1.0;0.0
STU_0346;S02;Walk only, short, rain;walk_100;0.8;rain;;0;4;0.75;0.7;0.1
STU_0346;S12;Car only, long, age>45;car_100;8.0;any;;0;5;1.0;1.0;0.0
STU_0347;S11;Walk+Bus, medium, rain, high crowding, age>45;walk_bus;3.0;rain;high;1;4;0.75;0.691;0.009
STU_0347;S10;Bike, medium, sunny, age>45;bike_100;3.0;sunny;;0;5;1.0;1.0;0.0
STU_0347;S01;Walk only, short, sunny;walk_100;0.8;sunny;;0;5;1.0;1.0;0.0
STU_0347;S09;Car only, long distance;car_100;8.0;any;;0;5;1.0;1.0;0.0
STU_0347;S06;Bus only, long, high crowding;bus_100;5.0;any;high;0;3;0.5;0.83;0.23
STU_0347;S03;Bike only, medium, sunny;bike_100;2.5;sunny;;0;5;1.0;1.0;0.0
STU_0348;S11;Walk+Bus, medium, rain, high crowding, age>45;walk_bus;3.0;rain;high;1;4;0.75;0.691;0.109
STU_0348;S10;Bike, medium, sunny, age>45;bike_100;3.0;sunny;;0;5;1.0;1.0;0.0
STU_0348;S01;Walk only, short, sunny;walk_100;0.8;sunny;;0;5;1.0;1.0;0.0
STU_0348;S09;Car only, long distance;car_100;8.0;any;;0;5;1.0;1.0;0.0
STU_0348;S06;Bus only, long, high crowding;bus_100;5.0;any;high;0;5;1.0;0.83;0.07
STU_0348;S03;Bike only, medium, sunny;bike_100;2.5;sunny;;0;5;1.0;1.0;0.0
STU_0348;S02;Walk only, short, rain;walk_100;0.8;rain;;0;4;0.75;0.7;0.0
STU_0349;S11;Walk+Bus, medium, rain, high crowding, age>45;walk_bus;3.0;rain;high;1;4;0.75;0.691;0.109
STU_0349;S10;Bike, medium, sunny, age>45;bike_100;3.0;sunny;;0;5;1.0;1.0;0.0
STU_0349;S01;Walk only, short, sunny;walk_100;0.8;sunny;;0;5;1.0;1.0;0.0
STU_0349;S09;Car only, long distance;car_100;8.0;any;;0;5;1.0;1.0;0.0
STU_0349;S06;Bus only, long, high crowding;bus_100;5.0;any;high;0;5;1.0;0.83;0.07
STU_0349;S03;Bike only, medium, sunny;bike_100;2.5;sunny;;0;5;1.0;1.0;0.0
STU_0350;S11;Walk+Bus, medium, rain, high crowding, age>45;walk_bus;3.0;rain;high;1;4;0.75;0.691;0.109
STU_0350;S10;Bike, medium, sunny, age>45;bike_100;3.0;sunny;;0;5;1.0;1.0;0.0
STU_0350;S01;Walk only, short, sunny;walk_100;0.8;sunny;;0;5;1.0;1.0;0.0
STU_0350;S09;Car only, long distance;car_100;8.0;any;;0;5;1.0;1.0;0.0
STU_0351;S11;Walk+Bus, medium, rain, high crowding, age>45;walk_bus;3.0;rain;high;1;4;0.75;0.691;0.009
STU_0351;S10;Bike, medium, sunny, age>45;bike_100;3.0;sunny;;0;5;1.0;1.0;0.0
STU_0351;S01;Walk only, short, sunny;walk_100;0.8;sunny;;0;5;1.0;1.0;0.0
STU_0351;S09;Car only, long distance;car_100;8.0;any;;0;5;1.0;1.0;0.0
STU_0352;S11;Walk+Bus, medium, rain, high crowding, age>45;walk_bus;3.0;rain;high;1;4;0.75;0.691;0.109
STU_0352;S10;Bike, medium, sunny, age>45;bike_100;3.0;sunny;;0;5;1.0;1.0;0.0
STU_0352;S01;Walk only, short, sunny;walk_100;0.8;sunny;;0;5;1.0;1.0;0.0
STU_0352;S09;Car only, long distance;car_100;8.0;any;;0;5;1.0;1.0;0.0
STU_0352;S06;Bus only, long, high crowding;bus_100;5.0;any;high;0;5;1.0;0.83;0.07
STU_0352;S03;Bike only, medium, sunny;bike_100;2.5;sunny;;0;5;1.0;1.0;0.0
STU_0352;S02;Walk only, short, rain;walk_100;0.8;rain;;0;4;0.75;0.7;0.1
STU_0353;S11;Walk+Bus, medium, rain, high crowding, age>45;walk_bus;3.0;rain;high;1;4;0.75;0.691;0.009
STU_0353;S10;Bike, medium, sunny, age>45;bike_100;3.0;sunny;;0;5;1.0;1.0;0.0
STU_0353;S01;Walk only, short, sunny;walk_100;0.8;sunny;;0;5;1.0;1.0;0.0
STU_0353;S09;Car only, long distance;car_100;8.0;any;;0;5;1.0;1.0;0.0
STU_0353;S06;Bus only, long, high crowding;bus_100;5.0;any;high;0;5;1.0;0.83;0.17
STU_0353;S03;Bike only, medium, sunny;bike_100;2.5;sunny;;0;5;1.0;1.0;0.0
STU_0353;S02;Walk only, short, rain;walk_100;0.8;rain;;0;4;0.75;0.7;0.0
STU_0354;S11;Walk+Bus, medium, rain, high crowding, age>45;walk_bus;3.0;rain;high;1;4;0.75;0.691;0.109
STU_0354;S10;Bike, medium, sunny, age>45;bike_100;3.0;sunny;;0;5;1.0;1.0;0.0
STU_0354;S01;Walk only, short, sunny;walk_100;0.8;sunny;;0;5;1.0;1.0;0.0
STU_0354;S09;Car only, long distance;car_100;8.0;any;;0;5;1.0;1.0;0.0
STU_0354;S06;Bus only, long, high crowding;bus_100;5.0;any;high;0;5;1.0;0.83;0.17
STU_0354;S03;Bike only, medium, sunny;bike_100;2.5;sunny;;0;5;1.0;1.0;0.0
STU_0354;S02;Walk only, short, rain;walk_100;0.8;rain;;0;4;0.75;0.7;0.0
STU_0354;S12;Car only, long, age>45;car_100;8.0;any;;0;4;0.75;1.0;0.2
STU_0354;S05;Bus only, long, low crowding;bus_100;5.0;any;low;0;5;1.0;0.96;0.06
STU_0355;S11;Walk+Bus, medium, rain, high crowding, age>45;walk_bus;3.0;rain;high;1;5;1.0;0.691;0.209
STU_0355;S10;Bike, medium, sunny, age>45;bike_100;3.0;sunny;;0;4;0.75;0.85;0.05
STU_0355;S01;Walk only, short, sunny;walk_100;0.8;sunny;;0;5;1.0;1.0;0.0
STU_0355;S09;Car only, long distance;car_100;8.0;any;;0;5;1.0;1.0;0.0
STU_0355;S06;Bus only, long, high crowding;bus_100;5.0;any;high;0;3;0.5;0.83;0.23
STU_0355;S03;Bike only, medium, sunny;bike_100;2.5;sunny;;0;5;1.0;0.85;0.15
STU_0355;S02;Walk only, short, rain;walk_100;0.8;rain;;0;4;0.75;0.7;0.0
STU_0355;S12;Car only, long, age>45;car_100;8.0;any;;0;5;1.0;1.0;0.0
STU_0356;S11;Walk+Bus, medium, rain, high crowding, age>45;walk_bus;3.0;rain;high;1;4;0.75;0.646;0.054
STU_0356;S10;Bike, medium, sunny, age>45;bike_100;3.0;sunny;;0;4;0.75;0.65;0.05
STU_0356;S01;Walk only, short, sunny;walk_100;0.8;sunny;;0;5;1.0;0.85;0.05
STU_0356;S09;Car only, long distance;car_100;8.0;any;;0;5;1.0;1.0;0.1
STU_0356;S06;Bus only, long, high crowding;bus_100;5.0;any;high;0;5;1.0;0.83;0.07
STU_0356;S03;Bike only, medium, sunny;bike_100;2.5;sunny;;0;3;0.5;0.65;0.05
STU_0356;S02;Walk only, short, rain;walk_100;0.8;rain;;0;3;0.5;0.55;0.05
STU_0356;S12;Car only, long, age>45;car_100;8.0;any;;0;5;1.0;1.0;0.1
STU_0356;S05;Bus only, long, low crowding;bus_100;5.0;any;low;0;5;1.0;0.96;0.04
STU_0357;S11;Walk+Bus, medium, rain, high crowding, age>45;walk_bus;3.0;rain;high;1;4;0.75;0.691;0.009
STU_0357;S10;Bike, medium, sunny, age>45;bike_100;3.0;sunny;;0;5;1.0;1.0;0.0
STU_0357;S01;Walk only, short, sunny;walk_100;0.8;sunny;;0;5;1.0;1.0;0.0
STU_0357;S09;Car only, long distance;car_100;8.0;any;;0;5;1.0;1.0;0.0
STU_0357;S06;Bus only, long, high crowding;bus_100;5.0;any;high;0;5;1.0;0.83;0.07
STU_0357;S03;Bike only, medium, sunny;bike_100;2.5;sunny;;0;5;1.0;1.0;0.1
STU_0357;S02;Walk only, short, rain;walk_100;0.8;rain;;0;4;0.75;0.7;0.0
STU_0357;S12;Car only, long, age>45;car_100;8.0;any;;0;5;1.0;1.0;0.0
STU_0358;S11;Walk+Bus, medium, rain, high crowding, age>45;walk_bus;3.0;rain;high;1;5;1.0;0.691;0.209
STU_0358;S10;Bike, medium, sunny, age>45;bike_100;3.0;sunny;;0;5;1.0;1.0;0.0
STU_0358;S01;Walk only, short, sunny;walk_100;0.8;sunny;;0;5;1.0;1.0;0.1
STU_0358;S09;Car only, long distance;car_100;8.0;any;;0;5;1.0;1.0;0.0
STU_0358;S06;Bus only, long, high crowding;bus_100;5.0;any;high;0;4;0.75;0.83;0.13
STU_0358;S03;Bike only, medium, sunny;bike_100;2.5;sunny;;0;5;1.0;1.0;0.0
STU_0358;S02;Walk only, short, rain;walk_100;0.8;rain;;0;4;0.75;0.7;0.0
STU_0358;S12;Car only, long, age>45;car_100;8.0;any;;0;5;1.0;1.0;0.0
STU_0358;S05;Bus only, long, low crowding;bus_100;5.0;any;low;0;5;1.0;0.96;0.04
STU_0359;S11;Walk+Bus, medium, rain, high crowding, age>45;walk_bus;3.0;rain;high;1;4;0.75;0.691;0.009
STU_0359;S10;Bike, medium, sunny, age>45;bike_100;3.0;sunny;;0;5;1.0;1.0;0.1
STU_0359;S01;Walk only, short, sunny;walk_100;0.8;sunny;;0;5;1.0;1.0;0.0
STU_0359;S09;Car only, long distance;car_100;8.0;any;;0;5;1.0;1.0;0.1
STU_0359;S06;Bus only, long, high crowding;bus_100;5.0;any;high;0;5;1.0;0.83;0.07
STU_0359;S03;Bike only, medium, sunny;bike_100;2.5;sunny;;0;5;1.0;1.0;0.0
STU_0360;S11;Walk+Bus, medium, rain, high crowding, age>45;walk_bus;3.0;rain;high;1;4;0.75;0.691;0.009
STU_0360;S10;Bike, medium, sunny, age>45;bike_100;3.0;sunny;;0;5;1.0;1.0;0.0
STU_0360;S01;Walk only, short, sunny;walk_100;0.8;sunny;;0;5;1.0;1.0;0.1
STU_0360;S09;Car only, long distance;car_100;8.0;any;;0;5;1.0;1.0;0.0
STU_0360;S06;Bus only, long, high crowding;bus_100;5.0;any;high;0;5;1.0;0.83;0.07
STU_0360;S03;Bike only, medium, sunny;bike_100;2.5;sunny;;0;5;1.0;1.0;0.0
STU_0360;S02;Walk only, short, rain;walk_100;0.8;rain;;0;4;0.75;0.7;0.0
STU_0361;S11;Walk+Bus, medium, rain, high crowding, age>45;walk_bus;3.0;rain;high;1;3;0.5;0.691;0.191
STU_0361;S10;Bike, medium, sunny, age>45;bike_100;3.0;sunny;;0;5;1.0;1.0;0.0
STU_0361;S01;Walk only, short, sunny;walk_100;0.8;sunny;;0;4;0.75;1.0;0.2
STU_0361;S09;Car only, long distance;car_100;8.0;any;;0;5;1.0;1.0;0.1
STU_0362;S11;Walk+Bus, medium, rain, high crowding, age>45;walk_bus;3.0;rain;high;1;4;0.75;0.691;0.009
STU_0362;S10;Bike, medium, sunny, age>45;bike_100;3.0;sunny;;0;5;1.0;1.0;0.1
STU_0362;S01;Walk only, short, sunny;walk_100;0.8;sunny;;0;5;1.0;1.0;0.0
STU_0362;S09;Car only, long distance;car_100;8.0;any;;0;4;0.75;1.0;0.2
STU_0362;S06;Bus only, long, high crowding;bus_100;5.0;any;high;0;4;0.75;0.83;0.03
STU_0362;S03;Bike only, medium, sunny;bike_100;2.5;sunny;;0;5;1.0;1.0;0.0
STU_0362;S02;Walk only, short, rain;walk_100;0.8;rain;;0;4;0.75;0.7;0.1
STU_0362;S12;Car only, long, age>45;car_100;8.0;any;;0;5;1.0;1.0;0.1
STU_0363;S11;Walk+Bus, medium, rain, high crowding, age>45;walk_bus;3.0;rain;high;1;4;0.75;0.691;0.109
STU_0363;S10;Bike, medium, sunny, age>45;bike_100;3.0;sunny;;0;5;1.0;1.0;0.1
STU_0363;S01;Walk only, short, sunny;walk_100;0.8;sunny;;0;4;0.75;1.0;0.2
STU_0363;S09;Car only, long distance;car_100;8.0;any;;0;5;1.0;1.0;0.0
STU_0363;S06;Bus only, long, high crowding;bus_100;5.0;any;high;0;4;0.75;0.83;0.03
STU_0363;S03;Bike only, medium, sunny;bike_100;2.5;sunny;;0;5;1.0;1.0;0.1
STU_0363;S02;Walk only, short, rain;walk_100;0.8;rain;;0;4;0.75;0.7;0.0
STU_0363;S12;Car only, long, age>45;car_100;8.0;any;;0;5;1.0;1.0;0.0
STU_0364;S11;Walk+Bus, medium, rain, high crowding, age>45;walk_bus;3.0;rain;high;1;4;0.75;0.691;0.009
STU_0364;S10;Bike, medium, sunny, age>45;bike_100;3.0;sunny;;0;5;1.0;1.0;0.0
STU_0364;S01;Walk only, short, sunny;walk_100;0.8;sunny;;0;5;1.0;1.0;0.0
STU_0364;S09;Car only, long distance;car_100;8.0;any;;0;5;1.0;1.0;0.0
STU_0365;S11;Walk+Bus, medium, rain, high crowding, age>45;walk_bus;3.0;rain;high;1;4;0.75;0.691;0.009
STU_0365;S10;Bike, medium, sunny, age>45;bike_100;3.0;sunny;;0;5;1.0;1.0;0.0
STU_0365;S01;Walk only, short, sunny;walk_100;0.8;sunny;;0;5;1.0;1.0;0.0
STU_0365;S09;Car only, long distance;car_100;8.0;any;;0;5;1.0;1.0;0.0
STU_0365;S06;Bus only, long, high crowding;bus_100;5.0;any;high;0;5;1.0;0.83;0.07
STU_0365;S03;Bike only, medium, sunny;bike_100;2.5;sunny;;0;5;1.0;1.0;0.0
STU_0365;S02;Walk only, short, rain;walk_100;0.8;rain;;0;4;0.75;0.7;0.1
STU_0365;S12;Car only, long, age>45;car_100;8.0;any;;0;4;0.75;1.0;0.2
STU_0365;S05;Bus only, long, low crowding;bus_100;5.0;any;low;0;5;1.0;0.96;0.04
STU_0366;S11;Walk+Bus, medium, rain, high crowding, age>45;walk_bus;3.0;rain;high;1;3;0.5;0.691;0.091
STU_0366;S10;Bike, medium, sunny, age>45;bike_100;3.0;sunny;;0;5;1.0;1.0;0.0
STU_0366;S01;Walk only, short, sunny;walk_100;0.8;sunny;;0;5;1.0;1.0;0.0
STU_0366;S09;Car only, long distance;car_100;8.0;any;;0;5;1.0;1.0;0.0
STU_0366;S06;Bus only, long, high crowding;bus_100;5.0;any;high;0;4;0.75;0.83;0.03
STU_0366;S03;Bike only, medium, sunny;bike_100;2.5;sunny;;0;5;1.0;1.0;0.1
STU_0366;S02;Walk only, short, rain;walk_100;0.8;rain;;0;4;0.75;0.7;0.1
STU_0366;S12;Car only, long, age>45;car_100;8.0;any;;0;5;1.0;1.0;0.0
STU_0367;S11;Walk+Bus, medium, rain, high crowding, age>45;walk_bus;3.0;rain;high;1;4;0.75;0.691;0.009
STU_0367;S10;Bike, medium, sunny, age>45;bike_100;3.0;sunny;;0;5;1.0;1.0;0.1
STU_0367;S01;Walk only, short, sunny;walk_100;0.8;sunny;;0;5;1.0;1.0;0.0
STU_0367;S09;Car only, long distance;car_100;8.0;any;;0;5;1.0;1.0;0.0
STU_0367;S06;Bus only, long, high crowding;bus_100;5.0;any;high;0;4;0.75;0.83;0.03
STU_0367;S03;Bike only, medium, sunny;bike_100;2.5;sunny;;0;5;1.0;1.0;0.0
STU_0368;S11;Walk+Bus, medium, rain, high crowding, age>45;walk_bus;3.0;rain;high;1;5;1.0;0.691;0.309
STU_0368;S10;Bike, medium, sunny, age>45;bike_100;3.0;sunny;;0;5;1.0;1.0;0.0
STU_0368;S01;Walk only, short, sunny;walk_100;0.8;sunny;;0;5;1.0;1.0;0.1
STU_0368;S09;Car only, long distance;car_100;8.0;any;;0;5;1.0;1.0;0.0
STU_0368;S06;Bus only, long, high crowding;bus_100;5.0;any;high;0;5;1.0;0.83;0.17
STU_0368;S03;Bike only, medium, sunny;bike_100;2.5;sunny;;0;5;1.0;1.0;0.0
STU_0368;S02;Walk only, short, rain;walk_100;0.8;rain;;0;4;0.75;0.7;0.0
STU_0369;S11;Walk+Bus, medium, rain, high crowding, age>45;walk_bus;3.0;rain;high;1;4;0.75;0.691;0.009
STU_0369;S10;Bike, medium, sunny, age>45;bike_100;3.0;sunny;;0;5;1.0;1.0;0.1
STU_0369;S01;Walk only, short, sunny;walk_100;0.8;sunny;;0;5;1.0;1.0;0.0
STU_0369;S09;Car only, long distance;car_100;8.0;any;;0;5;1.0;1.0;0.0
STU_0370;S11;Walk+Bus, medium, rain, high crowding, age>45;walk_bus;3.0;rain;high;1;3;0.5;0.691;0.091
STU_0370;S10;Bike, medium, sunny, age>45;bike_100;3.0;sunny;;0;5;1.0;1.0;0.0
STU_0370;S01;Walk only, short, sunny;walk_100;0.8;sunny;;0;5;1.0;1.0;0.1
STU_0370;S09;Car only, long distance;car_100;8.0;any;;0;5;1.0;1.0;0.0
STU_0370;S06;Bus only, long, high crowding;bus_100;5.0;any;high;0;5;1.0;0.83;0.07
STU_0370;S03;Bike only, medium, sunny;bike_100;2.5;sunny;;0;5;1.0;1.0;0.0
STU_0370;S02;Walk only, short, rain;walk_100;0.8;rain;;0;4;0.75;0.7;0.0
STU_0371;S11;Walk+Bus, medium, rain, high crowding, age>45;walk_bus;3.0;rain;high;1;5;1.0;0.691;0.209
STU_0371;S10;Bike, medium, sunny, age>45;bike_100;3.0;sunny;;0;5;1.0;1.0;0.1
STU_0371;S01;Walk only, short, sunny;walk_100;0.8;sunny;;0;5;1.0;1.0;0.0
STU_0371;S09;Car only, long distance;car_100;8.0;any;;0;5;1.0;1.0;0.1
STU_0371;S06;Bus only, long, high crowding;bus_100;5.0;any;high;0;5;1.0;0.83;0.17
STU_0371;S03;Bike only, medium, sunny;bike_100;2.5;sunny;;0;4;0.75;1.0;0.2
STU_0371;S02;Walk only, short, rain;walk_100;0.8;rain;;0;3;0.5;0.7;0.1
STU_0371;S12;Car only, long, age>45;car_100;8.0;any;;0;5;1.0;1.0;0.0
STU_0372;S11;Walk+Bus, medium, rain, high crowding, age>45;walk_bus;3.0;rain;high;1;4;0.75;0.691;0.009
STU_0372;S10;Bike, medium, sunny, age>45;bike_100;3.0;sunny;;0;5;1.0;1.0;0.0
STU_0372;S01;Walk only, short, sunny;walk_100;0.8;sunny;;0;5;1.0;1.0;0.0
STU_0372;S09;Car only, long distance;car_100;8.0;any;;0;5;1.0;1.0;0.0
STU_0372;S06;Bus only, long, high crowding;bus_100;5.0;any;high;0;4;0.75;0.83;0.03
STU_0372;S03;Bike only, medium, sunny;bike_100;2.5;sunny;;0;5;1.0;1.0;0.0
STU_0372;S02;Walk only, short, rain;walk_100;0.8;rain;;0;4;0.75;0.7;0.1
STU_0372;S12;Car only, long, age>45;car_100;8.0;any;;0;5;1.0;1.0;0.0
STU_0373;S11;Walk+Bus, medium, rain, high crowding, age>45;walk_bus;3.0;rain;high;1;4;0.75;0.691;0.009
STU_0373;S10;Bike, medium, sunny, age>45;bike_100;3.0;sunny;;0;5;1.0;1.0;0.0
STU_0373;S01;Walk only, short, sunny;walk_100;0.8;sunny;;0;5;1.0;1.0;0.1
STU_0373;S09;Car only, long distance;car_100;8.0;any;;0;5;1.0;1.0;0.0
STU_0374;S11;Walk+Bus, medium, rain, high crowding, age>45;walk_bus;3.0;rain;high;1;4;0.75;0.691;0.109
STU_0374;S10;Bike, medium, sunny, age>45;bike_100;3.0;sunny;;0;4;0.75;1.0;0.2
STU_0374;S01;Walk only, short, sunny;walk_100;0.8;sunny;;0;5;1.0;1.0;0.0
STU_0374;S09;Car only, long distance;car_100;8.0;any;;0;5;1.0;1.0;0.0
STU_0374;S06;Bus only, long, high crowding;bus_100;5.0;any;high;0;5;1.0;0.83;0.07
STU_0374;S03;Bike only, medium, sunny;bike_100;2.5;sunny;;0;5;1.0;1.0;0.1
STU_0375;S11;Walk+Bus, medium, rain, high crowding, age>45;walk_bus;3.0;rain;high;1;4;0.75;0.691;0.009
STU_0375;S10;Bike, medium, sunny, age>45;bike_100;3.0;sunny;;0;5;1.0;1.0;0.0
STU_0375;S01;Walk only, short, sunny;walk_100;0.8;sunny;;0;5;1.0;1.0;0.0
STU_0375;S09;Car only, long distance;car_100;8.0;any;;0;5;1.0;1.0;0.0
STU_0375;S06;Bus only, long, high crowding;bus_100;5.0;any;high;0;4;0.75;0.83;0.03
STU_0376;S11;Walk+Bus, medium, rain, high crowding, age>45;walk_bus;3.0;rain;high;1;3;0.5;0.691;0.091
STU_0376;S10;Bike, medium, sunny, age>45;bike_100;3.0;sunny;;0;5;1.0;1.0;0.1
STU_0376;S01;Walk only, short, sunny;walk_100;0.8;sunny;;0;5;1.0;1.0;0.0
STU_0376;S09;Car only, long distance;car_100;8.0;any;;0;5;1.0;1.0;0.1
STU_0377;S11;Walk+Bus, medium, rain, high crowding, age>45;walk_bus;3.0;rain;high;1;4;0.75;0.691;0.109
STU_0377;S10;Bike, medium, sunny, age>45;bike_100;3.0;sunny;;0;5;1.0;1.0;0.1
STU_0377;S01;Walk only, short, sunny;walk_100;0.8;sunny;;0;5;1.0;1.0;0.0
STU_0377;S09;Car only, long distance;car_100;8.0;any;;0;5;1.0;1.0;0.1
STU_0377;S06;Bus only, long, high crowding;bus_100;5.0;any;high;0;4;0.75;0.83;0.03
STU_0378;S11;Walk+Bus, medium, rain, high crowding, age>45;walk_bus;3.0;rain;high;1;3;0.5;0.691;0.091
STU_0378;S10;Bike, medium, sunny, age>45;bike_100;3.0;sunny;;0;4;0.75;1.0;0.2
STU_0378;S01;Walk only, short, sunny;walk_100;0.8;sunny;;0;5;1.0;1.0;0.0
STU_0378;S09;Car only, long distance;car_100;8.0;any;;0;5;1.0;1.0;0.0
STU_0378;S06;Bus only, long, high crowding;bus_100;5.0;any;high;0;4;0.75;0.83;0.13
STU_0378;S03;Bike only, medium, sunny;bike_100;2.5;sunny;;0;5;1.0;1.0;0.1
STU_0378;S02;Walk only, short, rain;walk_100;0.8;rain;;0;4;0.75;0.7;0.0
STU_0378;S12;Car only, long, age>45;car_100;8.0;any;;0;5;1.0;1.0;0.0
STU_0378;S05;Bus only, long, low crowding;bus_100;5.0;any;low;0;5;1.0;0.96;0.04
STU_0379;S11;Walk+Bus, medium, rain, high crowding, age>45;walk_bus;3.0;rain;high;1;4;0.75;0.691;0.109
STU_0379;S10;Bike, medium, sunny, age>45;bike_100;3.0;sunny;;0;5;1.0;1.0;0.0
STU_0379;S01;Walk only, short, sunny;walk_100;0.8;sunny;;0;5;1.0;1.0;0.0
STU_0379;S09;Car only, long distance;car_100;8.0;any;;0;5;1.0;1.0;0.0
STU_0379;S06;Bus only, long, high crowding;bus_100;5.0;any;high;0;5;1.0;0.83;0.17
STU_0380;S11;Walk+Bus, medium, rain, high crowding, age>45;walk_bus;3.0;rain;high;1;4;0.75;0.691;0.109
STU_0380;S10;Bike, medium, sunny, age>45;bike_100;3.0;sunny;;0;5;1.0;1.0;0.0
STU_0380;S01;Walk only, short, sunny;walk_100;0.8;sunny;;0;5;1.0;1.0;0.1
STU_0380;S09;Car only, long distance;car_100;8.0;any;;0;5;1.0;1.0;0.1
STU_0380;S06;Bus only, long, high crowding;bus_100;5.0;any;high;0;5;1.0;0.83;0.07
STU_0380;S03;Bike only, medium, sunny;bike_100;2.5;sunny;;0;5;1.0;1.0;0.0
STU_0381;S11;Walk+Bus, medium, rain, high crowding, age>45;walk_bus;3.0;rain;high;1;4;0.75;0.691;0.009
STU_0381;S10;Bike, medium, sunny, age>45;bike_100;3.0;sunny;;0;5;1.0;1.0;0.0
STU_0381;S01;Walk only, short, sunny;walk_100;0.8;sunny;;0;5;1.0;1.0;0.0
STU_0381;S09;Car only, long distance;car_100;8.0;any;;0;4;0.75;1.0;0.2
STU_0381;S06;Bus only, long, high crowding;bus_100;5.0;any;high;0;5;1.0;0.83;0.17
STU_0381;S03;Bike only, medium, sunny;bike_100;2.5;sunny;;0;5;1.0;1.0;0.1
STU_0381;S02;Walk only, short, rain;walk_100;0.8;rain;;0;5;1.0;0.7;0.2
STU_0381;S12;Car only, long, age>45;car_100;8.0;any;;0;5;1.0;1.0;0.0
STU_0381;S05;Bus only, long, low crowding;bus_100;5.0;any;low;0;5;1.0;0.96;0.04
STU_0382;S11;Walk+Bus, medium, rain, high crowding, age>45;walk_bus;3.0;rain;high;1;4;0.75;0.691;0.109
STU_0382;S10;Bike, medium, sunny, age>45;bike_100;3.0;sunny;;0;5;1.0;1.0;0.1
STU_0382;S01;Walk only, short, sunny;walk_100;0.8;sunny;;0;5;1.0;1.0;0.0
STU_0382;S09;Car only, long distance;car_100;8.0;any;;0;5;1.0;1.0;0.1
STU_0382;S06;Bus only, long, high crowding;bus_100;5.0;any;high;0;5;1.0;0.83;0.07
STU_0383;S11;Walk+Bus, medium, rain, high crowding, age>45;walk_bus;3.0;rain;high;1;4;0.75;0.691;0.009
STU_0383;S10;Bike, medium, sunny, age>45;bike_100;3.0;sunny;;0;5;1.0;1.0;0.0
STU_0383;S01;Walk only, short, sunny;walk_100;0.8;sunny;;0;5;1.0;1.0;0.0
STU_0383;S09;Car only, long distance;car_100;8.0;any;;0;5;1.0;1.0;0.0
STU_0383;S06;Bus only, long, high crowding;bus_100;5.0;any;high;0;5;1.0;0.83;0.07
STU_0383;S03;Bike only, medium, sunny;bike_100;2.5;sunny;;0;5;1.0;1.0;0.1
STU_0383;S02;Walk only, short, rain;walk_100;0.8;rain;;0;4;0.75;0.7;0.0
STU_0383;S12;Car only, long, age>45;car_100;8.0;any;;0;5;1.0;1.0;0.0
STU_0383;S05;Bus only, long, low crowding;bus_100;5.0;any;low;0;5;1.0;0.96;0.04
STU_0384;S11;Walk+Bus, medium, rain, high crowding, age>45;walk_bus;3.0;rain;high;1;4;0.75;0.691;0.009
STU_0384;S10;Bike, medium, sunny, age>45;bike_100;3.0;sunny;;0;4;0.75;1.0;0.3
STU_0384;S01;Walk only, short, sunny;walk_100;0.8;sunny;;0;5;1.0;1.0;0.1
STU_0384;S09;Car only, long distance;car_100;8.0;any;;0;5;1.0;1.0;0.0
STU_0384;S06;Bus only, long, high crowding;bus_100;5.0;any;high;0;4;0.75;0.83;0.03
STU_0385;S11;Walk+Bus, medium, rain, high crowding, age>45;walk_bus;3.0;rain;high;1;4;0.75;0.691;0.009
STU_0385;S10;Bike, medium, sunny, age>45;bike_100;3.0;sunny;;0;5;1.0;1.0;0.0
STU_0385;S01;Walk only, short, sunny;walk_100;0.8;sunny;;0;5;1.0;1.0;0.0
STU_0385;S09;Car only, long distance;car_100;8.0;any;;0;5;1.0;1.0;0.0
STU_0385;S06;Bus only, long, high crowding;bus_100;5.0;any;high;0;4;0.75;0.83;0.03
STU_0385;S03;Bike only, medium, sunny;bike_100;2.5;sunny;;0;5;1.0;1.0;0.0
STU_0386;S11;Walk+Bus, medium, rain, high crowding, age>45;walk_bus;3.0;rain;high;1;4;0.75;0.691;0.009
STU_0386;S10;Bike, medium, sunny, age>45;bike_100;3.0;sunny;;0;5;1.0;1.0;0.0
STU_0386;S01;Walk only, short, sunny;walk_100;0.8;sunny;;0;5;1.0;1.0;0.0
STU_0386;S09;Car only, long distance;car_100;8.0;any;;0;4;0.75;1.0;0.2
STU_0386;S06;Bus only, long, high crowding;bus_100;5.0;any;high;0;5;1.0;0.83;0.17
STU_0387;S11;Walk+Bus, medium, rain, high crowding, age>45;walk_bus;3.0;rain;high;1;4;0.75;0.691;0.009
STU_0387;S10;Bike, medium, sunny, age>45;bike_100;3.0;sunny;;0;5;1.0;1.0;0.1
STU_0387;S01;Walk only, short, sunny;walk_100;0.8;sunny;;0;5;1.0;1.0;0.0
STU_0387;S09;Car only, long distance;car_100;8.0;any;;0;5;1.0;1.0;0.0
STU_0387;S06;Bus only, long, high crowding;bus_100;5.0;any;high;0;5;1.0;0.83;0.07
STU_0388;S11;Walk+Bus, medium, rain, high crowding, age>45;walk_bus;3.0;rain;high;1;5;1.0;0.691;0.209
STU_0388;S10;Bike, medium, sunny, age>45;bike_100;3.0;sunny;;0;5;1.0;1.0;0.0
STU_0388;S01;Walk only, short, sunny;walk_100;0.8;sunny;;0;5;1.0;1.0;0.0
STU_0388;S09;Car only, long distance;car_100;8.0;any;;0;5;1.0;1.0;0.0
STU_0388;S06;Bus only, long, high crowding;bus_100;5.0;any;high;0;4;0.75;0.83;0.03
STU_0389;S11;Walk+Bus, medium, rain, high crowding, age>45;walk_bus;3.0;rain;high;1;4;0.75;0.691;0.109
STU_0389;S10;Bike, medium, sunny, age>45;bike_100;3.0;sunny;;0;5;1.0;1.0;0.0
STU_0389;S01;Walk only, short, sunny;walk_100;0.8;sunny;;0;5;1.0;1.0;0.0
STU_0389;S09;Car only, long distance;car_100;8.0;any;;0;5;1.0;1.0;0.0
STU_0390;S11;Walk+Bus, medium, rain, high crowding, age>45;walk_bus;3.0;rain;high;1;4;0.75;0.691;0.009
STU_0390;S10;Bike, medium, sunny, age>45;bike_100;3.0;sunny;;0;5;1.0;1.0;0.1
STU_0390;S01;Walk only, short, sunny;walk_100;0.8;sunny;;0;5;1.0;1.0;0.0
STU_0390;S09;Car only, long distance;car_100;8.0;any;;0;5;1.0;1.0;0.0
STU_0391;S11;Walk+Bus, medium, rain, high crowding, age>45;walk_bus;3.0;rain;high;1;4;0.75;0.691;0.009
STU_0391;S10;Bike, medium, sunny, age>45;bike_100;3.0;sunny;;0;5;1.0;1.0;0.0
STU_0391;S01;Walk only, short, sunny;walk_100;0.8;sunny;;0;5;1.0;1.0;0.0
STU_0391;S09;Car only, long distance;car_100;8.0;any;;0;5;1.0;1.0;0.0
STU_0392;S11;Walk+Bus, medium, rain, high crowding, age>45;walk_bus;3.0;rain;high;1;4;0.75;0.691;0.009
STU_0392;S10;Bike, medium, sunny, age>45;bike_100;3.0;sunny;;0;5;1.0;1.0;0.0
STU_0392;S01;Walk only, short, sunny;walk_100;0.8;sunny;;0;5;1.0;1.0;0.0
STU_0392;S09;Car only, long distance;car_100;8.0;any;;0;5;1.0;1.0;0.0
STU_0392;S06;Bus only, long, high crowding;bus_100;5.0;any;high;0;4;0.75;0.83;0.03
STU_0392;S03;Bike only, medium, sunny;bike_100;2.5;sunny;;0;5;1.0;1.0;0.0
STU_0393;S11;Walk+Bus, medium, rain, high crowding, age>45;walk_bus;3.0;rain;high;1;4;0.75;0.691;0.009
STU_0393;S10;Bike, medium, sunny, age>45;bike_100;3.0;sunny;;0;5;1.0;1.0;0.0
STU_0393;S01;Walk only, short, sunny;walk_100;0.8;sunny;;0;5;1.0;1.0;0.0
STU_0393;S09;Car only, long distance;car_100;8.0;any;;0;5;1.0;1.0;0.0
STU_0393;S06;Bus only, long, high crowding;bus_100;5.0;any;high;0;4;0.75;0.83;0.03
STU_0393;S03;Bike only, medium, sunny;bike_100;2.5;sunny;;0;5;1.0;1.0;0.0
STU_0393;S02;Walk only, short, rain;walk_100;0.8;rain;;0;4;0.75;0.7;0.0
STU_0393;S12;Car only, long, age>45;car_100;8.0;any;;0;5;1.0;1.0;0.0
STU_0393;S05;Bus only, long, low crowding;bus_100;5.0;any;low;0;5;1.0;0.96;0.04
STU_0394;S11;Walk+Bus, medium, rain, high crowding, age>45;walk_bus;3.0;rain;high;1;4;0.75;0.691;0.009
STU_0394;S10;Bike, medium, sunny, age>45;bike_100;3.0;sunny;;0;5;1.0;1.0;0.0
STU_0394;S01;Walk only, short, sunny;walk_100;0.8;sunny;;0;5;1.0;1.0;0.0
STU_0394;S09;Car only, long distance;car_100;8.0;any;;0;5;1.0;1.0;0.1
STU_0394;S06;Bus only, long, high crowding;bus_100;5.0;any;high;0;5;1.0;0.83;0.07
STU_0394;S03;Bike only, medium, sunny;bike_100;2.5;sunny;;0;5;1.0;1.0;0.0
STU_0394;S02;Walk only, short, rain;walk_100;0.8;rain;;0;3;0.5;0.7;0.1
STU_0394;S12;Car only, long, age>45;car_100;8.0;any;;0;5;1.0;1.0;0.0
STU_0395;S11;Walk+Bus, medium, rain, high crowding, age>45;walk_bus;3.0;rain;high;1;4;0.75;0.691;0.009
STU_0395;S10;Bike, medium, sunny, age>45;bike_100;3.0;sunny;;0;5;1.0;1.0;0.0
STU_0395;S01;Walk only, short, sunny;walk_100;0.8;sunny;;0;5;1.0;1.0;0.0
STU_0395;S09;Car only, long distance;car_100;8.0;any;;0;4;0.75;1.0;0.2
STU_0395;S06;Bus only, long, high crowding;bus_100;5.0;any;high;0;3;0.5;0.83;0.23
STU_0396;S11;Walk+Bus, medium, rain, high crowding, age>45;walk_bus;3.0;rain;high;1;3;0.5;0.691;0.091
STU_0396;S10;Bike, medium, sunny, age>45;bike_100;3.0;sunny;;0;5;1.0;1.0;0.0
STU_0396;S01;Walk only, short, sunny;walk_100;0.8;sunny;;0;5;1.0;1.0;0.0
STU_0396;S09;Car only, long distance;car_100;8.0;any;;0;5;1.0;1.0;0.0
STU_0396;S06;Bus only, long, high crowding;bus_100;5.0;any;high;0;4;0.75;0.83;0.13
STU_0397;S11;Walk+Bus, medium, rain, high crowding, age>45;walk_bus;3.0;rain;high;1;3;0.5;0.691;0.091
STU_0397;S10;Bike, medium, sunny, age>45;bike_100;3.0;sunny;;0;4;0.75;1.0;0.2
STU_0397;S01;Walk only, short, sunny;walk_100;0.8;sunny;;0;5;1.0;1.0;0.0
STU_0397;S09;Car only, long distance;car_100;8.0;any;;0;5;1.0;1.0;0.0
STU_0397;S06;Bus only, long, high crowding;bus_100;5.0;any;high;0;5;1.0;0.83;0.07
STU_0397;S03;Bike only, medium, sunny;bike_100;2.5;sunny;;0;5;1.0;1.0;0.0
STU_0398;S11;Walk+Bus, medium, rain, high crowding, age>45;walk_bus;3.0;rain;high;1;4;0.75;0.691;0.009
STU_0398;S10;Bike, medium, sunny, age>45;bike_100;3.0;sunny;;0;5;1.0;1.0;0.0
STU_0398;S01;Walk only, short, sunny;walk_100;0.8;sunny;;0;5;1.0;1.0;0.0
STU_0398;S09;Car only, long distance;car_100;8.0;any;;0;5;1.0;1.0;0.0
STU_0398;S06;Bus only, long, high crowding;bus_100;5.0;any;high;0;4;0.75;0.83;0.13
STU_0399;S11;Walk+Bus, medium, rain, high crowding, age>45;walk_bus;3.0;rain;high;1;4;0.75;0.691;0.009
STU_0399;S10;Bike, medium, sunny, age>45;bike_100;3.0;sunny;;0;5;1.0;1.0;0.1
STU_0399;S01;Walk only, short, sunny;walk_100;0.8;sunny;;0;5;1.0;1.0;0.0
STU_0399;S09;Car only, long distance;car_100;8.0;any;;0;5;1.0;1.0;0.0
STU_0400;S11;Walk+Bus, medium, rain, high crowding, age>45;walk_bus;3.0;rain;high;1;4;0.75;0.691;0.009
STU_0400;S10;Bike, medium, sunny, age>45;bike_100;3.0;sunny;;0;5;1.0;1.0;0.0
STU_0400;S01;Walk only, short, sunny;walk_100;0.8;sunny;;0;5;1.0;1.0;0.0
STU_0400;S09;Car only, long distance;car_100;8.0;any;;0;5;1.0;1.0;0.0
STU_0400;S06;Bus only, long, high crowding;bus_100;5.0;any;high;0;4;0.75;0.83;0.03
STU_0400;S03;Bike only, medium, sunny;bike_100;2.5;sunny;;0;5;1.0;1.0;0.0
STU_0400;S02;Walk only, short, rain;walk_100;0.8;rain;;0;5;1.0;0.7;0.2
STU_0400;S12;Car only, long, age>45;car_100;8.0;any;;0;5;1.0;1.0;0.1
STU_0401;S11;Walk+Bus, medium, rain, high crowding, age>45;walk_bus;3.0;rain;high;1;3;0.5;0.691;0.091
STU_0401;S10;Bike, medium, sunny, age>45;bike_100;3.0;sunny;;0;5;1.0;1.0;0.0
STU_0401;S01;Walk only, short, sunny;walk_100;0.8;sunny;;0;5;1.0;1.0;0.1
STU_0401;S09;Car only, long distance;car_100;8.0;any;;0;5;1.0;1.0;0.0
STU_0401;S06;Bus only, long, high crowding;bus_100;5.0;any;high;0;4;0.75;0.83;0.03
STU_0401;S03;Bike only, medium, sunny;bike_100;2.5;sunny;;0;5;1.0;1.0;0.0
STU_0401;S02;Walk only, short, rain;walk_100;0.8;rain;;0;4;0.75;0.7;0.1
STU_0402;S11;Walk+Bus, medium, rain, high crowding, age>45;walk_bus;3.0;rain;high;1;3;0.5;0.691;0.191
STU_0402;S10;Bike, medium, sunny, age>45;bike_100;3.0;sunny;;0;5;1.0;1.0;0.0
STU_0402;S01;Walk only, short, sunny;walk_100;0.8;sunny;;0;5;1.0;1.0;0.0
STU_0402;S09;Car only, long distance;car_100;8.0;any;;0;5;1.0;1.0;0.1
STU_0402;S06;Bus only, long, high crowding;bus_100;5.0;any;high;0;4;0.75;0.83;0.03
STU_0403;S11;Walk+Bus, medium, rain, high crowding, age>45;walk_bus;3.0;rain;high;1;4;0.75;0.691;0.009
STU_0403;S10;Bike, medium, sunny, age>45;bike_100;3.0;sunny;;0;5;1.0;1.0;0.0
STU_0403;S01;Walk only, short, sunny;walk_100;0.8;sunny;;0;5;1.0;1.0;0.0
STU_0403;S09;Car only, long distance;car_100;8.0;any;;0;5;1.0;1.0;0.0
STU_0404;S11;Walk+Bus, medium, rain, high crowding, age>45;walk_bus;3.0;rain;high;1;4;0.75;0.691;0.009
STU_0404;S10;Bike, medium, sunny, age>45;bike_100;3.0;sunny;;0;5;1.0;1.0;0.0
STU_0404;S01;Walk only, short, sunny;walk_100;0.8;sunny;;0;5;1.0;1.0;0.0
STU_0404;S09;Car only, long distance;car_100;8.0;any;;0;5;1.0;1.0;0.0
STU_0404;S06;Bus only, long, high crowding;bus_100;5.0;any;high;0;5;1.0;0.83;0.07
STU_0404;S03;Bike only, medium, sunny;bike_100;2.5;sunny;;0;5;1.0;1.0;0.1
STU_0404;S02;Walk only, short, rain;walk_100;0.8;rain;;0;4;0.75;0.7;0.1
STU_0405;S11;Walk+Bus, medium, rain, high crowding, age>45;walk_bus;3.0;rain;high;1;4;0.75;0.691;0.009
STU_0405;S10;Bike, medium, sunny, age>45;bike_100;3.0;sunny;;0;5;1.0;1.0;0.1
STU_0405;S01;Walk only, short, sunny;walk_100;0.8;sunny;;0;5;1.0;1.0;0.0
STU_0405;S09;Car only, long distance;car_100;8.0;any;;0;5;1.0;1.0;0.0
STU_0405;S06;Bus only, long, high crowding;bus_100;5.0;any;high;0;4;0.75;0.83;0.13
STU_0405;S03;Bike only, medium, sunny;bike_100;2.5;sunny;;0;5;1.0;1.0;0.0
STU_0405;S02;Walk only, short, rain;walk_100;0.8;rain;;0;4;0.75;0.7;0.0
STU_0405;S12;Car only, long, age>45;car_100;8.0;any;;0;5;1.0;1.0;0.1
STU_0406;S11;Walk+Bus, medium, rain, high crowding, age>45;walk_bus;3.0;rain;high;1;4;0.75;0.691;0.109
STU_0406;S10;Bike, medium, sunny, age>45;bike_100;3.0;sunny;;0;5;1.0;1.0;0.1
STU_0406;S01;Walk only, short, sunny;walk_100;0.8;sunny;;0;5;1.0;1.0;0.0
STU_0406;S09;Car only, long distance;car_100;8.0;any;;0;5;1.0;1.0;0.0
STU_0406;S06;Bus only, long, high crowding;bus_100;5.0;any;high;0;3;0.5;0.83;0.23
STU_0406;S03;Bike only, medium, sunny;bike_100;2.5;sunny;;0;5;1.0;1.0;0.0
STU_0406;S02;Walk only, short, rain;walk_100;0.8;rain;;0;4;0.75;0.7;0.1
STU_0407;S11;Walk+Bus, medium, rain, high crowding, age>45;walk_bus;3.0;rain;high;1;4;0.75;0.691;0.009
STU_0407;S10;Bike, medium, sunny, age>45;bike_100;3.0;sunny;;0;4;0.75;1.0;0.2
STU_0407;S01;Walk only, short, sunny;walk_100;0.8;sunny;;0;5;1.0;1.0;0.0
STU_0407;S09;Car only, long distance;car_100;8.0;any;;0;5;1.0;1.0;0.0
STU_0408;S11;Walk+Bus, medium, rain, high crowding, age>45;walk_bus;3.0;rain;high;1;4;0.75;0.691;0.009
STU_0408;S10;Bike, medium, sunny, age>45;bike_100;3.0;sunny;;0;5;1.0;1.0;0.0
STU_0408;S01;Walk only, short, sunny;walk_100;0.8;sunny;;0;5;1.0;1.0;0.1
STU_0408;S09;Car only, long distance;car_100;8.0;any;;0;4;0.75;1.0;0.2
STU_0408;S06;Bus only, long, high crowding;bus_100;5.0;any;high;0;4;0.75;0.83;0.13
STU_0408;S03;Bike only, medium, sunny;bike_100;2.5;sunny;;0;5;1.0;1.0;0.0
STU_0408;S02;Walk only, short, rain;walk_100;0.8;rain;;0;3;0.5;0.7;0.1
STU_0408;S12;Car only, long, age>45;car_100;8.0;any;;0;5;1.0;1.0;0.1
STU_0408;S05;Bus only, long, low crowding;bus_100;5.0;any;low;0;5;1.0;0.96;0.06
STU_0409;S11;Walk+Bus, medium, rain, high crowding, age>45;walk_bus;3.0;rain;high;1;4;0.75;0.691;0.009
STU_0409;S10;Bike, medium, sunny, age>45;bike_100;3.0;sunny;;0;5;1.0;1.0;0.1
STU_0409;S01;Walk only, short, sunny;walk_100;0.8;sunny;;0;5;1.0;1.0;0.0
STU_0409;S09;Car only, long distance;car_100;8.0;any;;0;5;1.0;1.0;0.0
STU_0409;S06;Bus only, long, high crowding;bus_100;5.0;any;high;0;4;0.75;0.83;0.03
STU_0409;S03;Bike only, medium, sunny;bike_100;2.5;sunny;;0;5;1.0;1.0;0.0
STU_0409;S02;Walk only, short, rain;walk_100;0.8;rain;;0;4;0.75;0.7;0.1
STU_0409;S12;Car only, long, age>45;car_100;8.0;any;;0;5;1.0;1.0;0.0
STU_0409;S05;Bus only, long, low crowding;bus_100;5.0;any;low;0;5;1.0;0.96;0.04
STU_0410;S11;Walk+Bus, medium, rain, high crowding, age>45;walk_bus;3.0;rain;high;1;3;0.5;0.691;0.091
STU_0410;S10;Bike, medium, sunny, age>45;bike_100;3.0;sunny;;0;5;1.0;1.0;0.0
STU_0410;S01;Walk only, short, sunny;walk_100;0.8;sunny;;0;5;1.0;1.0;0.0
STU_0410;S09;Car only, long distance;car_100;8.0;any;;0;5;1.0;1.0;0.0
STU_0410;S06;Bus only, long, high crowding;bus_100;5.0;any;high;0;4;0.75;0.83;0.03
STU_0410;S03;Bike only, medium, sunny;bike_100;2.5;sunny;;0;4;0.75;1.0;0.2
STU_0410;S02;Walk only, short, rain;walk_100;0.8;rain;;0;4;0.75;0.7;0.1
STU_0411;S11;Walk+Bus, medium, rain, high crowding, age>45;walk_bus;3.0;rain;high;1;4;0.75;0.691;0.009
STU_0411;S10;Bike, medium, sunny, age>45;bike_100;3.0;sunny;;0;5;1.0;1.0;0.0
STU_0411;S01;Walk only, short, sunny;walk_100;0.8;sunny;;0;5;1.0;1.0;0.1
STU_0411;S09;Car only, long distance;car_100;8.0;any;;0;5;1.0;1.0;0.1
STU_0411;S06;Bus only, long, high crowding;bus_100;5.0;any;high;0;4;0.75;0.83;0.03
STU_0411;S03;Bike only, medium, sunny;bike_100;2.5;sunny;;0;5;1.0;1.0;0.0
STU_0412;S11;Walk+Bus, medium, rain, high crowding, age>45;walk_bus;3.0;rain;high;1;3;0.5;0.691;0.091
STU_0412;S10;Bike, medium, sunny, age>45;bike_100;3.0;sunny;;0;5;1.0;1.0;0.0
STU_0412;S01;Walk only, short, sunny;walk_100;0.8;sunny;;0;5;1.0;1.0;0.0
STU_0412;S09;Car only, long distance;car_100;8.0;any;;0;5;1.0;1.0;0.0
STU_0412;S06;Bus only, long, high crowding;bus_100;5.0;any;high;0;5;1.0;0.83;0.07
STU_0412;S03;Bike only, medium, sunny;bike_100;2.5;sunny;;0;5;1.0;1.0;0.0
STU_0412;S02;Walk only, short, rain;walk_100;0.8;rain;;0;4;0.75;0.7;0.1
STU_0413;S11;Walk+Bus, medium, rain, high crowding, age>45;walk_bus;3.0;rain;high;1;3;0.5;0.691;0.091
STU_0413;S10;Bike, medium, sunny, age>45;bike_100;3.0;sunny;;0;5;1.0;1.0;0.0
STU_0413;S01;Walk only, short, sunny;walk_100;0.8;sunny;;0;5;1.0;1.0;0.0
STU_0413;S09;Car only, long distance;car_100;8.0;any;;0;5;1.0;1.0;0.1
STU_0413;S06;Bus only, long, high crowding;bus_100;5.0;any;high;0;5;1.0;0.83;0.07
STU_0414;S11;Walk+Bus, medium, rain, high crowding, age>45;walk_bus;3.0;rain;high;1;3;0.5;0.691;0.091
STU_0414;S10;Bike, medium, sunny, age>45;bike_100;3.0;sunny;;0;5;1.0;1.0;0.0
STU_0414;S01;Walk only, short, sunny;walk_100;0.8;sunny;;0;5;1.0;1.0;0.0
STU_0414;S09;Car only, long distance;car_100;8.0;any;;0;5;1.0;1.0;0.0
STU_0414;S06;Bus only, long, high crowding;bus_100;5.0;any;high;0;5;1.0;0.83;0.07
STU_0415;S11;Walk+Bus, medium, rain, high crowding, age>45;walk_bus;3.0;rain;high;1;5;1.0;0.691;0.209
STU_0415;S10;Bike, medium, sunny, age>45;bike_100;3.0;sunny;;0;5;1.0;1.0;0.1
STU_0415;S01;Walk only, short, sunny;walk_100;0.8;sunny;;0;5;1.0;1.0;0.0
STU_0415;S09;Car only, long distance;car_100;8.0;any;;0;5;1.0;1.0;0.1
STU_0415;S06;Bus only, long, high crowding;bus_100;5.0;any;high;0;4;0.75;0.83;0.03
STU_0415;S03;Bike only, medium, sunny;bike_100;2.5;sunny;;0;5;1.0;1.0;0.0
STU_0415;S02;Walk only, short, rain;walk_100;0.8;rain;;0;4;0.75;0.7;0.1
STU_0415;S12;Car only, long, age>45;car_100;8.0;any;;0;5;1.0;1.0;0.1
STU_0415;S05;Bus only, long, low crowding;bus_100;5.0;any;low;0;5;1.0;0.96;0.04
STU_0416;S11;Walk+Bus, medium, rain, high crowding, age>45;walk_bus;3.0;rain;high;1;5;1.0;0.691;0.209
STU_0416;S10;Bike, medium, sunny, age>45;bike_100;3.0;sunny;;0;5;1.0;1.0;0.0
STU_0416;S01;Walk only, short, sunny;walk_100;0.8;sunny;;0;5;1.0;1.0;0.0
STU_0416;S09;Car only, long distance;car_100;8.0;any;;0;5;1.0;1.0;0.0
STU_0416;S06;Bus only, long, high crowding;bus_100;5.0;any;high;0;4;0.75;0.83;0.13
STU_0416;S03;Bike only, medium, sunny;bike_100;2.5;sunny;;0;5;1.0;1.0;0.0
STU_0417;S11;Walk+Bus, medium, rain, high crowding, age>45;walk_bus;3.0;rain;high;1;4;0.75;0.691;0.109
STU_0417;S10;Bike, medium, sunny, age>45;bike_100;3.0;sunny;;0;5;1.0;1.0;0.0
STU_0417;S01;Walk only, short, sunny;walk_100;0.8;sunny;;0;5;1.0;1.0;0.0
STU_0417;S09;Car only, long distance;car_100;8.0;any;;0;5;1.0;1.0;0.0
STU_0418;S11;Walk+Bus, medium, rain, high crowding, age>45;walk_bus;3.0;rain;high;1;4;0.75;0.691;0.009
STU_0418;S10;Bike, medium, sunny, age>45;bike_100;3.0;sunny;;0;5;1.0;1.0;0.0
STU_0418;S01;Walk only, short, sunny;walk_100;0.8;sunny;;0;5;1.0;1.0;0.1
STU_0418;S09;Car only, long distance;car_100;8.0;any;;0;5;1.0;1.0;0.0
STU_0418;S06;Bus only, long, high crowding;bus_100;5.0;any;high;0;4;0.75;0.83;0.03
STU_0419;S11;Walk+Bus, medium, rain, high crowding, age>45;walk_bus;3.0;rain;high;1;4;0.75;0.691;0.009
STU_0419;S10;Bike, medium, sunny, age>45;bike_100;3.0;sunny;;0;5;1.0;1.0;0.1
STU_0419;S01;Walk only, short, sunny;walk_100;0.8;sunny;;0;5;1.0;1.0;0.0
STU_0419;S09;Car only, long distance;car_100;8.0;any;;0;5;1.0;1.0;0.0
STU_0419;S06;Bus only, long, high crowding;bus_100;5.0;any;high;0;4;0.75;0.83;0.03
STU_0419;S03;Bike only, medium, sunny;bike_100;2.5;sunny;;0;5;1.0;1.0;0.0
STU_0419;S02;Walk only, short, rain;walk_100;0.8;rain;;0;4;0.75;0.7;0.0
STU_0419;S12;Car only, long, age>45;car_100;8.0;any;;0;5;1.0;1.0;0.0
STU_0419;S05;Bus only, long, low crowding;bus_100;5.0;any;low;0;5;1.0;0.96;0.06
STU_0420;S11;Walk+Bus, medium, rain, high crowding, age>45;walk_bus;3.0;rain;high;1;3;0.5;0.646;0.046
STU_0420;S10;Bike, medium, sunny, age>45;bike_100;3.0;sunny;;0;4;0.75;0.8;0.1
STU_0420;S01;Walk only, short, sunny;walk_100;0.8;sunny;;0;4;0.75;0.85;0.15
STU_0420;S09;Car only, long distance;car_100;8.0;any;;0;5;1.0;1.0;0.0
STU_0420;S06;Bus only, long, high crowding;bus_100;5.0;any;high;0;5;1.0;0.83;0.07
STU_0420;S03;Bike only, medium, sunny;bike_100;2.5;sunny;;0;4;0.75;0.8;0.0
STU_0420;S02;Walk only, short, rain;walk_100;0.8;rain;;0;3;0.5;0.55;0.05
STU_0420;S12;Car only, long, age>45;car_100;8.0;any;;0;5;1.0;1.0;0.0
STU_0421;S11;Walk+Bus, medium, rain, high crowding, age>45;walk_bus;3.0;rain;high;1;3;0.5;0.691;0.091
STU_0421;S10;Bike, medium, sunny, age>45;bike_100;3.0;sunny;;0;5;1.0;1.0;0.0
STU_0421;S01;Walk only, short, sunny;walk_100;0.8;sunny;;0;5;1.0;1.0;0.0
STU_0421;S09;Car only, long distance;car_100;8.0;any;;0;5;1.0;1.0;0.0
STU_0421;S06;Bus only, long, high crowding;bus_100;5.0;any;high;0;5;1.0;0.83;0.07
STU_0421;S03;Bike only, medium, sunny;bike_100;2.5;sunny;;0;5;1.0;1.0;0.0
STU_0421;S02;Walk only, short, rain;walk_100;0.8;rain;;0;5;1.0;0.7;0.3
STU_0421;S12;Car only, long, age>45;car_100;8.0;any;;0;5;1.0;1.0;0.0
STU_0421;S05;Bus only, long, low crowding;bus_100;5.0;any;low;0;5;1.0;0.96;0.04
STU_0422;S11;Walk+Bus, medium, rain, high crowding, age>45;walk_bus;3.0;rain;high;1;4;0.75;0.691;0.009
STU_0422;S10;Bike, medium, sunny, age>45;bike_100;3.0;sunny;;0;5;1.0;1.0;0.0
STU_0422;S01;Walk only, short, sunny;walk_100;0.8;sunny;;0;5;1.0;1.0;0.0
STU_0422;S09;Car only, long distance;car_100;8.0;any;;0;5;1.0;1.0;0.0
STU_0422;S06;Bus only, long, high crowding;bus_100;5.0;any;high;0;5;1.0;0.83;0.17
STU_0423;S11;Walk+Bus, medium, rain, high crowding, age>45;walk_bus;3.0;rain;high;1;4;0.75;0.691;0.009
STU_0423;S10;Bike, medium, sunny, age>45;bike_100;3.0;sunny;;0;5;1.0;0.85;0.05
STU_0423;S01;Walk only, short, sunny;walk_100;0.8;sunny;;0;5;1.0;1.0;0.0
STU_0423;S09;Car only, long distance;car_100;8.0;any;;0;5;1.0;1.0;0.1
STU_0423;S06;Bus only, long, high crowding;bus_100;5.0;any;high;0;4;0.75;0.83;0.03
STU_0424;S11;Walk+Bus, medium, rain, high crowding, age>45;walk_bus;3.0;rain;high;1;4;0.75;0.691;0.009
STU_0424;S10;Bike, medium, sunny, age>45;bike_100;3.0;sunny;;0;5;1.0;1.0;0.0
STU_0424;S01;Walk only, short, sunny;walk_100;0.8;sunny;;0;5;1.0;1.0;0.0
STU_0424;S09;Car only, long distance;car_100;8.0;any;;0;5;1.0;1.0;0.1
STU_0424;S06;Bus only, long, high crowding;bus_100;5.0;any;high;0;4;0.75;0.83;0.03
STU_0424;S03;Bike only, medium, sunny;bike_100;2.5;sunny;;0;5;1.0;1.0;0.0
STU_0424;S02;Walk only, short, rain;walk_100;0.8;rain;;0;4;0.75;0.7;0.0
STU_0424;S12;Car only, long, age>45;car_100;8.0;any;;0;5;1.0;1.0;0.0
STU_0424;S05;Bus only, long, low crowding;bus_100;5.0;any;low;0;5;1.0;0.96;0.04
STU_0425;S11;Walk+Bus, medium, rain, high crowding, age>45;walk_bus;3.0;rain;high;1;4;0.75;0.691;0.109
STU_0425;S10;Bike, medium, sunny, age>45;bike_100;3.0;sunny;;0;5;1.0;1.0;0.0
STU_0425;S01;Walk only, short, sunny;walk_100;0.8;sunny;;0;5;1.0;1.0;0.1
STU_0425;S09;Car only, long distance;car_100;8.0;any;;0;5;1.0;1.0;0.0
STU_0426;S11;Walk+Bus, medium, rain, high crowding, age>45;walk_bus;3.0;rain;high;1;4;0.75;0.691;0.009
STU_0426;S10;Bike, medium, sunny, age>45;bike_100;3.0;sunny;;0;5;1.0;1.0;0.0
STU_0426;S01;Walk only, short, sunny;walk_100;0.8;sunny;;0;5;1.0;1.0;0.0
STU_0426;S09;Car only, long distance;car_100;8.0;any;;0;4;0.75;1.0;0.2
STU_0426;S06;Bus only, long, high crowding;bus_100;5.0;any;high;0;5;1.0;0.83;0.07
STU_0426;S03;Bike only, medium, sunny;bike_100;2.5;sunny;;0;5;1.0;1.0;0.0
STU_0426;S02;Walk only, short, rain;walk_100;0.8;rain;;0;4;0.75;0.7;0.0
STU_0427;S11;Walk+Bus, medium, rain, high crowding, age>45;walk_bus;3.0;rain;high;1;4;0.75;0.691;0.109
STU_0427;S10;Bike, medium, sunny, age>45;bike_100;3.0;sunny;;0;5;1.0;1.0;0.0
STU_0427;S01;Walk only, short, sunny;walk_100;0.8;sunny;;0;5;1.0;1.0;0.0
STU_0427;S09;Car only, long distance;car_100;8.0;any;;0;5;1.0;1.0;0.0
STU_0427;S06;Bus only, long, high crowding;bus_100;5.0;any;high;0;5;1.0;0.83;0.17
STU_0428;S11;Walk+Bus, medium, rain, high crowding, age>45;walk_bus;3.0;rain;high;1;4;0.75;0.691;0.109
STU_0428;S10;Bike, medium, sunny, age>45;bike_100;3.0;sunny;;0;5;1.0;1.0;0.1
STU_0428;S01;Walk only, short, sunny;walk_100;0.8;sunny;;0;5;1.0;1.0;0.0
STU_0428;S09;Car only, long distance;car_100;8.0;any;;0;5;1.0;1.0;0.1
STU_0428;S06;Bus only, long, high crowding;bus_100;5.0;any;high;0;5;1.0;0.83;0.07
STU_0428;S03;Bike only, medium, sunny;bike_100;2.5;sunny;;0;4;0.75;1.0;0.2
STU_0428;S02;Walk only, short, rain;walk_100;0.8;rain;;0;4;0.75;0.7;0.0
STU_0428;S12;Car only, long, age>45;car_100;8.0;any;;0;5;1.0;1.0;0.1
STU_0428;S05;Bus only, long, low crowding;bus_100;5.0;any;low;0;5;1.0;0.96;0.04
STU_0429;S11;Walk+Bus, medium, rain, high crowding, age>45;walk_bus;3.0;rain;high;1;4;0.75;0.691;0.109
STU_0429;S10;Bike, medium, sunny, age>45;bike_100;3.0;sunny;;0;5;1.0;1.0;0.0
STU_0429;S01;Walk only, short, sunny;walk_100;0.8;sunny;;0;5;1.0;1.0;0.0
STU_0429;S09;Car only, long distance;car_100;8.0;any;;0;5;1.0;1.0;0.0
STU_0429;S06;Bus only, long, high crowding;bus_100;5.0;any;high;0;4;0.75;0.83;0.03
STU_0429;S03;Bike only, medium, sunny;bike_100;2.5;sunny;;0;5;1.0;1.0;0.0
STU_0429;S02;Walk only, short, rain;walk_100;0.8;rain;;0;4;0.75;0.7;0.0
STU_0429;S12;Car only, long, age>45;car_100;8.0;any;;0;5;1.0;1.0;0.0
STU_0429;S05;Bus only, long, low crowding;bus_100;5.0;any;low;0;5;1.0;0.96;0.04
STU_0430;S11;Walk+Bus, medium, rain, high crowding, age>45;walk_bus;3.0;rain;high;1;4;0.75;0.691;0.109
STU_0430;S10;Bike, medium, sunny, age>45;bike_100;3.0;sunny;;0;5;1.0;1.0;0.1
STU_0430;S01;Walk only, short, sunny;walk_100;0.8;sunny;;0;4;0.75;1.0;0.2
STU_0430;S09;Car only, long distance;car_100;8.0;any;;0;5;1.0;1.0;0.0
STU_0430;S06;Bus only, long, high crowding;bus_100;5.0;any;high;0;4;0.75;0.83;0.03
STU_0430;S03;Bike only, medium, sunny;bike_100;2.5;sunny;;0;5;1.0;1.0;0.0
STU_0431;S11;Walk+Bus, medium, rain, high crowding, age>45;walk_bus;3.0;rain;high;1;4;0.75;0.691;0.009
STU_0431;S10;Bike, medium, sunny, age>45;bike_100;3.0;sunny;;0;5;1.0;1.0;0.0
STU_0431;S01;Walk only, short, sunny;walk_100;0.8;sunny;;0;5;1.0;1.0;0.0
STU_0431;S09;Car only, long distance;car_100;8.0;any;;0;5;1.0;1.0;0.1
STU_0431;S06;Bus only, long, high crowding;bus_100;5.0;any;high;0;5;1.0;0.83;0.07
STU_0431;S03;Bike only, medium, sunny;bike_100;2.5;sunny;;0;4;0.75;1.0;0.2
STU_0431;S02;Walk only, short, rain;walk_100;0.8;rain;;0;4;0.75;0.7;0.1
STU_0432;S11;Walk+Bus, medium, rain, high crowding, age>45;walk_bus;3.0;rain;high;1;4;0.75;0.691;0.009
STU_0432;S10;Bike, medium, sunny, age>45;bike_100;3.0;sunny;;0;4;0.75;0.85;0.15
STU_0432;S01;Walk only, short, sunny;walk_100;0.8;sunny;;0;5;1.0;1.0;0.0
STU_0432;S09;Car only, long distance;car_100;8.0;any;;0;5;1.0;1.0;0.0
STU_0432;S06;Bus only, long, high crowding;bus_100;5.0;any;high;0;4;0.75;0.83;0.03
STU_0432;S03;Bike only, medium, sunny;bike_100;2.5;sunny;;0;4;0.75;0.85;0.05
STU_0432;S02;Walk only, short, rain;walk_100;0.8;rain;;0;4;0.75;0.7;0.0
STU_0432;S12;Car only, long, age>45;car_100;8.0;any;;0;5;1.0;1.0;0.0
STU_0433;S11;Walk+Bus, medium, rain, high crowding, age>45;walk_bus;3.0;rain;high;1;4;0.75;0.691;0.009
STU_0433;S10;Bike, medium, sunny, age>45;bike_100;3.0;sunny;;0;5;1.0;1.0;0.0
STU_0433;S01;Walk only, short, sunny;walk_100;0.8;sunny;;0;5;1.0;1.0;0.1
STU_0433;S09;Car only, long distance;car_100;8.0;any;;0;5;1.0;1.0;0.1
STU_0434;S11;Walk+Bus, medium, rain, high crowding, age>45;walk_bus;3.0;rain;high;1;5;1.0;0.691;0.209
STU_0434;S10;Bike, medium, sunny, age>45;bike_100;3.0;sunny;;0;5;1.0;1.0;0.0
STU_0434;S01;Walk only, short, sunny;walk_100;0.8;sunny;;0;5;1.0;1.0;0.0
STU_0434;S09;Car only, long distance;car_100;8.0;any;;0;5;1.0;1.0;0.0
STU_0434;S06;Bus only, long, high crowding;bus_100;5.0;any;high;0;5;1.0;0.83;0.17
STU_0434;S03;Bike only, medium, sunny;bike_100;2.5;sunny;;0;5;1.0;1.0;0.0
STU_0434;S02;Walk only, short, rain;walk_100;0.8;rain;;0;3;0.5;0.7;0.1
STU_0434;S12;Car only, long, age>45;car_100;8.0;any;;0;5;1.0;1.0;0.1
STU_0435;S11;Walk+Bus, medium, rain, high crowding, age>45;walk_bus;3.0;rain;high;1;4;0.75;0.691;0.109
STU_0435;S10;Bike, medium, sunny, age>45;bike_100;3.0;sunny;;0;5;1.0;0.85;0.15
STU_0435;S01;Walk only, short, sunny;walk_100;0.8;sunny;;0;5;1.0;1.0;0.1
STU_0435;S09;Car only, long distance;car_100;8.0;any;;0;5;1.0;1.0;0.0
STU_0435;S06;Bus only, long, high crowding;bus_100;5.0;any;high;0;5;1.0;0.83;0.07
STU_0435;S03;Bike only, medium, sunny;bike_100;2.5;sunny;;0;5;1.0;0.85;0.05
STU_0435;S02;Walk only, short, rain;walk_100;0.8;rain;;0;4;0.75;0.7;0.1
STU_0436;S11;Walk+Bus, medium, rain, high crowding, age>45;walk_bus;3.0;rain;high;1;4;0.75;0.691;0.009
STU_0436;S10;Bike, medium, sunny, age>45;bike_100;3.0;sunny;;0;5;1.0;1.0;0.0
STU_0436;S01;Walk only, short, sunny;walk_100;0.8;sunny;;0;5;1.0;1.0;0.0
STU_0436;S09;Car only, long distance;car_100;8.0;any;;0;5;1.0;1.0;0.1
STU_0436;S06;Bus only, long, high crowding;bus_100;5.0;any;high;0;5;1.0;0.83;0.07
STU_0436;S03;Bike only, medium, sunny;bike_100;2.5;sunny;;0;4;0.75;1.0;0.2
STU_0436;S02;Walk only, short, rain;walk_100;0.8;rain;;0;5;1.0;0.7;0.3
STU_0437;S11;Walk+Bus, medium, rain, high crowding, age>45;walk_bus;3.0;rain;high;1;5;1.0;0.691;0.209
STU_0437;S10;Bike, medium, sunny, age>45;bike_100;3.0;sunny;;0;4;0.75;0.85;0.15
STU_0437;S01;Walk only, short, sunny;walk_100;0.8;sunny;;0;4;0.75;1.0;0.2
STU_0437;S09;Car only, long distance;car_100;8.0;any;;0;5;1.0;1.0;0.0
STU_0437;S06;Bus only, long, high crowding;bus_100;5.0;any;high;0;5;1.0;0.83;0.07
STU_0437;S03;Bike only, medium, sunny;bike_100;2.5;sunny;;0;4;0.75;0.85;0.05
STU_0437;S02;Walk only, short, rain;walk_100;0.8;rain;;0;4;0.75;0.7;0.0
STU_0438;S11;Walk+Bus, medium, rain, high crowding, age>45;walk_bus;3.0;rain;high;1;4;0.75;0.691;0.109
STU_0438;S10;Bike, medium, sunny, age>45;bike_100;3.0;sunny;;0;5;1.0;1.0;0.0
STU_0438;S01;Walk only, short, sunny;walk_100;0.8;sunny;;0;5;1.0;1.0;0.1
STU_0438;S09;Car only, long distance;car_100;8.0;any;;0;5;1.0;1.0;0.1
STU_0438;S06;Bus only, long, high crowding;bus_100;5.0;any;high;0;5;1.0;0.83;0.07
STU_0438;S03;Bike only, medium, sunny;bike_100;2.5;sunny;;0;5;1.0;1.0;0.0
STU_0438;S02;Walk only, short, rain;walk_100;0.8;rain;;0;4;0.75;0.7;0.0
STU_0438;S12;Car only, long, age>45;car_100;8.0;any;;0;5;1.0;1.0;0.0
STU_0439;S11;Walk+Bus, medium, rain, high crowding, age>45;walk_bus;3.0;rain;high;1;4;0.75;0.691;0.009
STU_0439;S10;Bike, medium, sunny, age>45;bike_100;3.0;sunny;;0;5;1.0;1.0;0.0
STU_0439;S01;Walk only, short, sunny;walk_100;0.8;sunny;;0;5;1.0;1.0;0.0
STU_0439;S09;Car only, long distance;car_100;8.0;any;;0;5;1.0;1.0;0.1
STU_0439;S06;Bus only, long, high crowding;bus_100;5.0;any;high;0;4;0.75;0.83;0.03
STU_0439;S03;Bike only, medium, sunny;bike_100;2.5;sunny;;0;5;1.0;1.0;0.0
STU_0439;S02;Walk only, short, rain;walk_100;0.8;rain;;0;4;0.75;0.7;0.1
STU_0440;S11;Walk+Bus, medium, rain, high crowding, age>45;walk_bus;3.0;rain;high;1;4;0.75;0.691;0.009
STU_0440;S10;Bike, medium, sunny, age>45;bike_100;3.0;sunny;;0;5;1.0;1.0;0.1
STU_0440;S01;Walk only, short, sunny;walk_100;0.8;sunny;;0;5;1.0;1.0;0.0
STU_0440;S09;Car only, long distance;car_100;8.0;any;;0;5;1.0;1.0;0.0
STU_0440;S06;Bus only, long, high crowding;bus_100;5.0;any;high;0;5;1.0;0.83;0.17
STU_0440;S03;Bike only, medium, sunny;bike_100;2.5;sunny;;0;5;1.0;1.0;0.1
STU_0440;S02;Walk only, short, rain;walk_100;0.8;rain;;0;4;0.75;0.7;0.0
STU_0440;S12;Car only, long, age>45;car_100;8.0;any;;0;5;1.0;1.0;0.0
STU_0440;S05;Bus only, long, low crowding;bus_100;5.0;any;low;0;5;1.0;0.96;0.04
STU_0441;S11;Walk+Bus, medium, rain, high crowding, age>45;walk_bus;3.0;rain;high;1;4;0.75;0.691;0.109
STU_0441;S10;Bike, medium, sunny, age>45;bike_100;3.0;sunny;;0;5;1.0;1.0;0.0
STU_0441;S01;Walk only, short, sunny;walk_100;0.8;sunny;;0;5;1.0;1.0;0.0
STU_0441;S09;Car only, long distance;car_100;8.0;any;;0;5;1.0;1.0;0.0
STU_0441;S06;Bus only, long, high crowding;bus_100;5.0;any;high;0;5;1.0;0.83;0.07
STU_0441;S03;Bike only, medium, sunny;bike_100;2.5;sunny;;0;5;1.0;1.0;0.0
STU_0441;S02;Walk only, short, rain;walk_100;0.8;rain;;0;4;0.75;0.7;0.1
STU_0441;S12;Car only, long, age>45;car_100;8.0;any;;0;5;1.0;1.0;0.0
STU_0442;S11;Walk+Bus, medium, rain, high crowding, age>45;walk_bus;3.0;rain;high;1;4;0.75;0.691;0.009
STU_0442;S10;Bike, medium, sunny, age>45;bike_100;3.0;sunny;;0;5;1.0;1.0;0.0
STU_0442;S01;Walk only, short, sunny;walk_100;0.8;sunny;;0;5;1.0;1.0;0.1
STU_0442;S09;Car only, long distance;car_100;8.0;any;;0;5;1.0;1.0;0.0
STU_0442;S06;Bus only, long, high crowding;bus_100;5.0;any;high;0;5;1.0;0.83;0.07
STU_0442;S03;Bike only, medium, sunny;bike_100;2.5;sunny;;0;5;1.0;1.0;0.0
STU_0442;S02;Walk only, short, rain;walk_100;0.8;rain;;0;4;0.75;0.7;0.0
STU_0443;S11;Walk+Bus, medium, rain, high crowding, age>45;walk_bus;3.0;rain;high;1;3;0.5;0.691;0.091
STU_0443;S10;Bike, medium, sunny, age>45;bike_100;3.0;sunny;;0;4;0.75;1.0;0.2
STU_0443;S01;Walk only, short, sunny;walk_100;0.8;sunny;;0;5;1.0;1.0;0.0
STU_0443;S09;Car only, long distance;car_100;8.0;any;;0;5;1.0;1.0;0.0
STU_0443;S06;Bus only, long, high crowding;bus_100;5.0;any;high;0;4;0.75;0.83;0.03
STU_0443;S03;Bike only, medium, sunny;bike_100;2.5;sunny;;0;5;1.0;1.0;0.0
STU_0443;S02;Walk only, short, rain;walk_100;0.8;rain;;0;3;0.5;0.7;0.1
STU_0443;S12;Car only, long, age>45;car_100;8.0;any;;0;5;1.0;1.0;0.0
STU_0443;S05;Bus only, long, low crowding;bus_100;5.0;any;low;0;5;1.0;0.96;0.04
STU_0444;S11;Walk+Bus, medium, rain, high crowding, age>45;walk_bus;3.0;rain;high;1;4;0.75;0.691;0.109
STU_0444;S10;Bike, medium, sunny, age>45;bike_100;3.0;sunny;;0;5;1.0;1.0;0.0
STU_0444;S01;Walk only, short, sunny;walk_100;0.8;sunny;;0;5;1.0;1.0;0.1
STU_0444;S09;Car only, long distance;car_100;8.0;any;;0;5;1.0;1.0;0.0
STU_0444;S06;Bus only, long, high crowding;bus_100;5.0;any;high;0;5;1.0;0.83;0.07
STU_0444;S03;Bike only, medium, sunny;bike_100;2.5;sunny;;0;5;1.0;1.0;0.0
STU_0445;S11;Walk+Bus, medium, rain, high crowding, age>45;walk_bus;3.0;rain;high;1;4;0.75;0.691;0.109
STU_0445;S10;Bike, medium, sunny, age>45;bike_100;3.0;sunny;;0;5;1.0;1.0;0.0
STU_0445;S01;Walk only, short, sunny;walk_100;0.8;sunny;;0;5;1.0;1.0;0.0
STU_0445;S09;Car only, long distance;car_100;8.0;any;;0;5;1.0;1.0;0.0
STU_0445;S06;Bus only, long, high crowding;bus_100;5.0;any;high;0;5;1.0;0.83;0.07
STU_0445;S03;Bike only, medium, sunny;bike_100;2.5;sunny;;0;5;1.0;1.0;0.1
STU_0445;S02;Walk only, short, rain;walk_100;0.8;rain;;0;4;0.75;0.7;0.1
STU_0446;S11;Walk+Bus, medium, rain, high crowding, age>45;walk_bus;3.0;rain;high;1;4;0.75;0.691;0.009
STU_0446;S10;Bike, medium, sunny, age>45;bike_100;3.0;sunny;;0;5;1.0;1.0;0.0
STU_0446;S01;Walk only, short, sunny;walk_100;0.8;sunny;;0;5;1.0;1.0;0.0
STU_0446;S09;Car only, long distance;car_100;8.0;any;;0;5;1.0;1.0;0.0
STU_0446;S06;Bus only, long, high crowding;bus_100;5.0;any;high;0;5;1.0;0.83;0.07
STU_0446;S03;Bike only, medium, sunny;bike_100;2.5;sunny;;0;5;1.0;1.0;0.0
STU_0446;S02;Walk only, short, rain;walk_100;0.8;rain;;0;4;0.75;0.7;0.0
STU_0446;S12;Car only, long, age>45;car_100;8.0;any;;0;5;1.0;1.0;0.0
STU_0447;S11;Walk+Bus, medium, rain, high crowding, age>45;walk_bus;3.0;rain;high;1;5;1.0;0.691;0.209
STU_0447;S10;Bike, medium, sunny, age>45;bike_100;3.0;sunny;;0;5;1.0;1.0;0.0
STU_0447;S01;Walk only, short, sunny;walk_100;0.8;sunny;;0;5;1.0;1.0;0.1
STU_0447;S09;Car only, long distance;car_100;8.0;any;;0;5;1.0;1.0;0.0
STU_0447;S06;Bus only, long, high crowding;bus_100;5.0;any;high;0;5;1.0;0.83;0.17
STU_0448;S11;Walk+Bus, medium, rain, high crowding, age>45;walk_bus;3.0;rain;high;1;3;0.5;0.691;0.091
STU_0448;S10;Bike, medium, sunny, age>45;bike_100;3.0;sunny;;0;5;1.0;1.0;0.1
STU_0448;S01;Walk only, short, sunny;walk_100;0.8;sunny;;0;4;0.75;1.0;0.2
STU_0448;S09;Car only, long distance;car_100;8.0;any;;0;4;0.75;1.0;0.2
STU_0448;S06;Bus only, long, high crowding;bus_100;5.0;any;high;0;5;1.0;0.83;0.07
STU_0448;S03;Bike only, medium, sunny;bike_100;2.5;sunny;;0;5;1.0;1.0;0.0
STU_0448;S02;Walk only, short, rain;walk_100;0.8;rain;;0;4;0.75;0.7;0.0
STU_0449;S11;Walk+Bus, medium, rain, high crowding, age>45;walk_bus;3.0;rain;high;1;4;0.75;0.691;0.109
STU_0449;S10;Bike, medium, sunny, age>45;bike_100;3.0;sunny;;0;4;0.75;0.85;0.05
STU_0449;S01;Walk only, short, sunny;walk_100;0.8;sunny;;0;5;1.0;1.0;0.0
STU_0449;S09;Car only, long distance;car_100;8.0;any;;0;5;1.0;1.0;0.0
STU_0449;S06;Bus only, long, high crowding;bus_100;5.0;any;high;0;4;0.75;0.83;0.13
STU_0450;S11;Walk+Bus, medium, rain, high crowding, age>45;walk_bus;3.0;rain;high;1;3;0.5;0.691;0.091
STU_0450;S10;Bike, medium, sunny, age>45;bike_100;3.0;sunny;;0;5;1.0;1.0;0.0
STU_0450;S01;Walk only, short, sunny;walk_100;0.8;sunny;;0;5;1.0;1.0;0.0
STU_0450;S09;Car only, long distance;car_100;8.0;any;;0;5;1.0;1.0;0.0
STU_0450;S06;Bus only, long, high crowding;bus_100;5.0;any;high;0;4;0.75;0.83;0.13
STU_0450;S03;Bike only, medium, sunny;bike_100;2.5;sunny;;0;5;1.0;1.0;0.1
STU_0450;S02;Walk only, short, rain;walk_100;0.8;rain;;0;4;0.75;0.7;0.1
STU_0450;S12;Car only, long, age>45;car_100;8.0;any;;0;4;0.75;1.0;0.2
STU_0450;S05;Bus only, long, low crowding;bus_100;5.0;any;low;0;5;1.0;0.96;0.04
STU_0451;S11;Walk+Bus, medium, rain, high crowding, age>45;walk_bus;3.0;rain;high;1;2;0.25;0.691;0.291
STU_0451;S10;Bike, medium, sunny, age>45;bike_100;3.0;sunny;;0;5;1.0;1.0;0.0
STU_0451;S01;Walk only, short, sunny;walk_100;0.8;sunny;;0;5;1.0;1.0;0.0
STU_0451;S09;Car only, long distance;car_100;8.0;any;;0;5;1.0;1.0;0.1
STU_0451;S06;Bus only, long, high crowding;bus_100;5.0;any;high;0;4;0.75;0.83;0.03
STU_0451;S03;Bike only, medium, sunny;bike_100;2.5;sunny;;0;5;1.0;1.0;0.1
STU_0452;S11;Walk+Bus, medium, rain, high crowding, age>45;walk_bus;3.0;rain;high;1;4;0.75;0.691;0.109
STU_0452;S10;Bike, medium, sunny, age>45;bike_100;3.0;sunny;;0;5;1.0;1.0;0.0
STU_0452;S01;Walk only, short, sunny;walk_100;0.8;sunny;;0;5;1.0;1.0;0.0
STU_0452;S09;Car only, long distance;car_100;8.0;any;;0;5;1.0;1.0;0.0
STU_0453;S11;Walk+Bus, medium, rain, high crowding, age>45;walk_bus;3.0;rain;high;1;4;0.75;0.691;0.009
STU_0453;S10;Bike, medium, sunny, age>45;bike_100;3.0;sunny;;0;5;1.0;1.0;0.1
STU_0453;S01;Walk only, short, sunny;walk_100;0.8;sunny;;0;5;1.0;1.0;0.0
STU_0453;S09;Car only, long distance;car_100;8.0;any;;0;5;1.0;1.0;0.1
STU_0453;S06;Bus only, long, high crowding;bus_100;5.0;any;high;0;5;1.0;0.83;0.07
STU_0453;S03;Bike only, medium, sunny;bike_100;2.5;sunny;;0;5;1.0;1.0;0.0
STU_0454;S11;Walk+Bus, medium, rain, high crowding, age>45;walk_bus;3.0;rain;high;1;4;0.75;0.691;0.109
STU_0454;S10;Bike, medium, sunny, age>45;bike_100;3.0;sunny;;0;5;1.0;1.0;0.0
STU_0454;S01;Walk only, short, sunny;walk_100;0.8;sunny;;0;5;1.0;1.0;0.0
STU_0454;S09;Car only, long distance;car_100;8.0;any;;0;5;1.0;1.0;0.0
STU_0454;S06;Bus only, long, high crowding;bus_100;5.0;any;high;0;5;1.0;0.83;0.07
STU_0454;S03;Bike only, medium, sunny;bike_100;2.5;sunny;;0;5;1.0;1.0;0.0
STU_0454;S02;Walk only, short, rain;walk_100;0.8;rain;;0;4;0.75;0.7;0.0
STU_0455;S11;Walk+Bus, medium, rain, high crowding, age>45;walk_bus;3.0;rain;high;1;4;0.75;0.691;0.109
STU_0455;S10;Bike, medium, sunny, age>45;bike_100;3.0;sunny;;0;5;1.0;1.0;0.0
STU_0455;S01;Walk only, short, sunny;walk_100;0.8;sunny;;0;5;1.0;1.0;0.1
STU_0455;S09;Car only, long distance;car_100;8.0;any;;0;5;1.0;1.0;0.0
STU_0455;S06;Bus only, long, high crowding;bus_100;5.0;any;high;0;4;0.75;0.83;0.13
STU_0456;S11;Walk+Bus, medium, rain, high crowding, age>45;walk_bus;3.0;rain;high;1;3;0.5;0.691;0.091
STU_0456;S10;Bike, medium, sunny, age>45;bike_100;3.0;sunny;;0;5;1.0;1.0;0.0
STU_0456;S01;Walk only, short, sunny;walk_100;0.8;sunny;;0;5;1.0;1.0;0.0
STU_0456;S09;Car only, long distance;car_100;8.0;any;;0;5;1.0;1.0;0.0
STU_0456;S06;Bus only, long, high crowding;bus_100;5.0;any;high;0;5;1.0;0.83;0.07
STU_0457;S11;Walk+Bus, medium, rain, high crowding, age>45;walk_bus;3.0;rain;high;1;4;0.75;0.691;0.109
STU_0457;S10;Bike, medium, sunny, age>45;bike_100;3.0;sunny;;0;5;1.0;1.0;0.1
STU_0457;S01;Walk only, short, sunny;walk_100;0.8;sunny;;0;5;1.0;1.0;0.0
STU_0457;S09;Car only, long distance;car_100;8.0;any;;0;5;1.0;1.0;0.0
STU_0457;S06;Bus only, long, high crowding;bus_100;5.0;any;high;0;5;1.0;0.83;0.07
STU_0457;S03;Bike only, medium, sunny;bike_100;2.5;sunny;;0;5;1.0;1.0;0.0
STU_0457;S02;Walk only, short, rain;walk_100;0.8;rain;;0;4;0.75;0.7;0.0
STU_0457;S12;Car only, long, age>45;car_100;8.0;any;;0;5;1.0;1.0;0.0
STU_0458;S11;Walk+Bus, medium, rain, high crowding, age>45;walk_bus;3.0;rain;high;1;3;0.5;0.691;0.091
STU_0458;S10;Bike, medium, sunny, age>45;bike_100;3.0;sunny;;0;5;1.0;1.0;0.0
STU_0458;S01;Walk only, short, sunny;walk_100;0.8;sunny;;0;5;1.0;1.0;0.0
STU_0458;S09;Car only, long distance;car_100;8.0;any;;0;5;1.0;1.0;0.1
STU_0458;S06;Bus only, long, high crowding;bus_100;5.0;any;high;0;4;0.75;0.83;0.03
STU_0459;S11;Walk+Bus, medium, rain, high crowding, age>45;walk_bus;3.0;rain;high;1;3;0.5;0.691;0.091
STU_0459;S10;Bike, medium, sunny, age>45;bike_100;3.0;sunny;;0;5;1.0;1.0;0.1
STU_0459;S01;Walk only, short, sunny;walk_100;0.8;sunny;;0;5;1.0;1.0;0.0
STU_0459;S09;Car only, long distance;car_100;8.0;any;;0;5;1.0;1.0;0.0
STU_0459;S06;Bus only, long, high crowding;bus_100;5.0;any;high;0;4;0.75;0.83;0.03
STU_0459;S03;Bike only, medium, sunny;bike_100;2.5;sunny;;0;5;1.0;1.0;0.1
STU_0459;S02;Walk only, short, rain;walk_100;0.8;rain;;0;4;0.75;0.7;0.0
STU_0459;S12;Car only, long, age>45;car_100;8.0;any;;0;5;1.0;1.0;0.1
STU_0460;S11;Walk+Bus, medium, rain, high crowding, age>45;walk_bus;3.0;rain;high;1;4;0.75;0.691;0.009
STU_0460;S10;Bike, medium, sunny, age>45;bike_100;3.0;sunny;;0;5;1.0;1.0;0.0
STU_0460;S01;Walk only, short, sunny;walk_100;0.8;sunny;;0;5;1.0;1.0;0.0
STU_0460;S09;Car only, long distance;car_100;8.0;any;;0;5;1.0;1.0;0.0
STU_0460;S06;Bus only, long, high crowding;bus_100;5.0;any;high;0;4;0.75;0.83;0.03
STU_0460;S03;Bike only, medium, sunny;bike_100;2.5;sunny;;0;5;1.0;1.0;0.0
STU_0460;S02;Walk only, short, rain;walk_100;0.8;rain;;0;4;0.75;0.7;0.0
STU_0460;S12;Car only, long, age>45;car_100;8.0;any;;0;5;1.0;1.0;0.0
STU_0460;S05;Bus only, long, low crowding;bus_100;5.0;any;low;0;5;1.0;0.96;0.04
STU_0461;S11;Walk+Bus, medium, rain, high crowding, age>45;walk_bus;3.0;rain;high;1;4;0.75;0.691;0.009
STU_0461;S10;Bike, medium, sunny, age>45;bike_100;3.0;sunny;;0;5;1.0;0.85;0.15
STU_0461;S01;Walk only, short, sunny;walk_100;0.8;sunny;;0;4;0.75;1.0;0.2
STU_0461;S09;Car only, long distance;car_100;8.0;any;;0;5;1.0;1.0;0.1
STU_0462;S11;Walk+Bus, medium, rain, high crowding, age>45;walk_bus;3.0;rain;high;1;4;0.75;0.691;0.109
STU_0462;S10;Bike, medium, sunny, age>45;bike_100;3.0;sunny;;0;5;1.0;1.0;0.0
STU_0462;S01;Walk only, short, sunny;walk_100;0.8;sunny;;0;4;0.75;1.0;0.2
STU_0462;S09;Car only, long distance;car_100;8.0;any;;0;5;1.0;1.0;0.0
STU_0462;S06;Bus only, long, high crowding;bus_100;5.0;any;high;0;4;0.75;0.83;0.13
STU_0462;S03;Bike only, medium, sunny;bike_100;2.5;sunny;;0;5;1.0;1.0;0.0
STU_0462;S02;Walk only, short, rain;walk_100;0.8;rain;;0;4;0.75;0.7;0.0
STU_0463;S11;Walk+Bus, medium, rain, high crowding, age>45;walk_bus;3.0;rain;high;1;4;0.75;0.691;0.009
STU_0463;S10;Bike, medium, sunny, age>45;bike_100;3.0;sunny;;0;5;1.0;1.0;0.0
STU_0463;S01;Walk only, short, sunny;walk_100;0.8;sunny;;0;5;1.0;1.0;0.0
STU_0463;S09;Car only, long distance;car_100;8.0;any;;0;5;1.0;1.0;0.0
STU_0463;S06;Bus only, long, high crowding;bus_100;5.0;any;high;0;5;1.0;0.83;0.17
STU_0463;S03;Bike only, medium, sunny;bike_100;2.5;sunny;;0;5;1.0;1.0;0.0
STU_0463;S02;Walk only, short, rain;walk_100;0.8;rain;;0;4;0.75;0.7;0.1
STU_0463;S12;Car only, long, age>45;car_100;8.0;any;;0;5;1.0;1.0;0.0
STU_0464;S11;Walk+Bus, medium, rain, high crowding, age>45;walk_bus;3.0;rain;high;1;3;0.5;0.691;0.091
STU_0464;S10;Bike, medium, sunny, age>45;bike_100;3.0;sunny;;0;5;1.0;1.0;0.1
STU_0464;S01;Walk only, short, sunny;walk_100;0.8;sunny;;0;5;1.0;1.0;0.0
STU_0464;S09;Car only, long distance;car_100;8.0;any;;0;5;1.0;1.0;0.0
STU_0465;S11;Walk+Bus, medium, rain, high crowding, age>45;walk_bus;3.0;rain;high;1;4;0.75;0.691;0.109
STU_0465;S10;Bike, medium, sunny, age>45;bike_100;3.0;sunny;;0;5;1.0;1.0;0.0
STU_0465;S01;Walk only, short, sunny;walk_100;0.8;sunny;;0;5;1.0;1.0;0.0
STU_0465;S09;Car only, long distance;car_100;8.0;any;;0;5;1.0;1.0;0.0
STU_0465;S06;Bus only, long, high crowding;bus_100;5.0;any;high;0;4;0.75;0.83;0.03
STU_0466;S11;Walk+Bus, medium, rain, high crowding, age>45;walk_bus;3.0;rain;high;1;4;0.75;0.691;0.009
STU_0466;S10;Bike, medium, sunny, age>45;bike_100;3.0;sunny;;0;5;1.0;1.0;0.0
STU_0466;S01;Walk only, short, sunny;walk_100;0.8;sunny;;0;5;1.0;1.0;0.0
STU_0466;S09;Car only, long distance;car_100;8.0;any;;0;5;1.0;1.0;0.0
STU_0466;S06;Bus only, long, high crowding;bus_100;5.0;any;high;0;4;0.75;0.83;0.03
STU_0467;S11;Walk+Bus, medium, rain, high crowding, age>45;walk_bus;3.0;rain;high;1;4;0.75;0.691;0.109
STU_0467;S10;Bike, medium, sunny, age>45;bike_100;3.0;sunny;;0;5;1.0;1.0;0.0
STU_0467;S01;Walk only, short, sunny;walk_100;0.8;sunny;;0;5;1.0;1.0;0.0
STU_0467;S09;Car only, long distance;car_100;8.0;any;;0;5;1.0;1.0;0.1
STU_0468;S11;Walk+Bus, medium, rain, high crowding, age>45;walk_bus;3.0;rain;high;1;3;0.5;0.691;0.191
STU_0468;S10;Bike, medium, sunny, age>45;bike_100;3.0;sunny;;0;5;1.0;1.0;0.0
STU_0468;S01;Walk only, short, sunny;walk_100;0.8;sunny;;0;5;1.0;1.0;0.0
STU_0468;S09;Car only, long distance;car_100;8.0;any;;0;5;1.0;1.0;0.0
STU_0468;S06;Bus only, long, high crowding;bus_100;5.0;any;high;0;5;1.0;0.83;0.17
STU_0469;S11;Walk+Bus, medium, rain, high crowding, age>45;walk_bus;3.0;rain;high;1;4;0.75;0.691;0.109
STU_0469;S10;Bike, medium, sunny, age>45;bike_100;3.0;sunny;;0;5;1.0;1.0;0.1
STU_0469;S01;Walk only, short, sunny;walk_100;0.8;sunny;;0;5;1.0;1.0;0.0
STU_0469;S09;Car only, long distance;car_100;8.0;any;;0;5;1.0;1.0;0.0
STU_0469;S06;Bus only, long, high crowding;bus_100;5.0;any;high;0;5;1.0;0.83;0.07
STU_0469;S03;Bike only, medium, sunny;bike_100;2.5;sunny;;0;5;1.0;1.0;0.0
STU_0469;S02;Walk only, short, rain;walk_100;0.8;rain;;0;4;0.75;0.7;0.0
STU_0469;S12;Car only, long, age>45;car_100;8.0;any;;0;5;1.0;1.0;0.0
STU_0469;S05;Bus only, long, low crowding;bus_100;5.0;any;low;0;5;1.0;0.96;0.04
STU_0470;S11;Walk+Bus, medium, rain, high crowding, age>45;walk_bus;3.0;rain;high;1;4;0.75;0.691;0.109
STU_0470;S10;Bike, medium, sunny, age>45;bike_100;3.0;sunny;;0;5;1.0;1.0;0.0
STU_0470;S01;Walk only, short, sunny;walk_100;0.8;sunny;;0;5;1.0;1.0;0.0
STU_0470;S09;Car only, long distance;car_100;8.0;any;;0;4;0.75;1.0;0.2
STU_0470;S06;Bus only, long, high crowding;bus_100;5.0;any;high;0;4;0.75;0.83;0.03
STU_0470;S03;Bike only, medium, sunny;bike_100;2.5;sunny;;0;5;1.0;1.0;0.0
STU_0470;S02;Walk only, short, rain;walk_100;0.8;rain;;0;4;0.75;0.7;0.0
STU_0470;S12;Car only, long, age>45;car_100;8.0;any;;0;5;1.0;1.0;0.0
STU_0470;S05;Bus only, long, low crowding;bus_100;5.0;any;low;0;5;1.0;0.96;0.04
STU_0471;S11;Walk+Bus, medium, rain, high crowding, age>45;walk_bus;3.0;rain;high;1;3;0.5;0.691;0.091
STU_0471;S10;Bike, medium, sunny, age>45;bike_100;3.0;sunny;;0;5;1.0;1.0;0.1
STU_0471;S01;Walk only, short, sunny;walk_100;0.8;sunny;;0;5;1.0;1.0;0.0
STU_0471;S09;Car only, long distance;car_100;8.0;any;;0;5;1.0;1.0;0.1
STU_0472;S11;Walk+Bus, medium, rain, high crowding, age>45;walk_bus;3.0;rain;high;1;4;0.75;0.691;0.009
STU_0472;S10;Bike, medium, sunny, age>45;bike_100;3.0;sunny;;0;5;1.0;0.85;0.05
STU_0472;S01;Walk only, short, sunny;walk_100;0.8;sunny;;0;5;1.0;1.0;0.1
STU_0472;S09;Car only, long distance;car_100;8.0;any;;0;5;1.0;1.0;0.0
STU_0472;S06;Bus only, long, high crowding;bus_100;5.0;any;high;0;4;0.75;0.83;0.13
STU_0472;S03;Bike only, medium, sunny;bike_100;2.5;sunny;;0;5;1.0;0.85;0.05
STU_0472;S02;Walk only, short, rain;walk_100;0.8;rain;;0;4;0.75;0.7;0.0
STU_0472;S12;Car only, long, age>45;car_100;8.0;any;;0;5;1.0;1.0;0.1
STU_0473;S11;Walk+Bus, medium, rain, high crowding, age>45;walk_bus;3.0;rain;high;1;3;0.5;0.646;0.146
STU_0473;S10;Bike, medium, sunny, age>45;bike_100;3.0;sunny;;0;4;0.75;0.8;0.1
STU_0473;S01;Walk only, short, sunny;walk_100;0.8;sunny;;0;4;0.75;0.85;0.15
STU_0473;S09;Car only, long distance;car_100;8.0;any;;0;5;1.0;1.0;0.0
STU_0473;S06;Bus only, long, high crowding;bus_100;5.0;any;high;0;5;1.0;0.83;0.07
STU_0473;S03;Bike only, medium, sunny;bike_100;2.5;sunny;;0;4;0.75;0.8;0.1
STU_0473;S02;Walk only, short, rain;walk_100;0.8;rain;;0;3;0.5;0.55;0.05
STU_0473;S12;Car only, long, age>45;car_100;8.0;any;;0;5;1.0;1.0;0.0
STU_0474;S11;Walk+Bus, medium, rain, high crowding, age>45;walk_bus;3.0;rain;high;1;4;0.75;0.691;0.109
STU_0474;S10;Bike, medium, sunny, age>45;bike_100;3.0;sunny;;0;5;1.0;1.0;0.1
STU_0474;S01;Walk only, short, sunny;walk_100;0.8;sunny;;0;5;1.0;1.0;0.1
STU_0474;S09;Car only, long distance;car_100;8.0;any;;0;5;1.0;1.0;0.1
STU_0475;S11;Walk+Bus, medium, rain, high crowding, age>45;walk_bus;3.0;rain;high;1;4;0.75;0.646;0.054
STU_0475;S10;Bike, medium, sunny, age>45;bike_100;3.0;sunny;;0;4;0.75;0.8;0.1
STU_0475;S01;Walk only, short, sunny;walk_100;0.8;sunny;;0;5;1.0;0.85;0.05
STU_0475;S09;Car only, long distance;car_100;8.0;any;;0;4;0.75;1.0;0.2
STU_0475;S06;Bus only, long, high crowding;bus_100;5.0;any;high;0;4;0.75;0.83;0.03
STU_0475;S03;Bike only, medium, sunny;bike_100;2.5;sunny;;0;4;0.75;0.8;0.0
STU_0475;S02;Walk only, short, rain;walk_100;0.8;rain;;0;3;0.5;0.55;0.05
STU_0475;S12;Car only, long, age>45;car_100;8.0;any;;0;5;1.0;1.0;0.0
STU_0476;S11;Walk+Bus, medium, rain, high crowding, age>45;walk_bus;3.0;rain;high;1;3;0.5;0.691;0.091
STU_0476;S10;Bike, medium, sunny, age>45;bike_100;3.0;sunny;;0;5;1.0;1.0;0.0
STU_0476;S01;Walk only, short, sunny;walk_100;0.8;sunny;;0;5;1.0;1.0;0.0
STU_0476;S09;Car only, long distance;car_100;8.0;any;;0;5;1.0;1.0;0.0
STU_0476;S06;Bus only, long, high crowding;bus_100;5.0;any;high;0;4;0.75;0.83;0.03
STU_0476;S03;Bike only, medium, sunny;bike_100;2.5;sunny;;0;5;1.0;1.0;0.0
STU_0476;S02;Walk only, short, rain;walk_100;0.8;rain;;0;5;1.0;0.7;0.2
STU_0476;S12;Car only, long, age>45;car_100;8.0;any;;0;5;1.0;1.0;0.0
STU_0477;S11;Walk+Bus, medium, rain, high crowding, age>45;walk_bus;3.0;rain;high;1;4;0.75;0.691;0.109
STU_0477;S10;Bike, medium, sunny, age>45;bike_100;3.0;sunny;;0;5;1.0;1.0;0.0
STU_0477;S01;Walk only, short, sunny;walk_100;0.8;sunny;;0;5;1.0;1.0;0.0
STU_0477;S09;Car only, long distance;car_100;8.0;any;;0;5;1.0;1.0;0.0
STU_0477;S06;Bus only, long, high crowding;bus_100;5.0;any;high;0;4;0.75;0.83;0.03
STU_0477;S03;Bike only, medium, sunny;bike_100;2.5;sunny;;0;5;1.0;1.0;0.0
STU_0477;S02;Walk only, short, rain;walk_100;0.8;rain;;0;4;0.75;0.7;0.1
STU_0477;S12;Car only, long, age>45;car_100;8.0;any;;0;5;1.0;1.0;0.0
STU_0477;S05;Bus only, long, low crowding;bus_100;5.0;any;low;0;5;1.0;0.96;0.04
STU_0478;S11;Walk+Bus, medium, rain, high crowding, age>45;walk_bus;3.0;rain;high;1;4;0.75;0.691;0.009
STU_0478;S10;Bike, medium, sunny, age>45;bike_100;3.0;sunny;;0;5;1.0;1.0;0.0
STU_0478;S01;Walk only, short, sunny;walk_100;0.8;sunny;;0;5;1.0;1.0;0.0
STU_0478;S09;Car only, long distance;car_100;8.0;any;;0;5;1.0;1.0;0.0
STU_0478;S06;Bus only, long, high crowding;bus_100;5.0;any;high;0;4;0.75;0.83;0.13
STU_0478;S03;Bike only, medium, sunny;bike_100;2.5;sunny;;0;5;1.0;1.0;0.1
STU_0478;S02;Walk only, short, rain;walk_100;0.8;rain;;0;4;0.75;0.7;0.0
STU_0478;S12;Car only, long, age>45;car_100;8.0;any;;0;5;1.0;1.0;0.0
STU_0479;S11;Walk+Bus, medium, rain, high crowding, age>45;walk_bus;3.0;rain;high;1;4;0.75;0.691;0.109
STU_0479;S10;Bike, medium, sunny, age>45;bike_100;3.0;sunny;;0;5;1.0;1.0;0.0
STU_0479;S01;Walk only, short, sunny;walk_100;0.8;sunny;;0;5;1.0;1.0;0.0
STU_0479;S09;Car only, long distance;car_100;8.0;any;;0;5;1.0;1.0;0.0
STU_0479;S06;Bus only, long, high crowding;bus_100;5.0;any;high;0;5;1.0;0.83;0.07
STU_0479;S03;Bike only, medium, sunny;bike_100;2.5;sunny;;0;5;1.0;1.0;0.0
STU_0480;S11;Walk+Bus, medium, rain, high crowding, age>45;walk_bus;3.0;rain;high;1;4;0.75;0.646;0.154
STU_0480;S10;Bike, medium, sunny, age>45;bike_100;3.0;sunny;;0;4;0.75;0.8;0.0
STU_0480;S01;Walk only, short, sunny;walk_100;0.8;sunny;;0;5;1.0;0.85;0.05
STU_0480;S09;Car only, long distance;car_100;8.0;any;;0;5;1.0;1.0;0.0
STU_0480;S06;Bus only, long, high crowding;bus_100;5.0;any;high;0;5;1.0;0.83;0.07
STU_0480;S03;Bike only, medium, sunny;bike_100;2.5;sunny;;0;5;1.0;0.8;0.2
STU_0480;S02;Walk only, short, rain;walk_100;0.8;rain;;0;4;0.75;0.55;0.15
STU_0481;S11;Walk+Bus, medium, rain, high crowding, age>45;walk_bus;3.0;rain;high;1;3;0.5;0.691;0.091
STU_0481;S10;Bike, medium, sunny, age>45;bike_100;3.0;sunny;;0;5;1.0;1.0;0.1
STU_0481;S01;Walk only, short, sunny;walk_100;0.8;sunny;;0;5;1.0;1.0;0.0
STU_0481;S09;Car only, long distance;car_100;8.0;any;;0;5;1.0;1.0;0.0
STU_0481;S06;Bus only, long, high crowding;bus_100;5.0;any;high;0;4;0.75;0.83;0.03
STU_0482;S11;Walk+Bus, medium, rain, high crowding, age>45;walk_bus;3.0;rain;high;1;4;0.75;0.691;0.009
STU_0482;S10;Bike, medium, sunny, age>45;bike_100;3.0;sunny;;0;5;1.0;1.0;0.0
STU_0482;S01;Walk only, short, sunny;walk_100;0.8;sunny;;0;5;1.0;1.0;0.0
STU_0482;S09;Car only, long distance;car_100;8.0;any;;0;5;1.0;1.0;0.0
STU_0482;S06;Bus only, long, high crowding;bus_100;5.0;any;high;0;5;1.0;0.83;0.07
STU_0482;S03;Bike only, medium, sunny;bike_100;2.5;sunny;;0;5;1.0;1.0;0.0
STU_0483;S11;Walk+Bus, medium, rain, high crowding, age>45;walk_bus;3.0;rain;high;1;4;0.75;0.691;0.009
STU_0483;S10;Bike, medium, sunny, age>45;bike_100;3.0;sunny;;0;5;1.0;1.0;0.1
STU_0483;S01;Walk only, short, sunny;walk_100;0.8;sunny;;0;5;1.0;1.0;0.0
STU_0483;S09;Car only, long distance;car_100;8.0;any;;0;5;1.0;1.0;0.1
STU_0483;S06;Bus only, long, high crowding;bus_100;5.0;any;high;0;4;0.75;0.83;0.03
STU_0483;S03;Bike only, medium, sunny;bike_100;2.5;sunny;;0;5;1.0;1.0;0.0
STU_0483;S02;Walk only, short, rain;walk_100;0.8;rain;;0;3;0.5;0.7;0.1
STU_0483;S12;Car only, long, age>45;car_100;8.0;any;;0;5;1.0;1.0;0.0
STU_0484;S11;Walk+Bus, medium, rain, high crowding, age>45;walk_bus;3.0;rain;high;1;4;0.75;0.691;0.009
STU_0484;S10;Bike, medium, sunny, age>45;bike_100;3.0;sunny;;0;4;0.75;1.0;0.2
STU_0484;S01;Walk only, short, sunny;walk_100;0.8;sunny;;0;5;1.0;1.0;0.0
STU_0484;S09;Car only, long distance;car_100;8.0;any;;0;5;1.0;1.0;0.0
STU_0484;S06;Bus only, long, high crowding;bus_100;5.0;any;high;0;4;0.75;0.83;0.03
STU_0484;S03;Bike only, medium, sunny;bike_100;2.5;sunny;;0;5;1.0;1.0;0.0
STU_0484;S02;Walk only, short, rain;walk_100;0.8;rain;;0;4;0.75;0.7;0.1
STU_0484;S12;Car only, long, age>45;car_100;8.0;any;;0;5;1.0;1.0;0.0
STU_0484;S05;Bus only, long, low crowding;bus_100;5.0;any;low;0;5;1.0;0.96;0.04
STU_0485;S11;Walk+Bus, medium, rain, high crowding, age>45;walk_bus;3.0;rain;high;1;4;0.75;0.691;0.109
STU_0485;S10;Bike, medium, sunny, age>45;bike_100;3.0;sunny;;0;4;0.75;1.0;0.3
STU_0485;S01;Walk only, short, sunny;walk_100;0.8;sunny;;0;5;1.0;1.0;0.1
STU_0485;S09;Car only, long distance;car_100;8.0;any;;0;5;1.0;1.0;0.0
STU_0486;S11;Walk+Bus, medium, rain, high crowding, age>45;walk_bus;3.0;rain;high;1;3;0.5;0.691;0.091
STU_0486;S10;Bike, medium, sunny, age>45;bike_100;3.0;sunny;;0;4;0.75;1.0;0.2
STU_0486;S01;Walk only, short, sunny;walk_100;0.8;sunny;;0;5;1.0;1.0;0.0
STU_0486;S09;Car only, long distance;car_100;8.0;any;;0;5;1.0;1.0;0.0
STU_0486;S06;Bus only, long, high crowding;bus_100;5.0;any;high;0;4;0.75;0.83;0.03
STU_0486;S03;Bike only, medium, sunny;bike_100;2.5;sunny;;0;5;1.0;1.0;0.0
STU_0486;S02;Walk only, short, rain;walk_100;0.8;rain;;0;4;0.75;0.7;0.1
STU_0486;S12;Car only, long, age>45;car_100;8.0;any;;0;5;1.0;1.0;0.0
STU_0487;S11;Walk+Bus, medium, rain, high crowding, age>45;walk_bus;3.0;rain;high;1;3;0.5;0.691;0.091
STU_0487;S10;Bike, medium, sunny, age>45;bike_100;3.0;sunny;;0;5;1.0;1.0;0.0
STU_0487;S01;Walk only, short, sunny;walk_100;0.8;sunny;;0;5;1.0;1.0;0.0
STU_0487;S09;Car only, long distance;car_100;8.0;any;;0;5;1.0;1.0;0.0
STU_0487;S06;Bus only, long, high crowding;bus_100;5.0;any;high;0;5;1.0;0.83;0.07
STU_0487;S03;Bike only, medium, sunny;bike_100;2.5;sunny;;0;5;1.0;1.0;0.0
STU_0487;S02;Walk only, short, rain;walk_100;0.8;rain;;0;4;0.75;0.7;0.1
STU_0487;S12;Car only, long, age>45;car_100;8.0;any;;0;5;1.0;1.0;0.0
STU_0487;S05;Bus only, long, low crowding;bus_100;5.0;any;low;0;5;1.0;0.96;0.04
STU_0488;S11;Walk+Bus, medium, rain, high crowding, age>45;walk_bus;3.0;rain;high;1;4;0.75;0.691;0.109
STU_0488;S10;Bike, medium, sunny, age>45;bike_100;3.0;sunny;;0;5;1.0;1.0;0.0
STU_0488;S01;Walk only, short, sunny;walk_100;0.8;sunny;;0;5;1.0;1.0;0.0
STU_0488;S09;Car only, long distance;car_100;8.0;any;;0;4;0.75;1.0;0.2
STU_0488;S06;Bus only, long, high crowding;bus_100;5.0;any;high;0;4;0.75;0.83;0.03
STU_0488;S03;Bike only, medium, sunny;bike_100;2.5;sunny;;0;4;0.75;1.0;0.2
STU_0488;S02;Walk only, short, rain;walk_100;0.8;rain;;0;3;0.5;0.7;0.1
STU_0489;S11;Walk+Bus, medium, rain, high crowding, age>45;walk_bus;3.0;rain;high;1;4;0.75;0.691;0.009
STU_0489;S10;Bike, medium, sunny, age>45;bike_100;3.0;sunny;;0;5;1.0;1.0;0.0
STU_0489;S01;Walk only, short, sunny;walk_100;0.8;sunny;;0;5;1.0;1.0;0.0
STU_0489;S09;Car only, long distance;car_100;8.0;any;;0;5;1.0;1.0;0.0
STU_0489;S06;Bus only, long, high crowding;bus_100;5.0;any;high;0;5;1.0;0.83;0.17
STU_0489;S03;Bike only, medium, sunny;bike_100;2.5;sunny;;0;5;1.0;1.0;0.1
STU_0489;S02;Walk only, short, rain;walk_100;0.8;rain;;0;5;1.0;0.7;0.2
STU_0489;S12;Car only, long, age>45;car_100;8.0;any;;0;5;1.0;1.0;0.0
STU_0490;S11;Walk+Bus, medium, rain, high crowding, age>45;walk_bus;3.0;rain;high;1;4;0.75;0.691;0.009
STU_0490;S10;Bike, medium, sunny, age>45;bike_100;3.0;sunny;;0;5;1.0;0.85;0.05
STU_0490;S01;Walk only, short, sunny;walk_100;0.8;sunny;;0;5;1.0;1.0;0.0
STU_0490;S09;Car only, long distance;car_100;8.0;any;;0;5;1.0;1.0;0.0
STU_0491;S11;Walk+Bus, medium, rain, high crowding, age>45;walk_bus;3.0;rain;high;1;3;0.5;0.691;0.091
STU_0491;S10;Bike, medium, sunny, age>45;bike_100;3.0;sunny;;0;5;1.0;1.0;0.0
STU_0491;S01;Walk only, short, sunny;walk_100;0.8;sunny;;0;5;1.0;1.0;0.1
STU_0491;S09;Car only, long distance;car_100;8.0;any;;0;5;1.0;1.0;0.0
STU_0491;S06;Bus only, long, high crowding;bus_100;5.0;any;high;0;5;1.0;0.83;0.07
STU_0491;S03;Bike only, medium, sunny;bike_100;2.5;sunny;;0;5;1.0;1.0;0.0
STU_0491;S02;Walk only, short, rain;walk_100;0.8;rain;;0;4;0.75;0.7;0.0
STU_0491;S12;Car only, long, age>45;car_100;8.0;any;;0;5;1.0;1.0;0.0
STU_0491;S05;Bus only, long, low crowding;bus_100;5.0;any;low;0;5;1.0;0.96;0.04
STU_0492;S11;Walk+Bus, medium, rain, high crowding, age>45;walk_bus;3.0;rain;high;1;3;0.5;0.646;0.146
STU_0492;S10;Bike, medium, sunny, age>45;bike_100;3.0;sunny;;0;5;1.0;0.8;0.1
STU_0492;S01;Walk only, short, sunny;walk_100;0.8;sunny;;0;5;1.0;0.85;0.15
STU_0492;S09;Car only, long distance;car_100;8.0;any;;0;5;1.0;1.0;0.0
STU_0492;S06;Bus only, long, high crowding;bus_100;5.0;any;high;0;5;1.0;0.83;0.07
STU_0492;S03;Bike only, medium, sunny;bike_100;2.5;sunny;;0;4;0.75;0.8;0.1
STU_0492;S02;Walk only, short, rain;walk_100;0.8;rain;;0;3;0.5;0.55;0.05
STU_0492;S12;Car only, long, age>45;car_100;8.0;any;;0;5;1.0;1.0;0.1
STU_0492;S05;Bus only, long, low crowding;bus_100;5.0;any;low;0;5;1.0;0.96;0.04
STU_0493;S11;Walk+Bus, medium, rain, high crowding, age>45;walk_bus;3.0;rain;high;1;4;0.75;0.691;0.009
STU_0493;S10;Bike, medium, sunny, age>45;bike_100;3.0;sunny;;0;5;1.0;1.0;0.0
STU_0493;S01;Walk only, short, sunny;walk_100;0.8;sunny;;0;5;1.0;1.0;0.0
STU_0493;S09;Car only, long distance;car_100;8.0;any;;0;5;1.0;1.0;0.0
STU_0493;S06;Bus only, long, high crowding;bus_100;5.0;any;high;0;4;0.75;0.83;0.03
STU_0493;S03;Bike only, medium, sunny;bike_100;2.5;sunny;;0;5;1.0;1.0;0.0
STU_0493;S02;Walk only, short, rain;walk_100;0.8;rain;;0;4;0.75;0.7;0.0
STU_0493;S12;Car only, long, age>45;car_100;8.0;any;;0;5;1.0;1.0;0.0
STU_0493;S05;Bus only, long, low crowding;bus_100;5.0;any;low;0;4;0.75;0.96;0.16
STU_0494;S11;Walk+Bus, medium, rain, high crowding, age>45;walk_bus;3.0;rain;high;1;4;0.75;0.691;0.109
STU_0494;S10;Bike, medium, sunny, age>45;bike_100;3.0;sunny;;0;5;1.0;1.0;0.0
STU_0494;S01;Walk only, short, sunny;walk_100;0.8;sunny;;0;5;1.0;1.0;0.0
STU_0494;S09;Car only, long distance;car_100;8.0;any;;0;5;1.0;1.0;0.0
STU_0494;S06;Bus only, long, high crowding;bus_100;5.0;any;high;0;4;0.75;0.83;0.03
STU_0494;S03;Bike only, medium, sunny;bike_100;2.5;sunny;;0;5;1.0;1.0;0.1
STU_0494;S02;Walk only, short, rain;walk_100;0.8;rain;;0;5;1.0;0.7;0.2
STU_0495;S11;Walk+Bus, medium, rain, high crowding, age>45;walk_bus;3.0;rain;high;1;4;0.75;0.691;0.009
STU_0495;S10;Bike, medium, sunny, age>45;bike_100;3.0;sunny;;0;5;1.0;1.0;0.0
STU_0495;S01;Walk only, short, sunny;walk_100;0.8;sunny;;0;5;1.0;1.0;0.1
STU_0495;S09;Car only, long distance;car_100;8.0;any;;0;5;1.0;1.0;0.0
STU_0495;S06;Bus only, long, high crowding;bus_100;5.0;any;high;0;4;0.75;0.83;0.13
STU_0495;S03;Bike only, medium, sunny;bike_100;2.5;sunny;;0;5;1.0;1.0;0.0
STU_0495;S02;Walk only, short, rain;walk_100;0.8;rain;;0;4;0.75;0.7;0.0
STU_0495;S12;Car only, long, age>45;car_100;8.0;any;;0;5;1.0;1.0;0.0
STU_0496;S11;Walk+Bus, medium, rain, high crowding, age>45;walk_bus;3.0;rain;high;1;4;0.75;0.691;0.009
STU_0496;S10;Bike, medium, sunny, age>45;bike_100;3.0;sunny;;0;5;1.0;1.0;0.0
STU_0496;S01;Walk only, short, sunny;walk_100;0.8;sunny;;0;5;1.0;1.0;0.0
STU_0496;S09;Car only, long distance;car_100;8.0;any;;0;5;1.0;1.0;0.0
STU_0496;S06;Bus only, long, high crowding;bus_100;5.0;any;high;0;5;1.0;0.83;0.17
STU_0496;S03;Bike only, medium, sunny;bike_100;2.5;sunny;;0;5;1.0;1.0;0.0
STU_0496;S02;Walk only, short, rain;walk_100;0.8;rain;;0;4;0.75;0.7;0.1
STU_0497;S11;Walk+Bus, medium, rain, high crowding, age>45;walk_bus;3.0;rain;high;1;3;0.5;0.691;0.091
STU_0497;S10;Bike, medium, sunny, age>45;bike_100;3.0;sunny;;0;5;1.0;1.0;0.0
STU_0497;S01;Walk only, short, sunny;walk_100;0.8;sunny;;0;5;1.0;1.0;0.0
STU_0497;S09;Car only, long distance;car_100;8.0;any;;0;5;1.0;1.0;0.0
STU_0497;S06;Bus only, long, high crowding;bus_100;5.0;any;high;0;5;1.0;0.83;0.07
STU_0498;S11;Walk+Bus, medium, rain, high crowding, age>45;walk_bus;3.0;rain;high;1;3;0.5;0.646;0.046
STU_0498;S10;Bike, medium, sunny, age>45;bike_100;3.0;sunny;;0;4;0.75;0.8;0.0
STU_0498;S01;Walk only, short, sunny;walk_100;0.8;sunny;;0;4;0.75;0.85;0.05
STU_0498;S09;Car only, long distance;car_100;8.0;any;;0;4;0.75;1.0;0.2
STU_0498;S06;Bus only, long, high crowding;bus_100;5.0;any;high;0;4;0.75;0.83;0.13
STU_0499;S11;Walk+Bus, medium, rain, high crowding, age>45;walk_bus;3.0;rain;high;1;4;0.75;0.691;0.109
STU_0499;S10;Bike, medium, sunny, age>45;bike_100;3.0;sunny;;0;5;1.0;1.0;0.0
STU_0499;S01;Walk only, short, sunny;walk_100;0.8;sunny;;0;5;1.0;1.0;0.0
STU_0499;S09;Car only, long distance;car_100;8.0;any;;0;5;1.0;1.0;0.0
STU_0499;S06;Bus only, long, high crowding;bus_100;5.0;any;high;0;4;0.75;0.83;0.13
STU_0499;S03;Bike only, medium, sunny;bike_100;2.5;sunny;;0;5;1.0;1.0;0.0
STU_0499;S02;Walk only, short, rain;walk_100;0.8;rain;;0;5;1.0;0.7;0.2
STU_0499;S12;Car only, long, age>45;car_100;8.0;any;;0;4;0.75;1.0;0.2
STU_0500;S11;Walk+Bus, medium, rain, high crowding, age>45;walk_bus;3.0;rain;high;1;4;0.75;0.646;0.054
STU_0500;S10;Bike, medium, sunny, age>45;bike_100;3.0;sunny;;0;3;0.5;0.65;0.05
STU_0500;S01;Walk only, short, sunny;walk_100;0.8;sunny;;0;4;0.75;0.85;0.15
STU_0500;S09;Car only, long distance;car_100;8.0;any;;0;5;1.0;1.0;0.0
STU_0500;S06;Bus only, long, high crowding;bus_100;5.0;any;high;0;5;1.0;0.83;0.07
STU_0500;S03;Bike only, medium, sunny;bike_100;2.5;sunny;;0;4;0.75;0.65;0.15
STU_0500;S02;Walk only, short, rain;walk_100;0.8;rain;;0;4;0.75;0.55;0.15
STU_0501;S11;Walk+Bus, medium, rain, high crowding, age>45;walk_bus;3.0;rain;high;1;4;0.75;0.691;0.009
STU_0501;S10;Bike, medium, sunny, age>45;bike_100;3.0;sunny;;0;5;1.0;1.0;0.0
STU_0501;S01;Walk only, short, sunny;walk_100;0.8;sunny;;0;5;1.0;1.0;0.0
STU_0501;S09;Car only, long distance;car_100;8.0;any;;0;5;1.0;1.0;0.0
STU_0502;S11;Walk+Bus, medium, rain, high crowding, age>45;walk_bus;3.0;rain;high;1;4;0.75;0.691;0.109
STU_0502;S10;Bike, medium, sunny, age>45;bike_100;3.0;sunny;;0;5;1.0;1.0;0.0
STU_0502;S01;Walk only, short, sunny;walk_100;0.8;sunny;;0;5;1.0;1.0;0.0
STU_0502;S09;Car only, long distance;car_100;8.0;any;;0;5;1.0;1.0;0.0
STU_0502;S06;Bus only, long, high crowding;bus_100;5.0;any;high;0;4;0.75;0.83;0.03
STU_0502;S03;Bike only, medium, sunny;bike_100;2.5;sunny;;0;5;1.0;1.0;0.0
STU_0502;S02;Walk only, short, rain;walk_100;0.8;rain;;0;4;0.75;0.7;0.0
STU_0502;S12;Car only, long, age>45;car_100;8.0;any;;0;5;1.0;1.0;0.1
STU_0502;S05;Bus only, long, low crowding;bus_100;5.0;any;low;0;5;1.0;0.96;0.06
STU_0503;S11;Walk+Bus, medium, rain, high crowding, age>45;walk_bus;3.0;rain;high;1;3;0.5;0.691;0.091
STU_0503;S10;Bike, medium, sunny, age>45;bike_100;3.0;sunny;;0;5;1.0;1.0;0.0
STU_0503;S01;Walk only, short, sunny;walk_100;0.8;sunny;;0;5;1.0;1.0;0.1
STU_0503;S09;Car only, long distance;car_100;8.0;any;;0;5;1.0;1.0;0.0
STU_0503;S06;Bus only, long, high crowding;bus_100;5.0;any;high;0;4;0.75;0.83;0.13
STU_0503;S03;Bike only, medium, sunny;bike_100;2.5;sunny;;0;4;0.75;1.0;0.2
STU_0503;S02;Walk only, short, rain;walk_100;0.8;rain;;0;3;0.5;0.7;0.1
STU_0503;S12;Car only, long, age>45;car_100;8.0;any;;0;4;0.75;1.0;0.2
STU_0503;S05;Bus only, long, low crowding;bus_100;5.0;any;low;0;4;0.75;0.96;0.26
STU_0504;S11;Walk+Bus, medium, rain, high crowding, age>45;walk_bus;3.0;rain;high;1;4;0.75;0.691;0.009
STU_0504;S10;Bike, medium, sunny, age>45;bike_100;3.0;sunny;;0;5;1.0;1.0;0.0
STU_0504;S01;Walk only, short, sunny;walk_100;0.8;sunny;;0;5;1.0;1.0;0.0
STU_0504;S09;Car only, long distance;car_100;8.0;any;;0;5;1.0;1.0;0.0
STU_0504;S06;Bus only, long, high crowding;bus_100;5.0;any;high;0;5;1.0;0.83;0.07
STU_0504;S03;Bike only, medium, sunny;bike_100;2.5;sunny;;0;5;1.0;1.0;0.0
STU_0504;S02;Walk only, short, rain;walk_100;0.8;rain;;0;4;0.75;0.7;0.0
STU_0504;S12;Car only, long, age>45;car_100;8.0;any;;0;5;1.0;1.0;0.1
STU_0505;S11;Walk+Bus, medium, rain, high crowding, age>45;walk_bus;3.0;rain;high;1;3;0.5;0.691;0.091
STU_0505;S10;Bike, medium, sunny, age>45;bike_100;3.0;sunny;;0;4;0.75;1.0;0.2
STU_0505;S01;Walk only, short, sunny;walk_100;0.8;sunny;;0;5;1.0;1.0;0.1
STU_0505;S09;Car only, long distance;car_100;8.0;any;;0;5;1.0;1.0;0.0
STU_0505;S06;Bus only, long, high crowding;bus_100;5.0;any;high;0;5;1.0;0.83;0.07
STU_0506;S11;Walk+Bus, medium, rain, high crowding, age>45;walk_bus;3.0;rain;high;1;4;0.75;0.691;0.009
STU_0506;S10;Bike, medium, sunny, age>45;bike_100;3.0;sunny;;0;5;1.0;1.0;0.0
STU_0506;S01;Walk only, short, sunny;walk_100;0.8;sunny;;0;5;1.0;1.0;0.0
STU_0506;S09;Car only, long distance;car_100;8.0;any;;0;5;1.0;1.0;0.0
STU_0506;S06;Bus only, long, high crowding;bus_100;5.0;any;high;0;5;1.0;0.83;0.07
STU_0507;S11;Walk+Bus, medium, rain, high crowding, age>45;walk_bus;3.0;rain;high;1;4;0.75;0.691;0.009
STU_0507;S10;Bike, medium, sunny, age>45;bike_100;3.0;sunny;;0;5;1.0;1.0;0.0
STU_0507;S01;Walk only, short, sunny;walk_100;0.8;sunny;;0;4;0.75;1.0;0.2
STU_0507;S09;Car only, long distance;car_100;8.0;any;;0;5;1.0;1.0;0.0
STU_0507;S06;Bus only, long, high crowding;bus_100;5.0;any;high;0;5;1.0;0.83;0.07
STU_0507;S03;Bike only, medium, sunny;bike_100;2.5;sunny;;0;5;1.0;1.0;0.0
STU_0507;S02;Walk only, short, rain;walk_100;0.8;rain;;0;3;0.5;0.7;0.1
STU_0507;S12;Car only, long, age>45;car_100;8.0;any;;0;5;1.0;1.0;0.1
STU_0507;S05;Bus only, long, low crowding;bus_100;5.0;any;low;0;5;1.0;0.96;0.04
STU_0508;S11;Walk+Bus, medium, rain, high crowding, age>45;walk_bus;3.0;rain;high;1;4;0.75;0.691;0.009
STU_0508;S10;Bike, medium, sunny, age>45;bike_100;3.0;sunny;;0;5;1.0;1.0;0.0
STU_0508;S01;Walk only, short, sunny;walk_100;0.8;sunny;;0;5;1.0;1.0;0.0
STU_0508;S09;Car only, long distance;car_100;8.0;any;;0;5;1.0;1.0;0.1
STU_0508;S06;Bus only, long, high crowding;bus_100;5.0;any;high;0;4;0.75;0.83;0.03
STU_0508;S03;Bike only, medium, sunny;bike_100;2.5;sunny;;0;5;1.0;1.0;0.0
STU_0508;S02;Walk only, short, rain;walk_100;0.8;rain;;0;3;0.5;0.7;0.1
STU_0508;S12;Car only, long, age>45;car_100;8.0;any;;0;4;0.75;1.0;0.2
STU_0509;S11;Walk+Bus, medium, rain, high crowding, age>45;walk_bus;3.0;rain;high;1;3;0.5;0.691;0.091
STU_0509;S10;Bike, medium, sunny, age>45;bike_100;3.0;sunny;;0;5;1.0;1.0;0.0
STU_0509;S01;Walk only, short, sunny;walk_100;0.8;sunny;;0;5;1.0;1.0;0.1
STU_0509;S09;Car only, long distance;car_100;8.0;any;;0;4;0.75;1.0;0.2
STU_0509;S06;Bus only, long, high crowding;bus_100;5.0;any;high;0;5;1.0;0.83;0.07
STU_0509;S03;Bike only, medium, sunny;bike_100;2.5;sunny;;0;5;1.0;1.0;0.0
STU_0509;S02;Walk only, short, rain;walk_100;0.8;rain;;0;5;1.0;0.7;0.2
STU_0510;S11;Walk+Bus, medium, rain, high crowding, age>45;walk_bus;3.0;rain;high;1;4;0.75;0.691;0.109
STU_0510;S10;Bike, medium, sunny, age>45;bike_100;3.0;sunny;;0;5;1.0;1.0;0.0
STU_0510;S01;Walk only, short, sunny;walk_100;0.8;sunny;;0;5;1.0;1.0;0.1
STU_0510;S09;Car only, long distance;car_100;8.0;any;;0;5;1.0;1.0;0.0
STU_0510;S06;Bus only, long, high crowding;bus_100;5.0;any;high;0;5;1.0;0.83;0.07
STU_0511;S11;Walk+Bus, medium, rain, high crowding, age>45;walk_bus;3.0;rain;high;1;5;1.0;0.691;0.209
STU_0511;S10;Bike, medium, sunny, age>45;bike_100;3.0;sunny;;0;5;1.0;1.0;0.0
STU_0511;S01;Walk only, short, sunny;walk_100;0.8;sunny;;0;5;1.0;1.0;0.1
STU_0511;S09;Car only, long distance;car_100;8.0;any;;0;5;1.0;1.0;0.0
STU_0511;S06;Bus only, long, high crowding;bus_100;5.0;any;high;0;4;0.75;0.83;0.13
STU_0511;S03;Bike only, medium, sunny;bike_100;2.5;sunny;;0;5;1.0;1.0;0.0
STU_0511;S02;Walk only, short, rain;walk_100;0.8;rain;;0;4;0.75;0.7;0.1
STU_0512;S11;Walk+Bus, medium, rain, high crowding, age>45;walk_bus;3.0;rain;high;1;3;0.5;0.691;0.091
STU_0512;S10;Bike, medium, sunny, age>45;bike_100;3.0;sunny;;0;5;1.0;1.0;0.0
STU_0512;S01;Walk only, short, sunny;walk_100;0.8;sunny;;0;5;1.0;1.0;0.0
STU_0512;S09;Car only, long distance;car_100;8.0;any;;0;5;1.0;1.0;0.0
STU_0512;S06;Bus only, long, high crowding;bus_100;5.0;any;high;0;4;0.75;0.83;0.13
STU_0513;S11;Walk+Bus, medium, rain, high crowding, age>45;walk_bus;3.0;rain;high;1;4;0.75;0.691;0.009
STU_0513;S10;Bike, medium, sunny, age>45;bike_100;3.0;sunny;;0;5;1.0;1.0;0.0
STU_0513;S01;Walk only, short, sunny;walk_100;0.8;sunny;;0;5;1.0;1.0;0.0
STU_0513;S09;Car only, long distance;car_100;8.0;any;;0;5;1.0;1.0;0.0
STU_0513;S06;Bus only, long, high crowding;bus_100;5.0;any;high;0;4;0.75;0.83;0.03
STU_0514;S11;Walk+Bus, medium, rain, high crowding, age>45;walk_bus;3.0;rain;high;1;4;0.75;0.691;0.109
STU_0514;S10;Bike, medium, sunny, age>45;bike_100;3.0;sunny;;0;5;1.0;1.0;0.0
STU_0514;S01;Walk only, short, sunny;walk_100;0.8;sunny;;0;5;1.0;1.0;0.0
STU_0514;S09;Car only, long distance;car_100;8.0;any;;0;5;1.0;1.0;0.0
STU_0514;S06;Bus only, long, high crowding;bus_100;5.0;any;high;0;5;1.0;0.83;0.07
STU_0514;S03;Bike only, medium, sunny;bike_100;2.5;sunny;;0;5;1.0;1.0;0.0
STU_0515;S11;Walk+Bus, medium, rain, high crowding, age>45;walk_bus;3.0;rain;high;1;4;0.75;0.691;0.009
STU_0515;S10;Bike, medium, sunny, age>45;bike_100;3.0;sunny;;0;5;1.0;1.0;0.1
STU_0515;S01;Walk only, short, sunny;walk_100;0.8;sunny;;0;5;1.0;1.0;0.0
STU_0515;S09;Car only, long distance;car_100;8.0;any;;0;5;1.0;1.0;0.0
STU_0515;S06;Bus only, long, high crowding;bus_100;5.0;any;high;0;4;0.75;0.83;0.13
STU_0516;S11;Walk+Bus, medium, rain, high crowding, age>45;walk_bus;3.0;rain;high;1;4;0.75;0.691;0.009
STU_0516;S10;Bike, medium, sunny, age>45;bike_100;3.0;sunny;;0;5;1.0;1.0;0.0
STU_0516;S01;Walk only, short, sunny;walk_100;0.8;sunny;;0;5;1.0;1.0;0.0
STU_0516;S09;Car only, long distance;car_100;8.0;any;;0;5;1.0;1.0;0.0
STU_0517;S11;Walk+Bus, medium, rain, high crowding, age>45;walk_bus;3.0;rain;high;1;3;0.5;0.646;0.046
STU_0517;S10;Bike, medium, sunny, age>45;bike_100;3.0;sunny;;0;4;0.75;0.8;0.0
STU_0517;S01;Walk only, short, sunny;walk_100;0.8;sunny;;0;5;1.0;0.85;0.15
STU_0517;S09;Car only, long distance;car_100;8.0;any;;0;5;1.0;1.0;0.0
STU_0517;S06;Bus only, long, high crowding;bus_100;5.0;any;high;0;5;1.0;0.83;0.07
STU_0517;S03;Bike only, medium, sunny;bike_100;2.5;sunny;;0;5;1.0;0.8;0.1
STU_0517;S02;Walk only, short, rain;walk_100;0.8;rain;;0;4;0.75;0.55;0.15
STU_0517;S12;Car only, long, age>45;car_100;8.0;any;;0;5;1.0;1.0;0.1
STU_0518;S11;Walk+Bus, medium, rain, high crowding, age>45;walk_bus;3.0;rain;high;1;4;0.75;0.691;0.109
STU_0518;S10;Bike, medium, sunny, age>45;bike_100;3.0;sunny;;0;5;1.0;1.0;0.0
STU_0518;S01;Walk only, short, sunny;walk_100;0.8;sunny;;0;5;1.0;1.0;0.0
STU_0518;S09;Car only, long distance;car_100;8.0;any;;0;5;1.0;1.0;0.0
STU_0518;S06;Bus only, long, high crowding;bus_100;5.0;any;high;0;4;0.75;0.83;0.03
STU_0518;S03;Bike only, medium, sunny;bike_100;2.5;sunny;;0;5;1.0;1.0;0.0
STU_0518;S02;Walk only, short, rain;walk_100;0.8;rain;;0;4;0.75;0.7;0.0
STU_0518;S12;Car only, long, age>45;car_100;8.0;any;;0;5;1.0;1.0;0.0
STU_0519;S11;Walk+Bus, medium, rain, high crowding, age>45;walk_bus;3.0;rain;high;1;4;0.75;0.691;0.009
STU_0519;S10;Bike, medium, sunny, age>45;bike_100;3.0;sunny;;0;5;1.0;1.0;0.0
STU_0519;S01;Walk only, short, sunny;walk_100;0.8;sunny;;0;5;1.0;1.0;0.1
STU_0519;S09;Car only, long distance;car_100;8.0;any;;0;5;1.0;1.0;0.0
STU_0519;S06;Bus only, long, high crowding;bus_100;5.0;any;high;0;4;0.75;0.83;0.03
STU_0519;S03;Bike only, medium, sunny;bike_100;2.5;sunny;;0;5;1.0;1.0;0.0
STU_0519;S02;Walk only, short, rain;walk_100;0.8;rain;;0;4;0.75;0.7;0.1
STU_0520;S11;Walk+Bus, medium, rain, high crowding, age>45;walk_bus;3.0;rain;high;1;4;0.75;0.691;0.009
STU_0520;S10;Bike, medium, sunny, age>45;bike_100;3.0;sunny;;0;5;1.0;1.0;0.0
STU_0520;S01;Walk only, short, sunny;walk_100;0.8;sunny;;0;5;1.0;1.0;0.1
STU_0520;S09;Car only, long distance;car_100;8.0;any;;0;5;1.0;1.0;0.0
STU_0520;S06;Bus only, long, high crowding;bus_100;5.0;any;high;0;4;0.75;0.83;0.03
STU_0521;S11;Walk+Bus, medium, rain, high crowding, age>45;walk_bus;3.0;rain;high;1;4;0.75;0.691;0.009
STU_0521;S10;Bike, medium, sunny, age>45;bike_100;3.0;sunny;;0;5;1.0;1.0;0.0
STU_0521;S01;Walk only, short, sunny;walk_100;0.8;sunny;;0;5;1.0;1.0;0.0
STU_0521;S09;Car only, long distance;car_100;8.0;any;;0;5;1.0;1.0;0.1
STU_0522;S11;Walk+Bus, medium, rain, high crowding, age>45;walk_bus;3.0;rain;high;1;4;0.75;0.691;0.009
STU_0522;S10;Bike, medium, sunny, age>45;bike_100;3.0;sunny;;0;5;1.0;1.0;0.0
STU_0522;S01;Walk only, short, sunny;walk_100;0.8;sunny;;0;5;1.0;1.0;0.1
STU_0522;S09;Car only, long distance;car_100;8.0;any;;0;5;1.0;1.0;0.1
STU_0522;S06;Bus only, long, high crowding;bus_100;5.0;any;high;0;4;0.75;0.83;0.03
STU_0522;S03;Bike only, medium, sunny;bike_100;2.5;sunny;;0;5;1.0;1.0;0.0
STU_0522;S02;Walk only, short, rain;walk_100;0.8;rain;;0;4;0.75;0.7;0.1
STU_0523;S11;Walk+Bus, medium, rain, high crowding, age>45;walk_bus;3.0;rain;high;1;4;0.75;0.691;0.109
STU_0523;S10;Bike, medium, sunny, age>45;bike_100;3.0;sunny;;0;5;1.0;1.0;0.0
STU_0523;S01;Walk only, short, sunny;walk_100;0.8;sunny;;0;5;1.0;1.0;0.0
STU_0523;S09;Car only, long distance;car_100;8.0;any;;0;5;1.0;1.0;0.1
STU_0523;S06;Bus only, long, high crowding;bus_100;5.0;any;high;0;5;1.0;0.83;0.07
STU_0523;S03;Bike only, medium, sunny;bike_100;2.5;sunny;;0;5;1.0;1.0;0.0
STU_0524;S11;Walk+Bus, medium, rain, high crowding, age>45;walk_bus;3.0;rain;high;1;4;0.75;0.691;0.009
STU_0524;S10;Bike, medium, sunny, age>45;bike_100;3.0;sunny;;0;5;1.0;1.0;0.1
STU_0524;S01;Walk only, short, sunny;walk_100;0.8;sunny;;0;5;1.0;1.0;0.0
STU_0524;S09;Car only, long distance;car_100;8.0;any;;0;4;0.75;1.0;0.2
STU_0524;S06;Bus only, long, high crowding;bus_100;5.0;any;high;0;5;1.0;0.83;0.07
STU_0524;S03;Bike only, medium, sunny;bike_100;2.5;sunny;;0;5;1.0;1.0;0.0
STU_0524;S02;Walk only, short, rain;walk_100;0.8;rain;;0;3;0.5;0.7;0.1
STU_0525;S11;Walk+Bus, medium, rain, high crowding, age>45;walk_bus;3.0;rain;high;1;3;0.5;0.691;0.091
STU_0525;S10;Bike, medium, sunny, age>45;bike_100;3.0;sunny;;0;5;1.0;1.0;0.0
STU_0525;S01;Walk only, short, sunny;walk_100;0.8;sunny;;0;5;1.0;1.0;0.0
STU_0525;S09;Car only, long distance;car_100;8.0;any;;0;5;1.0;1.0;0.0
STU_0525;S06;Bus only, long, high crowding;bus_100;5.0;any;high;0;4;0.75;0.83;0.03
STU_0525;S03;Bike only, medium, sunny;bike_100;2.5;sunny;;0;5;1.0;1.0;0.0
STU_0525;S02;Walk only, short, rain;walk_100;0.8;rain;;0;4;0.75;0.7;0.1
STU_0526;S11;Walk+Bus, medium, rain, high crowding, age>45;walk_bus;3.0;rain;high;1;4;0.75;0.691;0.109
STU_0526;S10;Bike, medium, sunny, age>45;bike_100;3.0;sunny;;0;5;1.0;1.0;0.0
STU_0526;S01;Walk only, short, sunny;walk_100;0.8;sunny;;0;5;1.0;1.0;0.0
STU_0526;S09;Car only, long distance;car_100;8.0;any;;0;5;1.0;1.0;0.0
STU_0526;S06;Bus only, long, high crowding;bus_100;5.0;any;high;0;4;0.75;0.83;0.03
STU_0527;S11;Walk+Bus, medium, rain, high crowding, age>45;walk_bus;3.0;rain;high;1;4;0.75;0.691;0.109
STU_0527;S10;Bike, medium, sunny, age>45;bike_100;3.0;sunny;;0;5;1.0;1.0;0.1
STU_0527;S01;Walk only, short, sunny;walk_100;0.8;sunny;;0;5;1.0;1.0;0.0
STU_0527;S09;Car only, long distance;car_100;8.0;any;;0;4;0.75;1.0;0.2
STU_0527;S06;Bus only, long, high crowding;bus_100;5.0;any;high;0;5;1.0;0.83;0.07
STU_0527;S03;Bike only, medium, sunny;bike_100;2.5;sunny;;0;5;1.0;1.0;0.0
STU_0528;S11;Walk+Bus, medium, rain, high crowding, age>45;walk_bus;3.0;rain;high;1;3;0.5;0.691;0.091
STU_0528;S10;Bike, medium, sunny, age>45;bike_100;3.0;sunny;;0;5;1.0;1.0;0.1
STU_0528;S01;Walk only, short, sunny;walk_100;0.8;sunny;;0;4;0.75;1.0;0.2
STU_0528;S09;Car only, long distance;car_100;8.0;any;;0;5;1.0;1.0;0.1
STU_0528;S06;Bus only, long, high crowding;bus_100;5.0;any;high;0;3;0.5;0.83;0.23
STU_0528;S03;Bike only, medium, sunny;bike_100;2.5;sunny;;0;5;1.0;1.0;0.0
STU_0528;S02;Walk only, short, rain;walk_100;0.8;rain;;0;4;0.75;0.7;0.0
STU_0529;S11;Walk+Bus, medium, rain, high crowding, age>45;walk_bus;3.0;rain;high;1;4;0.75;0.691;0.009
STU_0529;S10;Bike, medium, sunny, age>45;bike_100;3.0;sunny;;0;5;1.0;1.0;0.0
STU_0529;S01;Walk only, short, sunny;walk_100;0.8;sunny;;0;5;1.0;1.0;0.0
STU_0529;S09;Car only, long distance;car_100;8.0;any;;0;5;1.0;1.0;0.1
STU_0530;S11;Walk+Bus, medium, rain, high crowding, age>45;walk_bus;3.0;rain;high;1;4;0.75;0.691;0.109
STU_0530;S10;Bike, medium, sunny, age>45;bike_100;3.0;sunny;;0;5;1.0;1.0;0.0
STU_0530;S01;Walk only, short, sunny;walk_100;0.8;sunny;;0;5;1.0;1.0;0.0
STU_0530;S09;Car only, long distance;car_100;8.0;any;;0;5;1.0;1.0;0.0
STU_0531;S11;Walk+Bus, medium, rain, high crowding, age>45;walk_bus;3.0;rain;high;1;4;0.75;0.691;0.109
STU_0531;S10;Bike, medium, sunny, age>45;bike_100;3.0;sunny;;0;5;1.0;1.0;0.0
STU_0531;S01;Walk only, short, sunny;walk_100;0.8;sunny;;0;5;1.0;1.0;0.0
STU_0531;S09;Car only, long distance;car_100;8.0;any;;0;5;1.0;1.0;0.0
STU_0531;S06;Bus only, long, high crowding;bus_100;5.0;any;high;0;4;0.75;0.83;0.03
STU_0531;S03;Bike only, medium, sunny;bike_100;2.5;sunny;;0;5;1.0;1.0;0.0
STU_0531;S02;Walk only, short, rain;walk_100;0.8;rain;;0;5;1.0;0.7;0.2
STU_0531;S12;Car only, long, age>45;car_100;8.0;any;;0;5;1.0;1.0;0.0
STU_0532;S11;Walk+Bus, medium, rain, high crowding, age>45;walk_bus;3.0;rain;high;1;4;0.75;0.691;0.009
STU_0532;S10;Bike, medium, sunny, age>45;bike_100;3.0;sunny;;0;5;1.0;1.0;0.0
STU_0532;S01;Walk only, short, sunny;walk_100;0.8;sunny;;0;5;1.0;1.0;0.0
STU_0532;S09;Car only, long distance;car_100;8.0;any;;0;5;1.0;1.0;0.0
STU_0532;S06;Bus only, long, high crowding;bus_100;5.0;any;high;0;4;0.75;0.83;0.03
STU_0532;S03;Bike only, medium, sunny;bike_100;2.5;sunny;;0;5;1.0;1.0;0.0
STU_0533;S11;Walk+Bus, medium, rain, high crowding, age>45;walk_bus;3.0;rain;high;1;3;0.5;0.691;0.091
STU_0533;S10;Bike, medium, sunny, age>45;bike_100;3.0;sunny;;0;5;1.0;1.0;0.0
STU_0533;S01;Walk only, short, sunny;walk_100;0.8;sunny;;0;5;1.0;1.0;0.0
STU_0533;S09;Car only, long distance;car_100;8.0;any;;0;5;1.0;1.0;0.0
STU_0533;S06;Bus only, long, high crowding;bus_100;5.0;any;high;0;5;1.0;0.83;0.07
STU_0533;S03;Bike only, medium, sunny;bike_100;2.5;sunny;;0;5;1.0;1.0;0.0
STU_0534;S11;Walk+Bus, medium, rain, high crowding, age>45;walk_bus;3.0;rain;high;1;5;1.0;0.691;0.209
STU_0534;S10;Bike, medium, sunny, age>45;bike_100;3.0;sunny;;0;4;0.75;1.0;0.2
STU_0534;S01;Walk only, short, sunny;walk_100;0.8;sunny;;0;5;1.0;1.0;0.1
STU_0534;S09;Car only, long distance;car_100;8.0;any;;0;5;1.0;1.0;0.0
STU_0534;S06;Bus only, long, high crowding;bus_100;5.0;any;high;0;5;1.0;0.83;0.17
STU_0534;S03;Bike only, medium, sunny;bike_100;2.5;sunny;;0;5;1.0;1.0;0.0
STU_0534;S02;Walk only, short, rain;walk_100;0.8;rain;;0;4;0.75;0.7;0.0
STU_0534;S12;Car only, long, age>45;car_100;8.0;any;;0;5;1.0;1.0;0.0
STU_0535;S11;Walk+Bus, medium, rain, high crowding, age>45;walk_bus;3.0;rain;high;1;3;0.5;0.691;0.091
STU_0535;S10;Bike, medium, sunny, age>45;bike_100;3.0;sunny;;0;5;1.0;1.0;0.1
STU_0535;S01;Walk only, short, sunny;walk_100;0.8;sunny;;0;5;1.0;1.0;0.0
STU_0535;S09;Car only, long distance;car_100;8.0;any;;0;5;1.0;1.0;0.0
STU_0535;S06;Bus only, long, high crowding;bus_100;5.0;any;high;0;5;1.0;0.83;0.07
STU_0535;S03;Bike only, medium, sunny;bike_100;2.5;sunny;;0;5;1.0;1.0;0.0
STU_0535;S02;Walk only, short, rain;walk_100;0.8;rain;;0;4;0.75;0.7;0.0
STU_0536;S11;Walk+Bus, medium, rain, high crowding, age>45;walk_bus;3.0;rain;high;1;4;0.75;0.691;0.009
STU_0536;S10;Bike, medium, sunny, age>45;bike_100;3.0;sunny;;0;5;1.0;1.0;0.0
STU_0536;S01;Walk only, short, sunny;walk_100;0.8;sunny;;0;5;1.0;1.0;0.0
STU_0536;S09;Car only, long distance;car_100;8.0;any;;0;5;1.0;1.0;0.0
STU_0536;S06;Bus only, long, high crowding;bus_100;5.0;any;high;0;5;1.0;0.83;0.07
STU_0536;S03;Bike only, medium, sunny;bike_100;2.5;sunny;;0;5;1.0;1.0;0.0
STU_0537;S11;Walk+Bus, medium, rain, high crowding, age>45;walk_bus;3.0;rain;high;1;4;0.75;0.691;0.109
STU_0537;S10;Bike, medium, sunny, age>45;bike_100;3.0;sunny;;0;5;1.0;1.0;0.1
STU_0537;S01;Walk only, short, sunny;walk_100;0.8;sunny;;0;5;1.0;1.0;0.1
STU_0537;S09;Car only, long distance;car_100;8.0;any;;0;5;1.0;1.0;0.0
STU_0538;S11;Walk+Bus, medium, rain, high crowding, age>45;walk_bus;3.0;rain;high;1;5;1.0;0.691;0.209
STU_0538;S10;Bike, medium, sunny, age>45;bike_100;3.0;sunny;;0;5;1.0;1.0;0.0
STU_0538;S01;Walk only, short, sunny;walk_100;0.8;sunny;;0;5;1.0;1.0;0.0
STU_0538;S09;Car only, long distance;car_100;8.0;any;;0;5;1.0;1.0;0.0
STU_0539;S11;Walk+Bus, medium, rain, high crowding, age>45;walk_bus;3.0;rain;high;1;4;0.75;0.691;0.009
STU_0539;S10;Bike, medium, sunny, age>45;bike_100;3.0;sunny;;0;5;1.0;1.0;0.1
STU_0539;S01;Walk only, short, sunny;walk_100;0.8;sunny;;0;5;1.0;1.0;0.0
STU_0539;S09;Car only, long distance;car_100;8.0;any;;0;5;1.0;1.0;0.0
STU_0539;S06;Bus only, long, high crowding;bus_100;5.0;any;high;0;4;0.75;0.83;0.13
STU_0540;S11;Walk+Bus, medium, rain, high crowding, age>45;walk_bus;3.0;rain;high;1;4;0.75;0.691;0.009
STU_0540;S10;Bike, medium, sunny, age>45;bike_100;3.0;sunny;;0;4;0.75;1.0;0.2
STU_0540;S01;Walk only, short, sunny;walk_100;0.8;sunny;;0;5;1.0;1.0;0.0
STU_0540;S09;Car only, long distance;car_100;8.0;any;;0;5;1.0;1.0;0.0
STU_0540;S06;Bus only, long, high crowding;bus_100;5.0;any;high;0;4;0.75;0.83;0.13
STU_0540;S03;Bike only, medium, sunny;bike_100;2.5;sunny;;0;5;1.0;1.0;0.0
STU_0541;S11;Walk+Bus, medium, rain, high crowding, age>45;walk_bus;3.0;rain;high;1;4;0.75;0.691;0.009
STU_0541;S10;Bike, medium, sunny, age>45;bike_100;3.0;sunny;;0;5;1.0;1.0;0.0
STU_0541;S01;Walk only, short, sunny;walk_100;0.8;sunny;;0;5;1.0;1.0;0.0
STU_0541;S09;Car only, long distance;car_100;8.0;any;;0;5;1.0;1.0;0.0
STU_0541;S06;Bus only, long, high crowding;bus_100;5.0;any;high;0;5;1.0;0.83;0.07
STU_0541;S03;Bike only, medium, sunny;bike_100;2.5;sunny;;0;5;1.0;1.0;0.1
STU_0541;S02;Walk only, short, rain;walk_100;0.8;rain;;0;4;0.75;0.7;0.0
STU_0542;S11;Walk+Bus, medium, rain, high crowding, age>45;walk_bus;3.0;rain;high;1;4;0.75;0.691;0.009
STU_0542;S10;Bike, medium, sunny, age>45;bike_100;3.0;sunny;;0;5;1.0;1.0;0.0
STU_0542;S01;Walk only, short, sunny;walk_100;0.8;sunny;;0;5;1.0;1.0;0.1
STU_0542;S09;Car only, long distance;car_100;8.0;any;;0;5;1.0;1.0;0.0
STU_0542;S06;Bus only, long, high crowding;bus_100;5.0;any;high;0;4;0.75;0.83;0.13
STU_0542;S03;Bike only, medium, sunny;bike_100;2.5;sunny;;0;5;1.0;1.0;0.0
STU_0542;S02;Walk only, short, rain;walk_100;0.8;rain;;0;4;0.75;0.7;0.0
STU_0542;S12;Car only, long, age>45;car_100;8.0;any;;0;5;1.0;1.0;0.0
STU_0543;S11;Walk+Bus, medium, rain, high crowding, age>45;walk_bus;3.0;rain;high;1;4;0.75;0.691;0.009
STU_0543;S10;Bike, medium, sunny, age>45;bike_100;3.0;sunny;;0;5;1.0;1.0;0.0
STU_0543;S01;Walk only, short, sunny;walk_100;0.8;sunny;;0;5;1.0;1.0;0.1
STU_0543;S09;Car only, long distance;car_100;8.0;any;;0;5;1.0;1.0;0.0
STU_0543;S06;Bus only, long, high crowding;bus_100;5.0;any;high;0;4;0.75;0.83;0.03
STU_0543;S03;Bike only, medium, sunny;bike_100;2.5;sunny;;0;5;1.0;1.0;0.1
STU_0543;S02;Walk only, short, rain;walk_100;0.8;rain;;0;3;0.5;0.7;0.1
STU_0543;S12;Car only, long, age>45;car_100;8.0;any;;0;5;1.0;1.0;0.0
STU_0544;S11;Walk+Bus, medium, rain, high crowding, age>45;walk_bus;3.0;rain;high;1;4;0.75;0.691;0.109
STU_0544;S10;Bike, medium, sunny, age>45;bike_100;3.0;sunny;;0;5;1.0;1.0;0.0
STU_0544;S01;Walk only, short, sunny;walk_100;0.8;sunny;;0;5;1.0;1.0;0.0
STU_0544;S09;Car only, long distance;car_100;8.0;any;;0;5;1.0;1.0;0.0
STU_0544;S06;Bus only, long, high crowding;bus_100;5.0;any;high;0;5;1.0;0.83;0.07
STU_0544;S03;Bike only, medium, sunny;bike_100;2.5;sunny;;0;5;1.0;1.0;0.0
STU_0544;S02;Walk only, short, rain;walk_100;0.8;rain;;0;4;0.75;0.7;0.1
STU_0545;S11;Walk+Bus, medium, rain, high crowding, age>45;walk_bus;3.0;rain;high;1;4;0.75;0.691;0.109
STU_0545;S10;Bike, medium, sunny, age>45;bike_100;3.0;sunny;;0;4;0.75;1.0;0.2
STU_0545;S01;Walk only, short, sunny;walk_100;0.8;sunny;;0;5;1.0;1.0;0.1
STU_0545;S09;Car only, long distance;car_100;8.0;any;;0;5;1.0;1.0;0.0
STU_0545;S06;Bus only, long, high crowding;bus_100;5.0;any;high;0;4;0.75;0.83;0.03
STU_0545;S03;Bike only, medium, sunny;bike_100;2.5;sunny;;0;5;1.0;1.0;0.0
STU_0545;S02;Walk only, short, rain;walk_100;0.8;rain;;0;4;0.75;0.7;0.0
STU_0545;S12;Car only, long, age>45;car_100;8.0;any;;0;5;1.0;1.0;0.1
STU_0545;S05;Bus only, long, low crowding;bus_100;5.0;any;low;0;5;1.0;0.96;0.06
STU_0546;S11;Walk+Bus, medium, rain, high crowding, age>45;walk_bus;3.0;rain;high;1;4;0.75;0.691;0.109
STU_0546;S10;Bike, medium, sunny, age>45;bike_100;3.0;sunny;;0;5;1.0;1.0;0.0
STU_0546;S01;Walk only, short, sunny;walk_100;0.8;sunny;;0;5;1.0;1.0;0.0
STU_0546;S09;Car only, long distance;car_100;8.0;any;;0;5;1.0;1.0;0.0
STU_0546;S06;Bus only, long, high crowding;bus_100;5.0;any;high;0;4;0.75;0.83;0.13
STU_0547;S11;Walk+Bus, medium, rain, high crowding, age>45;walk_bus;3.0;rain;high;1;4;0.75;0.691;0.009
STU_0547;S10;Bike, medium, sunny, age>45;bike_100;3.0;sunny;;0;5;1.0;1.0;0.0
STU_0547;S01;Walk only, short, sunny;walk_100;0.8;sunny;;0;5;1.0;1.0;0.0
STU_0547;S09;Car only, long distance;car_100;8.0;any;;0;5;1.0;1.0;0.0
STU_0547;S06;Bus only, long, high crowding;bus_100;5.0;any;high;0;4;0.75;0.83;0.03
STU_0547;S03;Bike only, medium, sunny;bike_100;2.5;sunny;;0;5;1.0;1.0;0.0
STU_0547;S02;Walk only, short, rain;walk_100;0.8;rain;;0;4;0.75;0.7;0.1
STU_0547;S12;Car only, long, age>45;car_100;8.0;any;;0;5;1.0;1.0;0.0
STU_0548;S11;Walk+Bus, medium, rain, high crowding, age>45;walk_bus;3.0;rain;high;1;5;1.0;0.691;0.309
STU_0548;S10;Bike, medium, sunny, age>45;bike_100;3.0;sunny;;0;5;1.0;1.0;0.0
STU_0548;S01;Walk only, short, sunny;walk_100;0.8;sunny;;0;5;1.0;1.0;0.0
STU_0548;S09;Car only, long distance;car_100;8.0;any;;0;4;0.75;1.0;0.2
STU_0548;S06;Bus only, long, high crowding;bus_100;5.0;any;high;0;4;0.75;0.83;0.13
STU_0548;S03;Bike only, medium, sunny;bike_100;2.5;sunny;;0;5;1.0;1.0;0.1
STU_0549;S11;Walk+Bus, medium, rain, high crowding, age>45;walk_bus;3.0;rain;high;1;4;0.75;0.691;0.009
STU_0549;S10;Bike, medium, sunny, age>45;bike_100;3.0;sunny;;0;5;1.0;1.0;0.0
STU_0549;S01;Walk only, short, sunny;walk_100;0.8;sunny;;0;5;1.0;1.0;0.0
STU_0549;S09;Car only, long distance;car_100;8.0;any;;0;4;0.75;1.0;0.2
STU_0549;S06;Bus only, long, high crowding;bus_100;5.0;any;high;0;4;0.75;0.83;0.13
STU_0550;S11;Walk+Bus, medium, rain, high crowding, age>45;walk_bus;3.0;rain;high;1;4;0.75;0.691;0.109
STU_0550;S10;Bike, medium, sunny, age>45;bike_100;3.0;sunny;;0;5;1.0;1.0;0.0
STU_0550;S01;Walk only, short, sunny;walk_100;0.8;sunny;;0;5;1.0;1.0;0.0
STU_0550;S09;Car only, long distance;car_100;8.0;any;;0;5;1.0;1.0;0.0
STU_0550;S06;Bus only, long, high crowding;bus_100;5.0;any;high;0;5;1.0;0.83;0.07
STU_0550;S03;Bike only, medium, sunny;bike_100;2.5;sunny;;0;5;1.0;1.0;0.0
STU_0551;S11;Walk+Bus, medium, rain, high crowding, age>45;walk_bus;3.0;rain;high;1;4;0.75;0.691;0.009
STU_0551;S10;Bike, medium, sunny, age>45;bike_100;3.0;sunny;;0;5;1.0;1.0;0.0
STU_0551;S01;Walk only, short, sunny;walk_100;0.8;sunny;;0;5;1.0;1.0;0.1
STU_0551;S09;Car only, long distance;car_100;8.0;any;;0;5;1.0;1.0;0.1
STU_0552;S11;Walk+Bus, medium, rain, high crowding, age>45;walk_bus;3.0;rain;high;1;3;0.5;0.691;0.091
STU_0552;S10;Bike, medium, sunny, age>45;bike_100;3.0;sunny;;0;5;1.0;1.0;0.1
STU_0552;S01;Walk only, short, sunny;walk_100;0.8;sunny;;0;5;1.0;1.0;0.0
STU_0552;S09;Car only, long distance;car_100;8.0;any;;0;5;1.0;1.0;0.0
STU_0552;S06;Bus only, long, high crowding;bus_100;5.0;any;high;0;5;1.0;0.83;0.07
STU_0553;S11;Walk+Bus, medium, rain, high crowding, age>45;walk_bus;3.0;rain;high;1;4;0.75;0.691;0.009
STU_0553;S10;Bike, medium, sunny, age>45;bike_100;3.0;sunny;;0;5;1.0;1.0;0.1
STU_0553;S01;Walk only, short, sunny;walk_100;0.8;sunny;;0;5;1.0;1.0;0.0
STU_0553;S09;Car only, long distance;car_100;8.0;any;;0;5;1.0;1.0;0.0
STU_0553;S06;Bus only, long, high crowding;bus_100;5.0;any;high;0;5;1.0;0.83;0.07
STU_0553;S03;Bike only, medium, sunny;bike_100;2.5;sunny;;0;5;1.0;1.0;0.0
STU_0553;S02;Walk only, short, rain;walk_100;0.8;rain;;0;4;0.75;0.7;0.1
STU_0553;S12;Car only, long, age>45;car_100;8.0;any;;0;5;1.0;1.0;0.0
STU_0554;S11;Walk+Bus, medium, rain, high crowding, age>45;walk_bus;3.0;rain;high;1;3;0.5;0.691;0.091
STU_0554;S10;Bike, medium, sunny, age>45;bike_100;3.0;sunny;;0;5;1.0;1.0;0.0
STU_0554;S01;Walk only, short, sunny;walk_100;0.8;sunny;;0;5;1.0;1.0;0.1
STU_0554;S09;Car only, long distance;car_100;8.0;any;;0;5;1.0;1.0;0.1
STU_0554;S06;Bus only, long, high crowding;bus_100;5.0;any;high;0;5;1.0;0.83;0.17
STU_0555;S11;Walk+Bus, medium, rain, high crowding, age>45;walk_bus;3.0;rain;high;1;4;0.75;0.691;0.109
STU_0555;S10;Bike, medium, sunny, age>45;bike_100;3.0;sunny;;0;5;1.0;1.0;0.0
STU_0555;S01;Walk only, short, sunny;walk_100;0.8;sunny;;0;5;1.0;1.0;0.1
STU_0555;S09;Car only, long distance;car_100;8.0;any;;0;5;1.0;1.0;0.0
STU_0555;S06;Bus only, long, high crowding;bus_100;5.0;any;high;0;5;1.0;0.83;0.07
STU_0556;S11;Walk+Bus, medium, rain, high crowding, age>45;walk_bus;3.0;rain;high;1;5;1.0;0.691;0.209
STU_0556;S10;Bike, medium, sunny, age>45;bike_100;3.0;sunny;;0;5;1.0;1.0;0.0
STU_0556;S01;Walk only, short, sunny;walk_100;0.8;sunny;;0;5;1.0;1.0;0.0
STU_0556;S09;Car only, long distance;car_100;8.0;any;;0;5;1.0;1.0;0.1
STU_0556;S06;Bus only, long, high crowding;bus_100;5.0;any;high;0;4;0.75;0.83;0.03
STU_0557;S11;Walk+Bus, medium, rain, high crowding, age>45;walk_bus;3.0;rain;high;1;4;0.75;0.691;0.109
STU_0557;S10;Bike, medium, sunny, age>45;bike_100;3.0;sunny;;0;5;1.0;1.0;0.0
STU_0557;S01;Walk only, short, sunny;walk_100;0.8;sunny;;0;5;1.0;1.0;0.0
STU_0557;S09;Car only, long distance;car_100;8.0;any;;0;5;1.0;1.0;0.1
STU_0557;S06;Bus only, long, high crowding;bus_100;5.0;any;high;0;4;0.75;0.83;0.03
STU_0557;S03;Bike only, medium, sunny;bike_100;2.5;sunny;;0;5;1.0;1.0;0.0
STU_0557;S02;Walk only, short, rain;walk_100;0.8;rain;;0;4;0.75;0.7;0.0
STU_0557;S12;Car only, long, age>45;car_100;8.0;any;;0;5;1.0;1.0;0.0
STU_0557;S05;Bus only, long, low crowding;bus_100;5.0;any;low;0;5;1.0;0.96;0.04
STU_0558;S11;Walk+Bus, medium, rain, high crowding, age>45;walk_bus;3.0;rain;high;1;4;0.75;0.691;0.109
STU_0558;S10;Bike, medium, sunny, age>45;bike_100;3.0;sunny;;0;5;1.0;1.0;0.1
STU_0558;S01;Walk only, short, sunny;walk_100;0.8;sunny;;0;5;1.0;1.0;0.0
STU_0558;S09;Car only, long distance;car_100;8.0;any;;0;5;1.0;1.0;0.0
STU_0558;S06;Bus only, long, high crowding;bus_100;5.0;any;high;0;4;0.75;0.83;0.03
STU_0559;S11;Walk+Bus, medium, rain, high crowding, age>45;walk_bus;3.0;rain;high;1;5;1.0;0.691;0.209
STU_0559;S10;Bike, medium, sunny, age>45;bike_100;3.0;sunny;;0;5;1.0;1.0;0.0
STU_0559;S01;Walk only, short, sunny;walk_100;0.8;sunny;;0;5;1.0;1.0;0.0
STU_0559;S09;Car only, long distance;car_100;8.0;any;;0;5;1.0;1.0;0.0
STU_0559;S06;Bus only, long, high crowding;bus_100;5.0;any;high;0;4;0.75;0.83;0.03
STU_0559;S03;Bike only, medium, sunny;bike_100;2.5;sunny;;0;5;1.0;1.0;0.1
STU_0560;S11;Walk+Bus, medium, rain, high crowding, age>45;walk_bus;3.0;rain;high;1;4;0.75;0.691;0.109
STU_0560;S10;Bike, medium, sunny, age>45;bike_100;3.0;sunny;;0;5;1.0;1.0;0.1
STU_0560;S01;Walk only, short, sunny;walk_100;0.8;sunny;;0;5;1.0;1.0;0.1
STU_0560;S09;Car only, long distance;car_100;8.0;any;;0;5;1.0;1.0;0.0
STU_0561;S11;Walk+Bus, medium, rain, high crowding, age>45;walk_bus;3.0;rain;high;1;4;0.75;0.691;0.109
STU_0561;S10;Bike, medium, sunny, age>45;bike_100;3.0;sunny;;0;5;1.0;1.0;0.1
STU_0561;S01;Walk only, short, sunny;walk_100;0.8;sunny;;0;5;1.0;1.0;0.0
STU_0561;S09;Car only, long distance;car_100;8.0;any;;0;4;0.75;1.0;0.2
STU_0561;S06;Bus only, long, high crowding;bus_100;5.0;any;high;0;5;1.0;0.83;0.07
STU_0561;S03;Bike only, medium, sunny;bike_100;2.5;sunny;;0;5;1.0;1.0;0.0
STU_0561;S02;Walk only, short, rain;walk_100;0.8;rain;;0;4;0.75;0.7;0.1
STU_0562;S11;Walk+Bus, medium, rain, high crowding, age>45;walk_bus;3.0;rain;high;1;4;0.75;0.691;0.009
STU_0562;S10;Bike, medium, sunny, age>45;bike_100;3.0;sunny;;0;5;1.0;1.0;0.0
STU_0562;S01;Walk only, short, sunny;walk_100;0.8;sunny;;0;5;1.0;1.0;0.1
STU_0562;S09;Car only, long distance;car_100;8.0;any;;0;5;1.0;1.0;0.0
STU_0562;S06;Bus only, long, high crowding;bus_100;5.0;any;high;0;5;1.0;0.83;0.17
STU_0563;S11;Walk+Bus, medium, rain, high crowding, age>45;walk_bus;3.0;rain;high;1;3;0.5;0.691;0.091
STU_0563;S10;Bike, medium, sunny, age>45;bike_100;3.0;sunny;;0;5;1.0;1.0;0.0
STU_0563;S01;Walk only, short, sunny;walk_100;0.8;sunny;;0;5;1.0;1.0;0.1
STU_0563;S09;Car only, long distance;car_100;8.0;any;;0;5;1.0;1.0;0.0
STU_0563;S06;Bus only, long, high crowding;bus_100;5.0;any;high;0;4;0.75;0.83;0.03
STU_0563;S03;Bike only, medium, sunny;bike_100;2.5;sunny;;0;4;0.75;1.0;0.2
STU_0563;S02;Walk only, short, rain;walk_100;0.8;rain;;0;4;0.75;0.7;0.0
STU_0563;S12;Car only, long, age>45;car_100;8.0;any;;0;5;1.0;1.0;0.0
STU_0564;S11;Walk+Bus, medium, rain, high crowding, age>45;walk_bus;3.0;rain;high;1;4;0.75;0.691;0.109
STU_0564;S10;Bike, medium, sunny, age>45;bike_100;3.0;sunny;;0;5;1.0;1.0;0.0
STU_0564;S01;Walk only, short, sunny;walk_100;0.8;sunny;;0;5;1.0;1.0;0.0
STU_0564;S09;Car only, long distance;car_100;8.0;any;;0;5;1.0;1.0;0.0
STU_0564;S06;Bus only, long, high crowding;bus_100;5.0;any;high;0;4;0.75;0.83;0.03
STU_0565;S11;Walk+Bus, medium, rain, high crowding, age>45;walk_bus;3.0;rain;high;1;4;0.75;0.691;0.009
STU_0565;S10;Bike, medium, sunny, age>45;bike_100;3.0;sunny;;0;5;1.0;1.0;0.0
STU_0565;S01;Walk only, short, sunny;walk_100;0.8;sunny;;0;5;1.0;1.0;0.1
STU_0565;S09;Car only, long distance;car_100;8.0;any;;0;5;1.0;1.0;0.1
STU_0565;S06;Bus only, long, high crowding;bus_100;5.0;any;high;0;4;0.75;0.83;0.03
STU_0565;S03;Bike only, medium, sunny;bike_100;2.5;sunny;;0;5;1.0;1.0;0.0
STU_0565;S02;Walk only, short, rain;walk_100;0.8;rain;;0;5;1.0;0.7;0.3
STU_0565;S12;Car only, long, age>45;car_100;8.0;any;;0;5;1.0;1.0;0.1
STU_0566;S11;Walk+Bus, medium, rain, high crowding, age>45;walk_bus;3.0;rain;high;1;4;0.75;0.646;0.054
STU_0566;S10;Bike, medium, sunny, age>45;bike_100;3.0;sunny;;0;4;0.75;0.8;0.0
STU_0566;S01;Walk only, short, sunny;walk_100;0.8;sunny;;0;4;0.75;0.85;0.05
STU_0566;S09;Car only, long distance;car_100;8.0;any;;0;5;1.0;1.0;0.0
STU_0566;S06;Bus only, long, high crowding;bus_100;5.0;any;high;0;5;1.0;0.83;0.17
STU_0566;S03;Bike only, medium, sunny;bike_100;2.5;sunny;;0;4;0.75;0.8;0.0
STU_0567;S11;Walk+Bus, medium, rain, high crowding, age>45;walk_bus;3.0;rain;high;1;4;0.75;0.691;0.009
STU_0567;S10;Bike, medium, sunny, age>45;bike_100;3.0;sunny;;0;5;1.0;1.0;0.0
STU_0567;S01;Walk only, short, sunny;walk_100;0.8;sunny;;0;5;1.0;1.0;0.1
STU_0567;S09;Car only, long distance;car_100;8.0;any;;0;5;1.0;1.0;0.0
STU_0567;S06;Bus only, long, high crowding;bus_100;5.0;any;high;0;5;1.0;0.83;0.07
STU_0567;S03;Bike only, medium, sunny;bike_100;2.5;sunny;;0;5;1.0;1.0;0.0
STU_0567;S02;Walk only, short, rain;walk_100;0.8;rain;;0;3;0.5;0.7;0.1
STU_0567;S12;Car only, long, age>45;car_100;8.0;any;;0;5;1.0;1.0;0.0
STU_0568;S11;Walk+Bus, medium, rain, high crowding, age>45;walk_bus;3.0;rain;high;1;4;0.75;0.691;0.109
STU_0568;S10;Bike, medium, sunny, age>45;bike_100;3.0;sunny;;0;5;1.0;1.0;0.0
STU_0568;S01;Walk only, short, sunny;walk_100;0.8;sunny;;0;5;1.0;1.0;0.1
STU_0568;S09;Car only, long distance;car_100;8.0;any;;0;5;1.0;1.0;0.0
STU_0568;S06;Bus only, long, high crowding;bus_100;5.0;any;high;0;4;0.75;0.83;0.03
STU_0568;S03;Bike only, medium, sunny;bike_100;2.5;sunny;;0;5;1.0;1.0;0.0
STU_0568;S02;Walk only, short, rain;walk_100;0.8;rain;;0;4;0.75;0.7;0.1
STU_0569;S11;Walk+Bus, medium, rain, high crowding, age>45;walk_bus;3.0;rain;high;1;4;0.75;0.691;0.009
STU_0569;S10;Bike, medium, sunny, age>45;bike_100;3.0;sunny;;0;5;1.0;1.0;0.0
STU_0569;S01;Walk only, short, sunny;walk_100;0.8;sunny;;0;4;0.75;1.0;0.2
STU_0569;S09;Car only, long distance;car_100;8.0;any;;0;5;1.0;1.0;0.0
STU_0570;S11;Walk+Bus, medium, rain, high crowding, age>45;walk_bus;3.0;rain;high;1;4;0.75;0.691;0.109
STU_0570;S10;Bike, medium, sunny, age>45;bike_100;3.0;sunny;;0;5;1.0;1.0;0.0
STU_0570;S01;Walk only, short, sunny;walk_100;0.8;sunny;;0;5;1.0;1.0;0.0
STU_0570;S09;Car only, long distance;car_100;8.0;any;;0;5;1.0;1.0;0.0
STU_0570;S06;Bus only, long, high crowding;bus_100;5.0;any;high;0;4;0.75;0.83;0.03
STU_0570;S03;Bike only, medium, sunny;bike_100;2.5;sunny;;0;5;1.0;1.0;0.0
STU_0570;S02;Walk only, short, rain;walk_100;0.8;rain;;0;4;0.75;0.7;0.1
STU_0570;S12;Car only, long, age>45;car_100;8.0;any;;0;5;1.0;1.0;0.0
STU_0571;S11;Walk+Bus, medium, rain, high crowding, age>45;walk_bus;3.0;rain;high;1;4;0.75;0.691;0.009
STU_0571;S10;Bike, medium, sunny, age>45;bike_100;3.0;sunny;;0;5;1.0;1.0;0.1
STU_0571;S01;Walk only, short, sunny;walk_100;0.8;sunny;;0;5;1.0;1.0;0.0
STU_0571;S09;Car only, long distance;car_100;8.0;any;;0;5;1.0;1.0;0.0
STU_0571;S06;Bus only, long, high crowding;bus_100;5.0;any;high;0;5;1.0;0.83;0.07
STU_0571;S03;Bike only, medium, sunny;bike_100;2.5;sunny;;0;5;1.0;1.0;0.1
STU_0571;S02;Walk only, short, rain;walk_100;0.8;rain;;0;4;0.75;0.7;0.1
STU_0571;S12;Car only, long, age>45;car_100;8.0;any;;0;5;1.0;1.0;0.0
STU_0572;S11;Walk+Bus, medium, rain, high crowding, age>45;walk_bus;3.0;rain;high;1;4;0.75;0.691;0.009
STU_0572;S10;Bike, medium, sunny, age>45;bike_100;3.0;sunny;;0;5;1.0;1.0;0.0
STU_0572;S01;Walk only, short, sunny;walk_100;0.8;sunny;;0;5;1.0;1.0;0.0
STU_0572;S09;Car only, long distance;car_100;8.0;any;;0;5;1.0;1.0;0.0
STU_0573;S11;Walk+Bus, medium, rain, high crowding, age>45;walk_bus;3.0;rain;high;1;5;1.0;0.691;0.209
STU_0573;S10;Bike, medium, sunny, age>45;bike_100;3.0;sunny;;0;5;1.0;1.0;0.0
STU_0573;S01;Walk only, short, sunny;walk_100;0.8;sunny;;0;4;0.75;1.0;0.2
STU_0573;S09;Car only, long distance;car_100;8.0;any;;0;5;1.0;1.0;0.0
STU_0573;S06;Bus only, long, high crowding;bus_100;5.0;any;high;0;4;0.75;0.83;0.03
STU_0573;S03;Bike only, medium, sunny;bike_100;2.5;sunny;;0;4;0.75;1.0;0.2
STU_0573;S02;Walk only, short, rain;walk_100;0.8;rain;;0;3;0.5;0.7;0.1
STU_0574;S11;Walk+Bus, medium, rain, high crowding, age>45;walk_bus;3.0;rain;high;1;4;0.75;0.691;0.109
STU_0574;S10;Bike, medium, sunny, age>45;bike_100;3.0;sunny;;0;5;1.0;1.0;0.0
STU_0574;S01;Walk only, short, sunny;walk_100;0.8;sunny;;0;5;1.0;1.0;0.0
STU_0574;S09;Car only, long distance;car_100;8.0;any;;0;5;1.0;1.0;0.0
STU_0574;S06;Bus only, long, high crowding;bus_100;5.0;any;high;0;4;0.75;0.83;0.03
STU_0575;S11;Walk+Bus, medium, rain, high crowding, age>45;walk_bus;3.0;rain;high;1;4;0.75;0.646;0.054
STU_0575;S10;Bike, medium, sunny, age>45;bike_100;3.0;sunny;;0;5;1.0;0.8;0.1
STU_0575;S01;Walk only, short, sunny;walk_100;0.8;sunny;;0;4;0.75;0.85;0.05
STU_0575;S09;Car only, long distance;car_100;8.0;any;;0;5;1.0;1.0;0.0
STU_0575;S06;Bus only, long, high crowding;bus_100;5.0;any;high;0;5;1.0;0.83;0.17
STU_0575;S03;Bike only, medium, sunny;bike_100;2.5;sunny;;0;4;0.75;0.8;0.0
STU_0575;S02;Walk only, short, rain;walk_100;0.8;rain;;0;4;0.75;0.55;0.15
STU_0575;S12;Car only, long, age>45;car_100;8.0;any;;0;5;1.0;1.0;0.0
STU_0576;S11;Walk+Bus, medium, rain, high crowding, age>45;walk_bus;3.0;rain;high;1;5;1.0;0.691;0.209
STU_0576;S10;Bike, medium, sunny, age>45;bike_100;3.0;sunny;;0;5;1.0;1.0;0.0
STU_0576;S01;Walk only, short, sunny;walk_100;0.8;sunny;;0;5;1.0;1.0;0.0
STU_0576;S09;Car only, long distance;car_100;8.0;any;;0;5;1.0;1.0;0.0
STU_0577;S11;Walk+Bus, medium, rain, high crowding, age>45;walk_bus;3.0;rain;high;1;4;0.75;0.691;0.009
STU_0577;S10;Bike, medium, sunny, age>45;bike_100;3.0;sunny;;0;5;1.0;1.0;0.0
STU_0577;S01;Walk only, short, sunny;walk_100;0.8;sunny;;0;5;1.0;1.0;0.1
STU_0577;S09;Car only, long distance;car_100;8.0;any;;0;5;1.0;1.0;0.0
STU_0577;S06;Bus only, long, high crowding;bus_100;5.0;any;high;0;5;1.0;0.83;0.17
STU_0577;S03;Bike only, medium, sunny;bike_100;2.5;sunny;;0;5;1.0;1.0;0.0
STU_0578;S11;Walk+Bus, medium, rain, high crowding, age>45;walk_bus;3.0;rain;high;1;3;0.5;0.691;0.091
STU_0578;S10;Bike, medium, sunny, age>45;bike_100;3.0;sunny;;0;5;1.0;1.0;0.0
STU_0578;S01;Walk only, short, sunny;walk_100;0.8;sunny;;0;5;1.0;1.0;0.0
STU_0578;S09;Car only, long distance;car_100;8.0;any;;0;5;1.0;1.0;0.0
STU_0579;S11;Walk+Bus, medium, rain, high crowding, age>45;walk_bus;3.0;rain;high;1;4;0.75;0.691;0.109
STU_0579;S10;Bike, medium, sunny, age>45;bike_100;3.0;sunny;;0;5;1.0;1.0;0.0
STU_0579;S01;Walk only, short, sunny;walk_100;0.8;sunny;;0;5;1.0;1.0;0.0
STU_0579;S09;Car only, long distance;car_100;8.0;any;;0;5;1.0;1.0;0.0
STU_0579;S06;Bus only, long, high crowding;bus_100;5.0;any;high;0;5;1.0;0.83;0.17
STU_0579;S03;Bike only, medium, sunny;bike_100;2.5;sunny;;0;5;1.0;1.0;0.0
STU_0580;S11;Walk+Bus, medium, rain, high crowding, age>45;walk_bus;3.0;rain;high;1;3;0.5;0.691;0.091
STU_0580;S10;Bike, medium, sunny, age>45;bike_100;3.0;sunny;;0;5;1.0;1.0;0.0
STU_0580;S01;Walk only, short, sunny;walk_100;0.8;sunny;;0;5;1.0;1.0;0.0
STU_0580;S09;Car only, long distance;car_100;8.0;any;;0;5;1.0;1.0;0.1
STU_0580;S06;Bus only, long, high crowding;bus_100;5.0;any;high;0;5;1.0;0.83;0.17
STU_0580;S03;Bike only, medium, sunny;bike_100;2.5;sunny;;0;5;1.0;1.0;0.1
STU_0580;S02;Walk only, short, rain;walk_100;0.8;rain;;0;4;0.75;0.7;0.0
STU_0581;S11;Walk+Bus, medium, rain, high crowding, age>45;walk_bus;3.0;rain;high;1;5;1.0;0.691;0.209
STU_0581;S10;Bike, medium, sunny, age>45;bike_100;3.0;sunny;;0;5;1.0;1.0;0.0
STU_0581;S01;Walk only, short, sunny;walk_100;0.8;sunny;;0;5;1.0;1.0;0.0
STU_0581;S09;Car only, long distance;car_100;8.0;any;;0;5;1.0;1.0;0.1
STU_0581;S06;Bus only, long, high crowding;bus_100;5.0;any;high;0;4;0.75;0.83;0.13
STU_0582;S11;Walk+Bus, medium, rain, high crowding, age>45;walk_bus;3.0;rain;high;1;4;0.75;0.691;0.009
STU_0582;S10;Bike, medium, sunny, age>45;bike_100;3.0;sunny;;0;5;1.0;1.0;0.0
STU_0582;S01;Walk only, short, sunny;walk_100;0.8;sunny;;0;5;1.0;1.0;0.0
STU_0582;S09;Car only, long distance;car_100;8.0;any;;0;5;1.0;1.0;0.0
STU_0583;S11;Walk+Bus, medium, rain, high crowding, age>45;walk_bus;3.0;rain;high;1;4;0.75;0.691;0.109
STU_0583;S10;Bike, medium, sunny, age>45;bike_100;3.0;sunny;;0;5;1.0;1.0;0.0
STU_0583;S01;Walk only, short, sunny;walk_100;0.8;sunny;;0;5;1.0;1.0;0.1
STU_0583;S09;Car only, long distance;car_100;8.0;any;;0;5;1.0;1.0;0.0
STU_0583;S06;Bus only, long, high crowding;bus_100;5.0;any;high;0;5;1.0;0.83;0.07
STU_0583;S03;Bike only, medium, sunny;bike_100;2.5;sunny;;0;5;1.0;1.0;0.0
STU_0583;S02;Walk only, short, rain;walk_100;0.8;rain;;0;4;0.75;0.7;0.1
STU_0583;S12;Car only, long, age>45;car_100;8.0;any;;0;5;1.0;1.0;0.1
STU_0583;S05;Bus only, long, low crowding;bus_100;5.0;any;low;0;5;1.0;0.96;0.04
STU_0584;S11;Walk+Bus, medium, rain, high crowding, age>45;walk_bus;3.0;rain;high;1;4;0.75;0.691;0.009
STU_0584;S10;Bike, medium, sunny, age>45;bike_100;3.0;sunny;;0;4;0.75;1.0;0.2
STU_0584;S01;Walk only, short, sunny;walk_100;0.8;sunny;;0;5;1.0;1.0;0.0
STU_0584;S09;Car only, long distance;car_100;8.0;any;;0;5;1.0;1.0;0.0
STU_0584;S06;Bus only, long, high crowding;bus_100;5.0;any;high;0;5;1.0;0.83;0.17
STU_0584;S03;Bike only, medium, sunny;bike_100;2.5;sunny;;0;4;0.75;1.0;0.3
STU_0584;S02;Walk only, short, rain;walk_100;0.8;rain;;0;5;1.0;0.7;0.2
STU_0584;S12;Car only, long, age>45;car_100;8.0;any;;0;5;1.0;1.0;0.1
STU_0585;S11;Walk+Bus, medium, rain, high crowding, age>45;walk_bus;3.0;rain;high;1;4;0.75;0.691;0.009
STU_0585;S10;Bike, medium, sunny, age>45;bike_100;3.0;sunny;;0;5;1.0;0.85;0.05
STU_0585;S01;Walk only, short, sunny;walk_100;0.8;sunny;;0;5;1.0;1.0;0.1
STU_0585;S09;Car only, long distance;car_100;8.0;any;;0;5;1.0;1.0;0.0
STU_0585;S06;Bus only, long, high crowding;bus_100;5.0;any;high;0;5;1.0;0.83;0.17
STU_0585;S03;Bike only, medium, sunny;bike_100;2.5;sunny;;0;4;0.75;0.85;0.05
STU_0585;S02;Walk only, short, rain;walk_100;0.8;rain;;0;4;0.75;0.7;0.0
STU_0586;S11;Walk+Bus, medium, rain, high crowding, age>45;walk_bus;3.0;rain;high;1;4;0.75;0.691;0.109
STU_0586;S10;Bike, medium, sunny, age>45;bike_100;3.0;sunny;;0;5;1.0;0.85;0.15
STU_0586;S01;Walk only, short, sunny;walk_100;0.8;sunny;;0;5;1.0;1.0;0.1
STU_0586;S09;Car only, long distance;car_100;8.0;any;;0;5;1.0;1.0;0.0
STU_0587;S11;Walk+Bus, medium, rain, high crowding, age>45;walk_bus;3.0;rain;high;1;4;0.75;0.691;0.109
STU_0587;S10;Bike, medium, sunny, age>45;bike_100;3.0;sunny;;0;5;1.0;1.0;0.0
STU_0587;S01;Walk only, short, sunny;walk_100;0.8;sunny;;0;5;1.0;1.0;0.0
STU_0587;S09;Car only, long distance;car_100;8.0;any;;0;5;1.0;1.0;0.0
STU_0587;S06;Bus only, long, high crowding;bus_100;5.0;any;high;0;5;1.0;0.83;0.07
STU_0587;S03;Bike only, medium, sunny;bike_100;2.5;sunny;;0;5;1.0;1.0;0.0
STU_0587;S02;Walk only, short, rain;walk_100;0.8;rain;;0;3;0.5;0.7;0.1
STU_0587;S12;Car only, long, age>45;car_100;8.0;any;;0;5;1.0;1.0;0.0
STU_0588;S11;Walk+Bus, medium, rain, high crowding, age>45;walk_bus;3.0;rain;high;1;4;0.75;0.691;0.009
STU_0588;S10;Bike, medium, sunny, age>45;bike_100;3.0;sunny;;0;5;1.0;1.0;0.0
STU_0588;S01;Walk only, short, sunny;walk_100;0.8;sunny;;0;4;0.75;1.0;0.2
STU_0588;S09;Car only, long distance;car_100;8.0;any;;0;5;1.0;1.0;0.0
STU_0589;S11;Walk+Bus, medium, rain, high crowding, age>45;walk_bus;3.0;rain;high;1;5;1.0;0.691;0.209
STU_0589;S10;Bike, medium, sunny, age>45;bike_100;3.0;sunny;;0;5;1.0;1.0;0.0
STU_0589;S01;Walk only, short, sunny;walk_100;0.8;sunny;;0;5;1.0;1.0;0.0
STU_0589;S09;Car only, long distance;car_100;8.0;any;;0;5;1.0;1.0;0.1
STU_0589;S06;Bus only, long, high crowding;bus_100;5.0;any;high;0;4;0.75;0.83;0.03
STU_0589;S03;Bike only, medium, sunny;bike_100;2.5;sunny;;0;5;1.0;1.0;0.1
STU_0590;S11;Walk+Bus, medium, rain, high crowding, age>45;walk_bus;3.0;rain;high;1;3;0.5;0.646;0.046
STU_0590;S10;Bike, medium, sunny, age>45;bike_100;3.0;sunny;;0;4;0.75;0.8;0.0
STU_0590;S01;Walk only, short, sunny;walk_100;0.8;sunny;;0;5;1.0;0.85;0.15
STU_0590;S09;Car only, long distance;car_100;8.0;any;;0;5;1.0;1.0;0.0
STU_0591;S11;Walk+Bus, medium, rain, high crowding, age>45;walk_bus;3.0;rain;high;1;4;0.75;0.691;0.109
STU_0591;S10;Bike, medium, sunny, age>45;bike_100;3.0;sunny;;0;5;1.0;1.0;0.0
STU_0591;S01;Walk only, short, sunny;walk_100;0.8;sunny;;0;5;1.0;1.0;0.0
STU_0591;S09;Car only, long distance;car_100;8.0;any;;0;5;1.0;1.0;0.1
STU_0591;S06;Bus only, long, high crowding;bus_100;5.0;any;high;0;5;1.0;0.83;0.07
STU_0591;S03;Bike only, medium, sunny;bike_100;2.5;sunny;;0;5;1.0;1.0;0.0
STU_0591;S02;Walk only, short, rain;walk_100;0.8;rain;;0;3;0.5;0.7;0.1
STU_0591;S12;Car only, long, age>45;car_100;8.0;any;;0;5;1.0;1.0;0.0
STU_0591;S05;Bus only, long, low crowding;bus_100;5.0;any;low;0;5;1.0;0.96;0.04
STU_0592;S11;Walk+Bus, medium, rain, high crowding, age>45;walk_bus;3.0;rain;high;1;4;0.75;0.646;0.054
STU_0592;S10;Bike, medium, sunny, age>45;bike_100;3.0;sunny;;0;4;0.75;0.8;0.0
STU_0592;S01;Walk only, short, sunny;walk_100;0.8;sunny;;0;5;1.0;0.85;0.05
STU_0592;S09;Car only, long distance;car_100;8.0;any;;0;5;1.0;1.0;0.0
STU_0593;S11;Walk+Bus, medium, rain, high crowding, age>45;walk_bus;3.0;rain;high;1;4;0.75;0.691;0.009
STU_0593;S10;Bike, medium, sunny, age>45;bike_100;3.0;sunny;;0;4;0.75;1.0;0.2
STU_0593;S01;Walk only, short, sunny;walk_100;0.8;sunny;;0;5;1.0;1.0;0.1
STU_0593;S09;Car only, long distance;car_100;8.0;any;;0;5;1.0;1.0;0.0
STU_0594;S11;Walk+Bus, medium, rain, high crowding, age>45;walk_bus;3.0;rain;high;1;5;1.0;0.691;0.209
STU_0594;S10;Bike, medium, sunny, age>45;bike_100;3.0;sunny;;0;5;1.0;1.0;0.0
STU_0594;S01;Walk only, short, sunny;walk_100;0.8;sunny;;0;5;1.0;1.0;0.0
STU_0594;S09;Car only, long distance;car_100;8.0;any;;0;5;1.0;1.0;0.0
STU_0594;S06;Bus only, long, high crowding;bus_100;5.0;any;high;0;4;0.75;0.83;0.13
STU_0594;S03;Bike only, medium, sunny;bike_100;2.5;sunny;;0;5;1.0;1.0;0.1
STU_0594;S02;Walk only, short, rain;walk_100;0.8;rain;;0;4;0.75;0.7;0.1
STU_0594;S12;Car only, long, age>45;car_100;8.0;any;;0;5;1.0;1.0;0.1
STU_0594;S05;Bus only, long, low crowding;bus_100;5.0;any;low;0;5;1.0;0.96;0.04
STU_0595;S11;Walk+Bus, medium, rain, high crowding, age>45;walk_bus;3.0;rain;high;1;4;0.75;0.691;0.009
STU_0595;S10;Bike, medium, sunny, age>45;bike_100;3.0;sunny;;0;5;1.0;1.0;0.0
STU_0595;S01;Walk only, short, sunny;walk_100;0.8;sunny;;0;5;1.0;1.0;0.0
STU_0595;S09;Car only, long distance;car_100;8.0;any;;0;5;1.0;1.0;0.1
STU_0595;S06;Bus only, long, high crowding;bus_100;5.0;any;high;0;4;0.75;0.83;0.03
STU_0595;S03;Bike only, medium, sunny;bike_100;2.5;sunny;;0;5;1.0;1.0;0.0
STU_0595;S02;Walk only, short, rain;walk_100;0.8;rain;;0;4;0.75;0.7;0.1
STU_0596;S11;Walk+Bus, medium, rain, high crowding, age>45;walk_bus;3.0;rain;high;1;4;0.75;0.691;0.009
STU_0596;S10;Bike, medium, sunny, age>45;bike_100;3.0;sunny;;0;5;1.0;1.0;0.0
STU_0596;S01;Walk only, short, sunny;walk_100;0.8;sunny;;0;5;1.0;1.0;0.0
STU_0596;S09;Car only, long distance;car_100;8.0;any;;0;5;1.0;1.0;0.0
STU_0597;S11;Walk+Bus, medium, rain, high crowding, age>45;walk_bus;3.0;rain;high;1;4;0.75;0.691;0.009
STU_0597;S10;Bike, medium, sunny, age>45;bike_100;3.0;sunny;;0;5;1.0;1.0;0.0
STU_0597;S01;Walk only, short, sunny;walk_100;0.8;sunny;;0;5;1.0;1.0;0.0
STU_0597;S09;Car only, long distance;car_100;8.0;any;;0;4;0.75;1.0;0.2
STU_0597;S06;Bus only, long, high crowding;bus_100;5.0;any;high;0;5;1.0;0.83;0.07
STU_0597;S03;Bike only, medium, sunny;bike_100;2.5;sunny;;0;5;1.0;1.0;0.0
STU_0597;S02;Walk only, short, rain;walk_100;0.8;rain;;0;4;0.75;0.7;0.1
STU_0597;S12;Car only, long, age>45;car_100;8.0;any;;0;5;1.0;1.0;0.0
STU_0597;S05;Bus only, long, low crowding;bus_100;5.0;any;low;0;5;1.0;0.96;0.04
STU_0598;S11;Walk+Bus, medium, rain, high crowding, age>45;walk_bus;3.0;rain;high;1;5;1.0;0.691;0.209
STU_0598;S10;Bike, medium, sunny, age>45;bike_100;3.0;sunny;;0;5;1.0;1.0;0.1
STU_0598;S01;Walk only, short, sunny;walk_100;0.8;sunny;;0;4;0.75;1.0;0.2
STU_0598;S09;Car only, long distance;car_100;8.0;any;;0;5;1.0;1.0;0.0
STU_0598;S06;Bus only, long, high crowding;bus_100;5.0;any;high;0;4;0.75;0.83;0.03
STU_0598;S03;Bike only, medium, sunny;bike_100;2.5;sunny;;0;5;1.0;1.0;0.0
STU_0598;S02;Walk only, short, rain;walk_100;0.8;rain;;0;4;0.75;0.7;0.0
STU_0598;S12;Car only, long, age>45;car_100;8.0;any;;0;5;1.0;1.0;0.0
STU_0599;S11;Walk+Bus, medium, rain, high crowding, age>45;walk_bus;3.0;rain;high;1;4;0.75;0.691;0.009
STU_0599;S10;Bike, medium, sunny, age>45;bike_100;3.0;sunny;;0;5;1.0;1.0;0.0
STU_0599;S01;Walk only, short, sunny;walk_100;0.8;sunny;;0;4;0.75;1.0;0.2
STU_0599;S09;Car only, long distance;car_100;8.0;any;;0;5;1.0;1.0;0.1
STU_0599;S06;Bus only, long, high crowding;bus_100;5.0;any;high;0;5;1.0;0.83;0.07
STU_0599;S03;Bike only, medium, sunny;bike_100;2.5;sunny;;0;5;1.0;1.0;0.0
STU_0600;S11;Walk+Bus, medium, rain, high crowding, age>45;walk_bus;3.0;rain;high;1;4;0.75;0.646;0.154
STU_0600;S10;Bike, medium, sunny, age>45;bike_100;3.0;sunny;;0;4;0.75;0.8;0.0
STU_0600;S01;Walk only, short, sunny;walk_100;0.8;sunny;;0;5;1.0;0.85;0.05
STU_0600;S09;Car only, long distance;car_100;8.0;any;;0;5;1.0;1.0;0.0
STU_0600;S06;Bus only, long, high crowding;bus_100;5.0;any;high;0;5;1.0;0.83;0.07
STU_0600;S03;Bike only, medium, sunny;bike_100;2.5;sunny;;0;4;0.75;0.8;0.0
STU_0601;S11;Walk+Bus, medium, rain, high crowding, age>45;walk_bus;3.0;rain;high;1;4;0.75;0.691;0.109
STU_0601;S10;Bike, medium, sunny, age>45;bike_100;3.0;sunny;;0;5;1.0;1.0;0.0
STU_0601;S01;Walk only, short, sunny;walk_100;0.8;sunny;;0;5;1.0;1.0;0.0
STU_0601;S09;Car only, long distance;car_100;8.0;any;;0;5;1.0;1.0;0.1
STU_0602;S11;Walk+Bus, medium, rain, high crowding, age>45;walk_bus;3.0;rain;high;1;4;0.75;0.691;0.009
STU_0602;S10;Bike, medium, sunny, age>45;bike_100;3.0;sunny;;0;5;1.0;1.0;0.0
STU_0602;S01;Walk only, short, sunny;walk_100;0.8;sunny;;0;5;1.0;1.0;0.0
STU_0602;S09;Car only, long distance;car_100;8.0;any;;0;5;1.0;1.0;0.0
STU_0602;S06;Bus only, long, high crowding;bus_100;5.0;any;high;0;5;1.0;0.83;0.07
STU_0602;S03;Bike only, medium, sunny;bike_100;2.5;sunny;;0;5;1.0;1.0;0.0
STU_0602;S02;Walk only, short, rain;walk_100;0.8;rain;;0;4;0.75;0.7;0.0
STU_0603;S11;Walk+Bus, medium, rain, high crowding, age>45;walk_bus;3.0;rain;high;1;4;0.75;0.691;0.109
STU_0603;S10;Bike, medium, sunny, age>45;bike_100;3.0;sunny;;0;5;1.0;1.0;0.0
STU_0603;S01;Walk only, short, sunny;walk_100;0.8;sunny;;0;5;1.0;1.0;0.0
STU_0603;S09;Car only, long distance;car_100;8.0;any;;0;5;1.0;1.0;0.0
STU_0603;S06;Bus only, long, high crowding;bus_100;5.0;any;high;0;4;0.75;0.83;0.03
STU_0603;S03;Bike only, medium, sunny;bike_100;2.5;sunny;;0;5;1.0;1.0;0.0
STU_0603;S02;Walk only, short, rain;walk_100;0.8;rain;;0;4;0.75;0.7;0.0
STU_0604;S11;Walk+Bus, medium, rain, high crowding, age>45;walk_bus;3.0;rain;high;1;4;0.75;0.691;0.009
STU_0604;S10;Bike, medium, sunny, age>45;bike_100;3.0;sunny;;0;5;1.0;1.0;0.1
STU_0604;S01;Walk only, short, sunny;walk_100;0.8;sunny;;0;5;1.0;1.0;0.0
STU_0604;S09;Car only, long distance;car_100;8.0;any;;0;5;1.0;1.0;0.0
STU_0604;S06;Bus only, long, high crowding;bus_100;5.0;any;high;0;4;0.75;0.83;0.03
STU_0604;S03;Bike only, medium, sunny;bike_100;2.5;sunny;;0;5;1.0;1.0;0.0
STU_0604;S02;Walk only, short, rain;walk_100;0.8;rain;;0;4;0.75;0.7;0.0
STU_0604;S12;Car only, long, age>45;car_100;8.0;any;;0;5;1.0;1.0;0.0
STU_0605;S11;Walk+Bus, medium, rain, high crowding, age>45;walk_bus;3.0;rain;high;1;4;0.75;0.691;0.009
STU_0605;S10;Bike, medium, sunny, age>45;bike_100;3.0;sunny;;0;5;1.0;1.0;0.0
STU_0605;S01;Walk only, short, sunny;walk_100;0.8;sunny;;0;5;1.0;1.0;0.0
STU_0605;S09;Car only, long distance;car_100;8.0;any;;0;5;1.0;1.0;0.0
STU_0606;S11;Walk+Bus, medium, rain, high crowding, age>45;walk_bus;3.0;rain;high;1;4;0.75;0.691;0.109
STU_0606;S10;Bike, medium, sunny, age>45;bike_100;3.0;sunny;;0;5;1.0;1.0;0.1
STU_0606;S01;Walk only, short, sunny;walk_100;0.8;sunny;;0;5;1.0;1.0;0.0
STU_0606;S09;Car only, long distance;car_100;8.0;any;;0;5;1.0;1.0;0.1
STU_0606;S06;Bus only, long, high crowding;bus_100;5.0;any;high;0;5;1.0;0.83;0.07
STU_0606;S03;Bike only, medium, sunny;bike_100;2.5;sunny;;0;4;0.75;1.0;0.2
STU_0607;S11;Walk+Bus, medium, rain, high crowding, age>45;walk_bus;3.0;rain;high;1;4;0.75;0.691;0.109
STU_0607;S10;Bike, medium, sunny, age>45;bike_100;3.0;sunny;;0;5;1.0;1.0;0.1
STU_0607;S01;Walk only, short, sunny;walk_100;0.8;sunny;;0;5;1.0;1.0;0.0
STU_0607;S09;Car only, long distance;car_100;8.0;any;;0;5;1.0;1.0;0.0
STU_0607;S06;Bus only, long, high crowding;bus_100;5.0;any;high;0;4;0.75;0.83;0.03
STU_0607;S03;Bike only, medium, sunny;bike_100;2.5;sunny;;0;5;1.0;1.0;0.0
STU_0607;S02;Walk only, short, rain;walk_100;0.8;rain;;0;4;0.75;0.7;0.1
STU_0608;S11;Walk+Bus, medium, rain, high crowding, age>45;walk_bus;3.0;rain;high;1;4;0.75;0.691;0.109
STU_0608;S10;Bike, medium, sunny, age>45;bike_100;3.0;sunny;;0;5;1.0;1.0;0.1
STU_0608;S01;Walk only, short, sunny;walk_100;0.8;sunny;;0;5;1.0;1.0;0.0
STU_0608;S09;Car only, long distance;car_100;8.0;any;;0;5;1.0;1.0;0.1
STU_0609;S11;Walk+Bus, medium, rain, high crowding, age>45;walk_bus;3.0;rain;high;1;3;0.5;0.691;0.091
STU_0609;S10;Bike, medium, sunny, age>45;bike_100;3.0;sunny;;0;5;1.0;1.0;0.1
STU_0609;S01;Walk only, short, sunny;walk_100;0.8;sunny;;0;5;1.0;1.0;0.0
STU_0609;S09;Car only, long distance;car_100;8.0;any;;0;5;1.0;1.0;0.0
STU_0609;S06;Bus only, long, high crowding;bus_100;5.0;any;high;0;5;1.0;0.83;0.17
STU_0609;S03;Bike only, medium, sunny;bike_100;2.5;sunny;;0;5;1.0;1.0;0.0
STU_0609;S02;Walk only, short, rain;walk_100;0.8;rain;;0;4;0.75;0.7;0.0
STU_0610;S11;Walk+Bus, medium, rain, high crowding, age>45;walk_bus;3.0;rain;high;1;5;1.0;0.691;0.209
STU_0610;S10;Bike, medium, sunny, age>45;bike_100;3.0;sunny;;0;5;1.0;1.0;0.0
STU_0610;S01;Walk only, short, sunny;walk_100;0.8;sunny;;0;5;1.0;1.0;0.0
STU_0610;S09;Car only, long distance;car_100;8.0;any;;0;5;1.0;1.0;0.1
STU_0610;S06;Bus only, long, high crowding;bus_100;5.0;any;high;0;4;0.75;0.83;0.13
STU_0610;S03;Bike only, medium, sunny;bike_100;2.5;sunny;;0;5;1.0;1.0;0.0
STU_0610;S02;Walk only, short, rain;walk_100;0.8;rain;;0;4;0.75;0.7;0.1
STU_0610;S12;Car only, long, age>45;car_100;8.0;any;;0;5;1.0;1.0;0.0
STU_0610;S05;Bus only, long, low crowding;bus_100;5.0;any;low;0;5;1.0;0.96;0.04
STU_0611;S11;Walk+Bus, medium, rain, high crowding, age>45;walk_bus;3.0;rain;high;1;4;0.75;0.691;0.109
STU_0611;S10;Bike, medium, sunny, age>45;bike_100;3.0;sunny;;0;5;1.0;1.0;0.0
STU_0611;S01;Walk only, short, sunny;walk_100;0.8;sunny;;0;5;1.0;1.0;0.0
STU_0611;S09;Car only, long distance;car_100;8.0;any;;0;5;1.0;1.0;0.1
STU_0611;S06;Bus only, long, high crowding;bus_100;5.0;any;high;0;4;0.75;0.83;0.13
STU_0611;S03;Bike only, medium, sunny;bike_100;2.5;sunny;;0;5;1.0;1.0;0.0
STU_0611;S02;Walk only, short, rain;walk_100;0.8;rain;;0;4;0.75;0.7;0.0
STU_0612;S11;Walk+Bus, medium, rain, high crowding, age>45;walk_bus;3.0;rain;high;1;4;0.75;0.691;0.009
STU_0612;S10;Bike, medium, sunny, age>45;bike_100;3.0;sunny;;0;4;0.75;1.0;0.2
STU_0612;S01;Walk only, short, sunny;walk_100;0.8;sunny;;0;5;1.0;1.0;0.1
STU_0612;S09;Car only, long distance;car_100;8.0;any;;0;5;1.0;1.0;0.0
STU_0612;S06;Bus only, long, high crowding;bus_100;5.0;any;high;0;4;0.75;0.83;0.03
STU_0612;S03;Bike only, medium, sunny;bike_100;2.5;sunny;;0;5;1.0;1.0;0.0
STU_0613;S11;Walk+Bus, medium, rain, high crowding, age>45;walk_bus;3.0;rain;high;1;4;0.75;0.691;0.109
STU_0613;S10;Bike, medium, sunny, age>45;bike_100;3.0;sunny;;0;5;1.0;1.0;0.0
STU_0613;S01;Walk only, short, sunny;walk_100;0.8;sunny;;0;5;1.0;1.0;0.0
STU_0613;S09;Car only, long distance;car_100;8.0;any;;0;5;1.0;1.0;0.0
STU_0613;S06;Bus only, long, high crowding;bus_100;5.0;any;high;0;4;0.75;0.83;0.03
STU_0614;S11;Walk+Bus, medium, rain, high crowding, age>45;walk_bus;3.0;rain;high;1;3;0.5;0.691;0.091
STU_0614;S10;Bike, medium, sunny, age>45;bike_100;3.0;sunny;;0;5;1.0;1.0;0.0
STU_0614;S01;Walk only, short, sunny;walk_100;0.8;sunny;;0;5;1.0;1.0;0.0
STU_0614;S09;Car only, long distance;car_100;8.0;any;;0;5;1.0;1.0;0.1
STU_0614;S06;Bus only, long, high crowding;bus_100;5.0;any;high;0;5;1.0;0.83;0.07
STU_0614;S03;Bike only, medium, sunny;bike_100;2.5;sunny;;0;5;1.0;1.0;0.0
STU_0614;S02;Walk only, short, rain;walk_100;0.8;rain;;0;4;0.75;0.7;0.1
STU_0614;S12;Car only, long, age>45;car_100;8.0;any;;0;5;1.0;1.0;0.0
STU_0615;S11;Walk+Bus, medium, rain, high crowding, age>45;walk_bus;3.0;rain;high;1;3;0.5;0.691;0.091
STU_0615;S10;Bike, medium, sunny, age>45;bike_100;3.0;sunny;;0;5;1.0;1.0;0.0
STU_0615;S01;Walk only, short, sunny;walk_100;0.8;sunny;;0;5;1.0;1.0;0.0
STU_0615;S09;Car only, long distance;car_100;8.0;any;;0;5;1.0;1.0;0.0
STU_0615;S06;Bus only, long, high crowding;bus_100;5.0;any;high;0;4;0.75;0.83;0.03
STU_0615;S03;Bike only, medium, sunny;bike_100;2.5;sunny;;0;5;1.0;1.0;0.1
STU_0615;S02;Walk only, short, rain;walk_100;0.8;rain;;0;3;0.5;0.7;0.1
STU_0615;S12;Car only, long, age>45;car_100;8.0;any;;0;4;0.75;1.0;0.2
STU_0616;S11;Walk+Bus, medium, rain, high crowding, age>45;walk_bus;3.0;rain;high;1;3;0.5;0.691;0.191
STU_0616;S10;Bike, medium, sunny, age>45;bike_100;3.0;sunny;;0;5;1.0;1.0;0.0
STU_0616;S01;Walk only, short, sunny;walk_100;0.8;sunny;;0;5;1.0;1.0;0.0
STU_0616;S09;Car only, long distance;car_100;8.0;any;;0;5;1.0;1.0;0.0
STU_0616;S06;Bus only, long, high crowding;bus_100;5.0;any;high;0;4;0.75;0.83;0.03
STU_0616;S03;Bike only, medium, sunny;bike_100;2.5;sunny;;0;5;1.0;1.0;0.0
STU_0617;S11;Walk+Bus, medium, rain, high crowding, age>45;walk_bus;3.0;rain;high;1;3;0.5;0.691;0.091
STU_0617;S10;Bike, medium, sunny, age>45;bike_100;3.0;sunny;;0;5;1.0;1.0;0.0
STU_0617;S01;Walk only, short, sunny;walk_100;0.8;sunny;;0;5;1.0;1.0;0.0
STU_0617;S09;Car only, long distance;car_100;8.0;any;;0;5;1.0;1.0;0.0
STU_0617;S06;Bus only, long, high crowding;bus_100;5.0;any;high;0;5;1.0;0.83;0.07
STU_0617;S03;Bike only, medium, sunny;bike_100;2.5;sunny;;0;5;1.0;1.0;0.1
STU_0617;S02;Walk only, short, rain;walk_100;0.8;rain;;0;4;0.75;0.7;0.1
STU_0618;S11;Walk+Bus, medium, rain, high crowding, age>45;walk_bus;3.0;rain;high;1;4;0.75;0.691;0.109
STU_0618;S10;Bike, medium, sunny, age>45;bike_100;3.0;sunny;;0;5;1.0;1.0;0.0
STU_0618;S01;Walk only, short, sunny;walk_100;0.8;sunny;;0;5;1.0;1.0;0.0
STU_0618;S09;Car only, long distance;car_100;8.0;any;;0;5;1.0;1.0;0.0
STU_0619;S11;Walk+Bus, medium, rain, high crowding, age>45;walk_bus;3.0;rain;high;1;5;1.0;0.691;0.209
STU_0619;S10;Bike, medium, sunny, age>45;bike_100;3.0;sunny;;0;5;1.0;0.85;0.05
STU_0619;S01;Walk only, short, sunny;walk_100;0.8;sunny;;0;5;1.0;1.0;0.0
STU_0619;S09;Car only, long distance;car_100;8.0;any;;0;5;1.0;1.0;0.0
STU_0619;S06;Bus only, long, high crowding;bus_100;5.0;any;high;0;4;0.75;0.83;0.03
STU_0619;S03;Bike only, medium, sunny;bike_100;2.5;sunny;;0;4;0.75;0.85;0.05
STU_0619;S02;Walk only, short, rain;walk_100;0.8;rain;;0;5;1.0;0.7;0.2
STU_0620;S11;Walk+Bus, medium, rain, high crowding, age>45;walk_bus;3.0;rain;high;1;4;0.75;0.691;0.009
STU_0620;S10;Bike, medium, sunny, age>45;bike_100;3.0;sunny;;0;5;1.0;1.0;0.0
STU_0620;S01;Walk only, short, sunny;walk_100;0.8;sunny;;0;5;1.0;1.0;0.0
STU_0620;S09;Car only, long distance;car_100;8.0;any;;0;5;1.0;1.0;0.0
STU_0620;S06;Bus only, long, high crowding;bus_100;5.0;any;high;0;4;0.75;0.83;0.13
STU_0620;S03;Bike only, medium, sunny;bike_100;2.5;sunny;;0;5;1.0;1.0;0.0
STU_0621;S11;Walk+Bus, medium, rain, high crowding, age>45;walk_bus;3.0;rain;high;1;4;0.75;0.691;0.109
STU_0621;S10;Bike, medium, sunny, age>45;bike_100;3.0;sunny;;0;5;1.0;1.0;0.0
STU_0621;S01;Walk only, short, sunny;walk_100;0.8;sunny;;0;5;1.0;1.0;0.0
STU_0621;S09;Car only, long distance;car_100;8.0;any;;0;5;1.0;1.0;0.1
STU_0621;S06;Bus only, long, high crowding;bus_100;5.0;any;high;0;4;0.75;0.83;0.13
STU_0621;S03;Bike only, medium, sunny;bike_100;2.5;sunny;;0;5;1.0;1.0;0.0
STU_0621;S02;Walk only, short, rain;walk_100;0.8;rain;;0;4;0.75;0.7;0.0
STU_0621;S12;Car only, long, age>45;car_100;8.0;any;;0;5;1.0;1.0;0.0
STU_0622;S11;Walk+Bus, medium, rain, high crowding, age>45;walk_bus;3.0;rain;high;1;4;0.75;0.691;0.009
STU_0622;S10;Bike, medium, sunny, age>45;bike_100;3.0;sunny;;0;5;1.0;0.85;0.15
STU_0622;S01;Walk only, short, sunny;walk_100;0.8;sunny;;0;5;1.0;1.0;0.0
STU_0622;S09;Car only, long distance;car_100;8.0;any;;0;5;1.0;1.0;0.0
STU_0622;S06;Bus only, long, high crowding;bus_100;5.0;any;high;0;5;1.0;0.83;0.07
STU_0622;S03;Bike only, medium, sunny;bike_100;2.5;sunny;;0;5;1.0;0.85;0.05
STU_0622;S02;Walk only, short, rain;walk_100;0.8;rain;;0;4;0.75;0.7;0.0
STU_0623;S11;Walk+Bus, medium, rain, high crowding, age>45;walk_bus;3.0;rain;high;1;4;0.75;0.691;0.009
STU_0623;S10;Bike, medium, sunny, age>45;bike_100;3.0;sunny;;0;5;1.0;1.0;0.0
STU_0623;S01;Walk only, short, sunny;walk_100;0.8;sunny;;0;5;1.0;1.0;0.0
STU_0623;S09;Car only, long distance;car_100;8.0;any;;0;5;1.0;1.0;0.1
STU_0623;S06;Bus only, long, high crowding;bus_100;5.0;any;high;0;5;1.0;0.83;0.07
STU_0623;S03;Bike only, medium, sunny;bike_100;2.5;sunny;;0;5;1.0;1.0;0.0
STU_0623;S02;Walk only, short, rain;walk_100;0.8;rain;;0;4;0.75;0.7;0.1
STU_0623;S12;Car only, long, age>45;car_100;8.0;any;;0;5;1.0;1.0;0.0
STU_0624;S11;Walk+Bus, medium, rain, high crowding, age>45;walk_bus;3.0;rain;high;1;4;0.75;0.691;0.009
STU_0624;S10;Bike, medium, sunny, age>45;bike_100;3.0;sunny;;0;5;1.0;1.0;0.1
STU_0624;S01;Walk only, short, sunny;walk_100;0.8;sunny;;0;5;1.0;1.0;0.0
STU_0624;S09;Car only, long distance;car_100;8.0;any;;0;5;1.0;1.0;0.1
STU_0625;S11;Walk+Bus, medium, rain, high crowding, age>45;walk_bus;3.0;rain;high;1;3;0.5;0.691;0.191
STU_0625;S10;Bike, medium, sunny, age>45;bike_100;3.0;sunny;;0;5;1.0;1.0;0.0
STU_0625;S01;Walk only, short, sunny;walk_100;0.8;sunny;;0;5;1.0;1.0;0.1
STU_0625;S09;Car only, long distance;car_100;8.0;any;;0;5;1.0;1.0;0.0
STU_0625;S06;Bus only, long, high crowding;bus_100;5.0;any;high;0;4;0.75;0.83;0.13
STU_0625;S03;Bike only, medium, sunny;bike_100;2.5;sunny;;0;5;1.0;1.0;0.0
STU_0625;S02;Walk only, short, rain;walk_100;0.8;rain;;0;3;0.5;0.7;0.1
STU_0625;S12;Car only, long, age>45;car_100;8.0;any;;0;5;1.0;1.0;0.1
STU_0626;S11;Walk+Bus, medium, rain, high crowding, age>45;walk_bus;3.0;rain;high;1;4;0.75;0.691;0.109
STU_0626;S10;Bike, medium, sunny, age>45;bike_100;3.0;sunny;;0;5;1.0;1.0;0.0
STU_0626;S01;Walk only, short, sunny;walk_100;0.8;sunny;;0;5;1.0;1.0;0.0
STU_0626;S09;Car only, long distance;car_100;8.0;any;;0;5;1.0;1.0;0.0
STU_0626;S06;Bus only, long, high crowding;bus_100;5.0;any;high;0;5;1.0;0.83;0.07
STU_0626;S03;Bike only, medium, sunny;bike_100;2.5;sunny;;0;5;1.0;1.0;0.0
STU_0626;S02;Walk only, short, rain;walk_100;0.8;rain;;0;3;0.5;0.7;0.1
STU_0626;S12;Car only, long, age>45;car_100;8.0;any;;0;5;1.0;1.0;0.0
STU_0627;S11;Walk+Bus, medium, rain, high crowding, age>45;walk_bus;3.0;rain;high;1;4;0.75;0.691;0.009
STU_0627;S10;Bike, medium, sunny, age>45;bike_100;3.0;sunny;;0;5;1.0;1.0;0.0
STU_0627;S01;Walk only, short, sunny;walk_100;0.8;sunny;;0;5;1.0;1.0;0.0
STU_0627;S09;Car only, long distance;car_100;8.0;any;;0;5;1.0;1.0;0.0
STU_0627;S06;Bus only, long, high crowding;bus_100;5.0;any;high;0;4;0.75;0.83;0.03
STU_0628;S11;Walk+Bus, medium, rain, high crowding, age>45;walk_bus;3.0;rain;high;1;4;0.75;0.691;0.109
STU_0628;S10;Bike, medium, sunny, age>45;bike_100;3.0;sunny;;0;5;1.0;1.0;0.0
STU_0628;S01;Walk only, short, sunny;walk_100;0.8;sunny;;0;5;1.0;1.0;0.0
STU_0628;S09;Car only, long distance;car_100;8.0;any;;0;5;1.0;1.0;0.0
STU_0628;S06;Bus only, long, high crowding;bus_100;5.0;any;high;0;4;0.75;0.83;0.03
STU_0629;S11;Walk+Bus, medium, rain, high crowding, age>45;walk_bus;3.0;rain;high;1;4;0.75;0.691;0.009
STU_0629;S10;Bike, medium, sunny, age>45;bike_100;3.0;sunny;;0;4;0.75;1.0;0.3
STU_0629;S01;Walk only, short, sunny;walk_100;0.8;sunny;;0;5;1.0;1.0;0.1
STU_0629;S09;Car only, long distance;car_100;8.0;any;;0;5;1.0;1.0;0.1
STU_0629;S06;Bus only, long, high crowding;bus_100;5.0;any;high;0;5;1.0;0.83;0.07
STU_0629;S03;Bike only, medium, sunny;bike_100;2.5;sunny;;0;5;1.0;1.0;0.0
STU_0629;S02;Walk only, short, rain;walk_100;0.8;rain;;0;4;0.75;0.7;0.0
STU_0629;S12;Car only, long, age>45;car_100;8.0;any;;0;5;1.0;1.0;0.1
STU_0629;S05;Bus only, long, low crowding;bus_100;5.0;any;low;0;5;1.0;0.96;0.06
STU_0630;S11;Walk+Bus, medium, rain, high crowding, age>45;walk_bus;3.0;rain;high;1;4;0.75;0.691;0.009
STU_0630;S10;Bike, medium, sunny, age>45;bike_100;3.0;sunny;;0;5;1.0;1.0;0.0
STU_0630;S01;Walk only, short, sunny;walk_100;0.8;sunny;;0;5;1.0;1.0;0.1
STU_0630;S09;Car only, long distance;car_100;8.0;any;;0;5;1.0;1.0;0.0
STU_0630;S06;Bus only, long, high crowding;bus_100;5.0;any;high;0;5;1.0;0.83;0.17
STU_0631;S11;Walk+Bus, medium, rain, high crowding, age>45;walk_bus;3.0;rain;high;1;3;0.5;0.691;0.091
STU_0631;S10;Bike, medium, sunny, age>45;bike_100;3.0;sunny;;0;5;1.0;1.0;0.0
STU_0631;S01;Walk only, short, sunny;walk_100;0.8;sunny;;0;5;1.0;1.0;0.0
STU_0631;S09;Car only, long distance;car_100;8.0;any;;0;5;1.0;1.0;0.1
STU_0631;S06;Bus only, long, high crowding;bus_100;5.0;any;high;0;5;1.0;0.83;0.17
STU_0631;S03;Bike only, medium, sunny;bike_100;2.5;sunny;;0;5;1.0;1.0;0.0
STU_0631;S02;Walk only, short, rain;walk_100;0.8;rain;;0;4;0.75;0.7;0.1
STU_0631;S12;Car only, long, age>45;car_100;8.0;any;;0;5;1.0;1.0;0.0
STU_0632;S11;Walk+Bus, medium, rain, high crowding, age>45;walk_bus;3.0;rain;high;1;4;0.75;0.691;0.109
STU_0632;S10;Bike, medium, sunny, age>45;bike_100;3.0;sunny;;0;5;1.0;1.0;0.0
STU_0632;S01;Walk only, short, sunny;walk_100;0.8;sunny;;0;5;1.0;1.0;0.0
STU_0632;S09;Car only, long distance;car_100;8.0;any;;0;5;1.0;1.0;0.1
STU_0632;S06;Bus only, long, high crowding;bus_100;5.0;any;high;0;5;1.0;0.83;0.07
STU_0632;S03;Bike only, medium, sunny;bike_100;2.5;sunny;;0;5;1.0;1.0;0.0
STU_0633;S11;Walk+Bus, medium, rain, high crowding, age>45;walk_bus;3.0;rain;high;1;4;0.75;0.691;0.009
STU_0633;S10;Bike, medium, sunny, age>45;bike_100;3.0;sunny;;0;5;1.0;1.0;0.0
STU_0633;S01;Walk only, short, sunny;walk_100;0.8;sunny;;0;5;1.0;1.0;0.1
STU_0633;S09;Car only, long distance;car_100;8.0;any;;0;5;1.0;1.0;0.1
STU_0633;S06;Bus only, long, high crowding;bus_100;5.0;any;high;0;4;0.75;0.83;0.13
STU_0633;S03;Bike only, medium, sunny;bike_100;2.5;sunny;;0;5;1.0;1.0;0.0
STU_0633;S02;Walk only, short, rain;walk_100;0.8;rain;;0;4;0.75;0.7;0.1
STU_0633;S12;Car only, long, age>45;car_100;8.0;any;;0;5;1.0;1.0;0.0
STU_0634;S11;Walk+Bus, medium, rain, high crowding, age>45;walk_bus;3.0;rain;high;1;5;1.0;0.691;0.209
STU_0634;S10;Bike, medium, sunny, age>45;bike_100;3.0;sunny;;0;5;1.0;1.0;0.0
STU_0634;S01;Walk only, short, sunny;walk_100;0.8;sunny;;0;5;1.0;1.0;0.0
STU_0634;S09;Car only, long distance;car_100;8.0;any;;0;5;1.0;1.0;0.0
STU_0634;S06;Bus only, long, high crowding;bus_100;5.0;any;high;0;5;1.0;0.83;0.17
STU_0634;S03;Bike only, medium, sunny;bike_100;2.5;sunny;;0;5;1.0;1.0;0.0
STU_0635;S11;Walk+Bus, medium, rain, high crowding, age>45;walk_bus;3.0;rain;high;1;3;0.5;0.691;0.091
STU_0635;S10;Bike, medium, sunny, age>45;bike_100;3.0;sunny;;0;4;0.75;1.0;0.2
STU_0635;S01;Walk only, short, sunny;walk_100;0.8;sunny;;0;5;1.0;1.0;0.1
STU_0635;S09;Car only, long distance;car_100;8.0;any;;0;5;1.0;1.0;0.0
STU_0635;S06;Bus only, long, high crowding;bus_100;5.0;any;high;0;5;1.0;0.83;0.07
STU_0635;S03;Bike only, medium, sunny;bike_100;2.5;sunny;;0;5;1.0;1.0;0.1
STU_0636;S11;Walk+Bus, medium, rain, high crowding, age>45;walk_bus;3.0;rain;high;1;3;0.5;0.691;0.091
STU_0636;S10;Bike, medium, sunny, age>45;bike_100;3.0;sunny;;0;5;1.0;1.0;0.0
STU_0636;S01;Walk only, short, sunny;walk_100;0.8;sunny;;0;5;1.0;1.0;0.1
STU_0636;S09;Car only, long distance;car_100;8.0;any;;0;5;1.0;1.0;0.0
STU_0636;S06;Bus only, long, high crowding;bus_100;5.0;any;high;0;5;1.0;0.83;0.07
STU_0637;S11;Walk+Bus, medium, rain, high crowding, age>45;walk_bus;3.0;rain;high;1;4;0.75;0.691;0.109
STU_0637;S10;Bike, medium, sunny, age>45;bike_100;3.0;sunny;;0;5;1.0;1.0;0.0
STU_0637;S01;Walk only, short, sunny;walk_100;0.8;sunny;;0;5;1.0;1.0;0.1
STU_0637;S09;Car only, long distance;car_100;8.0;any;;0;5;1.0;1.0;0.0
STU_0637;S06;Bus only, long, high crowding;bus_100;5.0;any;high;0;4;0.75;0.83;0.03
STU_0637;S03;Bike only, medium, sunny;bike_100;2.5;sunny;;0;5;1.0;1.0;0.0
STU_0637;S02;Walk only, short, rain;walk_100;0.8;rain;;0;4;0.75;0.7;0.1
STU_0638;S11;Walk+Bus, medium, rain, high crowding, age>45;walk_bus;3.0;rain;high;1;4;0.75;0.691;0.009
STU_0638;S10;Bike, medium, sunny, age>45;bike_100;3.0;sunny;;0;5;1.0;1.0;0.0
STU_0638;S01;Walk only, short, sunny;walk_100;0.8;sunny;;0;5;1.0;1.0;0.1
STU_0638;S09;Car only, long distance;car_100;8.0;any;;0;5;1.0;1.0;0.0
STU_0639;S11;Walk+Bus, medium, rain, high crowding, age>45;walk_bus;3.0;rain;high;1;3;0.5;0.691;0.091
STU_0639;S10;Bike, medium, sunny, age>45;bike_100;3.0;sunny;;0;5;1.0;1.0;0.0
STU_0639;S01;Walk only, short, sunny;walk_100;0.8;sunny;;0;5;1.0;1.0;0.0
STU_0639;S09;Car only, long distance;car_100;8.0;any;;0;4;0.75;1.0;0.2
STU_0639;S06;Bus only, long, high crowding;bus_100;5.0;any;high;0;5;1.0;0.83;0.07
STU_0640;S11;Walk+Bus, medium, rain, high crowding, age>45;walk_bus;3.0;rain;high;1;4;0.75;0.691;0.009
STU_0640;S10;Bike, medium, sunny, age>45;bike_100;3.0;sunny;;0;4;0.75;0.85;0.15
STU_0640;S01;Walk only, short, sunny;walk_100;0.8;sunny;;0;5;1.0;1.0;0.0
STU_0640;S09;Car only, long distance;car_100;8.0;any;;0;5;1.0;1.0;0.0
STU_0640;S06;Bus only, long, high crowding;bus_100;5.0;any;high;0;5;1.0;0.83;0.07
STU_0641;S11;Walk+Bus, medium, rain, high crowding, age>45;walk_bus;3.0;rain;high;1;3;0.5;0.691;0.191
STU_0641;S10;Bike, medium, sunny, age>45;bike_100;3.0;sunny;;0;5;1.0;1.0;0.0
STU_0641;S01;Walk only, short, sunny;walk_100;0.8;sunny;;0;5;1.0;1.0;0.0
STU_0641;S09;Car only, long distance;car_100;8.0;any;;0;5;1.0;1.0;0.1
STU_0641;S06;Bus only, long, high crowding;bus_100;5.0;any;high;0;4;0.75;0.83;0.03
STU_0641;S03;Bike only, medium, sunny;bike_100;2.5;sunny;;0;5;1.0;1.0;0.1
STU_0641;S02;Walk only, short, rain;walk_100;0.8;rain;;0;3;0.5;0.7;0.1
STU_0642;S11;Walk+Bus, medium, rain, high crowding, age>45;walk_bus;3.0;rain;high;1;4;0.75;0.691;0.109
STU_0642;S10;Bike, medium, sunny, age>45;bike_100;3.0;sunny;;0;5;1.0;1.0;0.0
STU_0642;S01;Walk only, short, sunny;walk_100;0.8;sunny;;0;5;1.0;1.0;0.0
STU_0642;S09;Car only, long distance;car_100;8.0;any;;0;5;1.0;1.0;0.0
STU_0643;S11;Walk+Bus, medium, rain, high crowding, age>45;walk_bus;3.0;rain;high;1;4;0.75;0.691;0.109
STU_0643;S10;Bike, medium, sunny, age>45;bike_100;3.0;sunny;;0;5;1.0;1.0;0.0
STU_0643;S01;Walk only, short, sunny;walk_100;0.8;sunny;;0;5;1.0;1.0;0.1
STU_0643;S09;Car only, long distance;car_100;8.0;any;;0;5;1.0;1.0;0.0
STU_0643;S06;Bus only, long, high crowding;bus_100;5.0;any;high;0;5;1.0;0.83;0.07
STU_0643;S03;Bike only, medium, sunny;bike_100;2.5;sunny;;0;5;1.0;1.0;0.0
STU_0643;S02;Walk only, short, rain;walk_100;0.8;rain;;0;4;0.75;0.7;0.0
STU_0643;S12;Car only, long, age>45;car_100;8.0;any;;0;4;0.75;1.0;0.2
STU_0644;S11;Walk+Bus, medium, rain, high crowding, age>45;walk_bus;3.0;rain;high;1;5;1.0;0.691;0.209
STU_0644;S10;Bike, medium, sunny, age>45;bike_100;3.0;sunny;;0;5;1.0;1.0;0.0
STU_0644;S01;Walk only, short, sunny;walk_100;0.8;sunny;;0;5;1.0;1.0;0.0
STU_0644;S09;Car only, long distance;car_100;8.0;any;;0;5;1.0;1.0;0.0
STU_0644;S06;Bus only, long, high crowding;bus_100;5.0;any;high;0;5;1.0;0.83;0.17
STU_0644;S03;Bike only, medium, sunny;bike_100;2.5;sunny;;0;5;1.0;1.0;0.1
STU_0644;S02;Walk only, short, rain;walk_100;0.8;rain;;0;4;0.75;0.7;0.0
STU_0644;S12;Car only, long, age>45;car_100;8.0;any;;0;4;0.75;1.0;0.2
STU_0644;S05;Bus only, long, low crowding;bus_100;5.0;any;low;0;5;1.0;0.96;0.04
STU_0645;S11;Walk+Bus, medium, rain, high crowding, age>45;walk_bus;3.0;rain;high;1;4;0.75;0.691;0.109
STU_0645;S10;Bike, medium, sunny, age>45;bike_100;3.0;sunny;;0;5;1.0;1.0;0.1
STU_0645;S01;Walk only, short, sunny;walk_100;0.8;sunny;;0;5;1.0;1.0;0.1
STU_0645;S09;Car only, long distance;car_100;8.0;any;;0;5;1.0;1.0;0.1
STU_0645;S06;Bus only, long, high crowding;bus_100;5.0;any;high;0;5;1.0;0.83;0.07
STU_0645;S03;Bike only, medium, sunny;bike_100;2.5;sunny;;0;5;1.0;1.0;0.0
STU_0645;S02;Walk only, short, rain;walk_100;0.8;rain;;0;4;0.75;0.7;0.1
STU_0645;S12;Car only, long, age>45;car_100;8.0;any;;0;5;1.0;1.0;0.0
STU_0645;S05;Bus only, long, low crowding;bus_100;5.0;any;low;0;5;1.0;0.96;0.04
STU_0646;S11;Walk+Bus, medium, rain, high crowding, age>45;walk_bus;3.0;rain;high;1;4;0.75;0.691;0.109
STU_0646;S10;Bike, medium, sunny, age>45;bike_100;3.0;sunny;;0;5;1.0;1.0;0.0
STU_0646;S01;Walk only, short, sunny;walk_100;0.8;sunny;;0;5;1.0;1.0;0.0
STU_0646;S09;Car only, long distance;car_100;8.0;any;;0;5;1.0;1.0;0.0
STU_0646;S06;Bus only, long, high crowding;bus_100;5.0;any;high;0;5;1.0;0.83;0.07
STU_0646;S03;Bike only, medium, sunny;bike_100;2.5;sunny;;0;5;1.0;1.0;0.0
STU_0646;S02;Walk only, short, rain;walk_100;0.8;rain;;0;3;0.5;0.7;0.2
STU_0646;S12;Car only, long, age>45;car_100;8.0;any;;0;5;1.0;1.0;0.0
STU_0647;S11;Walk+Bus, medium, rain, high crowding, age>45;walk_bus;3.0;rain;high;1;4;0.75;0.691;0.009
STU_0647;S10;Bike, medium, sunny, age>45;bike_100;3.0;sunny;;0;5;1.0;1.0;0.0
STU_0647;S01;Walk only, short, sunny;walk_100;0.8;sunny;;0;4;0.75;1.0;0.2
STU_0647;S09;Car only, long distance;car_100;8.0;any;;0;5;1.0;1.0;0.0
STU_0647;S06;Bus only, long, high crowding;bus_100;5.0;any;high;0;4;0.75;0.83;0.03
STU_0648;S11;Walk+Bus, medium, rain, high crowding, age>45;walk_bus;3.0;rain;high;1;4;0.75;0.691;0.109
STU_0648;S10;Bike, medium, sunny, age>45;bike_100;3.0;sunny;;0;5;1.0;1.0;0.1
STU_0648;S01;Walk only, short, sunny;walk_100;0.8;sunny;;0;4;0.75;1.0;0.2
STU_0648;S09;Car only, long distance;car_100;8.0;any;;0;5;1.0;1.0;0.1
STU_0649;S11;Walk+Bus, medium, rain, high crowding, age>45;walk_bus;3.0;rain;high;1;4;0.75;0.691;0.109
STU_0649;S10;Bike, medium, sunny, age>45;bike_100;3.0;sunny;;0;5;1.0;1.0;0.0
STU_0649;S01;Walk only, short, sunny;walk_100;0.8;sunny;;0;5;1.0;1.0;0.0
STU_0649;S09;Car only, long distance;car_100;8.0;any;;0;5;1.0;1.0;0.1
STU_0649;S06;Bus only, long, high crowding;bus_100;5.0;any;high;0;5;1.0;0.83;0.17
STU_0650;S11;Walk+Bus, medium, rain, high crowding, age>45;walk_bus;3.0;rain;high;1;3;0.5;0.691;0.091
STU_0650;S10;Bike, medium, sunny, age>45;bike_100;3.0;sunny;;0;5;1.0;1.0;0.0
STU_0650;S01;Walk only, short, sunny;walk_100;0.8;sunny;;0;5;1.0;1.0;0.0
STU_0650;S09;Car only, long distance;car_100;8.0;any;;0;5;1.0;1.0;0.0
STU_0650;S06;Bus only, long, high crowding;bus_100;5.0;any;high;0;5;1.0;0.83;0.07
STU_0650;S03;Bike only, medium, sunny;bike_100;2.5;sunny;;0;5;1.0;1.0;0.0
STU_0651;S11;Walk+Bus, medium, rain, high crowding, age>45;walk_bus;3.0;rain;high;1;4;0.75;0.691;0.109
STU_0651;S10;Bike, medium, sunny, age>45;bike_100;3.0;sunny;;0;5;1.0;1.0;0.1
STU_0651;S01;Walk only, short, sunny;walk_100;0.8;sunny;;0;5;1.0;1.0;0.1
STU_0651;S09;Car only, long distance;car_100;8.0;any;;0;5;1.0;1.0;0.0
STU_0651;S06;Bus only, long, high crowding;bus_100;5.0;any;high;0;5;1.0;0.83;0.17
STU_0652;S11;Walk+Bus, medium, rain, high crowding, age>45;walk_bus;3.0;rain;high;1;4;0.75;0.691;0.009
STU_0652;S10;Bike, medium, sunny, age>45;bike_100;3.0;sunny;;0;5;1.0;1.0;0.0
STU_0652;S01;Walk only, short, sunny;walk_100;0.8;sunny;;0;5;1.0;1.0;0.0
STU_0652;S09;Car only, long distance;car_100;8.0;any;;0;5;1.0;1.0;0.1
STU_0652;S06;Bus only, long, high crowding;bus_100;5.0;any;high;0;4;0.75;0.83;0.13
STU_0653;S11;Walk+Bus, medium, rain, high crowding, age>45;walk_bus;3.0;rain;high;1;4;0.75;0.691;0.109
STU_0653;S10;Bike, medium, sunny, age>45;bike_100;3.0;sunny;;0;5;1.0;1.0;0.1
STU_0653;S01;Walk only, short, sunny;walk_100;0.8;sunny;;0;5;1.0;1.0;0.1
STU_0653;S09;Car only, long distance;car_100;8.0;any;;0;5;1.0;1.0;0.1
STU_0653;S06;Bus only, long, high crowding;bus_100;5.0;any;high;0;5;1.0;0.83;0.17
STU_0653;S03;Bike only, medium, sunny;bike_100;2.5;sunny;;0;5;1.0;1.0;0.0
STU_0653;S02;Walk only, short, rain;walk_100;0.8;rain;;0;5;1.0;0.7;0.3
STU_0653;S12;Car only, long, age>45;car_100;8.0;any;;0;5;1.0;1.0;0.0
STU_0654;S11;Walk+Bus, medium, rain, high crowding, age>45;walk_bus;3.0;rain;high;1;4;0.75;0.691;0.009
STU_0654;S10;Bike, medium, sunny, age>45;bike_100;3.0;sunny;;0;5;1.0;1.0;0.1
STU_0654;S01;Walk only, short, sunny;walk_100;0.8;sunny;;0;5;1.0;1.0;0.0
STU_0654;S09;Car only, long distance;car_100;8.0;any;;0;5;1.0;1.0;0.0
STU_0654;S06;Bus only, long, high crowding;bus_100;5.0;any;high;0;4;0.75;0.83;0.13
STU_0654;S03;Bike only, medium, sunny;bike_100;2.5;sunny;;0;5;1.0;1.0;0.1
STU_0654;S02;Walk only, short, rain;walk_100;0.8;rain;;0;3;0.5;0.7;0.1
STU_0654;S12;Car only, long, age>45;car_100;8.0;any;;0;5;1.0;1.0;0.1
STU_0655;S11;Walk+Bus, medium, rain, high crowding, age>45;walk_bus;3.0;rain;high;1;3;0.5;0.691;0.191
STU_0655;S10;Bike, medium, sunny, age>45;bike_100;3.0;sunny;;0;5;1.0;1.0;0.1
STU_0655;S01;Walk only, short, sunny;walk_100;0.8;sunny;;0;5;1.0;1.0;0.0
STU_0655;S09;Car only, long distance;car_100;8.0;any;;0;5;1.0;1.0;0.1
STU_0655;S06;Bus only, long, high crowding;bus_100;5.0;any;high;0;5;1.0;0.83;0.07
STU_0655;S03;Bike only, medium, sunny;bike_100;2.5;sunny;;0;5;1.0;1.0;0.0
STU_0655;S02;Walk only, short, rain;walk_100;0.8;rain;;0;4;0.75;0.7;0.1
STU_0655;S12;Car only, long, age>45;car_100;8.0;any;;0;5;1.0;1.0;0.0
STU_0656;S11;Walk+Bus, medium, rain, high crowding, age>45;walk_bus;3.0;rain;high;1;4;0.75;0.691;0.009
STU_0656;S10;Bike, medium, sunny, age>45;bike_100;3.0;sunny;;0;5;1.0;1.0;0.0
STU_0656;S01;Walk only, short, sunny;walk_100;0.8;sunny;;0;5;1.0;1.0;0.0
STU_0656;S09;Car only, long distance;car_100;8.0;any;;0;5;1.0;1.0;0.1
STU_0656;S06;Bus only, long, high crowding;bus_100;5.0;any;high;0;5;1.0;0.83;0.07
STU_0656;S03;Bike only, medium, sunny;bike_100;2.5;sunny;;0;5;1.0;1.0;0.0
STU_0656;S02;Walk only, short, rain;walk_100;0.8;rain;;0;4;0.75;0.7;0.1
STU_0656;S12;Car only, long, age>45;car_100;8.0;any;;0;5;1.0;1.0;0.0
STU_0656;S05;Bus only, long, low crowding;bus_100;5.0;any;low;0;5;1.0;0.96;0.04
STU_0657;S11;Walk+Bus, medium, rain, high crowding, age>45;walk_bus;3.0;rain;high;1;5;1.0;0.691;0.209
STU_0657;S10;Bike, medium, sunny, age>45;bike_100;3.0;sunny;;0;5;1.0;1.0;0.0
STU_0657;S01;Walk only, short, sunny;walk_100;0.8;sunny;;0;5;1.0;1.0;0.1
STU_0657;S09;Car only, long distance;car_100;8.0;any;;0;5;1.0;1.0;0.0
STU_0657;S06;Bus only, long, high crowding;bus_100;5.0;any;high;0;5;1.0;0.83;0.17
STU_0657;S03;Bike only, medium, sunny;bike_100;2.5;sunny;;0;5;1.0;1.0;0.0
STU_0658;S11;Walk+Bus, medium, rain, high crowding, age>45;walk_bus;3.0;rain;high;1;3;0.5;0.691;0.091
STU_0658;S10;Bike, medium, sunny, age>45;bike_100;3.0;sunny;;0;5;1.0;1.0;0.0
STU_0658;S01;Walk only, short, sunny;walk_100;0.8;sunny;;0;5;1.0;1.0;0.0
STU_0658;S09;Car only, long distance;car_100;8.0;any;;0;5;1.0;1.0;0.0
STU_0658;S06;Bus only, long, high crowding;bus_100;5.0;any;high;0;4;0.75;0.83;0.03
STU_0658;S03;Bike only, medium, sunny;bike_100;2.5;sunny;;0;5;1.0;1.0;0.0
STU_0658;S02;Walk only, short, rain;walk_100;0.8;rain;;0;4;0.75;0.7;0.0
STU_0658;S12;Car only, long, age>45;car_100;8.0;any;;0;5;1.0;1.0;0.0
STU_0659;S11;Walk+Bus, medium, rain, high crowding, age>45;walk_bus;3.0;rain;high;1;4;0.75;0.691;0.009
STU_0659;S10;Bike, medium, sunny, age>45;bike_100;3.0;sunny;;0;5;1.0;1.0;0.1
STU_0659;S01;Walk only, short, sunny;walk_100;0.8;sunny;;0;5;1.0;1.0;0.1
STU_0659;S09;Car only, long distance;car_100;8.0;any;;0;4;0.75;1.0;0.2
STU_0660;S11;Walk+Bus, medium, rain, high crowding, age>45;walk_bus;3.0;rain;high;1;3;0.5;0.691;0.191
STU_0660;S10;Bike, medium, sunny, age>45;bike_100;3.0;sunny;;0;5;1.0;1.0;0.1
STU_0660;S01;Walk only, short, sunny;walk_100;0.8;sunny;;0;5;1.0;1.0;0.0
STU_0660;S09;Car only, long distance;car_100;8.0;any;;0;5;1.0;1.0;0.0
STU_0660;S06;Bus only, long, high crowding;bus_100;5.0;any;high;0;5;1.0;0.83;0.07
STU_0660;S03;Bike only, medium, sunny;bike_100;2.5;sunny;;0;5;1.0;1.0;0.0
STU_0660;S02;Walk only, short, rain;walk_100;0.8;rain;;0;3;0.5;0.7;0.1
STU_0660;S12;Car only, long, age>45;car_100;8.0;any;;0;5;1.0;1.0;0.1
STU_0660;S05;Bus only, long, low crowding;bus_100;5.0;any;low;0;5;1.0;0.96;0.06
STU_0661;S11;Walk+Bus, medium, rain, high crowding, age>45;walk_bus;3.0;rain;high;1;4;0.75;0.691;0.009
STU_0661;S10;Bike, medium, sunny, age>45;bike_100;3.0;sunny;;0;5;1.0;1.0;0.0
STU_0661;S01;Walk only, short, sunny;walk_100;0.8;sunny;;0;5;1.0;1.0;0.0
STU_0661;S09;Car only, long distance;car_100;8.0;any;;0;5;1.0;1.0;0.0
STU_0661;S06;Bus only, long, high crowding;bus_100;5.0;any;high;0;5;1.0;0.83;0.17
STU_0661;S03;Bike only, medium, sunny;bike_100;2.5;sunny;;0;5;1.0;1.0;0.0
STU_0661;S02;Walk only, short, rain;walk_100;0.8;rain;;0;3;0.5;0.7;0.1
STU_0662;S11;Walk+Bus, medium, rain, high crowding, age>45;walk_bus;3.0;rain;high;1;4;0.75;0.691;0.109
STU_0662;S10;Bike, medium, sunny, age>45;bike_100;3.0;sunny;;0;5;1.0;1.0;0.0
STU_0662;S01;Walk only, short, sunny;walk_100;0.8;sunny;;0;5;1.0;1.0;0.0
STU_0662;S09;Car only, long distance;car_100;8.0;any;;0;5;1.0;1.0;0.1
STU_0663;S11;Walk+Bus, medium, rain, high crowding, age>45;walk_bus;3.0;rain;high;1;4;0.75;0.691;0.109
STU_0663;S10;Bike, medium, sunny, age>45;bike_100;3.0;sunny;;0;5;1.0;1.0;0.0
STU_0663;S01;Walk only, short, sunny;walk_100;0.8;sunny;;0;5;1.0;1.0;0.1
STU_0663;S09;Car only, long distance;car_100;8.0;any;;0;5;1.0;1.0;0.0
STU_0664;S11;Walk+Bus, medium, rain, high crowding, age>45;walk_bus;3.0;rain;high;1;4;0.75;0.691;0.109
STU_0664;S10;Bike, medium, sunny, age>45;bike_100;3.0;sunny;;0;5;1.0;1.0;0.0
STU_0664;S01;Walk only, short, sunny;walk_100;0.8;sunny;;0;5;1.0;1.0;0.0
STU_0664;S09;Car only, long distance;car_100;8.0;any;;0;5;1.0;1.0;0.1
STU_0664;S06;Bus only, long, high crowding;bus_100;5.0;any;high;0;4;0.75;0.83;0.13
STU_0664;S03;Bike only, medium, sunny;bike_100;2.5;sunny;;0;5;1.0;1.0;0.0
STU_0664;S02;Walk only, short, rain;walk_100;0.8;rain;;0;5;1.0;0.7;0.2
STU_0664;S12;Car only, long, age>45;car_100;8.0;any;;0;5;1.0;1.0;0.0
STU_0665;S11;Walk+Bus, medium, rain, high crowding, age>45;walk_bus;3.0;rain;high;1;3;0.5;0.691;0.091
STU_0665;S10;Bike, medium, sunny, age>45;bike_100;3.0;sunny;;0;5;1.0;1.0;0.0
STU_0665;S01;Walk only, short, sunny;walk_100;0.8;sunny;;0;5;1.0;1.0;0.0
STU_0665;S09;Car only, long distance;car_100;8.0;any;;0;5;1.0;1.0;0.0
STU_0665;S06;Bus only, long, high crowding;bus_100;5.0;any;high;0;5;1.0;0.83;0.07
STU_0665;S03;Bike only, medium, sunny;bike_100;2.5;sunny;;0;5;1.0;1.0;0.0
STU_0665;S02;Walk only, short, rain;walk_100;0.8;rain;;0;4;0.75;0.7;0.0
STU_0666;S11;Walk+Bus, medium, rain, high crowding, age>45;walk_bus;3.0;rain;high;1;5;1.0;0.691;0.209
STU_0666;S10;Bike, medium, sunny, age>45;bike_100;3.0;sunny;;0;5;1.0;1.0;0.0
STU_0666;S01;Walk only, short, sunny;walk_100;0.8;sunny;;0;5;1.0;1.0;0.0
STU_0666;S09;Car only, long distance;car_100;8.0;any;;0;5;1.0;1.0;0.0
STU_0666;S06;Bus only, long, high crowding;bus_100;5.0;any;high;0;4;0.75;0.83;0.13
STU_0666;S03;Bike only, medium, sunny;bike_100;2.5;sunny;;0;5;1.0;1.0;0.1
STU_0666;S02;Walk only, short, rain;walk_100;0.8;rain;;0;4;0.75;0.7;0.1
STU_0667;S11;Walk+Bus, medium, rain, high crowding, age>45;walk_bus;3.0;rain;high;1;4;0.75;0.691;0.109
STU_0667;S10;Bike, medium, sunny, age>45;bike_100;3.0;sunny;;0;5;1.0;1.0;0.0
STU_0667;S01;Walk only, short, sunny;walk_100;0.8;sunny;;0;5;1.0;1.0;0.0
STU_0667;S09;Car only, long distance;car_100;8.0;any;;0;5;1.0;1.0;0.1
STU_0667;S06;Bus only, long, high crowding;bus_100;5.0;any;high;0;5;1.0;0.83;0.07
STU_0667;S03;Bike only, medium, sunny;bike_100;2.5;sunny;;0;5;1.0;1.0;0.0
STU_0667;S02;Walk only, short, rain;walk_100;0.8;rain;;0;4;0.75;0.7;0.0
STU_0667;S12;Car only, long, age>45;car_100;8.0;any;;0;5;1.0;1.0;0.1
STU_0667;S05;Bus only, long, low crowding;bus_100;5.0;any;low;0;5;1.0;0.96;0.06
STU_0668;S11;Walk+Bus, medium, rain, high crowding, age>45;walk_bus;3.0;rain;high;1;3;0.5;0.691;0.091
STU_0668;S10;Bike, medium, sunny, age>45;bike_100;3.0;sunny;;0;5;1.0;1.0;0.1
STU_0668;S01;Walk only, short, sunny;walk_100;0.8;sunny;;0;5;1.0;1.0;0.0
STU_0668;S09;Car only, long distance;car_100;8.0;any;;0;5;1.0;1.0;0.1
STU_0668;S06;Bus only, long, high crowding;bus_100;5.0;any;high;0;4;0.75;0.83;0.13
STU_0668;S03;Bike only, medium, sunny;bike_100;2.5;sunny;;0;5;1.0;1.0;0.1
STU_0668;S02;Walk only, short, rain;walk_100;0.8;rain;;0;4;0.75;0.7;0.1
STU_0669;S11;Walk+Bus, medium, rain, high crowding, age>45;walk_bus;3.0;rain;high;1;4;0.75;0.691;0.009
STU_0669;S10;Bike, medium, sunny, age>45;bike_100;3.0;sunny;;0;5;1.0;1.0;0.0
STU_0669;S01;Walk only, short, sunny;walk_100;0.8;sunny;;0;5;1.0;1.0;0.0
STU_0669;S09;Car only, long distance;car_100;8.0;any;;0;5;1.0;1.0;0.0
STU_0669;S06;Bus only, long, high crowding;bus_100;5.0;any;high;0;4;0.75;0.83;0.03
STU_0669;S03;Bike only, medium, sunny;bike_100;2.5;sunny;;0;5;1.0;1.0;0.1
STU_0670;S11;Walk+Bus, medium, rain, high crowding, age>45;walk_bus;3.0;rain;high;1;3;0.5;0.691;0.091
STU_0670;S10;Bike, medium, sunny, age>45;bike_100;3.0;sunny;;0;5;1.0;1.0;0.1
STU_0670;S01;Walk only, short, sunny;walk_100;0.8;sunny;;0;5;1.0;1.0;0.1
STU_0670;S09;Car only, long distance;car_100;8.0;any;;0;5;1.0;1.0;0.0
STU_0670;S06;Bus only, long, high crowding;bus_100;5.0;any;high;0;5;1.0;0.83;0.07
STU_0670;S03;Bike only, medium, sunny;bike_100;2.5;sunny;;0;4;0.75;1.0;0.2
STU_0670;S02;Walk only, short, rain;walk_100;0.8;rain;;0;4;0.75;0.7;0.1
STU_0670;S12;Car only, long, age>45;car_100;8.0;any;;0;5;1.0;1.0;0.0
STU_0671;S11;Walk+Bus, medium, rain, high crowding, age>45;walk_bus;3.0;rain;high;1;4;0.75;0.691;0.009
STU_0671;S10;Bike, medium, sunny, age>45;bike_100;3.0;sunny;;0;5;1.0;0.85;0.15
STU_0671;S01;Walk only, short, sunny;walk_100;0.8;sunny;;0;5;1.0;1.0;0.0
STU_0671;S09;Car only, long distance;car_100;8.0;any;;0;5;1.0;1.0;0.0
STU_0671;S06;Bus only, long, high crowding;bus_100;5.0;any;high;0;5;1.0;0.83;0.17
STU_0671;S03;Bike only, medium, sunny;bike_100;2.5;sunny;;0;5;1.0;0.85;0.05
STU_0671;S02;Walk only, short, rain;walk_100;0.8;rain;;0;3;0.5;0.7;0.2
STU_0672;S11;Walk+Bus, medium, rain, high crowding, age>45;walk_bus;3.0;rain;high;1;4;0.75;0.691;0.009
STU_0672;S10;Bike, medium, sunny, age>45;bike_100;3.0;sunny;;0;5;1.0;1.0;0.0
STU_0672;S01;Walk only, short, sunny;walk_100;0.8;sunny;;0;5;1.0;1.0;0.0
STU_0672;S09;Car only, long distance;car_100;8.0;any;;0;5;1.0;1.0;0.1
STU_0672;S06;Bus only, long, high crowding;bus_100;5.0;any;high;0;4;0.75;0.83;0.13
STU_0672;S03;Bike only, medium, sunny;bike_100;2.5;sunny;;0;5;1.0;1.0;0.1
STU_0672;S02;Walk only, short, rain;walk_100;0.8;rain;;0;4;0.75;0.7;0.1
STU_0672;S12;Car only, long, age>45;car_100;8.0;any;;0;5;1.0;1.0;0.0
STU_0672;S05;Bus only, long, low crowding;bus_100;5.0;any;low;0;5;1.0;0.96;0.06
STU_0673;S11;Walk+Bus, medium, rain, high crowding, age>45;walk_bus;3.0;rain;high;1;3;0.5;0.691;0.091
STU_0673;S10;Bike, medium, sunny, age>45;bike_100;3.0;sunny;;0;5;1.0;1.0;0.1
STU_0673;S01;Walk only, short, sunny;walk_100;0.8;sunny;;0;5;1.0;1.0;0.0
STU_0673;S09;Car only, long distance;car_100;8.0;any;;0;5;1.0;1.0;0.0
STU_0673;S06;Bus only, long, high crowding;bus_100;5.0;any;high;0;5;1.0;0.83;0.17
STU_0673;S03;Bike only, medium, sunny;bike_100;2.5;sunny;;0;5;1.0;1.0;0.0
STU_0674;S11;Walk+Bus, medium, rain, high crowding, age>45;walk_bus;3.0;rain;high;1;4;0.75;0.691;0.009
STU_0674;S10;Bike, medium, sunny, age>45;bike_100;3.0;sunny;;0;5;1.0;1.0;0.0
STU_0674;S01;Walk only, short, sunny;walk_100;0.8;sunny;;0;4;0.75;1.0;0.2
STU_0674;S09;Car only, long distance;car_100;8.0;any;;0;5;1.0;1.0;0.1
STU_0674;S06;Bus only, long, high crowding;bus_100;5.0;any;high;0;4;0.75;0.83;0.03
STU_0675;S11;Walk+Bus, medium, rain, high crowding, age>45;walk_bus;3.0;rain;high;1;5;1.0;0.691;0.209
STU_0675;S10;Bike, medium, sunny, age>45;bike_100;3.0;sunny;;0;5;1.0;1.0;0.1
STU_0675;S01;Walk only, short, sunny;walk_100;0.8;sunny;;0;5;1.0;1.0;0.0
STU_0675;S09;Car only, long distance;car_100;8.0;any;;0;5;1.0;1.0;0.0
STU_0675;S06;Bus only, long, high crowding;bus_100;5.0;any;high;0;4;0.75;0.83;0.03
STU_0676;S11;Walk+Bus, medium, rain, high crowding, age>45;walk_bus;3.0;rain;high;1;3;0.5;0.646;0.046
STU_0676;S10;Bike, medium, sunny, age>45;bike_100;3.0;sunny;;0;5;1.0;0.8;0.1
STU_0676;S01;Walk only, short, sunny;walk_100;0.8;sunny;;0;5;1.0;0.85;0.15
STU_0676;S09;Car only, long distance;car_100;8.0;any;;0;5;1.0;1.0;0.0
STU_0676;S06;Bus only, long, high crowding;bus_100;5.0;any;high;0;4;0.75;0.83;0.13
STU_0676;S03;Bike only, medium, sunny;bike_100;2.5;sunny;;0;5;1.0;0.8;0.2
STU_0677;S11;Walk+Bus, medium, rain, high crowding, age>45;walk_bus;3.0;rain;high;1;4;0.75;0.691;0.109
STU_0677;S10;Bike, medium, sunny, age>45;bike_100;3.0;sunny;;0;5;1.0;0.85;0.05
STU_0677;S01;Walk only, short, sunny;walk_100;0.8;sunny;;0;5;1.0;1.0;0.0
STU_0677;S09;Car only, long distance;car_100;8.0;any;;0;5;1.0;1.0;0.0
STU_0677;S06;Bus only, long, high crowding;bus_100;5.0;any;high;0;4;0.75;0.83;0.03
STU_0677;S03;Bike only, medium, sunny;bike_100;2.5;sunny;;0;4;0.75;0.85;0.05
STU_0677;S02;Walk only, short, rain;walk_100;0.8;rain;;0;4;0.75;0.7;0.1
STU_0677;S12;Car only, long, age>45;car_100;8.0;any;;0;4;0.75;1.0;0.2
STU_0677;S05;Bus only, long, low crowding;bus_100;5.0;any;low;0;4;0.75;0.96;0.16
STU_0678;S11;Walk+Bus, medium, rain, high crowding, age>45;walk_bus;3.0;rain;high;1;4;0.75;0.691;0.009
STU_0678;S10;Bike, medium, sunny, age>45;bike_100;3.0;sunny;;0;5;1.0;1.0;0.0
STU_0678;S01;Walk only, short, sunny;walk_100;0.8;sunny;;0;5;1.0;1.0;0.1
STU_0678;S09;Car only, long distance;car_100;8.0;any;;0;5;1.0;1.0;0.0
STU_0678;S06;Bus only, long, high crowding;bus_100;5.0;any;high;0;4;0.75;0.83;0.03
STU_0678;S03;Bike only, medium, sunny;bike_100;2.5;sunny;;0;5;1.0;1.0;0.0
STU_0679;S11;Walk+Bus, medium, rain, high crowding, age>45;walk_bus;3.0;rain;high;1;4;0.75;0.691;0.009
STU_0679;S10;Bike, medium, sunny, age>45;bike_100;3.0;sunny;;0;5;1.0;1.0;0.0
STU_0679;S01;Walk only, short, sunny;walk_100;0.8;sunny;;0;5;1.0;1.0;0.1
STU_0679;S09;Car only, long distance;car_100;8.0;any;;0;5;1.0;1.0;0.0
STU_0679;S06;Bus only, long, high crowding;bus_100;5.0;any;high;0;5;1.0;0.83;0.07
STU_0679;S03;Bike only, medium, sunny;bike_100;2.5;sunny;;0;5;1.0;1.0;0.0
STU_0679;S02;Walk only, short, rain;walk_100;0.8;rain;;0;4;0.75;0.7;0.1
STU_0679;S12;Car only, long, age>45;car_100;8.0;any;;0;5;1.0;1.0;0.1
STU_0680;S11;Walk+Bus, medium, rain, high crowding, age>45;walk_bus;3.0;rain;high;1;4;0.75;0.691;0.109
STU_0680;S10;Bike, medium, sunny, age>45;bike_100;3.0;sunny;;0;5;1.0;1.0;0.0
STU_0680;S01;Walk only, short, sunny;walk_100;0.8;sunny;;0;4;0.75;1.0;0.2
STU_0680;S09;Car only, long distance;car_100;8.0;any;;0;5;1.0;1.0;0.0
STU_0680;S06;Bus only, long, high crowding;bus_100;5.0;any;high;0;4;0.75;0.83;0.03
STU_0680;S03;Bike only, medium, sunny;bike_100;2.5;sunny;;0;5;1.0;1.0;0.0
STU_0680;S02;Walk only, short, rain;walk_100;0.8;rain;;0;3;0.5;0.7;0.1
STU_0680;S12;Car only, long, age>45;car_100;8.0;any;;0;4;0.75;1.0;0.2
STU_0681;S11;Walk+Bus, medium, rain, high crowding, age>45;walk_bus;3.0;rain;high;1;4;0.75;0.691;0.009
STU_0681;S10;Bike, medium, sunny, age>45;bike_100;3.0;sunny;;0;5;1.0;1.0;0.0
STU_0681;S01;Walk only, short, sunny;walk_100;0.8;sunny;;0;5;1.0;1.0;0.0
STU_0681;S09;Car only, long distance;car_100;8.0;any;;0;5;1.0;1.0;0.0
STU_0681;S06;Bus only, long, high crowding;bus_100;5.0;any;high;0;5;1.0;0.83;0.07
STU_0682;S11;Walk+Bus, medium, rain, high crowding, age>45;walk_bus;3.0;rain;high;1;4;0.75;0.691;0.009
STU_0682;S10;Bike, medium, sunny, age>45;bike_100;3.0;sunny;;0;4;0.75;1.0;0.2
STU_0682;S01;Walk only, short, sunny;walk_100;0.8;sunny;;0;5;1.0;1.0;0.0
STU_0682;S09;Car only, long distance;car_100;8.0;any;;0;5;1.0;1.0;0.0
STU_0682;S06;Bus only, long, high crowding;bus_100;5.0;any;high;0;5;1.0;0.83;0.17
STU_0682;S03;Bike only, medium, sunny;bike_100;2.5;sunny;;0;4;0.75;1.0;0.2
STU_0682;S02;Walk only, short, rain;walk_100;0.8;rain;;0;4;0.75;0.7;0.0
STU_0683;S11;Walk+Bus, medium, rain, high crowding, age>45;walk_bus;3.0;rain;high;1;3;0.5;0.691;0.091
STU_0683;S10;Bike, medium, sunny, age>45;bike_100;3.0;sunny;;0;5;1.0;1.0;0.0
STU_0683;S01;Walk only, short, sunny;walk_100;0.8;sunny;;0;5;1.0;1.0;0.0
STU_0683;S09;Car only, long distance;car_100;8.0;any;;0;5;1.0;1.0;0.1
STU_0683;S06;Bus only, long, high crowding;bus_100;5.0;any;high;0;4;0.75;0.83;0.03
STU_0683;S03;Bike only, medium, sunny;bike_100;2.5;sunny;;0;5;1.0;1.0;0.0
STU_0683;S02;Walk only, short, rain;walk_100;0.8;rain;;0;4;0.75;0.7;0.1
STU_0683;S12;Car only, long, age>45;car_100;8.0;any;;0;5;1.0;1.0;0.0
STU_0683;S05;Bus only, long, low crowding;bus_100;5.0;any;low;0;5;1.0;0.96;0.04
STU_0684;S11;Walk+Bus, medium, rain, high crowding, age>45;walk_bus;3.0;rain;high;1;4;0.75;0.691;0.109
STU_0684;S10;Bike, medium, sunny, age>45;bike_100;3.0;sunny;;0;5;1.0;1.0;0.1
STU_0684;S01;Walk only, short, sunny;walk_100;0.8;sunny;;0;5;1.0;1.0;0.1
STU_0684;S09;Car only, long distance;car_100;8.0;any;;0;5;1.0;1.0;0.1
STU_0684;S06;Bus only, long, high crowding;bus_100;5.0;any;high;0;5;1.0;0.83;0.07
STU_0685;S11;Walk+Bus, medium, rain, high crowding, age>45;walk_bus;3.0;rain;high;1;4;0.75;0.691;0.109
STU_0685;S10;Bike, medium, sunny, age>45;bike_100;3.0;sunny;;0;5;1.0;1.0;0.0
STU_0685;S01;Walk only, short, sunny;walk_100;0.8;sunny;;0;5;1.0;1.0;0.0
STU_0685;S09;Car only, long distance;car_100;8.0;any;;0;5;1.0;1.0;0.1
STU_0685;S06;Bus only, long, high crowding;bus_100;5.0;any;high;0;4;0.75;0.83;0.03
STU_0685;S03;Bike only, medium, sunny;bike_100;2.5;sunny;;0;5;1.0;1.0;0.0
STU_0685;S02;Walk only, short, rain;walk_100;0.8;rain;;0;4;0.75;0.7;0.1
STU_0686;S11;Walk+Bus, medium, rain, high crowding, age>45;walk_bus;3.0;rain;high;1;4;0.75;0.691;0.109
STU_0686;S10;Bike, medium, sunny, age>45;bike_100;3.0;sunny;;0;5;1.0;1.0;0.0
STU_0686;S01;Walk only, short, sunny;walk_100;0.8;sunny;;0;5;1.0;1.0;0.0
STU_0686;S09;Car only, long distance;car_100;8.0;any;;0;5;1.0;1.0;0.0
STU_0686;S06;Bus only, long, high crowding;bus_100;5.0;any;high;0;4;0.75;0.83;0.03
STU_0686;S03;Bike only, medium, sunny;bike_100;2.5;sunny;;0;5;1.0;1.0;0.1
STU_0686;S02;Walk only, short, rain;walk_100;0.8;rain;;0;4;0.75;0.7;0.1
STU_0687;S11;Walk+Bus, medium, rain, high crowding, age>45;walk_bus;3.0;rain;high;1;5;1.0;0.691;0.209
STU_0687;S10;Bike, medium, sunny, age>45;bike_100;3.0;sunny;;0;5;1.0;1.0;0.0
STU_0687;S01;Walk only, short, sunny;walk_100;0.8;sunny;;0;5;1.0;1.0;0.0
STU_0687;S09;Car only, long distance;car_100;8.0;any;;0;5;1.0;1.0;0.1
STU_0687;S06;Bus only, long, high crowding;bus_100;5.0;any;high;0;5;1.0;0.83;0.07
STU_0687;S03;Bike only, medium, sunny;bike_100;2.5;sunny;;0;5;1.0;1.0;0.0
STU_0687;S02;Walk only, short, rain;walk_100;0.8;rain;;0;4;0.75;0.7;0.0
STU_0687;S12;Car only, long, age>45;car_100;8.0;any;;0;5;1.0;1.0;0.0
STU_0688;S11;Walk+Bus, medium, rain, high crowding, age>45;walk_bus;3.0;rain;high;1;4;0.75;0.691;0.009
STU_0688;S10;Bike, medium, sunny, age>45;bike_100;3.0;sunny;;0;5;1.0;1.0;0.0
STU_0688;S01;Walk only, short, sunny;walk_100;0.8;sunny;;0;4;0.75;1.0;0.2
STU_0688;S09;Car only, long distance;car_100;8.0;any;;0;5;1.0;1.0;0.0
STU_0689;S11;Walk+Bus, medium, rain, high crowding, age>45;walk_bus;3.0;rain;high;1;3;0.5;0.691;0.091
STU_0689;S10;Bike, medium, sunny, age>45;bike_100;3.0;sunny;;0;5;1.0;1.0;0.0
STU_0689;S01;Walk only, short, sunny;walk_100;0.8;sunny;;0;5;1.0;1.0;0.0
STU_0689;S09;Car only, long distance;car_100;8.0;any;;0;5;1.0;1.0;0.1
STU_0690;S11;Walk+Bus, medium, rain, high crowding, age>45;walk_bus;3.0;rain;high;1;4;0.75;0.691;0.009
STU_0690;S10;Bike, medium, sunny, age>45;bike_100;3.0;sunny;;0;5;1.0;1.0;0.0
STU_0690;S01;Walk only, short, sunny;walk_100;0.8;sunny;;0;5;1.0;1.0;0.0
STU_0690;S09;Car only, long distance;car_100;8.0;any;;0;5;1.0;1.0;0.0
STU_0690;S06;Bus only, long, high crowding;bus_100;5.0;any;high;0;4;0.75;0.83;0.03
STU_0690;S03;Bike only, medium, sunny;bike_100;2.5;sunny;;0;5;1.0;1.0;0.0
STU_0691;S11;Walk+Bus, medium, rain, high crowding, age>45;walk_bus;3.0;rain;high;1;4;0.75;0.691;0.009
STU_0691;S10;Bike, medium, sunny, age>45;bike_100;3.0;sunny;;0;5;1.0;1.0;0.0
STU_0691;S01;Walk only, short, sunny;walk_100;0.8;sunny;;0;5;1.0;1.0;0.0
STU_0691;S09;Car only, long distance;car_100;8.0;any;;0;5;1.0;1.0;0.0
STU_0691;S06;Bus only, long, high crowding;bus_100;5.0;any;high;0;5;1.0;0.83;0.07
STU_0691;S03;Bike only, medium, sunny;bike_100;2.5;sunny;;0;5;1.0;1.0;0.1
STU_0691;S02;Walk only, short, rain;walk_100;0.8;rain;;0;4;0.75;0.7;0.0
STU_0691;S12;Car only, long, age>45;car_100;8.0;any;;0;5;1.0;1.0;0.0
STU_0692;S11;Walk+Bus, medium, rain, high crowding, age>45;walk_bus;3.0;rain;high;1;4;0.75;0.691;0.009
STU_0692;S10;Bike, medium, sunny, age>45;bike_100;3.0;sunny;;0;4;0.75;0.85;0.05
STU_0692;S01;Walk only, short, sunny;walk_100;0.8;sunny;;0;5;1.0;1.0;0.1
STU_0692;S09;Car only, long distance;car_100;8.0;any;;0;5;1.0;1.0;0.1
STU_0692;S06;Bus only, long, high crowding;bus_100;5.0;any;high;0;4;0.75;0.83;0.03
STU_0692;S03;Bike only, medium, sunny;bike_100;2.5;sunny;;0;5;1.0;0.85;0.05
STU_0692;S02;Walk only, short, rain;walk_100;0.8;rain;;0;4;0.75;0.7;0.1
STU_0693;S11;Walk+Bus, medium, rain, high crowding, age>45;walk_bus;3.0;rain;high;1;3;0.5;0.691;0.091
STU_0693;S10;Bike, medium, sunny, age>45;bike_100;3.0;sunny;;0;5;1.0;1.0;0.0
STU_0693;S01;Walk only, short, sunny;walk_100;0.8;sunny;;0;5;1.0;1.0;0.0
STU_0693;S09;Car only, long distance;car_100;8.0;any;;0;5;1.0;1.0;0.0
STU_0693;S06;Bus only, long, high crowding;bus_100;5.0;any;high;0;4;0.75;0.83;0.03
STU_0693;S03;Bike only, medium, sunny;bike_100;2.5;sunny;;0;5;1.0;1.0;0.1
STU_0693;S02;Walk only, short, rain;walk_100;0.8;rain;;0;4;0.75;0.7;0.0
STU_0693;S12;Car only, long, age>45;car_100;8.0;any;;0;5;1.0;1.0;0.1
STU_0693;S05;Bus only, long, low crowding;bus_100;5.0;any;low;0;5;1.0;0.96;0.04
STU_0694;S11;Walk+Bus, medium, rain, high crowding, age>45;walk_bus;3.0;rain;high;1;4;0.75;0.691;0.109
STU_0694;S10;Bike, medium, sunny, age>45;bike_100;3.0;sunny;;0;5;1.0;1.0;0.0
STU_0694;S01;Walk only, short, sunny;walk_100;0.8;sunny;;0;5;1.0;1.0;0.0
STU_0694;S09;Car only, long distance;car_100;8.0;any;;0;5;1.0;1.0;0.0
STU_0695;S11;Walk+Bus, medium, rain, high crowding, age>45;walk_bus;3.0;rain;high;1;4;0.75;0.691;0.109
STU_0695;S10;Bike, medium, sunny, age>45;bike_100;3.0;sunny;;0;5;1.0;1.0;0.0
STU_0695;S01;Walk only, short, sunny;walk_100;0.8;sunny;;0;5;1.0;1.0;0.0
STU_0695;S09;Car only, long distance;car_100;8.0;any;;0;5;1.0;1.0;0.0
STU_0695;S06;Bus only, long, high crowding;bus_100;5.0;any;high;0;4;0.75;0.83;0.13
STU_0695;S03;Bike only, medium, sunny;bike_100;2.5;sunny;;0;5;1.0;1.0;0.1
STU_0695;S02;Walk only, short, rain;walk_100;0.8;rain;;0;3;0.5;0.7;0.2
STU_0696;S11;Walk+Bus, medium, rain, high crowding, age>45;walk_bus;3.0;rain;high;1;4;0.75;0.691;0.009
STU_0696;S10;Bike, medium, sunny, age>45;bike_100;3.0;sunny;;0;5;1.0;1.0;0.1
STU_0696;S01;Walk only, short, sunny;walk_100;0.8;sunny;;0;5;1.0;1.0;0.1
STU_0696;S09;Car only, long distance;car_100;8.0;any;;0;5;1.0;1.0;0.0
STU_0697;S11;Walk+Bus, medium, rain, high crowding, age>45;walk_bus;3.0;rain;high;1;4;0.75;0.691;0.109
STU_0697;S10;Bike, medium, sunny, age>45;bike_100;3.0;sunny;;0;5;1.0;1.0;0.1
STU_0697;S01;Walk only, short, sunny;walk_100;0.8;sunny;;0;5;1.0;1.0;0.0
STU_0697;S09;Car only, long distance;car_100;8.0;any;;0;5;1.0;1.0;0.0
STU_0698;S11;Walk+Bus, medium, rain, high crowding, age>45;walk_bus;3.0;rain;high;1;4;0.75;0.691;0.009
STU_0698;S10;Bike, medium, sunny, age>45;bike_100;3.0;sunny;;0;5;1.0;1.0;0.0
STU_0698;S01;Walk only, short, sunny;walk_100;0.8;sunny;;0;5;1.0;1.0;0.0
STU_0698;S09;Car only, long distance;car_100;8.0;any;;0;5;1.0;1.0;0.0
STU_0699;S11;Walk+Bus, medium, rain, high crowding, age>45;walk_bus;3.0;rain;high;1;4;0.75;0.691;0.109
STU_0699;S10;Bike, medium, sunny, age>45;bike_100;3.0;sunny;;0;5;1.0;1.0;0.0
STU_0699;S01;Walk only, short, sunny;walk_100;0.8;sunny;;0;5;1.0;1.0;0.1
STU_0699;S09;Car only, long distance;car_100;8.0;any;;0;5;1.0;1.0;0.0
STU_0699;S06;Bus only, long, high crowding;bus_100;5.0;any;high;0;5;1.0;0.83;0.07
STU_0699;S03;Bike only, medium, sunny;bike_100;2.5;sunny;;0;5;1.0;1.0;0.0
STU_0699;S02;Walk only, short, rain;walk_100;0.8;rain;;0;4;0.75;0.7;0.0
STU_0699;S12;Car only, long, age>45;car_100;8.0;any;;0;5;1.0;1.0;0.0
STU_0699;S05;Bus only, long, low crowding;bus_100;5.0;any;low;0;5;1.0;0.96;0.04
STU_0700;S11;Walk+Bus, medium, rain, high crowding, age>45;walk_bus;3.0;rain;high;1;4;0.75;0.691;0.009
STU_0700;S10;Bike, medium, sunny, age>45;bike_100;3.0;sunny;;0;5;1.0;1.0;0.0
STU_0700;S01;Walk only, short, sunny;walk_100;0.8;sunny;;0;5;1.0;1.0;0.1
STU_0700;S09;Car only, long distance;car_100;8.0;any;;0;4;0.75;1.0;0.2
STU_0700;S06;Bus only, long, high crowding;bus_100;5.0;any;high;0;4;0.75;0.83;0.13
STU_0700;S03;Bike only, medium, sunny;bike_100;2.5;sunny;;0;5;1.0;1.0;0.0
STU_0700;S02;Walk only, short, rain;walk_100;0.8;rain;;0;5;1.0;0.7;0.2
STU_0700;S12;Car only, long, age>45;car_100;8.0;any;;0;5;1.0;1.0;0.1
STU_0701;S11;Walk+Bus, medium, rain, high crowding, age>45;walk_bus;3.0;rain;high;1;4;0.75;0.691;0.109
STU_0701;S10;Bike, medium, sunny, age>45;bike_100;3.0;sunny;;0;5;1.0;1.0;0.1
STU_0701;S01;Walk only, short, sunny;walk_100;0.8;sunny;;0;5;1.0;1.0;0.0
STU_0701;S09;Car only, long distance;car_100;8.0;any;;0;5;1.0;1.0;0.1
STU_0701;S06;Bus only, long, high crowding;bus_100;5.0;any;high;0;5;1.0;0.83;0.17
STU_0701;S03;Bike only, medium, sunny;bike_100;2.5;sunny;;0;5;1.0;1.0;0.1
STU_0701;S02;Walk only, short, rain;walk_100;0.8;rain;;0;5;1.0;0.7;0.2
STU_0701;S12;Car only, long, age>45;car_100;8.0;any;;0;5;1.0;1.0;0.0
STU_0701;S05;Bus only, long, low crowding;bus_100;5.0;any;low;0;5;1.0;0.96;0.04
STU_0702;S11;Walk+Bus, medium, rain, high crowding, age>45;walk_bus;3.0;rain;high;1;4;0.75;0.691;0.009
STU_0702;S10;Bike, medium, sunny, age>45;bike_100;3.0;sunny;;0;5;1.0;1.0;0.0
STU_0702;S01;Walk only, short, sunny;walk_100;0.8;sunny;;0;5;1.0;1.0;0.0
STU_0702;S09;Car only, long distance;car_100;8.0;any;;0;5;1.0;1.0;0.0
STU_0702;S06;Bus only, long, high crowding;bus_100;5.0;any;high;0;4;0.75;0.83;0.03
STU_0703;S11;Walk+Bus, medium, rain, high crowding, age>45;walk_bus;3.0;rain;high;1;4;0.75;0.691;0.009
STU_0703;S10;Bike, medium, sunny, age>45;bike_100;3.0;sunny;;0;5;1.0;1.0;0.0
STU_0703;S01;Walk only, short, sunny;walk_100;0.8;sunny;;0;5;1.0;1.0;0.0
STU_0703;S09;Car only, long distance;car_100;8.0;any;;0;5;1.0;1.0;0.0
STU_0703;S06;Bus only, long, high crowding;bus_100;5.0;any;high;0;4;0.75;0.83;0.03
STU_0703;S03;Bike only, medium, sunny;bike_100;2.5;sunny;;0;5;1.0;1.0;0.1
STU_0703;S02;Walk only, short, rain;walk_100;0.8;rain;;0;5;1.0;0.7;0.2
STU_0704;S11;Walk+Bus, medium, rain, high crowding, age>45;walk_bus;3.0;rain;high;1;4;0.75;0.691;0.109
STU_0704;S10;Bike, medium, sunny, age>45;bike_100;3.0;sunny;;0;5;1.0;1.0;0.0
STU_0704;S01;Walk only, short, sunny;walk_100;0.8;sunny;;0;5;1.0;1.0;0.0
STU_0704;S09;Car only, long distance;car_100;8.0;any;;0;5;1.0;1.0;0.0
STU_0704;S06;Bus only, long, high crowding;bus_100;5.0;any;high;0;5;1.0;0.83;0.07
STU_0704;S03;Bike only, medium, sunny;bike_100;2.5;sunny;;0;5;1.0;1.0;0.0
STU_0704;S02;Walk only, short, rain;walk_100;0.8;rain;;0;4;0.75;0.7;0.0
STU_0704;S12;Car only, long, age>45;car_100;8.0;any;;0;4;0.75;1.0;0.2
STU_0705;S11;Walk+Bus, medium, rain, high crowding, age>45;walk_bus;3.0;rain;high;1;5;1.0;0.646;0.254
STU_0705;S10;Bike, medium, sunny, age>45;bike_100;3.0;sunny;;0;5;1.0;0.8;0.1
STU_0705;S01;Walk only, short, sunny;walk_100;0.8;sunny;;0;5;1.0;0.85;0.05
STU_0705;S09;Car only, long distance;car_100;8.0;any;;0;5;1.0;1.0;0.0
STU_0705;S06;Bus only, long, high crowding;bus_100;5.0;any;high;0;5;1.0;0.83;0.07
STU_0705;S03;Bike only, medium, sunny;bike_100;2.5;sunny;;0;5;1.0;0.8;0.1
STU_0705;S02;Walk only, short, rain;walk_100;0.8;rain;;0;3;0.5;0.55;0.05
STU_0705;S12;Car only, long, age>45;car_100;8.0;any;;0;5;1.0;1.0;0.0
STU_0706;S11;Walk+Bus, medium, rain, high crowding, age>45;walk_bus;3.0;rain;high;1;4;0.75;0.691;0.109
STU_0706;S10;Bike, medium, sunny, age>45;bike_100;3.0;sunny;;0;5;1.0;1.0;0.0
STU_0706;S01;Walk only, short, sunny;walk_100;0.8;sunny;;0;5;1.0;1.0;0.0
STU_0706;S09;Car only, long distance;car_100;8.0;any;;0;5;1.0;1.0;0.0
STU_0706;S06;Bus only, long, high crowding;bus_100;5.0;any;high;0;4;0.75;0.83;0.13
STU_0706;S03;Bike only, medium, sunny;bike_100;2.5;sunny;;0;5;1.0;1.0;0.0
STU_0706;S02;Walk only, short, rain;walk_100;0.8;rain;;0;5;1.0;0.7;0.2
STU_0706;S12;Car only, long, age>45;car_100;8.0;any;;0;5;1.0;1.0;0.0
STU_0707;S11;Walk+Bus, medium, rain, high crowding, age>45;walk_bus;3.0;rain;high;1;4;0.75;0.691;0.009
STU_0707;S10;Bike, medium, sunny, age>45;bike_100;3.0;sunny;;0;5;1.0;1.0;0.0
STU_0707;S01;Walk only, short, sunny;walk_100;0.8;sunny;;0;5;1.0;1.0;0.0
STU_0707;S09;Car only, long distance;car_100;8.0;any;;0;5;1.0;1.0;0.0
STU_0707;S06;Bus only, long, high crowding;bus_100;5.0;any;high;0;5;1.0;0.83;0.07
STU_0707;S03;Bike only, medium, sunny;bike_100;2.5;sunny;;0;5;1.0;1.0;0.0
STU_0707;S02;Walk only, short, rain;walk_100;0.8;rain;;0;3;0.5;0.7;0.1
STU_0707;S12;Car only, long, age>45;car_100;8.0;any;;0;5;1.0;1.0;0.0
STU_0708;S11;Walk+Bus, medium, rain, high crowding, age>45;walk_bus;3.0;rain;high;1;4;0.75;0.691;0.109
STU_0708;S10;Bike, medium, sunny, age>45;bike_100;3.0;sunny;;0;5;1.0;1.0;0.0
STU_0708;S01;Walk only, short, sunny;walk_100;0.8;sunny;;0;5;1.0;1.0;0.0
STU_0708;S09;Car only, long distance;car_100;8.0;any;;0;5;1.0;1.0;0.0
STU_0708;S06;Bus only, long, high crowding;bus_100;5.0;any;high;0;4;0.75;0.83;0.03
STU_0708;S03;Bike only, medium, sunny;bike_100;2.5;sunny;;0;5;1.0;1.0;0.1
STU_0708;S02;Walk only, short, rain;walk_100;0.8;rain;;0;4;0.75;0.7;0.1
STU_0708;S12;Car only, long, age>45;car_100;8.0;any;;0;5;1.0;1.0;0.0
STU_0708;S05;Bus only, long, low crowding;bus_100;5.0;any;low;0;5;1.0;0.96;0.04
STU_0709;S11;Walk+Bus, medium, rain, high crowding, age>45;walk_bus;3.0;rain;high;1;3;0.5;0.691;0.091
STU_0709;S10;Bike, medium, sunny, age>45;bike_100;3.0;sunny;;0;5;1.0;1.0;0.0
STU_0709;S01;Walk only, short, sunny;walk_100;0.8;sunny;;0;5;1.0;1.0;0.1
STU_0709;S09;Car only, long distance;car_100;8.0;any;;0;5;1.0;1.0;0.1
STU_0709;S06;Bus only, long, high crowding;bus_100;5.0;any;high;0;5;1.0;0.83;0.17
STU_0709;S03;Bike only, medium, sunny;bike_100;2.5;sunny;;0;5;1.0;1.0;0.0
STU_0709;S02;Walk only, short, rain;walk_100;0.8;rain;;0;4;0.75;0.7;0.1
STU_0709;S12;Car only, long, age>45;car_100;8.0;any;;0;5;1.0;1.0;0.0
STU_0710;S11;Walk+Bus, medium, rain, high crowding, age>45;walk_bus;3.0;rain;high;1;5;1.0;0.691;0.209
STU_0710;S10;Bike, medium, sunny, age>45;bike_100;3.0;sunny;;0;5;1.0;1.0;0.0
STU_0710;S01;Walk only, short, sunny;walk_100;0.8;sunny;;0;5;1.0;1.0;0.0
STU_0710;S09;Car only, long distance;car_100;8.0;any;;0;5;1.0;1.0;0.0
STU_0710;S06;Bus only, long, high crowding;bus_100;5.0;any;high;0;4;0.75;0.83;0.03
STU_0710;S03;Bike only, medium, sunny;bike_100;2.5;sunny;;0;5;1.0;1.0;0.0
STU_0711;S11;Walk+Bus, medium, rain, high crowding, age>45;walk_bus;3.0;rain;high;1;4;0.75;0.691;0.009
STU_0711;S10;Bike, medium, sunny, age>45;bike_100;3.0;sunny;;0;5;1.0;1.0;0.0
STU_0711;S01;Walk only, short, sunny;walk_100;0.8;sunny;;0;5;1.0;1.0;0.0
STU_0711;S09;Car only, long distance;car_100;8.0;any;;0;5;1.0;1.0;0.0
STU_0711;S06;Bus only, long, high crowding;bus_100;5.0;any;high;0;5;1.0;0.83;0.07
STU_0711;S03;Bike only, medium, sunny;bike_100;2.5;sunny;;0;5;1.0;1.0;0.1
STU_0711;S02;Walk only, short, rain;walk_100;0.8;rain;;0;4;0.75;0.7;0.1
STU_0712;S11;Walk+Bus, medium, rain, high crowding, age>45;walk_bus;3.0;rain;high;1;4;0.75;0.691;0.009
STU_0712;S10;Bike, medium, sunny, age>45;bike_100;3.0;sunny;;0;5;1.0;1.0;0.0
STU_0712;S01;Walk only, short, sunny;walk_100;0.8;sunny;;0;5;1.0;1.0;0.0
STU_0712;S09;Car only, long distance;car_100;8.0;any;;0;5;1.0;1.0;0.0
STU_0712;S06;Bus only, long, high crowding;bus_100;5.0;any;high;0;5;1.0;0.83;0.17
STU_0712;S03;Bike only, medium, sunny;bike_100;2.5;sunny;;0;5;1.0;1.0;0.0
STU_0712;S02;Walk only, short, rain;walk_100;0.8;rain;;0;4;0.75;0.7;0.0
STU_0712;S12;Car only, long, age>45;car_100;8.0;any;;0;5;1.0;1.0;0.0
STU_0713;S11;Walk+Bus, medium, rain, high crowding, age>45;walk_bus;3.0;rain;high;1;4;0.75;0.691;0.009
STU_0713;S10;Bike, medium, sunny, age>45;bike_100;3.0;sunny;;0;5;1.0;1.0;0.0
STU_0713;S01;Walk only, short, sunny;walk_100;0.8;sunny;;0;5;1.0;1.0;0.0
STU_0713;S09;Car only, long distance;car_100;8.0;any;;0;5;1.0;1.0;0.0
STU_0713;S06;Bus only, long, high crowding;bus_100;5.0;any;high;0;4;0.75;0.83;0.03
STU_0713;S03;Bike only, medium, sunny;bike_100;2.5;sunny;;0;5;1.0;1.0;0.1
STU_0713;S02;Walk only, short, rain;walk_100;0.8;rain;;0;4;0.75;0.7;0.0
STU_0714;S11;Walk+Bus, medium, rain, high crowding, age>45;walk_bus;3.0;rain;high;1;4;0.75;0.691;0.109
STU_0714;S10;Bike, medium, sunny, age>45;bike_100;3.0;sunny;;0;5;1.0;1.0;0.0
STU_0714;S01;Walk only, short, sunny;walk_100;0.8;sunny;;0;5;1.0;1.0;0.0
STU_0714;S09;Car only, long distance;car_100;8.0;any;;0;5;1.0;1.0;0.0
STU_0714;S06;Bus only, long, high crowding;bus_100;5.0;any;high;0;5;1.0;0.83;0.07
STU_0714;S03;Bike only, medium, sunny;bike_100;2.5;sunny;;0;5;1.0;1.0;0.0
STU_0715;S11;Walk+Bus, medium, rain, high crowding, age>45;walk_bus;3.0;rain;high;1;4;0.75;0.691;0.009
STU_0715;S10;Bike, medium, sunny, age>45;bike_100;3.0;sunny;;0;5;1.0;1.0;0.0
STU_0715;S01;Walk only, short, sunny;walk_100;0.8;sunny;;0;5;1.0;1.0;0.0
STU_0715;S09;Car only, long distance;car_100;8.0;any;;0;5;1.0;1.0;0.0
STU_0715;S06;Bus only, long, high crowding;bus_100;5.0;any;high;0;4;0.75;0.83;0.03
STU_0715;S03;Bike only, medium, sunny;bike_100;2.5;sunny;;0;5;1.0;1.0;0.0
STU_0716;S11;Walk+Bus, medium, rain, high crowding, age>45;walk_bus;3.0;rain;high;1;4;0.75;0.691;0.009
STU_0716;S10;Bike, medium, sunny, age>45;bike_100;3.0;sunny;;0;5;1.0;1.0;0.0
STU_0716;S01;Walk only, short, sunny;walk_100;0.8;sunny;;0;5;1.0;1.0;0.0
STU_0716;S09;Car only, long distance;car_100;8.0;any;;0;5;1.0;1.0;0.0
STU_0716;S06;Bus only, long, high crowding;bus_100;5.0;any;high;0;5;1.0;0.83;0.07
STU_0716;S03;Bike only, medium, sunny;bike_100;2.5;sunny;;0;5;1.0;1.0;0.0
STU_0716;S02;Walk only, short, rain;walk_100;0.8;rain;;0;4;0.75;0.7;0.0
STU_0717;S11;Walk+Bus, medium, rain, high crowding, age>45;walk_bus;3.0;rain;high;1;3;0.5;0.691;0.191
STU_0717;S10;Bike, medium, sunny, age>45;bike_100;3.0;sunny;;0;5;1.0;1.0;0.1
STU_0717;S01;Walk only, short, sunny;walk_100;0.8;sunny;;0;5;1.0;1.0;0.0
STU_0717;S09;Car only, long distance;car_100;8.0;any;;0;5;1.0;1.0;0.1
STU_0718;S11;Walk+Bus, medium, rain, high crowding, age>45;walk_bus;3.0;rain;high;1;5;1.0;0.691;0.209
STU_0718;S10;Bike, medium, sunny, age>45;bike_100;3.0;sunny;;0;5;1.0;0.85;0.05
STU_0718;S01;Walk only, short, sunny;walk_100;0.8;sunny;;0;5;1.0;1.0;0.0
STU_0718;S09;Car only, long distance;car_100;8.0;any;;0;5;1.0;1.0;0.0
STU_0718;S06;Bus only, long, high crowding;bus_100;5.0;any;high;0;5;1.0;0.83;0.07
STU_0719;S11;Walk+Bus, medium, rain, high crowding, age>45;walk_bus;3.0;rain;high;1;3;0.5;0.691;0.091
STU_0719;S10;Bike, medium, sunny, age>45;bike_100;3.0;sunny;;0;5;1.0;1.0;0.1
STU_0719;S01;Walk only, short, sunny;walk_100;0.8;sunny;;0;5;1.0;1.0;0.0
STU_0719;S09;Car only, long distance;car_100;8.0;any;;0;5;1.0;1.0;0.0
STU_0720;S11;Walk+Bus, medium, rain, high crowding, age>45;walk_bus;3.0;rain;high;1;4;0.75;0.691;0.009
STU_0720;S10;Bike, medium, sunny, age>45;bike_100;3.0;sunny;;0;5;1.0;1.0;0.1
STU_0720;S01;Walk only, short, sunny;walk_100;0.8;sunny;;0;5;1.0;1.0;0.0
STU_0720;S09;Car only, long distance;car_100;8.0;any;;0;5;1.0;1.0;0.0
STU_0721;S11;Walk+Bus, medium, rain, high crowding, age>45;walk_bus;3.0;rain;high;1;4;0.75;0.691;0.109
STU_0721;S10;Bike, medium, sunny, age>45;bike_100;3.0;sunny;;0;5;1.0;1.0;0.0
STU_0721;S01;Walk only, short, sunny;walk_100;0.8;sunny;;0;5;1.0;1.0;0.0
STU_0721;S09;Car only, long distance;car_100;8.0;any;;0;5;1.0;1.0;0.0
STU_0721;S06;Bus only, long, high crowding;bus_100;5.0;any;high;0;5;1.0;0.83;0.17
STU_0721;S03;Bike only, medium, sunny;bike_100;2.5;sunny;;0;5;1.0;1.0;0.0
STU_0721;S02;Walk only, short, rain;walk_100;0.8;rain;;0;4;0.75;0.7;0.1
STU_0721;S12;Car only, long, age>45;car_100;8.0;any;;0;5;1.0;1.0;0.0
STU_0721;S05;Bus only, long, low crowding;bus_100;5.0;any;low;0;5;1.0;0.96;0.04
STU_0722;S11;Walk+Bus, medium, rain, high crowding, age>45;walk_bus;3.0;rain;high;1;4;0.75;0.691;0.109
STU_0722;S10;Bike, medium, sunny, age>45;bike_100;3.0;sunny;;0;5;1.0;1.0;0.0
STU_0722;S01;Walk only, short, sunny;walk_100;0.8;sunny;;0;4;0.75;1.0;0.2
STU_0722;S09;Car only, long distance;car_100;8.0;any;;0;5;1.0;1.0;0.0
STU_0723;S11;Walk+Bus, medium, rain, high crowding, age>45;walk_bus;3.0;rain;high;1;4;0.75;0.691;0.009
STU_0723;S10;Bike, medium, sunny, age>45;bike_100;3.0;sunny;;0;5;1.0;1.0;0.0
STU_0723;S01;Walk only, short, sunny;walk_100;0.8;sunny;;0;5;1.0;1.0;0.0
STU_0723;S09;Car only, long distance;car_100;8.0;any;;0;5;1.0;1.0;0.0
STU_0723;S06;Bus only, long, high crowding;bus_100;5.0;any;high;0;4;0.75;0.83;0.03
STU_0723;S03;Bike only, medium, sunny;bike_100;2.5;sunny;;0;5;1.0;1.0;0.0
STU_0723;S02;Walk only, short, rain;walk_100;0.8;rain;;0;4;0.75;0.7;0.1
STU_0723;S12;Car only, long, age>45;car_100;8.0;any;;0;5;1.0;1.0;0.0
STU_0724;S11;Walk+Bus, medium, rain, high crowding, age>45;walk_bus;3.0;rain;high;1;4;0.75;0.691;0.009
STU_0724;S10;Bike, medium, sunny, age>45;bike_100;3.0;sunny;;0;5;1.0;1.0;0.0
STU_0724;S01;Walk only, short, sunny;walk_100;0.8;sunny;;0;5;1.0;1.0;0.0
STU_0724;S09;Car only, long distance;car_100;8.0;any;;0;5;1.0;1.0;0.0
STU_0724;S06;Bus only, long, high crowding;bus_100;5.0;any;high;0;5;1.0;0.83;0.17
STU_0724;S03;Bike only, medium, sunny;bike_100;2.5;sunny;;0;5;1.0;1.0;0.0
STU_0724;S02;Walk only, short, rain;walk_100;0.8;rain;;0;4;0.75;0.7;0.1
STU_0724;S12;Car only, long, age>45;car_100;8.0;any;;0;5;1.0;1.0;0.0
STU_0724;S05;Bus only, long, low crowding;bus_100;5.0;any;low;0;5;1.0;0.96;0.04
STU_0725;S11;Walk+Bus, medium, rain, high crowding, age>45;walk_bus;3.0;rain;high;1;3;0.5;0.691;0.091
STU_0725;S10;Bike, medium, sunny, age>45;bike_100;3.0;sunny;;0;5;1.0;1.0;0.0
STU_0725;S01;Walk only, short, sunny;walk_100;0.8;sunny;;0;5;1.0;1.0;0.0
STU_0725;S09;Car only, long distance;car_100;8.0;any;;0;5;1.0;1.0;0.0
STU_0725;S06;Bus only, long, high crowding;bus_100;5.0;any;high;0;4;0.75;0.83;0.03
STU_0725;S03;Bike only, medium, sunny;bike_100;2.5;sunny;;0;5;1.0;1.0;0.1
STU_0725;S02;Walk only, short, rain;walk_100;0.8;rain;;0;4;0.75;0.7;0.1
STU_0725;S12;Car only, long, age>45;car_100;8.0;any;;0;5;1.0;1.0;0.0
STU_0725;S05;Bus only, long, low crowding;bus_100;5.0;any;low;0;5;1.0;0.96;0.04
STU_0726;S11;Walk+Bus, medium, rain, high crowding, age>45;walk_bus;3.0;rain;high;1;4;0.75;0.691;0.109
STU_0726;S10;Bike, medium, sunny, age>45;bike_100;3.0;sunny;;0;5;1.0;1.0;0.0
STU_0726;S01;Walk only, short, sunny;walk_100;0.8;sunny;;0;5;1.0;1.0;0.0
STU_0726;S09;Car only, long distance;car_100;8.0;any;;0;5;1.0;1.0;0.0
STU_0726;S06;Bus only, long, high crowding;bus_100;5.0;any;high;0;5;1.0;0.83;0.07
STU_0726;S03;Bike only, medium, sunny;bike_100;2.5;sunny;;0;5;1.0;1.0;0.0
STU_0727;S11;Walk+Bus, medium, rain, high crowding, age>45;walk_bus;3.0;rain;high;1;4;0.75;0.691;0.109
STU_0727;S10;Bike, medium, sunny, age>45;bike_100;3.0;sunny;;0;5;1.0;1.0;0.1
STU_0727;S01;Walk only, short, sunny;walk_100;0.8;sunny;;0;5;1.0;1.0;0.0
STU_0727;S09;Car only, long distance;car_100;8.0;any;;0;5;1.0;1.0;0.1
STU_0728;S11;Walk+Bus, medium, rain, high crowding, age>45;walk_bus;3.0;rain;high;1;4;0.75;0.691;0.109
STU_0728;S10;Bike, medium, sunny, age>45;bike_100;3.0;sunny;;0;5;1.0;1.0;0.0
STU_0728;S01;Walk only, short, sunny;walk_100;0.8;sunny;;0;5;1.0;1.0;0.0
STU_0728;S09;Car only, long distance;car_100;8.0;any;;0;5;1.0;1.0;0.0
STU_0728;S06;Bus only, long, high crowding;bus_100;5.0;any;high;0;4;0.75;0.83;0.03
STU_0728;S03;Bike only, medium, sunny;bike_100;2.5;sunny;;0;5;1.0;1.0;0.0
STU_0729;S11;Walk+Bus, medium, rain, high crowding, age>45;walk_bus;3.0;rain;high;1;4;0.75;0.691;0.009
STU_0729;S10;Bike, medium, sunny, age>45;bike_100;3.0;sunny;;0;5;1.0;1.0;0.0
STU_0729;S01;Walk only, short, sunny;walk_100;0.8;sunny;;0;5;1.0;1.0;0.1
STU_0729;S09;Car only, long distance;car_100;8.0;any;;0;5;1.0;1.0;0.0
STU_0729;S06;Bus only, long, high crowding;bus_100;5.0;any;high;0;5;1.0;0.83;0.07
STU_0729;S03;Bike only, medium, sunny;bike_100;2.5;sunny;;0;5;1.0;1.0;0.0
STU_0729;S02;Walk only, short, rain;walk_100;0.8;rain;;0;4;0.75;0.7;0.1
STU_0730;S11;Walk+Bus, medium, rain, high crowding, age>45;walk_bus;3.0;rain;high;1;4;0.75;0.691;0.109
STU_0730;S10;Bike, medium, sunny, age>45;bike_100;3.0;sunny;;0;5;1.0;1.0;0.1
STU_0730;S01;Walk only, short, sunny;walk_100;0.8;sunny;;0;5;1.0;1.0;0.0
STU_0730;S09;Car only, long distance;car_100;8.0;any;;0;5;1.0;1.0;0.0
STU_0730;S06;Bus only, long, high crowding;bus_100;5.0;any;high;0;4;0.75;0.83;0.03
STU_0731;S11;Walk+Bus, medium, rain, high crowding, age>45;walk_bus;3.0;rain;high;1;4;0.75;0.646;0.054
STU_0731;S10;Bike, medium, sunny, age>45;bike_100;3.0;sunny;;0;5;1.0;0.8;0.1
STU_0731;S01;Walk only, short, sunny;walk_100;0.8;sunny;;0;4;0.75;0.85;0.05
STU_0731;S09;Car only, long distance;car_100;8.0;any;;0;5;1.0;1.0;0.0
STU_0731;S06;Bus only, long, high crowding;bus_100;5.0;any;high;0;5;1.0;0.83;0.07
STU_0731;S03;Bike only, medium, sunny;bike_100;2.5;sunny;;0;4;0.75;0.8;0.1
STU_0731;S02;Walk only, short, rain;walk_100;0.8;rain;;0;3;0.5;0.55;0.05
STU_0731;S12;Car only, long, age>45;car_100;8.0;any;;0;5;1.0;1.0;0.1
STU_0731;S05;Bus only, long, low crowding;bus_100;5.0;any;low;0;5;1.0;0.96;0.06
STU_0732;S11;Walk+Bus, medium, rain, high crowding, age>45;walk_bus;3.0;rain;high;1;4;0.75;0.691;0.109
STU_0732;S10;Bike, medium, sunny, age>45;bike_100;3.0;sunny;;0;5;1.0;1.0;0.0
STU_0732;S01;Walk only, short, sunny;walk_100;0.8;sunny;;0;5;1.0;1.0;0.0
STU_0732;S09;Car only, long distance;car_100;8.0;any;;0;5;1.0;1.0;0.0
STU_0732;S06;Bus only, long, high crowding;bus_100;5.0;any;high;0;4;0.75;0.83;0.03
STU_0732;S03;Bike only, medium, sunny;bike_100;2.5;sunny;;0;5;1.0;1.0;0.0
STU_0732;S02;Walk only, short, rain;walk_100;0.8;rain;;0;4;0.75;0.7;0.0
STU_0733;S11;Walk+Bus, medium, rain, high crowding, age>45;walk_bus;3.0;rain;high;1;4;0.75;0.691;0.009
STU_0733;S10;Bike, medium, sunny, age>45;bike_100;3.0;sunny;;0;5;1.0;1.0;0.0
STU_0733;S01;Walk only, short, sunny;walk_100;0.8;sunny;;0;5;1.0;1.0;0.0
STU_0733;S09;Car only, long distance;car_100;8.0;any;;0;5;1.0;1.0;0.1
STU_0733;S06;Bus only, long, high crowding;bus_100;5.0;any;high;0;5;1.0;0.83;0.07
STU_0733;S03;Bike only, medium, sunny;bike_100;2.5;sunny;;0;5;1.0;1.0;0.1
STU_0733;S02;Walk only, short, rain;walk_100;0.8;rain;;0;3;0.5;0.7;0.1
STU_0734;S11;Walk+Bus, medium, rain, high crowding, age>45;walk_bus;3.0;rain;high;1;4;0.75;0.691;0.009
STU_0734;S10;Bike, medium, sunny, age>45;bike_100;3.0;sunny;;0;5;1.0;1.0;0.0
STU_0734;S01;Walk only, short, sunny;walk_100;0.8;sunny;;0;5;1.0;1.0;0.0
STU_0734;S09;Car only, long distance;car_100;8.0;any;;0;5;1.0;1.0;0.0
STU_0734;S06;Bus only, long, high crowding;bus_100;5.0;any;high;0;5;1.0;0.83;0.07
STU_0734;S03;Bike only, medium, sunny;bike_100;2.5;sunny;;0;5;1.0;1.0;0.0
STU_0734;S02;Walk only, short, rain;walk_100;0.8;rain;;0;4;0.75;0.7;0.0
STU_0734;S12;Car only, long, age>45;car_100;8.0;any;;0;5;1.0;1.0;0.1
STU_0735;S11;Walk+Bus, medium, rain, high crowding, age>45;walk_bus;3.0;rain;high;1;3;0.5;0.691;0.091
STU_0735;S10;Bike, medium, sunny, age>45;bike_100;3.0;sunny;;0;5;1.0;1.0;0.0
STU_0735;S01;Walk only, short, sunny;walk_100;0.8;sunny;;0;5;1.0;1.0;0.0
STU_0735;S09;Car only, long distance;car_100;8.0;any;;0;5;1.0;1.0;0.0
STU_0735;S06;Bus only, long, high crowding;bus_100;5.0;any;high;0;4;0.75;0.83;0.03
STU_0736;S11;Walk+Bus, medium, rain, high crowding, age>45;walk_bus;3.0;rain;high;1;4;0.75;0.691;0.009
STU_0736;S10;Bike, medium, sunny, age>45;bike_100;3.0;sunny;;0;5;1.0;1.0;0.0
STU_0736;S01;Walk only, short, sunny;walk_100;0.8;sunny;;0;5;1.0;1.0;0.0
STU_0736;S09;Car only, long distance;car_100;8.0;any;;0;5;1.0;1.0;0.1
STU_0736;S06;Bus only, long, high crowding;bus_100;5.0;any;high;0;5;1.0;0.83;0.07
STU_0736;S03;Bike only, medium, sunny;bike_100;2.5;sunny;;0;5;1.0;1.0;0.1
STU_0736;S02;Walk only, short, rain;walk_100;0.8;rain;;0;4;0.75;0.7;0.1
STU_0737;S11;Walk+Bus, medium, rain, high crowding, age>45;walk_bus;3.0;rain;high;1;4;0.75;0.691;0.009
STU_0737;S10;Bike, medium, sunny, age>45;bike_100;3.0;sunny;;0;5;1.0;1.0;0.0
STU_0737;S01;Walk only, short, sunny;walk_100;0.8;sunny;;0;5;1.0;1.0;0.0
STU_0737;S09;Car only, long distance;car_100;8.0;any;;0;5;1.0;1.0;0.0
STU_0737;S06;Bus only, long, high crowding;bus_100;5.0;any;high;0;4;0.75;0.83;0.03
STU_0737;S03;Bike only, medium, sunny;bike_100;2.5;sunny;;0;5;1.0;1.0;0.1
STU_0737;S02;Walk only, short, rain;walk_100;0.8;rain;;0;3;0.5;0.7;0.1
STU_0738;S11;Walk+Bus, medium, rain, high crowding, age>45;walk_bus;3.0;rain;high;1;3;0.5;0.691;0.091
STU_0738;S10;Bike, medium, sunny, age>45;bike_100;3.0;sunny;;0;5;1.0;1.0;0.0
STU_0738;S01;Walk only, short, sunny;walk_100;0.8;sunny;;0;5;1.0;1.0;0.0
STU_0738;S09;Car only, long distance;car_100;8.0;any;;0;5;1.0;1.0;0.0
STU_0738;S06;Bus only, long, high crowding;bus_100;5.0;any;high;0;4;0.75;0.83;0.03
STU_0739;S11;Walk+Bus, medium, rain, high crowding, age>45;walk_bus;3.0;rain;high;1;3;0.5;0.691;0.091
STU_0739;S10;Bike, medium, sunny, age>45;bike_100;3.0;sunny;;0;5;1.0;1.0;0.0
STU_0739;S01;Walk only, short, sunny;walk_100;0.8;sunny;;0;5;1.0;1.0;0.0
STU_0739;S09;Car only, long distance;car_100;8.0;any;;0;5;1.0;1.0;0.1
STU_0739;S06;Bus only, long, high crowding;bus_100;5.0;any;high;0;4;0.75;0.83;0.03
STU_0740;S11;Walk+Bus, medium, rain, high crowding, age>45;walk_bus;3.0;rain;high;1;4;0.75;0.691;0.009
STU_0740;S10;Bike, medium, sunny, age>45;bike_100;3.0;sunny;;0;5;1.0;1.0;0.0
STU_0740;S01;Walk only, short, sunny;walk_100;0.8;sunny;;0;5;1.0;1.0;0.1
STU_0740;S09;Car only, long distance;car_100;8.0;any;;0;5;1.0;1.0;0.0
STU_0740;S06;Bus only, long, high crowding;bus_100;5.0;any;high;0;5;1.0;0.83;0.07
STU_0740;S03;Bike only, medium, sunny;bike_100;2.5;sunny;;0;5;1.0;1.0;0.1
STU_0740;S02;Walk only, short, rain;walk_100;0.8;rain;;0;3;0.5;0.7;0.1
STU_0741;S11;Walk+Bus, medium, rain, high crowding, age>45;walk_bus;3.0;rain;high;1;3;0.5;0.691;0.091
STU_0741;S10;Bike, medium, sunny, age>45;bike_100;3.0;sunny;;0;5;1.0;1.0;0.0
STU_0741;S01;Walk only, short, sunny;walk_100;0.8;sunny;;0;5;1.0;1.0;0.0
STU_0741;S09;Car only, long distance;car_100;8.0;any;;0;5;1.0;1.0;0.0
STU_0741;S06;Bus only, long, high crowding;bus_100;5.0;any;high;0;5;1.0;0.83;0.07
STU_0742;S11;Walk+Bus, medium, rain, high crowding, age>45;walk_bus;3.0;rain;high;1;3;0.5;0.691;0.091
STU_0742;S10;Bike, medium, sunny, age>45;bike_100;3.0;sunny;;0;5;1.0;1.0;0.0
STU_0742;S01;Walk only, short, sunny;walk_100;0.8;sunny;;0;5;1.0;1.0;0.0
STU_0742;S09;Car only, long distance;car_100;8.0;any;;0;5;1.0;1.0;0.1
STU_0742;S06;Bus only, long, high crowding;bus_100;5.0;any;high;0;5;1.0;0.83;0.07
STU_0742;S03;Bike only, medium, sunny;bike_100;2.5;sunny;;0;5;1.0;1.0;0.0
STU_0742;S02;Walk only, short, rain;walk_100;0.8;rain;;0;4;0.75;0.7;0.0
STU_0743;S11;Walk+Bus, medium, rain, high crowding, age>45;walk_bus;3.0;rain;high;1;4;0.75;0.691;0.109
STU_0743;S10;Bike, medium, sunny, age>45;bike_100;3.0;sunny;;0;5;1.0;1.0;0.0
STU_0743;S01;Walk only, short, sunny;walk_100;0.8;sunny;;0;5;1.0;1.0;0.1
STU_0743;S09;Car only, long distance;car_100;8.0;any;;0;5;1.0;1.0;0.0
STU_0743;S06;Bus only, long, high crowding;bus_100;5.0;any;high;0;5;1.0;0.83;0.17
STU_0743;S03;Bike only, medium, sunny;bike_100;2.5;sunny;;0;5;1.0;1.0;0.0
STU_0743;S02;Walk only, short, rain;walk_100;0.8;rain;;0;4;0.75;0.7;0.1
STU_0744;S11;Walk+Bus, medium, rain, high crowding, age>45;walk_bus;3.0;rain;high;1;4;0.75;0.691;0.009
STU_0744;S10;Bike, medium, sunny, age>45;bike_100;3.0;sunny;;0;5;1.0;1.0;0.0
STU_0744;S01;Walk only, short, sunny;walk_100;0.8;sunny;;0;5;1.0;1.0;0.1
STU_0744;S09;Car only, long distance;car_100;8.0;any;;0;5;1.0;1.0;0.1
STU_0744;S06;Bus only, long, high crowding;bus_100;5.0;any;high;0;5;1.0;0.83;0.07
STU_0744;S03;Bike only, medium, sunny;bike_100;2.5;sunny;;0;5;1.0;1.0;0.1
STU_0744;S02;Walk only, short, rain;walk_100;0.8;rain;;0;4;0.75;0.7;0.1
STU_0744;S12;Car only, long, age>45;car_100;8.0;any;;0;5;1.0;1.0;0.1
STU_0745;S11;Walk+Bus, medium, rain, high crowding, age>45;walk_bus;3.0;rain;high;1;4;0.75;0.691;0.009
STU_0745;S10;Bike, medium, sunny, age>45;bike_100;3.0;sunny;;0;5;1.0;1.0;0.1
STU_0745;S01;Walk only, short, sunny;walk_100;0.8;sunny;;0;5;1.0;1.0;0.1
STU_0745;S09;Car only, long distance;car_100;8.0;any;;0;5;1.0;1.0;0.1
STU_0746;S11;Walk+Bus, medium, rain, high crowding, age>45;walk_bus;3.0;rain;high;1;3;0.5;0.691;0.091
STU_0746;S10;Bike, medium, sunny, age>45;bike_100;3.0;sunny;;0;5;1.0;1.0;0.0
STU_0746;S01;Walk only, short, sunny;walk_100;0.8;sunny;;0;5;1.0;1.0;0.0
STU_0746;S09;Car only, long distance;car_100;8.0;any;;0;5;1.0;1.0;0.0
STU_0746;S06;Bus only, long, high crowding;bus_100;5.0;any;high;0;4;0.75;0.83;0.03
STU_0746;S03;Bike only, medium, sunny;bike_100;2.5;sunny;;0;5;1.0;1.0;0.0
STU_0746;S02;Walk only, short, rain;walk_100;0.8;rain;;0;4;0.75;0.7;0.0
STU_0747;S11;Walk+Bus, medium, rain, high crowding, age>45;walk_bus;3.0;rain;high;1;4;0.75;0.691;0.109
STU_0747;S10;Bike, medium, sunny, age>45;bike_100;3.0;sunny;;0;5;1.0;1.0;0.1
STU_0747;S01;Walk only, short, sunny;walk_100;0.8;sunny;;0;5;1.0;1.0;0.0
STU_0747;S09;Car only, long distance;car_100;8.0;any;;0;5;1.0;1.0;0.0
STU_0747;S06;Bus only, long, high crowding;bus_100;5.0;any;high;0;5;1.0;0.83;0.07
STU_0747;S03;Bike only, medium, sunny;bike_100;2.5;sunny;;0;5;1.0;1.0;0.0
STU_0748;S11;Walk+Bus, medium, rain, high crowding, age>45;walk_bus;3.0;rain;high;1;4;0.75;0.691;0.009
STU_0748;S10;Bike, medium, sunny, age>45;bike_100;3.0;sunny;;0;5;1.0;1.0;0.0
STU_0748;S01;Walk only, short, sunny;walk_100;0.8;sunny;;0;5;1.0;1.0;0.0
STU_0748;S09;Car only, long distance;car_100;8.0;any;;0;5;1.0;1.0;0.1
STU_0748;S06;Bus only, long, high crowding;bus_100;5.0;any;high;0;4;0.75;0.83;0.03
STU_0748;S03;Bike only, medium, sunny;bike_100;2.5;sunny;;0;5;1.0;1.0;0.0
STU_0748;S02;Walk only, short, rain;walk_100;0.8;rain;;0;4;0.75;0.7;0.1
STU_0748;S12;Car only, long, age>45;car_100;8.0;any;;0;5;1.0;1.0;0.0
STU_0748;S05;Bus only, long, low crowding;bus_100;5.0;any;low;0;5;1.0;0.96;0.04
STU_0749;S11;Walk+Bus, medium, rain, high crowding, age>45;walk_bus;3.0;rain;high;1;4;0.75;0.691;0.009
STU_0749;S10;Bike, medium, sunny, age>45;bike_100;3.0;sunny;;0;5;1.0;1.0;0.0
STU_0749;S01;Walk only, short, sunny;walk_100;0.8;sunny;;0;5;1.0;1.0;0.0
STU_0749;S09;Car only, long distance;car_100;8.0;any;;0;4;0.75;1.0;0.2
